/*
 *  CMSIS Pack Debug Access Sequence Log
 *  File        : D:\ai embody\TI preparation\project\MSPM0G3507_Car\project\mdk\SeekFree_MSPM0G3507_Device_Library_Sequences_0000.log
 *  Created     : 16:53:07 (23/07/2026)
 *  Device      : MSPM0G3507
 *  PDSC File   : D:/software/keil5/ARM/PACK/TexasInstruments/MSPM0G1X0X_G3X0X_DFP/1.3.1/TexasInstruments.MSPM0G1X0X_G3X0X_DFP.pdsc
 *
 */

[16:53:07.335]  **********  Sequence "DebugPortSetup"  (Context="Connect", Pname="", info="")
[16:53:07.335]  
[16:53:07.335]  <debugvars>
[16:53:07.335]    // Pre-defined
[16:53:07.335]    __protocol=0x00010002      (Protocol="SWD", SWJ-DP="True")
[16:53:07.335]    __connection=0x00000201    (Connection Type="Debug", Reset Type="System Reset")
[16:53:07.335]    __dp=0x00000000
[16:53:07.335]    __ap=0x00000000
[16:53:07.335]    __traceout=0x00000000      (Trace Disabled)
[16:53:07.335]    __errorcontrol=0x00000000  (Skip Errors="False")
[16:53:07.335]    __FlashAddr=0x00000000
[16:53:07.335]    __FlashLen=0x00000000
[16:53:07.335]    __FlashArg=0x00000000
[16:53:07.335]    __FlashOp=0x00000000
[16:53:07.335]    __Result=0x00000000
[16:53:07.335]  </debugvars>
[16:53:07.335]  
[16:53:07.335]  <sequence name="DebugPortSetup" Pname="" disable="false" info="">
[16:53:07.335]    <block atomic="false" info="">
[16:53:07.335]      __var isSWJ      = ((__protocol & 0x00010000) != 0);
[16:53:07.335]        // -> [isSWJ <= 0x00000001]
[16:53:07.335]      __var hasDormant = __protocol & 0x00020000;
[16:53:07.335]        // -> [hasDormant <= 0x00000000]
[16:53:07.335]      __var protType   = __protocol & 0x0000FFFF;
[16:53:07.335]        // -> [protType <= 0x00000002]
[16:53:07.335]    </block>
[16:53:07.335]    <control if="protType == 1" while="" timeout="0" info="">
[16:53:07.335]      // if-block "protType == 1"
[16:53:07.335]        // =>  FALSE
[16:53:07.335]      // skip if-block "protType == 1"
[16:53:07.335]    </control>
[16:53:07.335]    <control if="protType == 2" while="" timeout="0" info="">
[16:53:07.335]      // if-block "protType == 2"
[16:53:07.335]        // =>  TRUE
[16:53:07.335]      <control if="isSWJ" while="" timeout="0" info="">
[16:53:07.335]        // if-block "isSWJ"
[16:53:07.335]          // =>  TRUE
[16:53:07.335]        <control if="hasDormant" while="" timeout="0" info="">
[16:53:07.335]          // if-block "hasDormant"
[16:53:07.335]            // =>  FALSE
[16:53:07.335]          // skip if-block "hasDormant"
[16:53:07.335]        </control>
[16:53:07.335]        <control if="!hasDormant" while="" timeout="0" info="">
[16:53:07.335]          // if-block "!hasDormant"
[16:53:07.335]            // =>  TRUE
[16:53:07.335]          <block atomic="false" info="">
[16:53:07.335]            DAP_SWJ_Sequence(51, 0x0007FFFFFFFFFFFF); //lets put the JTAG line in a reset state
[16:53:07.335]              // -> [DAP_SWJ_Sequence(51, 0x0007FFFFFFFFFFFF)]
[16:53:07.335]            DAP_SWJ_Sequence(16,0xE73C); //SWD to JTAG, this is to ensure the state machine is initialized
[16:53:07.335]              // -> [DAP_SWJ_Sequence(16, 0x000000000000E73C)]
[16:53:07.335]            DAP_SWJ_Sequence(51, 0x0007FFFFFFFFFFFF); //Put it back in reset
[16:53:07.335]              // -> [DAP_SWJ_Sequence(51, 0x0007FFFFFFFFFFFF)]
[16:53:07.348]            DAP_SWJ_Sequence(16, 0xE79E); //JTAG to SWD switch
[16:53:07.348]              // -> [DAP_SWJ_Sequence(16, 0x000000000000E79E)]
[16:53:07.348]            DAP_SWJ_Sequence(51, 0x0007FFFFFFFFFFFF);  //Ensure the switch is successful 
[16:53:07.348]              // -> [DAP_SWJ_Sequence(51, 0x0007FFFFFFFFFFFF)]
[16:53:07.348]            DAP_SWJ_Sequence(7,  0x00); //Give the line some time to initialize
[16:53:07.348]              // -> [DAP_SWJ_Sequence(7, 0x0000000000000000)]
[16:53:07.348]          </block>
[16:53:07.348]          // end if-block "!hasDormant"
[16:53:07.348]        </control>
[16:53:07.348]        // end if-block "isSWJ"
[16:53:07.348]      </control>
[16:53:07.348]      <control if="!isSWJ" while="" timeout="0" info="">
[16:53:07.348]        // if-block "!isSWJ"
[16:53:07.348]          // =>  FALSE
[16:53:07.348]        // skip if-block "!isSWJ"
[16:53:07.348]      </control>
[16:53:07.348]      <block atomic="false" info="">
[16:53:07.348]        ReadDP(0x0);
[16:53:07.348]          // -> [ReadDP(0x00000000) => 0x6BA02477]   (__dp=0x00000000)
[16:53:07.348]      </block>
[16:53:07.348]      // end if-block "protType == 2"
[16:53:07.348]    </control>
[16:53:07.348]  </sequence>
[16:53:07.348]  
[16:53:37.681]  **********  Sequence "DebugPortSetup"  (Context="Connect", Pname="", info="")
[16:53:37.681]  
[16:53:37.681]  <debugvars>
[16:53:37.681]    // Pre-defined
[16:53:37.681]    __protocol=0x00010002      (Protocol="SWD", SWJ-DP="True")
[16:53:37.681]    __connection=0x00000201    (Connection Type="Debug", Reset Type="System Reset")
[16:53:37.681]    __dp=0x00000000
[16:53:37.681]    __ap=0x00000000
[16:53:37.681]    __traceout=0x00000000      (Trace Disabled)
[16:53:37.681]    __errorcontrol=0x00000000  (Skip Errors="False")
[16:53:37.681]    __FlashAddr=0x00000000
[16:53:37.681]    __FlashLen=0x00000000
[16:53:37.681]    __FlashArg=0x00000000
[16:53:37.684]    __FlashOp=0x00000000
[16:53:37.684]    __Result=0x00000000
[16:53:37.684]  </debugvars>
[16:53:37.684]  
[16:53:37.684]  <sequence name="DebugPortSetup" Pname="" disable="false" info="">
[16:53:37.684]    <block atomic="false" info="">
[16:53:37.684]      __var isSWJ      = ((__protocol & 0x00010000) != 0);
[16:53:37.684]        // -> [isSWJ <= 0x00000001]
[16:53:37.684]      __var hasDormant = __protocol & 0x00020000;
[16:53:37.684]        // -> [hasDormant <= 0x00000000]
[16:53:37.684]      __var protType   = __protocol & 0x0000FFFF;
[16:53:37.684]        // -> [protType <= 0x00000002]
[16:53:37.684]    </block>
[16:53:37.684]    <control if="protType == 1" while="" timeout="0" info="">
[16:53:37.684]      // if-block "protType == 1"
[16:53:37.684]        // =>  FALSE
[16:53:37.684]      // skip if-block "protType == 1"
[16:53:37.684]    </control>
[16:53:37.684]    <control if="protType == 2" while="" timeout="0" info="">
[16:53:37.684]      // if-block "protType == 2"
[16:53:37.684]        // =>  TRUE
[16:53:37.684]      <control if="isSWJ" while="" timeout="0" info="">
[16:53:37.684]        // if-block "isSWJ"
[16:53:37.684]          // =>  TRUE
[16:53:37.684]        <control if="hasDormant" while="" timeout="0" info="">
[16:53:37.684]          // if-block "hasDormant"
[16:53:37.684]            // =>  FALSE
[16:53:37.684]          // skip if-block "hasDormant"
[16:53:37.684]        </control>
[16:53:37.684]        <control if="!hasDormant" while="" timeout="0" info="">
[16:53:37.684]          // if-block "!hasDormant"
[16:53:37.684]            // =>  TRUE
[16:53:37.684]          <block atomic="false" info="">
[16:53:37.684]            DAP_SWJ_Sequence(51, 0x0007FFFFFFFFFFFF); //lets put the JTAG line in a reset state
[16:53:37.684]              // -> [DAP_SWJ_Sequence(51, 0x0007FFFFFFFFFFFF)]
[16:53:37.684]            DAP_SWJ_Sequence(16,0xE73C); //SWD to JTAG, this is to ensure the state machine is initialized
[16:53:37.684]              // -> [DAP_SWJ_Sequence(16, 0x000000000000E73C)]
[16:53:37.684]            DAP_SWJ_Sequence(51, 0x0007FFFFFFFFFFFF); //Put it back in reset
[16:53:37.684]              // -> [DAP_SWJ_Sequence(51, 0x0007FFFFFFFFFFFF)]
[16:53:37.684]            DAP_SWJ_Sequence(16, 0xE79E); //JTAG to SWD switch
[16:53:37.684]              // -> [DAP_SWJ_Sequence(16, 0x000000000000E79E)]
[16:53:37.684]            DAP_SWJ_Sequence(51, 0x0007FFFFFFFFFFFF);  //Ensure the switch is successful 
[16:53:37.684]              // -> [DAP_SWJ_Sequence(51, 0x0007FFFFFFFFFFFF)]
[16:53:37.684]            DAP_SWJ_Sequence(7,  0x00); //Give the line some time to initialize
[16:53:37.700]              // -> [DAP_SWJ_Sequence(7, 0x0000000000000000)]
[16:53:37.700]          </block>
[16:53:37.700]          // end if-block "!hasDormant"
[16:53:37.700]        </control>
[16:53:37.700]        // end if-block "isSWJ"
[16:53:37.700]      </control>
[16:53:37.700]      <control if="!isSWJ" while="" timeout="0" info="">
[16:53:37.701]        // if-block "!isSWJ"
[16:53:37.701]          // =>  FALSE
[16:53:37.701]        // skip if-block "!isSWJ"
[16:53:37.701]      </control>
[16:53:37.701]      <block atomic="false" info="">
[16:53:37.701]        ReadDP(0x0);
[16:53:37.701]          // -> [ReadDP(0x00000000) => 0x6BA02477]   (__dp=0x00000000)
[16:53:37.704]      </block>
[16:53:37.704]      // end if-block "protType == 2"
[16:53:37.704]    </control>
[16:53:37.704]  </sequence>
[16:53:37.704]  
[16:54:16.917]  **********  Sequence "DebugPortSetup"  (Context="Connect", Pname="", info="")
[16:54:16.917]  
[16:54:16.917]  <debugvars>
[16:54:16.917]    // Pre-defined
[16:54:16.917]    __protocol=0x00010002      (Protocol="SWD", SWJ-DP="True")
[16:54:16.917]    __connection=0x00000201    (Connection Type="Debug", Reset Type="System Reset")
[16:54:16.917]    __dp=0x00000000
[16:54:16.917]    __ap=0x00000000
[16:54:16.917]    __traceout=0x00000000      (Trace Disabled)
[16:54:16.917]    __errorcontrol=0x00000000  (Skip Errors="False")
[16:54:16.917]    __FlashAddr=0x00000000
[16:54:16.917]    __FlashLen=0x00000000
[16:54:16.917]    __FlashArg=0x00000000
[16:54:16.917]    __FlashOp=0x00000000
[16:54:16.917]    __Result=0x00000000
[16:54:16.917]  </debugvars>
[16:54:16.917]  
[16:54:16.917]  <sequence name="DebugPortSetup" Pname="" disable="false" info="">
[16:54:16.933]    <block atomic="false" info="">
[16:54:16.933]      __var isSWJ      = ((__protocol & 0x00010000) != 0);
[16:54:16.933]        // -> [isSWJ <= 0x00000001]
[16:54:16.933]      __var hasDormant = __protocol & 0x00020000;
[16:54:16.933]        // -> [hasDormant <= 0x00000000]
[16:54:16.933]      __var protType   = __protocol & 0x0000FFFF;
[16:54:16.933]        // -> [protType <= 0x00000002]
[16:54:16.933]    </block>
[16:54:16.933]    <control if="protType == 1" while="" timeout="0" info="">
[16:54:16.933]      // if-block "protType == 1"
[16:54:16.933]        // =>  FALSE
[16:54:16.933]      // skip if-block "protType == 1"
[16:54:16.934]    </control>
[16:54:16.934]    <control if="protType == 2" while="" timeout="0" info="">
[16:54:16.934]      // if-block "protType == 2"
[16:54:16.934]        // =>  TRUE
[16:54:16.934]      <control if="isSWJ" while="" timeout="0" info="">
[16:54:16.934]        // if-block "isSWJ"
[16:54:16.934]          // =>  TRUE
[16:54:16.934]        <control if="hasDormant" while="" timeout="0" info="">
[16:54:16.934]          // if-block "hasDormant"
[16:54:16.934]            // =>  FALSE
[16:54:16.934]          // skip if-block "hasDormant"
[16:54:16.934]        </control>
[16:54:16.934]        <control if="!hasDormant" while="" timeout="0" info="">
[16:54:16.934]          // if-block "!hasDormant"
[16:54:16.934]            // =>  TRUE
[16:54:16.934]          <block atomic="false" info="">
[16:54:16.934]            DAP_SWJ_Sequence(51, 0x0007FFFFFFFFFFFF); //lets put the JTAG line in a reset state
[16:54:16.934]              // -> [DAP_SWJ_Sequence(51, 0x0007FFFFFFFFFFFF)]
[16:54:16.934]            DAP_SWJ_Sequence(16,0xE73C); //SWD to JTAG, this is to ensure the state machine is initialized
[16:54:16.934]              // -> [DAP_SWJ_Sequence(16, 0x000000000000E73C)]
[16:54:16.934]            DAP_SWJ_Sequence(51, 0x0007FFFFFFFFFFFF); //Put it back in reset
[16:54:16.934]              // -> [DAP_SWJ_Sequence(51, 0x0007FFFFFFFFFFFF)]
[16:54:16.934]            DAP_SWJ_Sequence(16, 0xE79E); //JTAG to SWD switch
[16:54:16.934]              // -> [DAP_SWJ_Sequence(16, 0x000000000000E79E)]
[16:54:16.934]            DAP_SWJ_Sequence(51, 0x0007FFFFFFFFFFFF);  //Ensure the switch is successful 
[16:54:16.934]              // -> [DAP_SWJ_Sequence(51, 0x0007FFFFFFFFFFFF)]
[16:54:16.934]            DAP_SWJ_Sequence(7,  0x00); //Give the line some time to initialize
[16:54:16.934]              // -> [DAP_SWJ_Sequence(7, 0x0000000000000000)]
[16:54:16.948]          </block>
[16:54:16.948]          // end if-block "!hasDormant"
[16:54:16.948]        </control>
[16:54:16.948]        // end if-block "isSWJ"
[16:54:16.948]      </control>
[16:54:16.949]      <control if="!isSWJ" while="" timeout="0" info="">
[16:54:16.949]        // if-block "!isSWJ"
[16:54:16.949]          // =>  FALSE
[16:54:16.949]        // skip if-block "!isSWJ"
[16:54:16.949]      </control>
[16:54:16.949]      <block atomic="false" info="">
[16:54:16.949]        ReadDP(0x0);
[16:54:16.949]          // -> [ReadDP(0x00000000) => 0x6BA02477]   (__dp=0x00000000)
[16:54:16.949]      </block>
[16:54:16.949]      // end if-block "protType == 2"
[16:54:16.949]    </control>
[16:54:16.949]  </sequence>
[16:54:16.949]  
[16:55:22.621]  **********  Sequence "DebugPortSetup"  (Context="Connect", Pname="", info="")
[16:55:22.621]  
[16:55:22.621]  <debugvars>
[16:55:22.621]    // Pre-defined
[16:55:22.621]    __protocol=0x00010002      (Protocol="SWD", SWJ-DP="True")
[16:55:22.621]    __connection=0x00000201    (Connection Type="Debug", Reset Type="System Reset")
[16:55:22.621]    __dp=0x00000000
[16:55:22.621]    __ap=0x00000000
[16:55:22.621]    __traceout=0x00000000      (Trace Disabled)
[16:55:22.621]    __errorcontrol=0x00000000  (Skip Errors="False")
[16:55:22.621]    __FlashAddr=0x00000000
[16:55:22.621]    __FlashLen=0x00000000
[16:55:22.621]    __FlashArg=0x00000000
[16:55:22.621]    __FlashOp=0x00000000
[16:55:22.621]    __Result=0x00000000
[16:55:22.621]  </debugvars>
[16:55:22.621]  
[16:55:22.621]  <sequence name="DebugPortSetup" Pname="" disable="false" info="">
[16:55:22.621]    <block atomic="false" info="">
[16:55:22.621]      __var isSWJ      = ((__protocol & 0x00010000) != 0);
[16:55:22.621]        // -> [isSWJ <= 0x00000001]
[16:55:22.621]      __var hasDormant = __protocol & 0x00020000;
[16:55:22.621]        // -> [hasDormant <= 0x00000000]
[16:55:22.621]      __var protType   = __protocol & 0x0000FFFF;
[16:55:22.628]        // -> [protType <= 0x00000002]
[16:55:22.628]    </block>
[16:55:22.628]    <control if="protType == 1" while="" timeout="0" info="">
[16:55:22.628]      // if-block "protType == 1"
[16:55:22.628]        // =>  FALSE
[16:55:22.628]      // skip if-block "protType == 1"
[16:55:22.628]    </control>
[16:55:22.628]    <control if="protType == 2" while="" timeout="0" info="">
[16:55:22.628]      // if-block "protType == 2"
[16:55:22.628]        // =>  TRUE
[16:55:22.628]      <control if="isSWJ" while="" timeout="0" info="">
[16:55:22.628]        // if-block "isSWJ"
[16:55:22.628]          // =>  TRUE
[16:55:22.628]        <control if="hasDormant" while="" timeout="0" info="">
[16:55:22.628]          // if-block "hasDormant"
[16:55:22.628]            // =>  FALSE
[16:55:22.628]          // skip if-block "hasDormant"
[16:55:22.628]        </control>
[16:55:22.628]        <control if="!hasDormant" while="" timeout="0" info="">
[16:55:22.628]          // if-block "!hasDormant"
[16:55:22.628]            // =>  TRUE
[16:55:22.628]          <block atomic="false" info="">
[16:55:22.628]            DAP_SWJ_Sequence(51, 0x0007FFFFFFFFFFFF); //lets put the JTAG line in a reset state
[16:55:22.628]              // -> [DAP_SWJ_Sequence(51, 0x0007FFFFFFFFFFFF)]
[16:55:22.628]            DAP_SWJ_Sequence(16,0xE73C); //SWD to JTAG, this is to ensure the state machine is initialized
[16:55:22.628]              // -> [DAP_SWJ_Sequence(16, 0x000000000000E73C)]
[16:55:22.628]            DAP_SWJ_Sequence(51, 0x0007FFFFFFFFFFFF); //Put it back in reset
[16:55:22.628]              // -> [DAP_SWJ_Sequence(51, 0x0007FFFFFFFFFFFF)]
[16:55:22.628]            DAP_SWJ_Sequence(16, 0xE79E); //JTAG to SWD switch
[16:55:22.628]              // -> [DAP_SWJ_Sequence(16, 0x000000000000E79E)]
[16:55:22.628]            DAP_SWJ_Sequence(51, 0x0007FFFFFFFFFFFF);  //Ensure the switch is successful 
[16:55:22.628]              // -> [DAP_SWJ_Sequence(51, 0x0007FFFFFFFFFFFF)]
[16:55:22.628]            DAP_SWJ_Sequence(7,  0x00); //Give the line some time to initialize
[16:55:22.628]              // -> [DAP_SWJ_Sequence(7, 0x0000000000000000)]
[16:55:22.628]          </block>
[16:55:22.628]          // end if-block "!hasDormant"
[16:55:22.628]        </control>
[16:55:22.628]        // end if-block "isSWJ"
[16:55:22.628]      </control>
[16:55:22.628]      <control if="!isSWJ" while="" timeout="0" info="">
[16:55:22.643]        // if-block "!isSWJ"
[16:55:22.643]          // =>  FALSE
[16:55:22.643]        // skip if-block "!isSWJ"
[16:55:22.643]      </control>
[16:55:22.643]      <block atomic="false" info="">
[16:55:22.643]        ReadDP(0x0);
[16:55:22.643]          // -> [ReadDP(0x00000000) => 0x6BA02477]   (__dp=0x00000000)
[16:55:22.643]      </block>
[16:55:22.643]      // end if-block "protType == 2"
[16:55:22.643]    </control>
[16:55:22.643]  </sequence>
[16:55:22.643]  
[16:57:54.435]  **********  Sequence "DebugPortSetup"  (Context="Connect", Pname="", info="")
[16:57:54.435]  
[16:57:54.438]  <debugvars>
[16:57:54.438]    // Pre-defined
[16:57:54.438]    __protocol=0x00010002      (Protocol="SWD", SWJ-DP="True")
[16:57:54.438]    __connection=0x00000201    (Connection Type="Debug", Reset Type="System Reset")
[16:57:54.438]    __dp=0x00000000
[16:57:54.438]    __ap=0x00000000
[16:57:54.438]    __traceout=0x00000000      (Trace Disabled)
[16:57:54.438]    __errorcontrol=0x00000000  (Skip Errors="False")
[16:57:54.438]    __FlashAddr=0x00000000
[16:57:54.438]    __FlashLen=0x00000000
[16:57:54.438]    __FlashArg=0x00000000
[16:57:54.438]    __FlashOp=0x00000000
[16:57:54.438]    __Result=0x00000000
[16:57:54.438]  </debugvars>
[16:57:54.438]  
[16:57:54.438]  <sequence name="DebugPortSetup" Pname="" disable="false" info="">
[16:57:54.438]    <block atomic="false" info="">
[16:57:54.438]      __var isSWJ      = ((__protocol & 0x00010000) != 0);
[16:57:54.438]        // -> [isSWJ <= 0x00000001]
[16:57:54.438]      __var hasDormant = __protocol & 0x00020000;
[16:57:54.438]        // -> [hasDormant <= 0x00000000]
[16:57:54.438]      __var protType   = __protocol & 0x0000FFFF;
[16:57:54.438]        // -> [protType <= 0x00000002]
[16:57:54.438]    </block>
[16:57:54.438]    <control if="protType == 1" while="" timeout="0" info="">
[16:57:54.438]      // if-block "protType == 1"
[16:57:54.438]        // =>  FALSE
[16:57:54.438]      // skip if-block "protType == 1"
[16:57:54.438]    </control>
[16:57:54.438]    <control if="protType == 2" while="" timeout="0" info="">
[16:57:54.438]      // if-block "protType == 2"
[16:57:54.438]        // =>  TRUE
[16:57:54.443]      <control if="isSWJ" while="" timeout="0" info="">
[16:57:54.443]        // if-block "isSWJ"
[16:57:54.443]          // =>  TRUE
[16:57:54.443]        <control if="hasDormant" while="" timeout="0" info="">
[16:57:54.443]          // if-block "hasDormant"
[16:57:54.443]            // =>  FALSE
[16:57:54.443]          // skip if-block "hasDormant"
[16:57:54.443]        </control>
[16:57:54.443]        <control if="!hasDormant" while="" timeout="0" info="">
[16:57:54.443]          // if-block "!hasDormant"
[16:57:54.443]            // =>  TRUE
[16:57:54.443]          <block atomic="false" info="">
[16:57:54.443]            DAP_SWJ_Sequence(51, 0x0007FFFFFFFFFFFF); //lets put the JTAG line in a reset state
[16:57:54.443]              // -> [DAP_SWJ_Sequence(51, 0x0007FFFFFFFFFFFF)]
[16:57:54.443]            DAP_SWJ_Sequence(16,0xE73C); //SWD to JTAG, this is to ensure the state machine is initialized
[16:57:54.443]              // -> [DAP_SWJ_Sequence(16, 0x000000000000E73C)]
[16:57:54.443]            DAP_SWJ_Sequence(51, 0x0007FFFFFFFFFFFF); //Put it back in reset
[16:57:54.443]              // -> [DAP_SWJ_Sequence(51, 0x0007FFFFFFFFFFFF)]
[16:57:54.443]            DAP_SWJ_Sequence(16, 0xE79E); //JTAG to SWD switch
[16:57:54.443]              // -> [DAP_SWJ_Sequence(16, 0x000000000000E79E)]
[16:57:54.443]            DAP_SWJ_Sequence(51, 0x0007FFFFFFFFFFFF);  //Ensure the switch is successful 
[16:57:54.443]              // -> [DAP_SWJ_Sequence(51, 0x0007FFFFFFFFFFFF)]
[16:57:54.443]            DAP_SWJ_Sequence(7,  0x00); //Give the line some time to initialize
[16:57:54.455]              // -> [DAP_SWJ_Sequence(7, 0x0000000000000000)]
[16:57:54.455]          </block>
[16:57:54.455]          // end if-block "!hasDormant"
[16:57:54.455]        </control>
[16:57:54.455]        // end if-block "isSWJ"
[16:57:54.455]      </control>
[16:57:54.455]      <control if="!isSWJ" while="" timeout="0" info="">
[16:57:54.455]        // if-block "!isSWJ"
[16:57:54.455]          // =>  FALSE
[16:57:54.455]        // skip if-block "!isSWJ"
[16:57:54.455]      </control>
[16:57:54.455]      <block atomic="false" info="">
[16:57:54.455]        ReadDP(0x0);
[16:57:54.459]          // -> [ReadDP(0x00000000) => 0x6BA02477]   (__dp=0x00000000)
[16:57:54.459]      </block>
[16:57:54.459]      // end if-block "protType == 2"
[16:57:54.459]    </control>
[16:57:54.459]  </sequence>
[16:57:54.459]  
[17:03:48.615]  **********  Sequence "DebugPortSetup"  (Context="Connect", Pname="", info="")
[17:03:48.615]  
[17:03:48.615]  <debugvars>
[17:03:48.615]    // Pre-defined
[17:03:48.615]    __protocol=0x00010002      (Protocol="SWD", SWJ-DP="True")
[17:03:48.615]    __connection=0x00000202    (Connection Type="Flash", Reset Type="System Reset")
[17:03:48.615]    __dp=0x00000000
[17:03:48.615]    __ap=0x00000000
[17:03:48.615]    __traceout=0x00000000      (Trace Disabled)
[17:03:48.615]    __errorcontrol=0x00000000  (Skip Errors="False")
[17:03:48.615]    __FlashAddr=0x00000000
[17:03:48.615]    __FlashLen=0x00000000
[17:03:48.615]    __FlashArg=0x00000000
[17:03:48.615]    __FlashOp=0x00000000
[17:03:48.615]    __Result=0x00000000
[17:03:48.615]  </debugvars>
[17:03:48.615]  
[17:03:48.615]  <sequence name="DebugPortSetup" Pname="" disable="false" info="">
[17:03:48.615]    <block atomic="false" info="">
[17:03:48.615]      __var isSWJ      = ((__protocol & 0x00010000) != 0);
[17:03:48.615]        // -> [isSWJ <= 0x00000001]
[17:03:48.615]      __var hasDormant = __protocol & 0x00020000;
[17:03:48.615]        // -> [hasDormant <= 0x00000000]
[17:03:48.615]      __var protType   = __protocol & 0x0000FFFF;
[17:03:48.615]        // -> [protType <= 0x00000002]
[17:03:48.615]    </block>
[17:03:48.615]    <control if="protType == 1" while="" timeout="0" info="">
[17:03:48.615]      // if-block "protType == 1"
[17:03:48.615]        // =>  FALSE
[17:03:48.615]      // skip if-block "protType == 1"
[17:03:48.615]    </control>
[17:03:48.615]    <control if="protType == 2" while="" timeout="0" info="">
[17:03:48.615]      // if-block "protType == 2"
[17:03:48.615]        // =>  TRUE
[17:03:48.615]      <control if="isSWJ" while="" timeout="0" info="">
[17:03:48.615]        // if-block "isSWJ"
[17:03:48.615]          // =>  TRUE
[17:03:48.615]        <control if="hasDormant" while="" timeout="0" info="">
[17:03:48.615]          // if-block "hasDormant"
[17:03:48.615]            // =>  FALSE
[17:03:48.615]          // skip if-block "hasDormant"
[17:03:48.615]        </control>
[17:03:48.615]        <control if="!hasDormant" while="" timeout="0" info="">
[17:03:48.615]          // if-block "!hasDormant"
[17:03:48.615]            // =>  TRUE
[17:03:48.615]          <block atomic="false" info="">
[17:03:48.615]            DAP_SWJ_Sequence(51, 0x0007FFFFFFFFFFFF); //lets put the JTAG line in a reset state
[17:03:48.615]              // -> [DAP_SWJ_Sequence(51, 0x0007FFFFFFFFFFFF)]
[17:03:48.615]            DAP_SWJ_Sequence(16,0xE73C); //SWD to JTAG, this is to ensure the state machine is initialized
[17:03:48.615]              // -> [DAP_SWJ_Sequence(16, 0x000000000000E73C)]
[17:03:48.625]            DAP_SWJ_Sequence(51, 0x0007FFFFFFFFFFFF); //Put it back in reset
[17:03:48.625]              // -> [DAP_SWJ_Sequence(51, 0x0007FFFFFFFFFFFF)]
[17:03:48.627]            DAP_SWJ_Sequence(16, 0xE79E); //JTAG to SWD switch
[17:03:48.628]              // -> [DAP_SWJ_Sequence(16, 0x000000000000E79E)]
[17:03:48.628]            DAP_SWJ_Sequence(51, 0x0007FFFFFFFFFFFF);  //Ensure the switch is successful 
[17:03:48.630]              // -> [DAP_SWJ_Sequence(51, 0x0007FFFFFFFFFFFF)]
[17:03:48.630]            DAP_SWJ_Sequence(7,  0x00); //Give the line some time to initialize
[17:03:48.632]              // -> [DAP_SWJ_Sequence(7, 0x0000000000000000)]
[17:03:48.632]          </block>
[17:03:48.632]          // end if-block "!hasDormant"
[17:03:48.632]        </control>
[17:03:48.632]        // end if-block "isSWJ"
[17:03:48.632]      </control>
[17:03:48.634]      <control if="!isSWJ" while="" timeout="0" info="">
[17:03:48.634]        // if-block "!isSWJ"
[17:03:48.634]          // =>  FALSE
[17:03:48.634]        // skip if-block "!isSWJ"
[17:03:48.634]      </control>
[17:03:48.634]      <block atomic="false" info="">
[17:03:48.634]        ReadDP(0x0);
[17:03:48.635]          // -> [ReadDP(0x00000000) => 0x6BA02477]   (__dp=0x00000000)
[17:03:48.637]      </block>
[17:03:48.637]      // end if-block "protType == 2"
[17:03:48.637]    </control>
[17:03:48.637]  </sequence>
[17:03:48.637]  
[17:03:48.640]  **********  Sequence "DebugPortStart"  (Context="Connect", Pname="", info="")
[17:03:48.640]  
[17:03:48.640]  <debugvars>
[17:03:48.640]    // Pre-defined
[17:03:48.640]    __protocol=0x00010002      (Protocol="SWD", SWJ-DP="True")
[17:03:48.640]    __connection=0x00000202    (Connection Type="Flash", Reset Type="System Reset")
[17:03:48.640]    __dp=0x00000000
[17:03:48.640]    __ap=0x00000000
[17:03:48.640]    __traceout=0x00000000      (Trace Disabled)
[17:03:48.640]    __errorcontrol=0x00000000  (Skip Errors="False")
[17:03:48.640]    __FlashAddr=0x00000000
[17:03:48.640]    __FlashLen=0x00000000
[17:03:48.640]    __FlashArg=0x00000000
[17:03:48.644]    __FlashOp=0x00000000
[17:03:48.644]    __Result=0x00000000
[17:03:48.644]  </debugvars>
[17:03:48.644]  
[17:03:48.644]  <sequence name="DebugPortStart" Pname="" disable="false" info="">
[17:03:48.644]    <block atomic="false" info="">
[17:03:48.644]      __var SW_DP_ABORT       = 0x0;
[17:03:48.644]        // -> [SW_DP_ABORT <= 0x00000000]
[17:03:48.644]      __var DP_CTRL_STAT      = 0x4;
[17:03:48.644]        // -> [DP_CTRL_STAT <= 0x00000004]
[17:03:48.644]      __var DP_SELECT         = 0x8;
[17:03:48.644]        // -> [DP_SELECT <= 0x00000008]
[17:03:48.644]      __var powered_down      = 0;
[17:03:48.644]        // -> [powered_down <= 0x00000000]
[17:03:48.644]      WriteDP(DP_SELECT, 0x00000000);
[17:03:48.644]        // -> [WriteDP(0x00000008, 0x00000000)]   (__dp=0x00000000)
[17:03:48.644]      powered_down = ((ReadDP(DP_CTRL_STAT) & 0xA0000000) != 0xA0000000);
[17:03:48.649]        // -> [ReadDP(0x00000004) => 0x00000040]   (__dp=0x00000000)
[17:03:48.649]        // -> [powered_down <= 0x00000001]
[17:03:48.649]    </block>
[17:03:48.649]    <control if="powered_down" while="" timeout="0" info="">
[17:03:48.649]      // if-block "powered_down"
[17:03:48.649]        // =>  TRUE
[17:03:48.649]      <block atomic="false" info="">
[17:03:48.649]        Message(0, "Debug/System power-up request sent");
[17:03:48.652]        WriteDP(DP_CTRL_STAT, 0x50000000);
[17:03:48.654]          // -> [WriteDP(0x00000004, 0x50000000)]   (__dp=0x00000000)
[17:03:48.654]      </block>
[17:03:48.654]      <control if="" while="(ReadDP(DP_CTRL_STAT) & 0xA0000000) != 0xA0000000" timeout="1000000" info="">
[17:03:48.654]        // while "(ReadDP(DP_CTRL_STAT) & 0xA0000000) != 0xA0000000"  (timeout="1000000")
[17:03:48.656]          // -> [ReadDP(0x00000004) => 0xF0000040]   (__dp=0x00000000)
[17:03:48.656]        // while-condition  =>  FALSE
[17:03:48.656]        // end while "(ReadDP(DP_CTRL_STAT) & 0xA0000000) != 0xA0000000"
[17:03:48.656]      </control>
[17:03:48.656]      <control if="(__protocol & 0xFFFF) == 1" while="" timeout="0" info="">
[17:03:48.656]        // if-block "(__protocol & 0xFFFF) == 1"
[17:03:48.656]          // =>  FALSE
[17:03:48.656]        // skip if-block "(__protocol & 0xFFFF) == 1"
[17:03:48.656]      </control>
[17:03:48.656]      <control if="(__protocol & 0xFFFF) == 2" while="" timeout="0" info="">
[17:03:48.656]        // if-block "(__protocol & 0xFFFF) == 2"
[17:03:48.656]          // =>  TRUE
[17:03:48.656]        <block atomic="false" info="">
[17:03:48.656]          Message(0, "executing SWD power up");
[17:03:48.659]          WriteDP(DP_CTRL_STAT, 0x50000F00);
[17:03:48.661]            // -> [WriteDP(0x00000004, 0x50000F00)]   (__dp=0x00000000)
[17:03:48.663]          WriteDP(SW_DP_ABORT, 0x0000001E);
[17:03:48.664]            // -> [WriteDP(0x00000000, 0x0000001E)]   (__dp=0x00000000)
[17:03:48.664]        </block>
[17:03:48.664]        // end if-block "(__protocol & 0xFFFF) == 2"
[17:03:48.664]      </control>
[17:03:48.664]      // end if-block "powered_down"
[17:03:48.664]    </control>
[17:03:48.664]    <block atomic="false" info="">
[17:03:48.664]      __var DEBUG_PORT_VAL    = 0;
[17:03:48.664]        // -> [DEBUG_PORT_VAL <= 0x00000000]
[17:03:48.664]      __var ACCESS_POINT_VAL  = 0;
[17:03:48.664]        // -> [ACCESS_POINT_VAL <= 0x00000000]
[17:03:48.664]      __ap = 1; 
[17:03:48.664]        // -> [__ap <= 0x00000001]
[17:03:48.664]      WriteAP(0x0C, 0x04); //lets use the mini pwr-ap as backup
[17:03:48.664]        // -> [WriteAP(0x0000000C, 0x00000004)]   (__dp=0x00000000, __ap=0x00000001)
[17:03:48.664]      __ap = 4;
[17:03:48.664]        // -> [__ap <= 0x00000004]
[17:03:48.664]      ACCESS_POINT_VAL = ReadAP(0x00);//Reading current state of access point
[17:03:48.676]        // -> [ReadAP(0x00000000) => 0x00080027]   (__dp=0x00000000, __ap=0x00000004)
[17:03:48.676]        // -> [ACCESS_POINT_VAL <= 0x00080027]
[17:03:48.676]      Message(0, "Current state of access point is: %x",ACCESS_POINT_VAL);
[17:03:48.676]    </block>
[17:03:48.676]    <block atomic="false" info="">
[17:03:48.676]      __var nReset = 0x80;
[17:03:48.676]        // -> [nReset <= 0x00000080]
[17:03:48.676]      __var canReadPins = 0;
[17:03:48.676]        // -> [canReadPins <= 0x00000000]
[17:03:48.676]      canReadPins = (DAP_SWJ_Pins(0x00, nReset, 0) != 0xFFFFFFFF);
[17:03:48.679]        // -> [DAP_SWJ_Pins(0x00, 0x80, 0) => 0x0F]   (Out: nRESET=0  =>  In: SWCLK/TCK=1, SWDIO/TMS=1, TDI=1, TDO=1, nTRST=0, nRESET=0)
[17:03:48.679]        // -> [canReadPins <= 0x00000001]
[17:03:48.679]    </block>
[17:03:48.679]    <control if="" while="1" timeout="200" info="">
[17:03:48.679]      // while "1"  (timeout="200")
[17:03:48.679]      // while-condition  =>  TRUE
[17:03:48.679]      // while "1"  (timeout="200")
[17:03:48.679]      // while-condition  =>  TRUE
[17:03:48.679]      // while "1"  (timeout="200")
[17:03:48.679]      // while-condition  =>  TRUE
[17:03:48.679]      // while "1"  (timeout="200")
[17:03:48.679]      // while-condition  =>  TRUE
[17:03:48.679]      // while "1"  (timeout="200")
[17:03:48.679]      // while-condition  =>  TRUE
[17:03:48.679]      // while "1"  (timeout="200")
[17:03:48.683]      // while-condition  =>  TRUE
[17:03:48.683]      // while "1"  (timeout="200")
[17:03:48.683]      // while  =>  TIMEOUT
[17:03:48.683]      // end while "1"
[17:03:48.683]    </control>
[17:03:48.683]    <control if="canReadPins" while="" timeout="0" info="">
[17:03:48.683]      // if-block "canReadPins"
[17:03:48.683]        // =>  TRUE
[17:03:48.683]      <control if="" while="(DAP_SWJ_Pins(nReset, nReset, 0) & nReset) == 0" timeout="1000000" info="">
[17:03:48.683]        // while "(DAP_SWJ_Pins(nReset, nReset, 0) & nReset) == 0"  (timeout="1000000")
[17:03:48.685]          // -> [DAP_SWJ_Pins(0x80, 0x80, 0) => 0x8F]   (Out: nRESET=1  =>  In: SWCLK/TCK=1, SWDIO/TMS=1, TDI=1, TDO=1, nTRST=0, nRESET=1)
[17:03:48.685]        // while-condition  =>  FALSE
[17:03:48.685]        // end while "(DAP_SWJ_Pins(nReset, nReset, 0) & nReset) == 0"
[17:03:48.685]      </control>
[17:03:48.685]      // end if-block "canReadPins"
[17:03:48.685]    </control>
[17:03:48.685]    <control if="!canReadPins" while="" timeout="0" info="">
[17:03:48.685]      // if-block "!canReadPins"
[17:03:48.685]        // =>  FALSE
[17:03:48.685]      // skip if-block "!canReadPins"
[17:03:48.685]    </control>
[17:03:48.685]    <control if="(ACCESS_POINT_VAL & 0x00E00000) == 0" while="" timeout="0" info="">
[17:03:48.685]      // if-block "(ACCESS_POINT_VAL & 0x00E00000) == 0"
[17:03:48.685]        // =>  TRUE
[17:03:48.685]      <block atomic="false" info="">
[17:03:48.685]        WriteAP(0x00, 0x190008);
[17:03:48.689]          // -> [WriteAP(0x00000000, 0x00190008)]   (__dp=0x00000000, __ap=0x00000004)
[17:03:48.689]        WriteAP(0xF0, 0x01);
[17:03:48.693]          // -> [WriteAP(0x000000F0, 0x00000001)]   (__dp=0x00000000, __ap=0x00000004)
[17:03:48.693]      </block>
[17:03:48.693]      // end if-block "(ACCESS_POINT_VAL & 0x00E00000) == 0"
[17:03:48.693]    </control>
[17:03:48.693]    <control if="(ACCESS_POINT_VAL & 0x00E00000) != 0" while="" timeout="0" info="">
[17:03:48.693]      // if-block "(ACCESS_POINT_VAL & 0x00E00000) != 0"
[17:03:48.693]        // =>  FALSE
[17:03:48.693]      // skip if-block "(ACCESS_POINT_VAL & 0x00E00000) != 0"
[17:03:48.693]    </control>
[17:03:48.693]    <block atomic="false" info="">
[17:03:48.693]      ACCESS_POINT_VAL = ReadAP(0x00);//Reading current state of access point
[17:03:48.696]        // -> [ReadAP(0x00000000) => 0x0079002F]   (__dp=0x00000000, __ap=0x00000004)
[17:03:48.700]        // -> [ACCESS_POINT_VAL <= 0x0079002F]
[17:03:48.700]      Message(0, "Current state of access point is: %x",ACCESS_POINT_VAL);
[17:03:48.701]      __ap = 0; //lets make sure we reset the access point selection
[17:03:48.701]        // -> [__ap <= 0x00000000]
[17:03:48.701]    </block>
[17:03:48.701]  </sequence>
[17:03:48.701]  
[17:03:48.722]  **********  Sequence "DebugDeviceUnlock"  (Context="Connect", Pname="", info="")
[17:03:48.722]  
[17:03:48.722]  <debugvars>
[17:03:48.722]    // Pre-defined
[17:03:48.722]    __protocol=0x00010002      (Protocol="SWD", SWJ-DP="True")
[17:03:48.722]    __connection=0x00000202    (Connection Type="Flash", Reset Type="System Reset")
[17:03:48.722]    __dp=0x00000000
[17:03:48.722]    __ap=0x00000000
[17:03:48.722]    __traceout=0x00000000      (Trace Disabled)
[17:03:48.722]    __errorcontrol=0x00000000  (Skip Errors="False")
[17:03:48.723]    __FlashAddr=0x00000000
[17:03:48.723]    __FlashLen=0x00000000
[17:03:48.723]    __FlashArg=0x00000000
[17:03:48.723]    __FlashOp=0x00000000
[17:03:48.723]    __Result=0x00000000
[17:03:48.723]  </debugvars>
[17:03:48.723]  
[17:03:48.723]  <sequence name="DebugDeviceUnlock" Pname="" disable="false" info="">
[17:03:48.723]    <block atomic="false" info="">
[17:03:48.723]      __var deviceID = 0;
[17:03:48.723]        // -> [deviceID <= 0x00000000]
[17:03:48.723]      __var version = 0;
[17:03:48.723]        // -> [version <= 0x00000000]
[17:03:48.723]      __var partNum = 0;
[17:03:48.725]        // -> [partNum <= 0x00000000]
[17:03:48.725]      __var manuf = 0;
[17:03:48.725]        // -> [manuf <= 0x00000000]
[17:03:48.725]      __var isMSPM0G1X0X_G3X0X = 0;
[17:03:48.725]        // -> [isMSPM0G1X0X_G3X0X <= 0x00000000]
[17:03:48.725]      __var isProduction = 0;
[17:03:48.725]        // -> [isProduction <= 0x00000000]
[17:03:48.725]      __var continueId = 0;
[17:03:48.725]        // -> [continueId <= 0x00000000]
[17:03:48.725]      deviceID =   Read32(0x41C40004);
[17:03:48.728]        // -> [Read32(0x41C40004) => 0x2BB8802F]   (__dp=0x00000000, __ap=0x00000000)
[17:03:48.728]        // -> [deviceID <= 0x2BB8802F]
[17:03:48.728]      version = deviceID >> 28;
[17:03:48.728]        // -> [version <= 0x00000002]
[17:03:48.728]      partNum = (deviceID & 0x0FFFF000) >> 12;
[17:03:48.728]        // -> [partNum <= 0x0000BB88]
[17:03:48.728]      manuf = (deviceID & 0x00000FFE) >> 1;
[17:03:48.728]        // -> [manuf <= 0x00000017]
[17:03:48.728]      isMSPM0G1X0X_G3X0X = (partNum == 0xBB88) && (manuf == 0x17);
[17:03:48.728]        // -> [isMSPM0G1X0X_G3X0X <= 0x00000001]
[17:03:48.728]      isProduction = (version > 0);
[17:03:48.728]        // -> [isProduction <= 0x00000001]
[17:03:48.728]    </block>
[17:03:48.728]    <control if="!isMSPM0G1X0X_G3X0X" while="" timeout="0" info="">
[17:03:48.728]      // if-block "!isMSPM0G1X0X_G3X0X"
[17:03:48.728]        // =>  FALSE
[17:03:48.728]      // skip if-block "!isMSPM0G1X0X_G3X0X"
[17:03:48.728]    </control>
[17:03:48.728]    <control if="continueId == 4" while="" timeout="0" info="">
[17:03:48.728]      // if-block "continueId == 4"
[17:03:48.728]        // =>  FALSE
[17:03:48.728]      // skip if-block "continueId == 4"
[17:03:48.728]    </control>
[17:03:48.728]    <control if="!isProduction" while="" timeout="0" info="">
[17:03:48.728]      // if-block "!isProduction"
[17:03:48.728]        // =>  FALSE
[17:03:48.728]      // skip if-block "!isProduction"
[17:03:48.728]    </control>
[17:03:48.728]  </sequence>
[17:03:48.728]  
[17:06:59.168]  **********  Sequence "DebugPortSetup"  (Context="Connect", Pname="", info="")
[17:06:59.168]  
[17:06:59.176]  <debugvars>
[17:06:59.176]    // Pre-defined
[17:06:59.176]    __protocol=0x00010002      (Protocol="SWD", SWJ-DP="True")
[17:06:59.176]    __connection=0x00000202    (Connection Type="Flash", Reset Type="System Reset")
[17:06:59.176]    __dp=0x00000000
[17:06:59.176]    __ap=0x00000000
[17:06:59.176]    __traceout=0x00000000      (Trace Disabled)
[17:06:59.176]    __errorcontrol=0x00000000  (Skip Errors="False")
[17:06:59.176]    __FlashAddr=0x00000000
[17:06:59.176]    __FlashLen=0x00000000
[17:06:59.176]    __FlashArg=0x00000000
[17:06:59.176]    __FlashOp=0x00000000
[17:06:59.176]    __Result=0x00000000
[17:06:59.178]  </debugvars>
[17:06:59.178]  
[17:06:59.178]  <sequence name="DebugPortSetup" Pname="" disable="false" info="">
[17:06:59.178]    <block atomic="false" info="">
[17:06:59.178]      __var isSWJ      = ((__protocol & 0x00010000) != 0);
[17:06:59.178]        // -> [isSWJ <= 0x00000001]
[17:06:59.178]      __var hasDormant = __protocol & 0x00020000;
[17:06:59.178]        // -> [hasDormant <= 0x00000000]
[17:06:59.178]      __var protType   = __protocol & 0x0000FFFF;
[17:06:59.178]        // -> [protType <= 0x00000002]
[17:06:59.178]    </block>
[17:06:59.178]    <control if="protType == 1" while="" timeout="0" info="">
[17:06:59.180]      // if-block "protType == 1"
[17:06:59.180]        // =>  FALSE
[17:06:59.180]      // skip if-block "protType == 1"
[17:06:59.180]    </control>
[17:06:59.180]    <control if="protType == 2" while="" timeout="0" info="">
[17:06:59.180]      // if-block "protType == 2"
[17:06:59.180]        // =>  TRUE
[17:06:59.180]      <control if="isSWJ" while="" timeout="0" info="">
[17:06:59.180]        // if-block "isSWJ"
[17:06:59.180]          // =>  TRUE
[17:06:59.180]        <control if="hasDormant" while="" timeout="0" info="">
[17:06:59.180]          // if-block "hasDormant"
[17:06:59.180]            // =>  FALSE
[17:06:59.180]          // skip if-block "hasDormant"
[17:06:59.180]        </control>
[17:06:59.180]        <control if="!hasDormant" while="" timeout="0" info="">
[17:06:59.180]          // if-block "!hasDormant"
[17:06:59.180]            // =>  TRUE
[17:06:59.180]          <block atomic="false" info="">
[17:06:59.180]            DAP_SWJ_Sequence(51, 0x0007FFFFFFFFFFFF); //lets put the JTAG line in a reset state
[17:06:59.180]              // -> [DAP_SWJ_Sequence(51, 0x0007FFFFFFFFFFFF)]
[17:06:59.180]            DAP_SWJ_Sequence(16,0xE73C); //SWD to JTAG, this is to ensure the state machine is initialized
[17:06:59.185]              // -> [DAP_SWJ_Sequence(16, 0x000000000000E73C)]
[17:06:59.185]            DAP_SWJ_Sequence(51, 0x0007FFFFFFFFFFFF); //Put it back in reset
[17:06:59.187]              // -> [DAP_SWJ_Sequence(51, 0x0007FFFFFFFFFFFF)]
[17:06:59.187]            DAP_SWJ_Sequence(16, 0xE79E); //JTAG to SWD switch
[17:06:59.187]              // -> [DAP_SWJ_Sequence(16, 0x000000000000E79E)]
[17:06:59.187]            DAP_SWJ_Sequence(51, 0x0007FFFFFFFFFFFF);  //Ensure the switch is successful 
[17:06:59.187]              // -> [DAP_SWJ_Sequence(51, 0x0007FFFFFFFFFFFF)]
[17:06:59.187]            DAP_SWJ_Sequence(7,  0x00); //Give the line some time to initialize
[17:06:59.187]              // -> [DAP_SWJ_Sequence(7, 0x0000000000000000)]
[17:06:59.187]          </block>
[17:06:59.187]          // end if-block "!hasDormant"
[17:06:59.187]        </control>
[17:06:59.187]        // end if-block "isSWJ"
[17:06:59.187]      </control>
[17:06:59.187]      <control if="!isSWJ" while="" timeout="0" info="">
[17:06:59.187]        // if-block "!isSWJ"
[17:06:59.187]          // =>  FALSE
[17:06:59.187]        // skip if-block "!isSWJ"
[17:06:59.187]      </control>
[17:06:59.187]      <block atomic="false" info="">
[17:06:59.195]        ReadDP(0x0);
[17:06:59.196]          // -> [ReadDP(0x00000000) => 0x6BA02477]   (__dp=0x00000000)
[17:06:59.196]      </block>
[17:06:59.196]      // end if-block "protType == 2"
[17:06:59.196]    </control>
[17:06:59.196]  </sequence>
[17:06:59.196]  
[17:06:59.196]  **********  Sequence "DebugPortStart"  (Context="Connect", Pname="", info="")
[17:06:59.196]  
[17:06:59.196]  <debugvars>
[17:06:59.196]    // Pre-defined
[17:06:59.196]    __protocol=0x00010002      (Protocol="SWD", SWJ-DP="True")
[17:06:59.196]    __connection=0x00000202    (Connection Type="Flash", Reset Type="System Reset")
[17:06:59.196]    __dp=0x00000000
[17:06:59.196]    __ap=0x00000000
[17:06:59.196]    __traceout=0x00000000      (Trace Disabled)
[17:06:59.196]    __errorcontrol=0x00000000  (Skip Errors="False")
[17:06:59.196]    __FlashAddr=0x00000000
[17:06:59.196]    __FlashLen=0x00000000
[17:06:59.196]    __FlashArg=0x00000000
[17:06:59.196]    __FlashOp=0x00000000
[17:06:59.196]    __Result=0x00000000
[17:06:59.196]  </debugvars>
[17:06:59.196]  
[17:06:59.196]  <sequence name="DebugPortStart" Pname="" disable="false" info="">
[17:06:59.196]    <block atomic="false" info="">
[17:06:59.196]      __var SW_DP_ABORT       = 0x0;
[17:06:59.196]        // -> [SW_DP_ABORT <= 0x00000000]
[17:06:59.196]      __var DP_CTRL_STAT      = 0x4;
[17:06:59.205]        // -> [DP_CTRL_STAT <= 0x00000004]
[17:06:59.205]      __var DP_SELECT         = 0x8;
[17:06:59.205]        // -> [DP_SELECT <= 0x00000008]
[17:06:59.205]      __var powered_down      = 0;
[17:06:59.205]        // -> [powered_down <= 0x00000000]
[17:06:59.205]      WriteDP(DP_SELECT, 0x00000000);
[17:06:59.207]        // -> [WriteDP(0x00000008, 0x00000000)]   (__dp=0x00000000)
[17:06:59.207]      powered_down = ((ReadDP(DP_CTRL_STAT) & 0xA0000000) != 0xA0000000);
[17:06:59.207]        // -> [ReadDP(0x00000004) => 0x00000040]   (__dp=0x00000000)
[17:06:59.207]        // -> [powered_down <= 0x00000001]
[17:06:59.207]    </block>
[17:06:59.207]    <control if="powered_down" while="" timeout="0" info="">
[17:06:59.207]      // if-block "powered_down"
[17:06:59.207]        // =>  TRUE
[17:06:59.207]      <block atomic="false" info="">
[17:06:59.207]        Message(0, "Debug/System power-up request sent");
[17:06:59.213]        WriteDP(DP_CTRL_STAT, 0x50000000);
[17:06:59.213]          // -> [WriteDP(0x00000004, 0x50000000)]   (__dp=0x00000000)
[17:06:59.213]      </block>
[17:06:59.213]      <control if="" while="(ReadDP(DP_CTRL_STAT) & 0xA0000000) != 0xA0000000" timeout="1000000" info="">
[17:06:59.213]        // while "(ReadDP(DP_CTRL_STAT) & 0xA0000000) != 0xA0000000"  (timeout="1000000")
[17:06:59.216]          // -> [ReadDP(0x00000004) => 0xF0000040]   (__dp=0x00000000)
[17:06:59.216]        // while-condition  =>  FALSE
[17:06:59.216]        // end while "(ReadDP(DP_CTRL_STAT) & 0xA0000000) != 0xA0000000"
[17:06:59.216]      </control>
[17:06:59.216]      <control if="(__protocol & 0xFFFF) == 1" while="" timeout="0" info="">
[17:06:59.216]        // if-block "(__protocol & 0xFFFF) == 1"
[17:06:59.216]          // =>  FALSE
[17:06:59.216]        // skip if-block "(__protocol & 0xFFFF) == 1"
[17:06:59.216]      </control>
[17:06:59.216]      <control if="(__protocol & 0xFFFF) == 2" while="" timeout="0" info="">
[17:06:59.216]        // if-block "(__protocol & 0xFFFF) == 2"
[17:06:59.216]          // =>  TRUE
[17:06:59.216]        <block atomic="false" info="">
[17:06:59.216]          Message(0, "executing SWD power up");
[17:06:59.216]          WriteDP(DP_CTRL_STAT, 0x50000F00);
[17:06:59.221]            // -> [WriteDP(0x00000004, 0x50000F00)]   (__dp=0x00000000)
[17:06:59.221]          WriteDP(SW_DP_ABORT, 0x0000001E);
[17:06:59.221]            // -> [WriteDP(0x00000000, 0x0000001E)]   (__dp=0x00000000)
[17:06:59.221]        </block>
[17:06:59.225]        // end if-block "(__protocol & 0xFFFF) == 2"
[17:06:59.225]      </control>
[17:06:59.225]      // end if-block "powered_down"
[17:06:59.225]    </control>
[17:06:59.225]    <block atomic="false" info="">
[17:06:59.226]      __var DEBUG_PORT_VAL    = 0;
[17:06:59.226]        // -> [DEBUG_PORT_VAL <= 0x00000000]
[17:06:59.226]      __var ACCESS_POINT_VAL  = 0;
[17:06:59.226]        // -> [ACCESS_POINT_VAL <= 0x00000000]
[17:06:59.226]      __ap = 1; 
[17:06:59.226]        // -> [__ap <= 0x00000001]
[17:06:59.226]      WriteAP(0x0C, 0x04); //lets use the mini pwr-ap as backup
[17:06:59.226]        // -> [WriteAP(0x0000000C, 0x00000004)]   (__dp=0x00000000, __ap=0x00000001)
[17:06:59.226]      __ap = 4;
[17:06:59.226]        // -> [__ap <= 0x00000004]
[17:06:59.226]      ACCESS_POINT_VAL = ReadAP(0x00);//Reading current state of access point
[17:06:59.233]        // -> [ReadAP(0x00000000) => 0x00080027]   (__dp=0x00000000, __ap=0x00000004)
[17:06:59.233]        // -> [ACCESS_POINT_VAL <= 0x00080027]
[17:06:59.233]      Message(0, "Current state of access point is: %x",ACCESS_POINT_VAL);
[17:06:59.236]    </block>
[17:06:59.236]    <block atomic="false" info="">
[17:06:59.236]      __var nReset = 0x80;
[17:06:59.236]        // -> [nReset <= 0x00000080]
[17:06:59.236]      __var canReadPins = 0;
[17:06:59.236]        // -> [canReadPins <= 0x00000000]
[17:06:59.236]      canReadPins = (DAP_SWJ_Pins(0x00, nReset, 0) != 0xFFFFFFFF);
[17:06:59.236]        // -> [DAP_SWJ_Pins(0x00, 0x80, 0) => 0x0F]   (Out: nRESET=0  =>  In: SWCLK/TCK=1, SWDIO/TMS=1, TDI=1, TDO=1, nTRST=0, nRESET=0)
[17:06:59.236]        // -> [canReadPins <= 0x00000001]
[17:06:59.236]    </block>
[17:06:59.236]    <control if="" while="1" timeout="200" info="">
[17:06:59.236]      // while "1"  (timeout="200")
[17:06:59.236]      // while-condition  =>  TRUE
[17:06:59.236]      // while "1"  (timeout="200")
[17:06:59.236]      // while-condition  =>  TRUE
[17:06:59.236]      // while "1"  (timeout="200")
[17:06:59.236]      // while-condition  =>  TRUE
[17:06:59.236]      // while "1"  (timeout="200")
[17:06:59.236]      // while-condition  =>  TRUE
[17:06:59.236]      // while "1"  (timeout="200")
[17:06:59.236]      // while-condition  =>  TRUE
[17:06:59.236]      // while "1"  (timeout="200")
[17:06:59.236]      // while-condition  =>  TRUE
[17:06:59.236]      // while "1"  (timeout="200")
[17:06:59.236]      // while-condition  =>  TRUE
[17:06:59.236]      // while "1"  (timeout="200")
[17:06:59.236]      // while-condition  =>  TRUE
[17:06:59.236]      // while "1"  (timeout="200")
[17:06:59.236]      // while-condition  =>  TRUE
[17:06:59.236]      // while "1"  (timeout="200")
[17:06:59.236]      // while-condition  =>  TRUE
[17:06:59.236]      // while "1"  (timeout="200")
[17:06:59.236]      // while-condition  =>  TRUE
[17:06:59.242]      // while "1"  (timeout="200")
[17:06:59.242]      // while-condition  =>  TRUE
[17:06:59.242]      // while "1"  (timeout="200")
[17:06:59.242]      // while-condition  =>  TRUE
[17:06:59.242]      // while "1"  (timeout="200")
[17:06:59.242]      // while-condition  =>  TRUE
[17:06:59.242]      // while "1"  (timeout="200")
[17:06:59.242]      // while-condition  =>  TRUE
[17:06:59.242]      // while "1"  (timeout="200")
[17:06:59.242]      // while-condition  =>  TRUE
[17:06:59.242]      // while "1"  (timeout="200")
[17:06:59.242]      // while-condition  =>  TRUE
[17:06:59.242]      // while "1"  (timeout="200")
[17:06:59.242]      // while-condition  =>  TRUE
[17:06:59.242]      // while "1"  (timeout="200")
[17:06:59.242]      // while-condition  =>  TRUE
[17:06:59.242]      // while "1"  (timeout="200")
[17:06:59.242]      // while-condition  =>  TRUE
[17:06:59.245]      // while "1"  (timeout="200")
[17:06:59.245]      // while  =>  TIMEOUT
[17:06:59.245]      // end while "1"
[17:06:59.245]    </control>
[17:06:59.245]    <control if="canReadPins" while="" timeout="0" info="">
[17:06:59.245]      // if-block "canReadPins"
[17:06:59.245]        // =>  TRUE
[17:06:59.245]      <control if="" while="(DAP_SWJ_Pins(nReset, nReset, 0) & nReset) == 0" timeout="1000000" info="">
[17:06:59.245]        // while "(DAP_SWJ_Pins(nReset, nReset, 0) & nReset) == 0"  (timeout="1000000")
[17:06:59.246]          // -> [DAP_SWJ_Pins(0x80, 0x80, 0) => 0x8F]   (Out: nRESET=1  =>  In: SWCLK/TCK=1, SWDIO/TMS=1, TDI=1, TDO=1, nTRST=0, nRESET=1)
[17:06:59.246]        // while-condition  =>  FALSE
[17:06:59.246]        // end while "(DAP_SWJ_Pins(nReset, nReset, 0) & nReset) == 0"
[17:06:59.246]      </control>
[17:06:59.246]      // end if-block "canReadPins"
[17:06:59.246]    </control>
[17:06:59.246]    <control if="!canReadPins" while="" timeout="0" info="">
[17:06:59.246]      // if-block "!canReadPins"
[17:06:59.246]        // =>  FALSE
[17:06:59.246]      // skip if-block "!canReadPins"
[17:06:59.246]    </control>
[17:06:59.246]    <control if="(ACCESS_POINT_VAL & 0x00E00000) == 0" while="" timeout="0" info="">
[17:06:59.246]      // if-block "(ACCESS_POINT_VAL & 0x00E00000) == 0"
[17:06:59.246]        // =>  TRUE
[17:06:59.246]      <block atomic="false" info="">
[17:06:59.246]        WriteAP(0x00, 0x190008);
[17:06:59.246]          // -> [WriteAP(0x00000000, 0x00190008)]   (__dp=0x00000000, __ap=0x00000004)
[17:06:59.246]        WriteAP(0xF0, 0x01);
[17:06:59.255]          // -> [WriteAP(0x000000F0, 0x00000001)]   (__dp=0x00000000, __ap=0x00000004)
[17:06:59.255]      </block>
[17:06:59.255]      // end if-block "(ACCESS_POINT_VAL & 0x00E00000) == 0"
[17:06:59.255]    </control>
[17:06:59.255]    <control if="(ACCESS_POINT_VAL & 0x00E00000) != 0" while="" timeout="0" info="">
[17:06:59.256]      // if-block "(ACCESS_POINT_VAL & 0x00E00000) != 0"
[17:06:59.256]        // =>  FALSE
[17:06:59.257]      // skip if-block "(ACCESS_POINT_VAL & 0x00E00000) != 0"
[17:06:59.257]    </control>
[17:06:59.257]    <block atomic="false" info="">
[17:06:59.257]      ACCESS_POINT_VAL = ReadAP(0x00);//Reading current state of access point
[17:06:59.258]        // -> [ReadAP(0x00000000) => 0x0079002F]   (__dp=0x00000000, __ap=0x00000004)
[17:06:59.258]        // -> [ACCESS_POINT_VAL <= 0x0079002F]
[17:06:59.258]      Message(0, "Current state of access point is: %x",ACCESS_POINT_VAL);
[17:06:59.258]      __ap = 0; //lets make sure we reset the access point selection
[17:06:59.258]        // -> [__ap <= 0x00000000]
[17:06:59.258]    </block>
[17:06:59.258]  </sequence>
[17:06:59.258]  
[17:06:59.281]  **********  Sequence "DebugDeviceUnlock"  (Context="Connect", Pname="", info="")
[17:06:59.281]  
[17:06:59.281]  <debugvars>
[17:06:59.281]    // Pre-defined
[17:06:59.281]    __protocol=0x00010002      (Protocol="SWD", SWJ-DP="True")
[17:06:59.281]    __connection=0x00000202    (Connection Type="Flash", Reset Type="System Reset")
[17:06:59.285]    __dp=0x00000000
[17:06:59.285]    __ap=0x00000000
[17:06:59.285]    __traceout=0x00000000      (Trace Disabled)
[17:06:59.285]    __errorcontrol=0x00000000  (Skip Errors="False")
[17:06:59.285]    __FlashAddr=0x00000000
[17:06:59.285]    __FlashLen=0x00000000
[17:06:59.285]    __FlashArg=0x00000000
[17:06:59.285]    __FlashOp=0x00000000
[17:06:59.285]    __Result=0x00000000
[17:06:59.285]  </debugvars>
[17:06:59.285]  
[17:06:59.285]  <sequence name="DebugDeviceUnlock" Pname="" disable="false" info="">
[17:06:59.285]    <block atomic="false" info="">
[17:06:59.285]      __var deviceID = 0;
[17:06:59.285]        // -> [deviceID <= 0x00000000]
[17:06:59.285]      __var version = 0;
[17:06:59.285]        // -> [version <= 0x00000000]
[17:06:59.285]      __var partNum = 0;
[17:06:59.285]        // -> [partNum <= 0x00000000]
[17:06:59.285]      __var manuf = 0;
[17:06:59.285]        // -> [manuf <= 0x00000000]
[17:06:59.285]      __var isMSPM0G1X0X_G3X0X = 0;
[17:06:59.285]        // -> [isMSPM0G1X0X_G3X0X <= 0x00000000]
[17:06:59.285]      __var isProduction = 0;
[17:06:59.285]        // -> [isProduction <= 0x00000000]
[17:06:59.285]      __var continueId = 0;
[17:06:59.285]        // -> [continueId <= 0x00000000]
[17:06:59.285]      deviceID =   Read32(0x41C40004);
[17:06:59.293]        // -> [Read32(0x41C40004) => 0x2BB8802F]   (__dp=0x00000000, __ap=0x00000000)
[17:06:59.293]        // -> [deviceID <= 0x2BB8802F]
[17:06:59.293]      version = deviceID >> 28;
[17:06:59.293]        // -> [version <= 0x00000002]
[17:06:59.293]      partNum = (deviceID & 0x0FFFF000) >> 12;
[17:06:59.293]        // -> [partNum <= 0x0000BB88]
[17:06:59.293]      manuf = (deviceID & 0x00000FFE) >> 1;
[17:06:59.293]        // -> [manuf <= 0x00000017]
[17:06:59.293]      isMSPM0G1X0X_G3X0X = (partNum == 0xBB88) && (manuf == 0x17);
[17:06:59.293]        // -> [isMSPM0G1X0X_G3X0X <= 0x00000001]
[17:06:59.293]      isProduction = (version > 0);
[17:06:59.293]        // -> [isProduction <= 0x00000001]
[17:06:59.293]    </block>
[17:06:59.293]    <control if="!isMSPM0G1X0X_G3X0X" while="" timeout="0" info="">
[17:06:59.293]      // if-block "!isMSPM0G1X0X_G3X0X"
[17:06:59.293]        // =>  FALSE
[17:06:59.293]      // skip if-block "!isMSPM0G1X0X_G3X0X"
[17:06:59.293]    </control>
[17:06:59.293]    <control if="continueId == 4" while="" timeout="0" info="">
[17:06:59.293]      // if-block "continueId == 4"
[17:06:59.293]        // =>  FALSE
[17:06:59.293]      // skip if-block "continueId == 4"
[17:06:59.293]    </control>
[17:06:59.293]    <control if="!isProduction" while="" timeout="0" info="">
[17:06:59.293]      // if-block "!isProduction"
[17:06:59.293]        // =>  FALSE
[17:06:59.293]      // skip if-block "!isProduction"
[17:06:59.293]    </control>
[17:06:59.293]  </sequence>
[17:06:59.293]  
[17:14:48.076]  **********  Sequence "DebugPortSetup"  (Context="Connect", Pname="", info="")
[17:14:48.076]  
[17:14:48.076]  <debugvars>
[17:14:48.076]    // Pre-defined
[17:14:48.076]    __protocol=0x00010002      (Protocol="SWD", SWJ-DP="True")
[17:14:48.076]    __connection=0x00000202    (Connection Type="Flash", Reset Type="System Reset")
[17:14:48.077]    __dp=0x00000000
[17:14:48.077]    __ap=0x00000000
[17:14:48.077]    __traceout=0x00000000      (Trace Disabled)
[17:14:48.077]    __errorcontrol=0x00000000  (Skip Errors="False")
[17:14:48.077]    __FlashAddr=0x00000000
[17:14:48.077]    __FlashLen=0x00000000
[17:14:48.077]    __FlashArg=0x00000000
[17:14:48.077]    __FlashOp=0x00000000
[17:14:48.077]    __Result=0x00000000
[17:14:48.077]  </debugvars>
[17:14:48.077]  
[17:14:48.077]  <sequence name="DebugPortSetup" Pname="" disable="false" info="">
[17:14:48.077]    <block atomic="false" info="">
[17:14:48.077]      __var isSWJ      = ((__protocol & 0x00010000) != 0);
[17:14:48.077]        // -> [isSWJ <= 0x00000001]
[17:14:48.077]      __var hasDormant = __protocol & 0x00020000;
[17:14:48.077]        // -> [hasDormant <= 0x00000000]
[17:14:48.077]      __var protType   = __protocol & 0x0000FFFF;
[17:14:48.077]        // -> [protType <= 0x00000002]
[17:14:48.077]    </block>
[17:14:48.077]    <control if="protType == 1" while="" timeout="0" info="">
[17:14:48.077]      // if-block "protType == 1"
[17:14:48.077]        // =>  FALSE
[17:14:48.077]      // skip if-block "protType == 1"
[17:14:48.077]    </control>
[17:14:48.077]    <control if="protType == 2" while="" timeout="0" info="">
[17:14:48.077]      // if-block "protType == 2"
[17:14:48.077]        // =>  TRUE
[17:14:48.077]      <control if="isSWJ" while="" timeout="0" info="">
[17:14:48.077]        // if-block "isSWJ"
[17:14:48.077]          // =>  TRUE
[17:14:48.077]        <control if="hasDormant" while="" timeout="0" info="">
[17:14:48.077]          // if-block "hasDormant"
[17:14:48.077]            // =>  FALSE
[17:14:48.077]          // skip if-block "hasDormant"
[17:14:48.077]        </control>
[17:14:48.077]        <control if="!hasDormant" while="" timeout="0" info="">
[17:14:48.077]          // if-block "!hasDormant"
[17:14:48.077]            // =>  TRUE
[17:14:48.077]          <block atomic="false" info="">
[17:14:48.077]            DAP_SWJ_Sequence(51, 0x0007FFFFFFFFFFFF); //lets put the JTAG line in a reset state
[17:14:48.077]              // -> [DAP_SWJ_Sequence(51, 0x0007FFFFFFFFFFFF)]
[17:14:48.077]            DAP_SWJ_Sequence(16,0xE73C); //SWD to JTAG, this is to ensure the state machine is initialized
[17:14:48.077]              // -> [DAP_SWJ_Sequence(16, 0x000000000000E73C)]
[17:14:48.077]            DAP_SWJ_Sequence(51, 0x0007FFFFFFFFFFFF); //Put it back in reset
[17:14:48.077]              // -> [DAP_SWJ_Sequence(51, 0x0007FFFFFFFFFFFF)]
[17:14:48.077]            DAP_SWJ_Sequence(16, 0xE79E); //JTAG to SWD switch
[17:14:48.077]              // -> [DAP_SWJ_Sequence(16, 0x000000000000E79E)]
[17:14:48.077]            DAP_SWJ_Sequence(51, 0x0007FFFFFFFFFFFF);  //Ensure the switch is successful 
[17:14:48.077]              // -> [DAP_SWJ_Sequence(51, 0x0007FFFFFFFFFFFF)]
[17:14:48.077]            DAP_SWJ_Sequence(7,  0x00); //Give the line some time to initialize
[17:14:48.094]              // -> [DAP_SWJ_Sequence(7, 0x0000000000000000)]
[17:14:48.094]          </block>
[17:14:48.094]          // end if-block "!hasDormant"
[17:14:48.094]        </control>
[17:14:48.094]        // end if-block "isSWJ"
[17:14:48.094]      </control>
[17:14:48.094]      <control if="!isSWJ" while="" timeout="0" info="">
[17:14:48.094]        // if-block "!isSWJ"
[17:14:48.094]          // =>  FALSE
[17:14:48.094]        // skip if-block "!isSWJ"
[17:14:48.094]      </control>
[17:14:48.094]      <block atomic="false" info="">
[17:14:48.094]        ReadDP(0x0);
[17:14:48.097]          // -> [ReadDP(0x00000000) => 0x6BA02477]   (__dp=0x00000000)
[17:14:48.097]      </block>
[17:14:48.098]      // end if-block "protType == 2"
[17:14:48.098]    </control>
[17:14:48.098]  </sequence>
[17:14:48.098]  
[17:14:48.101]  **********  Sequence "DebugPortStart"  (Context="Connect", Pname="", info="")
[17:14:48.101]  
[17:14:48.101]  <debugvars>
[17:14:48.101]    // Pre-defined
[17:14:48.101]    __protocol=0x00010002      (Protocol="SWD", SWJ-DP="True")
[17:14:48.101]    __connection=0x00000202    (Connection Type="Flash", Reset Type="System Reset")
[17:14:48.101]    __dp=0x00000000
[17:14:48.101]    __ap=0x00000000
[17:14:48.101]    __traceout=0x00000000      (Trace Disabled)
[17:14:48.101]    __errorcontrol=0x00000000  (Skip Errors="False")
[17:14:48.101]    __FlashAddr=0x00000000
[17:14:48.101]    __FlashLen=0x00000000
[17:14:48.101]    __FlashArg=0x00000000
[17:14:48.101]    __FlashOp=0x00000000
[17:14:48.101]    __Result=0x00000000
[17:14:48.101]  </debugvars>
[17:14:48.101]  
[17:14:48.101]  <sequence name="DebugPortStart" Pname="" disable="false" info="">
[17:14:48.101]    <block atomic="false" info="">
[17:14:48.101]      __var SW_DP_ABORT       = 0x0;
[17:14:48.101]        // -> [SW_DP_ABORT <= 0x00000000]
[17:14:48.101]      __var DP_CTRL_STAT      = 0x4;
[17:14:48.101]        // -> [DP_CTRL_STAT <= 0x00000004]
[17:14:48.101]      __var DP_SELECT         = 0x8;
[17:14:48.101]        // -> [DP_SELECT <= 0x00000008]
[17:14:48.101]      __var powered_down      = 0;
[17:14:48.101]        // -> [powered_down <= 0x00000000]
[17:14:48.101]      WriteDP(DP_SELECT, 0x00000000);
[17:14:48.101]        // -> [WriteDP(0x00000008, 0x00000000)]   (__dp=0x00000000)
[17:14:48.108]      powered_down = ((ReadDP(DP_CTRL_STAT) & 0xA0000000) != 0xA0000000);
[17:14:48.108]        // -> [ReadDP(0x00000004) => 0x00000040]   (__dp=0x00000000)
[17:14:48.108]        // -> [powered_down <= 0x00000001]
[17:14:48.108]    </block>
[17:14:48.108]    <control if="powered_down" while="" timeout="0" info="">
[17:14:48.108]      // if-block "powered_down"
[17:14:48.111]        // =>  TRUE
[17:14:48.111]      <block atomic="false" info="">
[17:14:48.111]        Message(0, "Debug/System power-up request sent");
[17:14:48.111]        WriteDP(DP_CTRL_STAT, 0x50000000);
[17:14:48.113]          // -> [WriteDP(0x00000004, 0x50000000)]   (__dp=0x00000000)
[17:14:48.113]      </block>
[17:14:48.113]      <control if="" while="(ReadDP(DP_CTRL_STAT) & 0xA0000000) != 0xA0000000" timeout="1000000" info="">
[17:14:48.113]        // while "(ReadDP(DP_CTRL_STAT) & 0xA0000000) != 0xA0000000"  (timeout="1000000")
[17:14:48.113]          // -> [ReadDP(0x00000004) => 0xF0000040]   (__dp=0x00000000)
[17:14:48.113]        // while-condition  =>  FALSE
[17:14:48.113]        // end while "(ReadDP(DP_CTRL_STAT) & 0xA0000000) != 0xA0000000"
[17:14:48.113]      </control>
[17:14:48.113]      <control if="(__protocol & 0xFFFF) == 1" while="" timeout="0" info="">
[17:14:48.113]        // if-block "(__protocol & 0xFFFF) == 1"
[17:14:48.113]          // =>  FALSE
[17:14:48.113]        // skip if-block "(__protocol & 0xFFFF) == 1"
[17:14:48.113]      </control>
[17:14:48.113]      <control if="(__protocol & 0xFFFF) == 2" while="" timeout="0" info="">
[17:14:48.113]        // if-block "(__protocol & 0xFFFF) == 2"
[17:14:48.113]          // =>  TRUE
[17:14:48.113]        <block atomic="false" info="">
[17:14:48.113]          Message(0, "executing SWD power up");
[17:14:48.113]          WriteDP(DP_CTRL_STAT, 0x50000F00);
[17:14:48.113]            // -> [WriteDP(0x00000004, 0x50000F00)]   (__dp=0x00000000)
[17:14:48.113]          WriteDP(SW_DP_ABORT, 0x0000001E);
[17:14:48.113]            // -> [WriteDP(0x00000000, 0x0000001E)]   (__dp=0x00000000)
[17:14:48.124]        </block>
[17:14:48.124]        // end if-block "(__protocol & 0xFFFF) == 2"
[17:14:48.124]      </control>
[17:14:48.124]      // end if-block "powered_down"
[17:14:48.124]    </control>
[17:14:48.124]    <block atomic="false" info="">
[17:14:48.124]      __var DEBUG_PORT_VAL    = 0;
[17:14:48.124]        // -> [DEBUG_PORT_VAL <= 0x00000000]
[17:14:48.124]      __var ACCESS_POINT_VAL  = 0;
[17:14:48.124]        // -> [ACCESS_POINT_VAL <= 0x00000000]
[17:14:48.124]      __ap = 1; 
[17:14:48.124]        // -> [__ap <= 0x00000001]
[17:14:48.124]      WriteAP(0x0C, 0x04); //lets use the mini pwr-ap as backup
[17:14:48.124]        // -> [WriteAP(0x0000000C, 0x00000004)]   (__dp=0x00000000, __ap=0x00000001)
[17:14:48.130]      __ap = 4;
[17:14:48.130]        // -> [__ap <= 0x00000004]
[17:14:48.130]      ACCESS_POINT_VAL = ReadAP(0x00);//Reading current state of access point
[17:14:48.130]        // -> [ReadAP(0x00000000) => 0x00080027]   (__dp=0x00000000, __ap=0x00000004)
[17:14:48.130]        // -> [ACCESS_POINT_VAL <= 0x00080027]
[17:14:48.130]      Message(0, "Current state of access point is: %x",ACCESS_POINT_VAL);
[17:14:48.130]    </block>
[17:14:48.130]    <block atomic="false" info="">
[17:14:48.130]      __var nReset = 0x80;
[17:14:48.130]        // -> [nReset <= 0x00000080]
[17:14:48.130]      __var canReadPins = 0;
[17:14:48.130]        // -> [canReadPins <= 0x00000000]
[17:14:48.130]      canReadPins = (DAP_SWJ_Pins(0x00, nReset, 0) != 0xFFFFFFFF);
[17:14:48.130]        // -> [DAP_SWJ_Pins(0x00, 0x80, 0) => 0x0F]   (Out: nRESET=0  =>  In: SWCLK/TCK=1, SWDIO/TMS=1, TDI=1, TDO=1, nTRST=0, nRESET=0)
[17:14:48.130]        // -> [canReadPins <= 0x00000001]
[17:14:48.130]    </block>
[17:14:48.130]    <control if="" while="1" timeout="200" info="">
[17:14:48.130]      // while "1"  (timeout="200")
[17:14:48.130]      // while-condition  =>  TRUE
[17:14:48.130]      // while "1"  (timeout="200")
[17:14:48.130]      // while-condition  =>  TRUE
[17:14:48.130]      // while "1"  (timeout="200")
[17:14:48.130]      // while-condition  =>  TRUE
[17:14:48.130]      // while "1"  (timeout="200")
[17:14:48.130]      // while-condition  =>  TRUE
[17:14:48.130]      // while "1"  (timeout="200")
[17:14:48.130]      // while-condition  =>  TRUE
[17:14:48.130]      // while "1"  (timeout="200")
[17:14:48.130]      // while-condition  =>  TRUE
[17:14:48.130]      // while "1"  (timeout="200")
[17:14:48.130]      // while-condition  =>  TRUE
[17:14:48.140]      // while "1"  (timeout="200")
[17:14:48.140]      // while  =>  TIMEOUT
[17:14:48.140]      // end while "1"
[17:14:48.140]    </control>
[17:14:48.140]    <control if="canReadPins" while="" timeout="0" info="">
[17:14:48.140]      // if-block "canReadPins"
[17:14:48.140]        // =>  TRUE
[17:14:48.140]      <control if="" while="(DAP_SWJ_Pins(nReset, nReset, 0) & nReset) == 0" timeout="1000000" info="">
[17:14:48.140]        // while "(DAP_SWJ_Pins(nReset, nReset, 0) & nReset) == 0"  (timeout="1000000")
[17:14:48.143]          // -> [DAP_SWJ_Pins(0x80, 0x80, 0) => 0x8F]   (Out: nRESET=1  =>  In: SWCLK/TCK=1, SWDIO/TMS=1, TDI=1, TDO=1, nTRST=0, nRESET=1)
[17:14:48.143]        // while-condition  =>  FALSE
[17:14:48.143]        // end while "(DAP_SWJ_Pins(nReset, nReset, 0) & nReset) == 0"
[17:14:48.143]      </control>
[17:14:48.143]      // end if-block "canReadPins"
[17:14:48.143]    </control>
[17:14:48.143]    <control if="!canReadPins" while="" timeout="0" info="">
[17:14:48.143]      // if-block "!canReadPins"
[17:14:48.143]        // =>  FALSE
[17:14:48.143]      // skip if-block "!canReadPins"
[17:14:48.143]    </control>
[17:14:48.143]    <control if="(ACCESS_POINT_VAL & 0x00E00000) == 0" while="" timeout="0" info="">
[17:14:48.143]      // if-block "(ACCESS_POINT_VAL & 0x00E00000) == 0"
[17:14:48.143]        // =>  TRUE
[17:14:48.143]      <block atomic="false" info="">
[17:14:48.143]        WriteAP(0x00, 0x190008);
[17:14:48.143]          // -> [WriteAP(0x00000000, 0x00190008)]   (__dp=0x00000000, __ap=0x00000004)
[17:14:48.143]        WriteAP(0xF0, 0x01);
[17:14:48.143]          // -> [WriteAP(0x000000F0, 0x00000001)]   (__dp=0x00000000, __ap=0x00000004)
[17:14:48.143]      </block>
[17:14:48.143]      // end if-block "(ACCESS_POINT_VAL & 0x00E00000) == 0"
[17:14:48.143]    </control>
[17:14:48.143]    <control if="(ACCESS_POINT_VAL & 0x00E00000) != 0" while="" timeout="0" info="">
[17:14:48.143]      // if-block "(ACCESS_POINT_VAL & 0x00E00000) != 0"
[17:14:48.143]        // =>  FALSE
[17:14:48.143]      // skip if-block "(ACCESS_POINT_VAL & 0x00E00000) != 0"
[17:14:48.143]    </control>
[17:14:48.143]    <block atomic="false" info="">
[17:14:48.143]      ACCESS_POINT_VAL = ReadAP(0x00);//Reading current state of access point
[17:14:48.156]        // -> [ReadAP(0x00000000) => 0x0079002F]   (__dp=0x00000000, __ap=0x00000004)
[17:14:48.156]        // -> [ACCESS_POINT_VAL <= 0x0079002F]
[17:14:48.156]      Message(0, "Current state of access point is: %x",ACCESS_POINT_VAL);
[17:14:48.157]      __ap = 0; //lets make sure we reset the access point selection
[17:14:48.157]        // -> [__ap <= 0x00000000]
[17:14:48.157]    </block>
[17:14:48.157]  </sequence>
[17:14:48.157]  
[17:14:48.173]  **********  Sequence "DebugDeviceUnlock"  (Context="Connect", Pname="", info="")
[17:14:48.173]  
[17:14:48.173]  <debugvars>
[17:14:48.173]    // Pre-defined
[17:14:48.173]    __protocol=0x00010002      (Protocol="SWD", SWJ-DP="True")
[17:14:48.173]    __connection=0x00000202    (Connection Type="Flash", Reset Type="System Reset")
[17:14:48.173]    __dp=0x00000000
[17:14:48.173]    __ap=0x00000000
[17:14:48.173]    __traceout=0x00000000      (Trace Disabled)
[17:14:48.173]    __errorcontrol=0x00000000  (Skip Errors="False")
[17:14:48.173]    __FlashAddr=0x00000000
[17:14:48.173]    __FlashLen=0x00000000
[17:14:48.173]    __FlashArg=0x00000000
[17:14:48.173]    __FlashOp=0x00000000
[17:14:48.173]    __Result=0x00000000
[17:14:48.173]  </debugvars>
[17:14:48.173]  
[17:14:48.173]  <sequence name="DebugDeviceUnlock" Pname="" disable="false" info="">
[17:14:48.173]    <block atomic="false" info="">
[17:14:48.173]      __var deviceID = 0;
[17:14:48.173]        // -> [deviceID <= 0x00000000]
[17:14:48.173]      __var version = 0;
[17:14:48.173]        // -> [version <= 0x00000000]
[17:14:48.173]      __var partNum = 0;
[17:14:48.173]        // -> [partNum <= 0x00000000]
[17:14:48.173]      __var manuf = 0;
[17:14:48.173]        // -> [manuf <= 0x00000000]
[17:14:48.173]      __var isMSPM0G1X0X_G3X0X = 0;
[17:14:48.173]        // -> [isMSPM0G1X0X_G3X0X <= 0x00000000]
[17:14:48.173]      __var isProduction = 0;
[17:14:48.173]        // -> [isProduction <= 0x00000000]
[17:14:48.173]      __var continueId = 0;
[17:14:48.173]        // -> [continueId <= 0x00000000]
[17:14:48.173]      deviceID =   Read32(0x41C40004);
[17:14:48.187]        // -> [Read32(0x41C40004) => 0x2BB8802F]   (__dp=0x00000000, __ap=0x00000000)
[17:14:48.187]        // -> [deviceID <= 0x2BB8802F]
[17:14:48.187]      version = deviceID >> 28;
[17:14:48.187]        // -> [version <= 0x00000002]
[17:14:48.187]      partNum = (deviceID & 0x0FFFF000) >> 12;
[17:14:48.187]        // -> [partNum <= 0x0000BB88]
[17:14:48.187]      manuf = (deviceID & 0x00000FFE) >> 1;
[17:14:48.187]        // -> [manuf <= 0x00000017]
[17:14:48.187]      isMSPM0G1X0X_G3X0X = (partNum == 0xBB88) && (manuf == 0x17);
[17:14:48.187]        // -> [isMSPM0G1X0X_G3X0X <= 0x00000001]
[17:14:48.187]      isProduction = (version > 0);
[17:14:48.187]        // -> [isProduction <= 0x00000001]
[17:14:48.187]    </block>
[17:14:48.187]    <control if="!isMSPM0G1X0X_G3X0X" while="" timeout="0" info="">
[17:14:48.187]      // if-block "!isMSPM0G1X0X_G3X0X"
[17:14:48.187]        // =>  FALSE
[17:14:48.187]      // skip if-block "!isMSPM0G1X0X_G3X0X"
[17:14:48.187]    </control>
[17:14:48.187]    <control if="continueId == 4" while="" timeout="0" info="">
[17:14:48.187]      // if-block "continueId == 4"
[17:14:48.187]        // =>  FALSE
[17:14:48.187]      // skip if-block "continueId == 4"
[17:14:48.187]    </control>
[17:14:48.187]    <control if="!isProduction" while="" timeout="0" info="">
[17:14:48.187]      // if-block "!isProduction"
[17:14:48.187]        // =>  FALSE
[17:14:48.187]      // skip if-block "!isProduction"
[17:14:48.187]    </control>
[17:14:48.187]  </sequence>
[17:14:48.187]  
[17:21:18.992]  **********  Sequence "DebugPortSetup"  (Context="Connect", Pname="", info="")
[17:21:18.992]  
[17:21:18.992]  <debugvars>
[17:21:18.992]    // Pre-defined
[17:21:18.992]    __protocol=0x00010002      (Protocol="SWD", SWJ-DP="True")
[17:21:18.992]    __connection=0x00000202    (Connection Type="Flash", Reset Type="System Reset")
[17:21:18.997]    __dp=0x00000000
[17:21:18.997]    __ap=0x00000000
[17:21:18.997]    __traceout=0x00000000      (Trace Disabled)
[17:21:18.997]    __errorcontrol=0x00000000  (Skip Errors="False")
[17:21:18.997]    __FlashAddr=0x00000000
[17:21:18.997]    __FlashLen=0x00000000
[17:21:18.997]    __FlashArg=0x00000000
[17:21:18.997]    __FlashOp=0x00000000
[17:21:18.997]    __Result=0x00000000
[17:21:18.997]  </debugvars>
[17:21:18.997]  
[17:21:18.997]  <sequence name="DebugPortSetup" Pname="" disable="false" info="">
[17:21:18.997]    <block atomic="false" info="">
[17:21:18.997]      __var isSWJ      = ((__protocol & 0x00010000) != 0);
[17:21:18.997]        // -> [isSWJ <= 0x00000001]
[17:21:18.997]      __var hasDormant = __protocol & 0x00020000;
[17:21:18.997]        // -> [hasDormant <= 0x00000000]
[17:21:18.997]      __var protType   = __protocol & 0x0000FFFF;
[17:21:18.997]        // -> [protType <= 0x00000002]
[17:21:18.997]    </block>
[17:21:18.997]    <control if="protType == 1" while="" timeout="0" info="">
[17:21:18.997]      // if-block "protType == 1"
[17:21:18.997]        // =>  FALSE
[17:21:18.997]      // skip if-block "protType == 1"
[17:21:18.997]    </control>
[17:21:18.997]    <control if="protType == 2" while="" timeout="0" info="">
[17:21:19.000]      // if-block "protType == 2"
[17:21:19.000]        // =>  TRUE
[17:21:19.000]      <control if="isSWJ" while="" timeout="0" info="">
[17:21:19.000]        // if-block "isSWJ"
[17:21:19.000]          // =>  TRUE
[17:21:19.000]        <control if="hasDormant" while="" timeout="0" info="">
[17:21:19.000]          // if-block "hasDormant"
[17:21:19.000]            // =>  FALSE
[17:21:19.000]          // skip if-block "hasDormant"
[17:21:19.000]        </control>
[17:21:19.000]        <control if="!hasDormant" while="" timeout="0" info="">
[17:21:19.000]          // if-block "!hasDormant"
[17:21:19.000]            // =>  TRUE
[17:21:19.000]          <block atomic="false" info="">
[17:21:19.000]            DAP_SWJ_Sequence(51, 0x0007FFFFFFFFFFFF); //lets put the JTAG line in a reset state
[17:21:19.002]              // -> [DAP_SWJ_Sequence(51, 0x0007FFFFFFFFFFFF)]
[17:21:19.002]            DAP_SWJ_Sequence(16,0xE73C); //SWD to JTAG, this is to ensure the state machine is initialized
[17:21:19.002]              // -> [DAP_SWJ_Sequence(16, 0x000000000000E73C)]
[17:21:19.002]            DAP_SWJ_Sequence(51, 0x0007FFFFFFFFFFFF); //Put it back in reset
[17:21:19.007]              // -> [DAP_SWJ_Sequence(51, 0x0007FFFFFFFFFFFF)]
[17:21:19.007]            DAP_SWJ_Sequence(16, 0xE79E); //JTAG to SWD switch
[17:21:19.007]              // -> [DAP_SWJ_Sequence(16, 0x000000000000E79E)]
[17:21:19.007]            DAP_SWJ_Sequence(51, 0x0007FFFFFFFFFFFF);  //Ensure the switch is successful 
[17:21:19.007]              // -> [DAP_SWJ_Sequence(51, 0x0007FFFFFFFFFFFF)]
[17:21:19.007]            DAP_SWJ_Sequence(7,  0x00); //Give the line some time to initialize
[17:21:19.013]              // -> [DAP_SWJ_Sequence(7, 0x0000000000000000)]
[17:21:19.013]          </block>
[17:21:19.013]          // end if-block "!hasDormant"
[17:21:19.013]        </control>
[17:21:19.013]        // end if-block "isSWJ"
[17:21:19.013]      </control>
[17:21:19.013]      <control if="!isSWJ" while="" timeout="0" info="">
[17:21:19.013]        // if-block "!isSWJ"
[17:21:19.013]          // =>  FALSE
[17:21:19.013]        // skip if-block "!isSWJ"
[17:21:19.013]      </control>
[17:21:19.013]      <block atomic="false" info="">
[17:21:19.013]        ReadDP(0x0);
[17:21:19.017]          // -> [ReadDP(0x00000000) => 0x6BA02477]   (__dp=0x00000000)
[17:21:19.017]      </block>
[17:21:19.017]      // end if-block "protType == 2"
[17:21:19.017]    </control>
[17:21:19.017]  </sequence>
[17:21:19.017]  
[17:21:19.022]  **********  Sequence "DebugPortStart"  (Context="Connect", Pname="", info="")
[17:21:19.022]  
[17:21:19.022]  <debugvars>
[17:21:19.022]    // Pre-defined
[17:21:19.022]    __protocol=0x00010002      (Protocol="SWD", SWJ-DP="True")
[17:21:19.022]    __connection=0x00000202    (Connection Type="Flash", Reset Type="System Reset")
[17:21:19.022]    __dp=0x00000000
[17:21:19.022]    __ap=0x00000000
[17:21:19.022]    __traceout=0x00000000      (Trace Disabled)
[17:21:19.022]    __errorcontrol=0x00000000  (Skip Errors="False")
[17:21:19.022]    __FlashAddr=0x00000000
[17:21:19.022]    __FlashLen=0x00000000
[17:21:19.022]    __FlashArg=0x00000000
[17:21:19.022]    __FlashOp=0x00000000
[17:21:19.022]    __Result=0x00000000
[17:21:19.022]  </debugvars>
[17:21:19.022]  
[17:21:19.022]  <sequence name="DebugPortStart" Pname="" disable="false" info="">
[17:21:19.022]    <block atomic="false" info="">
[17:21:19.022]      __var SW_DP_ABORT       = 0x0;
[17:21:19.022]        // -> [SW_DP_ABORT <= 0x00000000]
[17:21:19.022]      __var DP_CTRL_STAT      = 0x4;
[17:21:19.022]        // -> [DP_CTRL_STAT <= 0x00000004]
[17:21:19.022]      __var DP_SELECT         = 0x8;
[17:21:19.022]        // -> [DP_SELECT <= 0x00000008]
[17:21:19.022]      __var powered_down      = 0;
[17:21:19.022]        // -> [powered_down <= 0x00000000]
[17:21:19.022]      WriteDP(DP_SELECT, 0x00000000);
[17:21:19.028]        // -> [WriteDP(0x00000008, 0x00000000)]   (__dp=0x00000000)
[17:21:19.028]      powered_down = ((ReadDP(DP_CTRL_STAT) & 0xA0000000) != 0xA0000000);
[17:21:19.028]        // -> [ReadDP(0x00000004) => 0x00000040]   (__dp=0x00000000)
[17:21:19.028]        // -> [powered_down <= 0x00000001]
[17:21:19.028]    </block>
[17:21:19.028]    <control if="powered_down" while="" timeout="0" info="">
[17:21:19.028]      // if-block "powered_down"
[17:21:19.028]        // =>  TRUE
[17:21:19.028]      <block atomic="false" info="">
[17:21:19.028]        Message(0, "Debug/System power-up request sent");
[17:21:19.033]        WriteDP(DP_CTRL_STAT, 0x50000000);
[17:21:19.033]          // -> [WriteDP(0x00000004, 0x50000000)]   (__dp=0x00000000)
[17:21:19.033]      </block>
[17:21:19.033]      <control if="" while="(ReadDP(DP_CTRL_STAT) & 0xA0000000) != 0xA0000000" timeout="1000000" info="">
[17:21:19.033]        // while "(ReadDP(DP_CTRL_STAT) & 0xA0000000) != 0xA0000000"  (timeout="1000000")
[17:21:19.038]          // -> [ReadDP(0x00000004) => 0xF0000040]   (__dp=0x00000000)
[17:21:19.038]        // while-condition  =>  FALSE
[17:21:19.038]        // end while "(ReadDP(DP_CTRL_STAT) & 0xA0000000) != 0xA0000000"
[17:21:19.038]      </control>
[17:21:19.038]      <control if="(__protocol & 0xFFFF) == 1" while="" timeout="0" info="">
[17:21:19.038]        // if-block "(__protocol & 0xFFFF) == 1"
[17:21:19.038]          // =>  FALSE
[17:21:19.038]        // skip if-block "(__protocol & 0xFFFF) == 1"
[17:21:19.038]      </control>
[17:21:19.038]      <control if="(__protocol & 0xFFFF) == 2" while="" timeout="0" info="">
[17:21:19.038]        // if-block "(__protocol & 0xFFFF) == 2"
[17:21:19.038]          // =>  TRUE
[17:21:19.038]        <block atomic="false" info="">
[17:21:19.038]          Message(0, "executing SWD power up");
[17:21:19.038]          WriteDP(DP_CTRL_STAT, 0x50000F00);
[17:21:19.043]            // -> [WriteDP(0x00000004, 0x50000F00)]   (__dp=0x00000000)
[17:21:19.043]          WriteDP(SW_DP_ABORT, 0x0000001E);
[17:21:19.043]            // -> [WriteDP(0x00000000, 0x0000001E)]   (__dp=0x00000000)
[17:21:19.043]        </block>
[17:21:19.043]        // end if-block "(__protocol & 0xFFFF) == 2"
[17:21:19.043]      </control>
[17:21:19.043]      // end if-block "powered_down"
[17:21:19.043]    </control>
[17:21:19.043]    <block atomic="false" info="">
[17:21:19.043]      __var DEBUG_PORT_VAL    = 0;
[17:21:19.043]        // -> [DEBUG_PORT_VAL <= 0x00000000]
[17:21:19.043]      __var ACCESS_POINT_VAL  = 0;
[17:21:19.043]        // -> [ACCESS_POINT_VAL <= 0x00000000]
[17:21:19.043]      __ap = 1; 
[17:21:19.043]        // -> [__ap <= 0x00000001]
[17:21:19.043]      WriteAP(0x0C, 0x04); //lets use the mini pwr-ap as backup
[17:21:19.048]        // -> [WriteAP(0x0000000C, 0x00000004)]   (__dp=0x00000000, __ap=0x00000001)
[17:21:19.048]      __ap = 4;
[17:21:19.048]        // -> [__ap <= 0x00000004]
[17:21:19.048]      ACCESS_POINT_VAL = ReadAP(0x00);//Reading current state of access point
[17:21:19.053]        // -> [ReadAP(0x00000000) => 0x00080027]   (__dp=0x00000000, __ap=0x00000004)
[17:21:19.053]        // -> [ACCESS_POINT_VAL <= 0x00080027]
[17:21:19.053]      Message(0, "Current state of access point is: %x",ACCESS_POINT_VAL);
[17:21:19.053]    </block>
[17:21:19.053]    <block atomic="false" info="">
[17:21:19.053]      __var nReset = 0x80;
[17:21:19.057]        // -> [nReset <= 0x00000080]
[17:21:19.057]      __var canReadPins = 0;
[17:21:19.057]        // -> [canReadPins <= 0x00000000]
[17:21:19.057]      canReadPins = (DAP_SWJ_Pins(0x00, nReset, 0) != 0xFFFFFFFF);
[17:21:19.058]        // -> [DAP_SWJ_Pins(0x00, 0x80, 0) => 0x0F]   (Out: nRESET=0  =>  In: SWCLK/TCK=1, SWDIO/TMS=1, TDI=1, TDO=1, nTRST=0, nRESET=0)
[17:21:19.058]        // -> [canReadPins <= 0x00000001]
[17:21:19.058]    </block>
[17:21:19.058]    <control if="" while="1" timeout="200" info="">
[17:21:19.058]      // while "1"  (timeout="200")
[17:21:19.058]      // while-condition  =>  TRUE
[17:21:19.058]      // while "1"  (timeout="200")
[17:21:19.058]      // while-condition  =>  TRUE
[17:21:19.058]      // while "1"  (timeout="200")
[17:21:19.058]      // while-condition  =>  TRUE
[17:21:19.058]      // while "1"  (timeout="200")
[17:21:19.058]      // while-condition  =>  TRUE
[17:21:19.058]      // while "1"  (timeout="200")
[17:21:19.058]      // while-condition  =>  TRUE
[17:21:19.058]      // while "1"  (timeout="200")
[17:21:19.058]      // while-condition  =>  TRUE
[17:21:19.058]      // while "1"  (timeout="200")
[17:21:19.058]      // while-condition  =>  TRUE
[17:21:19.058]      // while "1"  (timeout="200")
[17:21:19.058]      // while-condition  =>  TRUE
[17:21:19.058]      // while "1"  (timeout="200")
[17:21:19.063]      // while-condition  =>  TRUE
[17:21:19.063]      // while "1"  (timeout="200")
[17:21:19.063]      // while-condition  =>  TRUE
[17:21:19.063]      // while "1"  (timeout="200")
[17:21:19.063]      // while-condition  =>  TRUE
[17:21:19.063]      // while "1"  (timeout="200")
[17:21:19.063]      // while-condition  =>  TRUE
[17:21:19.063]      // while "1"  (timeout="200")
[17:21:19.063]      // while-condition  =>  TRUE
[17:21:19.063]      // while "1"  (timeout="200")
[17:21:19.064]      // while-condition  =>  TRUE
[17:21:19.064]      // while "1"  (timeout="200")
[17:21:19.064]      // while-condition  =>  TRUE
[17:21:19.064]      // while "1"  (timeout="200")
[17:21:19.064]      // while-condition  =>  TRUE
[17:21:19.064]      // while "1"  (timeout="200")
[17:21:19.064]      // while-condition  =>  TRUE
[17:21:19.064]      // while "1"  (timeout="200")
[17:21:19.064]      // while-condition  =>  TRUE
[17:21:19.064]      // while "1"  (timeout="200")
[17:21:19.064]      // while-condition  =>  TRUE
[17:21:19.064]      // while "1"  (timeout="200")
[17:21:19.064]      // while-condition  =>  TRUE
[17:21:19.064]      // while "1"  (timeout="200")
[17:21:19.064]      // while-condition  =>  TRUE
[17:21:19.064]      // while "1"  (timeout="200")
[17:21:19.064]      // while-condition  =>  TRUE
[17:21:19.064]      // while "1"  (timeout="200")
[17:21:19.064]      // while-condition  =>  TRUE
[17:21:19.064]      // while "1"  (timeout="200")
[17:21:19.064]      // while-condition  =>  TRUE
[17:21:19.064]      // while "1"  (timeout="200")
[17:21:19.064]      // while-condition  =>  TRUE
[17:21:19.064]      // while "1"  (timeout="200")
[17:21:19.064]      // while-condition  =>  TRUE
[17:21:19.064]      // while "1"  (timeout="200")
[17:21:19.064]      // while-condition  =>  TRUE
[17:21:19.064]      // while "1"  (timeout="200")
[17:21:19.064]      // while-condition  =>  TRUE
[17:21:19.064]      // while "1"  (timeout="200")
[17:21:19.064]      // while-condition  =>  TRUE
[17:21:19.064]      // while "1"  (timeout="200")
[17:21:19.064]      // while-condition  =>  TRUE
[17:21:19.064]      // while "1"  (timeout="200")
[17:21:19.064]      // while-condition  =>  TRUE
[17:21:19.064]      // while "1"  (timeout="200")
[17:21:19.064]      // while-condition  =>  TRUE
[17:21:19.064]      // while "1"  (timeout="200")
[17:21:19.064]      // while-condition  =>  TRUE
[17:21:19.069]      // while "1"  (timeout="200")
[17:21:19.069]      // while-condition  =>  TRUE
[17:21:19.069]      // while "1"  (timeout="200")
[17:21:19.069]      // while-condition  =>  TRUE
[17:21:19.069]      // while "1"  (timeout="200")
[17:21:19.069]      // while-condition  =>  TRUE
[17:21:19.069]      // while "1"  (timeout="200")
[17:21:19.069]      // while-condition  =>  TRUE
[17:21:19.069]      // while "1"  (timeout="200")
[17:21:19.069]      // while-condition  =>  TRUE
[17:21:19.069]      // while "1"  (timeout="200")
[17:21:19.069]      // while-condition  =>  TRUE
[17:21:19.069]      // while "1"  (timeout="200")
[17:21:19.069]      // while-condition  =>  TRUE
[17:21:19.069]      // while "1"  (timeout="200")
[17:21:19.069]      // while-condition  =>  TRUE
[17:21:19.069]      // while "1"  (timeout="200")
[17:21:19.069]      // while-condition  =>  TRUE
[17:21:19.069]      // while "1"  (timeout="200")
[17:21:19.069]      // while-condition  =>  TRUE
[17:21:19.069]      // while "1"  (timeout="200")
[17:21:19.069]      // while-condition  =>  TRUE
[17:21:19.069]      // while "1"  (timeout="200")
[17:21:19.069]      // while-condition  =>  TRUE
[17:21:19.069]      // while "1"  (timeout="200")
[17:21:19.069]      // while-condition  =>  TRUE
[17:21:19.069]      // while "1"  (timeout="200")
[17:21:19.069]      // while-condition  =>  TRUE
[17:21:19.069]      // while "1"  (timeout="200")
[17:21:19.069]      // while-condition  =>  TRUE
[17:21:19.069]      // while "1"  (timeout="200")
[17:21:19.069]      // while-condition  =>  TRUE
[17:21:19.069]      // while "1"  (timeout="200")
[17:21:19.069]      // while-condition  =>  TRUE
[17:21:19.069]      // while "1"  (timeout="200")
[17:21:19.069]      // while-condition  =>  TRUE
[17:21:19.069]      // while "1"  (timeout="200")
[17:21:19.069]      // while-condition  =>  TRUE
[17:21:19.069]      // while "1"  (timeout="200")
[17:21:19.074]      // while-condition  =>  TRUE
[17:21:19.074]      // while "1"  (timeout="200")
[17:21:19.074]      // while  =>  TIMEOUT
[17:21:19.074]      // end while "1"
[17:21:19.074]    </control>
[17:21:19.074]    <control if="canReadPins" while="" timeout="0" info="">
[17:21:19.074]      // if-block "canReadPins"
[17:21:19.074]        // =>  TRUE
[17:21:19.074]      <control if="" while="(DAP_SWJ_Pins(nReset, nReset, 0) & nReset) == 0" timeout="1000000" info="">
[17:21:19.074]        // while "(DAP_SWJ_Pins(nReset, nReset, 0) & nReset) == 0"  (timeout="1000000")
[17:21:19.074]          // -> [DAP_SWJ_Pins(0x80, 0x80, 0) => 0x8F]   (Out: nRESET=1  =>  In: SWCLK/TCK=1, SWDIO/TMS=1, TDI=1, TDO=1, nTRST=0, nRESET=1)
[17:21:19.074]        // while-condition  =>  FALSE
[17:21:19.074]        // end while "(DAP_SWJ_Pins(nReset, nReset, 0) & nReset) == 0"
[17:21:19.074]      </control>
[17:21:19.074]      // end if-block "canReadPins"
[17:21:19.074]    </control>
[17:21:19.074]    <control if="!canReadPins" while="" timeout="0" info="">
[17:21:19.074]      // if-block "!canReadPins"
[17:21:19.074]        // =>  FALSE
[17:21:19.074]      // skip if-block "!canReadPins"
[17:21:19.074]    </control>
[17:21:19.074]    <control if="(ACCESS_POINT_VAL & 0x00E00000) == 0" while="" timeout="0" info="">
[17:21:19.074]      // if-block "(ACCESS_POINT_VAL & 0x00E00000) == 0"
[17:21:19.074]        // =>  TRUE
[17:21:19.074]      <block atomic="false" info="">
[17:21:19.079]        WriteAP(0x00, 0x190008);
[17:21:19.079]          // -> [WriteAP(0x00000000, 0x00190008)]   (__dp=0x00000000, __ap=0x00000004)
[17:21:19.079]        WriteAP(0xF0, 0x01);
[17:21:19.084]          // -> [WriteAP(0x000000F0, 0x00000001)]   (__dp=0x00000000, __ap=0x00000004)
[17:21:19.084]      </block>
[17:21:19.084]      // end if-block "(ACCESS_POINT_VAL & 0x00E00000) == 0"
[17:21:19.085]    </control>
[17:21:19.085]    <control if="(ACCESS_POINT_VAL & 0x00E00000) != 0" while="" timeout="0" info="">
[17:21:19.085]      // if-block "(ACCESS_POINT_VAL & 0x00E00000) != 0"
[17:21:19.085]        // =>  FALSE
[17:21:19.085]      // skip if-block "(ACCESS_POINT_VAL & 0x00E00000) != 0"
[17:21:19.085]    </control>
[17:21:19.085]    <block atomic="false" info="">
[17:21:19.085]      ACCESS_POINT_VAL = ReadAP(0x00);//Reading current state of access point
[17:21:19.089]        // -> [ReadAP(0x00000000) => 0x0079002F]   (__dp=0x00000000, __ap=0x00000004)
[17:21:19.089]        // -> [ACCESS_POINT_VAL <= 0x0079002F]
[17:21:19.089]      Message(0, "Current state of access point is: %x",ACCESS_POINT_VAL);
[17:21:19.089]      __ap = 0; //lets make sure we reset the access point selection
[17:21:19.089]        // -> [__ap <= 0x00000000]
[17:21:19.089]    </block>
[17:21:19.089]  </sequence>
[17:21:19.089]  
[17:21:19.110]  **********  Sequence "DebugDeviceUnlock"  (Context="Connect", Pname="", info="")
[17:21:19.110]  
[17:21:19.110]  <debugvars>
[17:21:19.110]    // Pre-defined
[17:21:19.110]    __protocol=0x00010002      (Protocol="SWD", SWJ-DP="True")
[17:21:19.110]    __connection=0x00000202    (Connection Type="Flash", Reset Type="System Reset")
[17:21:19.110]    __dp=0x00000000
[17:21:19.110]    __ap=0x00000000
[17:21:19.110]    __traceout=0x00000000      (Trace Disabled)
[17:21:19.110]    __errorcontrol=0x00000000  (Skip Errors="False")
[17:21:19.110]    __FlashAddr=0x00000000
[17:21:19.110]    __FlashLen=0x00000000
[17:21:19.110]    __FlashArg=0x00000000
[17:21:19.110]    __FlashOp=0x00000000
[17:21:19.110]    __Result=0x00000000
[17:21:19.110]  </debugvars>
[17:21:19.114]  
[17:21:19.114]  <sequence name="DebugDeviceUnlock" Pname="" disable="false" info="">
[17:21:19.114]    <block atomic="false" info="">
[17:21:19.114]      __var deviceID = 0;
[17:21:19.114]        // -> [deviceID <= 0x00000000]
[17:21:19.114]      __var version = 0;
[17:21:19.114]        // -> [version <= 0x00000000]
[17:21:19.114]      __var partNum = 0;
[17:21:19.115]        // -> [partNum <= 0x00000000]
[17:21:19.115]      __var manuf = 0;
[17:21:19.115]        // -> [manuf <= 0x00000000]
[17:21:19.115]      __var isMSPM0G1X0X_G3X0X = 0;
[17:21:19.115]        // -> [isMSPM0G1X0X_G3X0X <= 0x00000000]
[17:21:19.115]      __var isProduction = 0;
[17:21:19.115]        // -> [isProduction <= 0x00000000]
[17:21:19.115]      __var continueId = 0;
[17:21:19.115]        // -> [continueId <= 0x00000000]
[17:21:19.115]      deviceID =   Read32(0x41C40004);
[17:21:19.120]        // -> [Read32(0x41C40004) => 0x2BB8802F]   (__dp=0x00000000, __ap=0x00000000)
[17:21:19.120]        // -> [deviceID <= 0x2BB8802F]
[17:21:19.120]      version = deviceID >> 28;
[17:21:19.120]        // -> [version <= 0x00000002]
[17:21:19.120]      partNum = (deviceID & 0x0FFFF000) >> 12;
[17:21:19.120]        // -> [partNum <= 0x0000BB88]
[17:21:19.120]      manuf = (deviceID & 0x00000FFE) >> 1;
[17:21:19.120]        // -> [manuf <= 0x00000017]
[17:21:19.120]      isMSPM0G1X0X_G3X0X = (partNum == 0xBB88) && (manuf == 0x17);
[17:21:19.120]        // -> [isMSPM0G1X0X_G3X0X <= 0x00000001]
[17:21:19.120]      isProduction = (version > 0);
[17:21:19.120]        // -> [isProduction <= 0x00000001]
[17:21:19.120]    </block>
[17:21:19.120]    <control if="!isMSPM0G1X0X_G3X0X" while="" timeout="0" info="">
[17:21:19.120]      // if-block "!isMSPM0G1X0X_G3X0X"
[17:21:19.120]        // =>  FALSE
[17:21:19.120]      // skip if-block "!isMSPM0G1X0X_G3X0X"
[17:21:19.120]    </control>
[17:21:19.120]    <control if="continueId == 4" while="" timeout="0" info="">
[17:21:19.120]      // if-block "continueId == 4"
[17:21:19.120]        // =>  FALSE
[17:21:19.120]      // skip if-block "continueId == 4"
[17:21:19.120]    </control>
[17:21:19.120]    <control if="!isProduction" while="" timeout="0" info="">
[17:21:19.120]      // if-block "!isProduction"
[17:21:19.125]        // =>  FALSE
[17:21:19.125]      // skip if-block "!isProduction"
[17:21:19.125]    </control>
[17:21:19.125]  </sequence>
[17:21:19.125]  
[17:52:26.925]  **********  Sequence "DebugPortSetup"  (Context="Connect", Pname="", info="")
[17:52:26.925]  
[17:52:26.931]  <debugvars>
[17:52:26.931]    // Pre-defined
[17:52:26.931]    __protocol=0x00010002      (Protocol="SWD", SWJ-DP="True")
[17:52:26.931]    __connection=0x00000202    (Connection Type="Flash", Reset Type="System Reset")
[17:52:26.931]    __dp=0x00000000
[17:52:26.931]    __ap=0x00000000
[17:52:26.931]    __traceout=0x00000000      (Trace Disabled)
[17:52:26.931]    __errorcontrol=0x00000000  (Skip Errors="False")
[17:52:26.931]    __FlashAddr=0x00000000
[17:52:26.932]    __FlashLen=0x00000000
[17:52:26.932]    __FlashArg=0x00000000
[17:52:26.932]    __FlashOp=0x00000000
[17:52:26.932]    __Result=0x00000000
[17:52:26.932]  </debugvars>
[17:52:26.932]  
[17:52:26.932]  <sequence name="DebugPortSetup" Pname="" disable="false" info="">
[17:52:26.932]    <block atomic="false" info="">
[17:52:26.932]      __var isSWJ      = ((__protocol & 0x00010000) != 0);
[17:52:26.932]        // -> [isSWJ <= 0x00000001]
[17:52:26.932]      __var hasDormant = __protocol & 0x00020000;
[17:52:26.932]        // -> [hasDormant <= 0x00000000]
[17:52:26.932]      __var protType   = __protocol & 0x0000FFFF;
[17:52:26.932]        // -> [protType <= 0x00000002]
[17:52:26.932]    </block>
[17:52:26.932]    <control if="protType == 1" while="" timeout="0" info="">
[17:52:26.932]      // if-block "protType == 1"
[17:52:26.932]        // =>  FALSE
[17:52:26.932]      // skip if-block "protType == 1"
[17:52:26.932]    </control>
[17:52:26.932]    <control if="protType == 2" while="" timeout="0" info="">
[17:52:26.932]      // if-block "protType == 2"
[17:52:26.932]        // =>  TRUE
[17:52:26.932]      <control if="isSWJ" while="" timeout="0" info="">
[17:52:26.932]        // if-block "isSWJ"
[17:52:26.932]          // =>  TRUE
[17:52:26.932]        <control if="hasDormant" while="" timeout="0" info="">
[17:52:26.935]          // if-block "hasDormant"
[17:52:26.935]            // =>  FALSE
[17:52:26.935]          // skip if-block "hasDormant"
[17:52:26.935]        </control>
[17:52:26.935]        <control if="!hasDormant" while="" timeout="0" info="">
[17:52:26.935]          // if-block "!hasDormant"
[17:52:26.935]            // =>  TRUE
[17:52:26.935]          <block atomic="false" info="">
[17:52:26.935]            DAP_SWJ_Sequence(51, 0x0007FFFFFFFFFFFF); //lets put the JTAG line in a reset state
[17:52:26.935]              // -> [DAP_SWJ_Sequence(51, 0x0007FFFFFFFFFFFF)]
[17:52:26.935]            DAP_SWJ_Sequence(16,0xE73C); //SWD to JTAG, this is to ensure the state machine is initialized
[17:52:26.940]              // -> [DAP_SWJ_Sequence(16, 0x000000000000E73C)]
[17:52:26.940]            DAP_SWJ_Sequence(51, 0x0007FFFFFFFFFFFF); //Put it back in reset
[17:52:26.940]              // -> [DAP_SWJ_Sequence(51, 0x0007FFFFFFFFFFFF)]
[17:52:26.940]            DAP_SWJ_Sequence(16, 0xE79E); //JTAG to SWD switch
[17:52:26.940]              // -> [DAP_SWJ_Sequence(16, 0x000000000000E79E)]
[17:52:26.940]            DAP_SWJ_Sequence(51, 0x0007FFFFFFFFFFFF);  //Ensure the switch is successful 
[17:52:26.945]              // -> [DAP_SWJ_Sequence(51, 0x0007FFFFFFFFFFFF)]
[17:52:26.945]            DAP_SWJ_Sequence(7,  0x00); //Give the line some time to initialize
[17:52:26.945]              // -> [DAP_SWJ_Sequence(7, 0x0000000000000000)]
[17:52:26.945]          </block>
[17:52:26.945]          // end if-block "!hasDormant"
[17:52:26.945]        </control>
[17:52:26.945]        // end if-block "isSWJ"
[17:52:26.945]      </control>
[17:52:26.945]      <control if="!isSWJ" while="" timeout="0" info="">
[17:52:26.945]        // if-block "!isSWJ"
[17:52:26.945]          // =>  FALSE
[17:52:26.945]        // skip if-block "!isSWJ"
[17:52:26.945]      </control>
[17:52:26.945]      <block atomic="false" info="">
[17:52:26.945]        ReadDP(0x0);
[17:52:26.952]          // -> [ReadDP(0x00000000) => 0x6BA02477]   (__dp=0x00000000)
[17:52:26.952]      </block>
[17:52:26.952]      // end if-block "protType == 2"
[17:52:26.952]    </control>
[17:52:26.952]  </sequence>
[17:52:26.952]  
[17:52:26.955]  **********  Sequence "DebugPortStart"  (Context="Connect", Pname="", info="")
[17:52:26.955]  
[17:52:26.955]  <debugvars>
[17:52:26.955]    // Pre-defined
[17:52:26.955]    __protocol=0x00010002      (Protocol="SWD", SWJ-DP="True")
[17:52:26.955]    __connection=0x00000202    (Connection Type="Flash", Reset Type="System Reset")
[17:52:26.955]    __dp=0x00000000
[17:52:26.955]    __ap=0x00000000
[17:52:26.955]    __traceout=0x00000000      (Trace Disabled)
[17:52:26.955]    __errorcontrol=0x00000000  (Skip Errors="False")
[17:52:26.955]    __FlashAddr=0x00000000
[17:52:26.955]    __FlashLen=0x00000000
[17:52:26.955]    __FlashArg=0x00000000
[17:52:26.955]    __FlashOp=0x00000000
[17:52:26.955]    __Result=0x00000000
[17:52:26.955]  </debugvars>
[17:52:26.955]  
[17:52:26.955]  <sequence name="DebugPortStart" Pname="" disable="false" info="">
[17:52:26.955]    <block atomic="false" info="">
[17:52:26.955]      __var SW_DP_ABORT       = 0x0;
[17:52:26.955]        // -> [SW_DP_ABORT <= 0x00000000]
[17:52:26.955]      __var DP_CTRL_STAT      = 0x4;
[17:52:26.955]        // -> [DP_CTRL_STAT <= 0x00000004]
[17:52:26.955]      __var DP_SELECT         = 0x8;
[17:52:26.955]        // -> [DP_SELECT <= 0x00000008]
[17:52:26.955]      __var powered_down      = 0;
[17:52:26.955]        // -> [powered_down <= 0x00000000]
[17:52:26.955]      WriteDP(DP_SELECT, 0x00000000);
[17:52:26.960]        // -> [WriteDP(0x00000008, 0x00000000)]   (__dp=0x00000000)
[17:52:26.960]      powered_down = ((ReadDP(DP_CTRL_STAT) & 0xA0000000) != 0xA0000000);
[17:52:26.960]        // -> [ReadDP(0x00000004) => 0x00000040]   (__dp=0x00000000)
[17:52:26.960]        // -> [powered_down <= 0x00000001]
[17:52:26.960]    </block>
[17:52:26.960]    <control if="powered_down" while="" timeout="0" info="">
[17:52:26.960]      // if-block "powered_down"
[17:52:26.960]        // =>  TRUE
[17:52:26.960]      <block atomic="false" info="">
[17:52:26.960]        Message(0, "Debug/System power-up request sent");
[17:52:26.966]        WriteDP(DP_CTRL_STAT, 0x50000000);
[17:52:26.966]          // -> [WriteDP(0x00000004, 0x50000000)]   (__dp=0x00000000)
[17:52:26.966]      </block>
[17:52:26.966]      <control if="" while="(ReadDP(DP_CTRL_STAT) & 0xA0000000) != 0xA0000000" timeout="1000000" info="">
[17:52:26.966]        // while "(ReadDP(DP_CTRL_STAT) & 0xA0000000) != 0xA0000000"  (timeout="1000000")
[17:52:26.972]          // -> [ReadDP(0x00000004) => 0xF0000040]   (__dp=0x00000000)
[17:52:26.972]        // while-condition  =>  FALSE
[17:52:26.972]        // end while "(ReadDP(DP_CTRL_STAT) & 0xA0000000) != 0xA0000000"
[17:52:26.972]      </control>
[17:52:26.972]      <control if="(__protocol & 0xFFFF) == 1" while="" timeout="0" info="">
[17:52:26.972]        // if-block "(__protocol & 0xFFFF) == 1"
[17:52:26.972]          // =>  FALSE
[17:52:26.972]        // skip if-block "(__protocol & 0xFFFF) == 1"
[17:52:26.972]      </control>
[17:52:26.972]      <control if="(__protocol & 0xFFFF) == 2" while="" timeout="0" info="">
[17:52:26.972]        // if-block "(__protocol & 0xFFFF) == 2"
[17:52:26.972]          // =>  TRUE
[17:52:26.972]        <block atomic="false" info="">
[17:52:26.972]          Message(0, "executing SWD power up");
[17:52:26.972]          WriteDP(DP_CTRL_STAT, 0x50000F00);
[17:52:26.976]            // -> [WriteDP(0x00000004, 0x50000F00)]   (__dp=0x00000000)
[17:52:26.976]          WriteDP(SW_DP_ABORT, 0x0000001E);
[17:52:26.978]            // -> [WriteDP(0x00000000, 0x0000001E)]   (__dp=0x00000000)
[17:52:26.978]        </block>
[17:52:26.978]        // end if-block "(__protocol & 0xFFFF) == 2"
[17:52:26.978]      </control>
[17:52:26.978]      // end if-block "powered_down"
[17:52:26.978]    </control>
[17:52:26.978]    <block atomic="false" info="">
[17:52:26.978]      __var DEBUG_PORT_VAL    = 0;
[17:52:26.978]        // -> [DEBUG_PORT_VAL <= 0x00000000]
[17:52:26.978]      __var ACCESS_POINT_VAL  = 0;
[17:52:26.978]        // -> [ACCESS_POINT_VAL <= 0x00000000]
[17:52:26.978]      __ap = 1; 
[17:52:26.978]        // -> [__ap <= 0x00000001]
[17:52:26.978]      WriteAP(0x0C, 0x04); //lets use the mini pwr-ap as backup
[17:52:26.981]        // -> [WriteAP(0x0000000C, 0x00000004)]   (__dp=0x00000000, __ap=0x00000001)
[17:52:26.981]      __ap = 4;
[17:52:26.981]        // -> [__ap <= 0x00000004]
[17:52:26.981]      ACCESS_POINT_VAL = ReadAP(0x00);//Reading current state of access point
[17:52:26.986]        // -> [ReadAP(0x00000000) => 0x00080027]   (__dp=0x00000000, __ap=0x00000004)
[17:52:26.986]        // -> [ACCESS_POINT_VAL <= 0x00080027]
[17:52:26.986]      Message(0, "Current state of access point is: %x",ACCESS_POINT_VAL);
[17:52:26.986]    </block>
[17:52:26.992]    <block atomic="false" info="">
[17:52:26.992]      __var nReset = 0x80;
[17:52:26.992]        // -> [nReset <= 0x00000080]
[17:52:26.992]      __var canReadPins = 0;
[17:52:26.992]        // -> [canReadPins <= 0x00000000]
[17:52:26.992]      canReadPins = (DAP_SWJ_Pins(0x00, nReset, 0) != 0xFFFFFFFF);
[17:52:26.992]        // -> [DAP_SWJ_Pins(0x00, 0x80, 0) => 0x0F]   (Out: nRESET=0  =>  In: SWCLK/TCK=1, SWDIO/TMS=1, TDI=1, TDO=1, nTRST=0, nRESET=0)
[17:52:26.994]        // -> [canReadPins <= 0x00000001]
[17:52:26.994]    </block>
[17:52:26.994]    <control if="" while="1" timeout="200" info="">
[17:52:26.994]      // while "1"  (timeout="200")
[17:52:26.994]      // while-condition  =>  TRUE
[17:52:26.994]      // while "1"  (timeout="200")
[17:52:26.994]      // while-condition  =>  TRUE
[17:52:26.994]      // while "1"  (timeout="200")
[17:52:26.994]      // while-condition  =>  TRUE
[17:52:26.994]      // while "1"  (timeout="200")
[17:52:26.994]      // while-condition  =>  TRUE
[17:52:26.994]      // while "1"  (timeout="200")
[17:52:26.994]      // while-condition  =>  TRUE
[17:52:26.994]      // while "1"  (timeout="200")
[17:52:26.994]      // while-condition  =>  TRUE
[17:52:26.994]      // while "1"  (timeout="200")
[17:52:26.994]      // while-condition  =>  TRUE
[17:52:26.994]      // while "1"  (timeout="200")
[17:52:26.994]      // while-condition  =>  TRUE
[17:52:26.997]      // while "1"  (timeout="200")
[17:52:26.997]      // while-condition  =>  TRUE
[17:52:26.997]      // while "1"  (timeout="200")
[17:52:26.997]      // while-condition  =>  TRUE
[17:52:26.997]      // while "1"  (timeout="200")
[17:52:26.997]      // while-condition  =>  TRUE
[17:52:26.997]      // while "1"  (timeout="200")
[17:52:26.997]      // while-condition  =>  TRUE
[17:52:26.997]      // while "1"  (timeout="200")
[17:52:26.997]      // while-condition  =>  TRUE
[17:52:26.997]      // while "1"  (timeout="200")
[17:52:26.997]      // while-condition  =>  TRUE
[17:52:26.997]      // while "1"  (timeout="200")
[17:52:26.997]      // while-condition  =>  TRUE
[17:52:26.997]      // while "1"  (timeout="200")
[17:52:26.997]      // while-condition  =>  TRUE
[17:52:26.997]      // while "1"  (timeout="200")
[17:52:26.997]      // while-condition  =>  TRUE
[17:52:26.997]      // while "1"  (timeout="200")
[17:52:26.997]      // while-condition  =>  TRUE
[17:52:26.997]      // while "1"  (timeout="200")
[17:52:26.997]      // while-condition  =>  TRUE
[17:52:26.997]      // while "1"  (timeout="200")
[17:52:26.997]      // while-condition  =>  TRUE
[17:52:26.997]      // while "1"  (timeout="200")
[17:52:26.997]      // while-condition  =>  TRUE
[17:52:26.997]      // while "1"  (timeout="200")
[17:52:26.997]      // while-condition  =>  TRUE
[17:52:26.997]      // while "1"  (timeout="200")
[17:52:26.997]      // while-condition  =>  TRUE
[17:52:26.997]      // while "1"  (timeout="200")
[17:52:26.997]      // while-condition  =>  TRUE
[17:52:26.997]      // while "1"  (timeout="200")
[17:52:26.997]      // while-condition  =>  TRUE
[17:52:26.997]      // while "1"  (timeout="200")
[17:52:26.997]      // while-condition  =>  TRUE
[17:52:26.997]      // while "1"  (timeout="200")
[17:52:26.997]      // while-condition  =>  TRUE
[17:52:26.997]      // while "1"  (timeout="200")
[17:52:26.997]      // while-condition  =>  TRUE
[17:52:26.997]      // while "1"  (timeout="200")
[17:52:26.997]      // while-condition  =>  TRUE
[17:52:26.997]      // while "1"  (timeout="200")
[17:52:26.997]      // while-condition  =>  TRUE
[17:52:26.997]      // while "1"  (timeout="200")
[17:52:26.997]      // while-condition  =>  TRUE
[17:52:26.997]      // while "1"  (timeout="200")
[17:52:26.997]      // while-condition  =>  TRUE
[17:52:27.002]      // while "1"  (timeout="200")
[17:52:27.002]      // while-condition  =>  TRUE
[17:52:27.002]      // while "1"  (timeout="200")
[17:52:27.002]      // while-condition  =>  TRUE
[17:52:27.002]      // while "1"  (timeout="200")
[17:52:27.002]      // while-condition  =>  TRUE
[17:52:27.002]      // while "1"  (timeout="200")
[17:52:27.002]      // while-condition  =>  TRUE
[17:52:27.002]      // while "1"  (timeout="200")
[17:52:27.002]      // while-condition  =>  TRUE
[17:52:27.002]      // while "1"  (timeout="200")
[17:52:27.002]      // while-condition  =>  TRUE
[17:52:27.002]      // while "1"  (timeout="200")
[17:52:27.002]      // while-condition  =>  TRUE
[17:52:27.002]      // while "1"  (timeout="200")
[17:52:27.002]      // while-condition  =>  TRUE
[17:52:27.002]      // while "1"  (timeout="200")
[17:52:27.002]      // while-condition  =>  TRUE
[17:52:27.004]      // while "1"  (timeout="200")
[17:52:27.004]      // while-condition  =>  TRUE
[17:52:27.004]      // while "1"  (timeout="200")
[17:52:27.004]      // while-condition  =>  TRUE
[17:52:27.005]      // while "1"  (timeout="200")
[17:52:27.005]      // while-condition  =>  TRUE
[17:52:27.005]      // while "1"  (timeout="200")
[17:52:27.005]      // while-condition  =>  TRUE
[17:52:27.005]      // while "1"  (timeout="200")
[17:52:27.005]      // while-condition  =>  TRUE
[17:52:27.005]      // while "1"  (timeout="200")
[17:52:27.005]      // while-condition  =>  TRUE
[17:52:27.005]      // while "1"  (timeout="200")
[17:52:27.005]      // while-condition  =>  TRUE
[17:52:27.005]      // while "1"  (timeout="200")
[17:52:27.005]      // while-condition  =>  TRUE
[17:52:27.005]      // while "1"  (timeout="200")
[17:52:27.005]      // while-condition  =>  TRUE
[17:52:27.005]      // while "1"  (timeout="200")
[17:52:27.005]      // while-condition  =>  TRUE
[17:52:27.005]      // while "1"  (timeout="200")
[17:52:27.005]      // while-condition  =>  TRUE
[17:52:27.005]      // while "1"  (timeout="200")
[17:52:27.005]      // while-condition  =>  TRUE
[17:52:27.005]      // while "1"  (timeout="200")
[17:52:27.005]      // while-condition  =>  TRUE
[17:52:27.007]      // while "1"  (timeout="200")
[17:52:27.007]      // while-condition  =>  TRUE
[17:52:27.007]      // while "1"  (timeout="200")
[17:52:27.007]      // while-condition  =>  TRUE
[17:52:27.007]      // while "1"  (timeout="200")
[17:52:27.007]      // while-condition  =>  TRUE
[17:52:27.007]      // while "1"  (timeout="200")
[17:52:27.007]      // while-condition  =>  TRUE
[17:52:27.007]      // while "1"  (timeout="200")
[17:52:27.007]      // while-condition  =>  TRUE
[17:52:27.007]      // while "1"  (timeout="200")
[17:52:27.007]      // while-condition  =>  TRUE
[17:52:27.007]      // while "1"  (timeout="200")
[17:52:27.007]      // while-condition  =>  TRUE
[17:52:27.007]      // while "1"  (timeout="200")
[17:52:27.007]      // while-condition  =>  TRUE
[17:52:27.007]      // while "1"  (timeout="200")
[17:52:27.007]      // while-condition  =>  TRUE
[17:52:27.007]      // while "1"  (timeout="200")
[17:52:27.010]      // while-condition  =>  TRUE
[17:52:27.010]      // while "1"  (timeout="200")
[17:52:27.010]      // while  =>  TIMEOUT
[17:52:27.010]      // end while "1"
[17:52:27.010]    </control>
[17:52:27.010]    <control if="canReadPins" while="" timeout="0" info="">
[17:52:27.010]      // if-block "canReadPins"
[17:52:27.010]        // =>  TRUE
[17:52:27.010]      <control if="" while="(DAP_SWJ_Pins(nReset, nReset, 0) & nReset) == 0" timeout="1000000" info="">
[17:52:27.010]        // while "(DAP_SWJ_Pins(nReset, nReset, 0) & nReset) == 0"  (timeout="1000000")
[17:52:27.013]          // -> [DAP_SWJ_Pins(0x80, 0x80, 0) => 0x8F]   (Out: nRESET=1  =>  In: SWCLK/TCK=1, SWDIO/TMS=1, TDI=1, TDO=1, nTRST=0, nRESET=1)
[17:52:27.013]        // while-condition  =>  FALSE
[17:52:27.013]        // end while "(DAP_SWJ_Pins(nReset, nReset, 0) & nReset) == 0"
[17:52:27.013]      </control>
[17:52:27.013]      // end if-block "canReadPins"
[17:52:27.013]    </control>
[17:52:27.013]    <control if="!canReadPins" while="" timeout="0" info="">
[17:52:27.013]      // if-block "!canReadPins"
[17:52:27.013]        // =>  FALSE
[17:52:27.013]      // skip if-block "!canReadPins"
[17:52:27.014]    </control>
[17:52:27.014]    <control if="(ACCESS_POINT_VAL & 0x00E00000) == 0" while="" timeout="0" info="">
[17:52:27.014]      // if-block "(ACCESS_POINT_VAL & 0x00E00000) == 0"
[17:52:27.014]        // =>  TRUE
[17:52:27.014]      <block atomic="false" info="">
[17:52:27.014]        WriteAP(0x00, 0x190008);
[17:52:27.015]          // -> [WriteAP(0x00000000, 0x00190008)]   (__dp=0x00000000, __ap=0x00000004)
[17:52:27.017]        WriteAP(0xF0, 0x01);
[17:52:27.020]          // -> [WriteAP(0x000000F0, 0x00000001)]   (__dp=0x00000000, __ap=0x00000004)
[17:52:27.021]      </block>
[17:52:27.021]      // end if-block "(ACCESS_POINT_VAL & 0x00E00000) == 0"
[17:52:27.021]    </control>
[17:52:27.021]    <control if="(ACCESS_POINT_VAL & 0x00E00000) != 0" while="" timeout="0" info="">
[17:52:27.021]      // if-block "(ACCESS_POINT_VAL & 0x00E00000) != 0"
[17:52:27.021]        // =>  FALSE
[17:52:27.021]      // skip if-block "(ACCESS_POINT_VAL & 0x00E00000) != 0"
[17:52:27.021]    </control>
[17:52:27.021]    <block atomic="false" info="">
[17:52:27.021]      ACCESS_POINT_VAL = ReadAP(0x00);//Reading current state of access point
[17:52:27.023]        // -> [ReadAP(0x00000000) => 0x0079002F]   (__dp=0x00000000, __ap=0x00000004)
[17:52:27.023]        // -> [ACCESS_POINT_VAL <= 0x0079002F]
[17:52:27.023]      Message(0, "Current state of access point is: %x",ACCESS_POINT_VAL);
[17:52:27.029]      __ap = 0; //lets make sure we reset the access point selection
[17:52:27.029]        // -> [__ap <= 0x00000000]
[17:52:27.029]    </block>
[17:52:27.029]  </sequence>
[17:52:27.029]  
[17:52:27.044]  **********  Sequence "DebugDeviceUnlock"  (Context="Connect", Pname="", info="")
[17:52:27.044]  
[17:52:27.044]  <debugvars>
[17:52:27.044]    // Pre-defined
[17:52:27.044]    __protocol=0x00010002      (Protocol="SWD", SWJ-DP="True")
[17:52:27.050]    __connection=0x00000202    (Connection Type="Flash", Reset Type="System Reset")
[17:52:27.050]    __dp=0x00000000
[17:52:27.050]    __ap=0x00000000
[17:52:27.050]    __traceout=0x00000000      (Trace Disabled)
[17:52:27.050]    __errorcontrol=0x00000000  (Skip Errors="False")
[17:52:27.050]    __FlashAddr=0x00000000
[17:52:27.050]    __FlashLen=0x00000000
[17:52:27.050]    __FlashArg=0x00000000
[17:52:27.050]    __FlashOp=0x00000000
[17:52:27.050]    __Result=0x00000000
[17:52:27.050]  </debugvars>
[17:52:27.050]  
[17:52:27.050]  <sequence name="DebugDeviceUnlock" Pname="" disable="false" info="">
[17:52:27.050]    <block atomic="false" info="">
[17:52:27.050]      __var deviceID = 0;
[17:52:27.050]        // -> [deviceID <= 0x00000000]
[17:52:27.050]      __var version = 0;
[17:52:27.050]        // -> [version <= 0x00000000]
[17:52:27.050]      __var partNum = 0;
[17:52:27.050]        // -> [partNum <= 0x00000000]
[17:52:27.050]      __var manuf = 0;
[17:52:27.050]        // -> [manuf <= 0x00000000]
[17:52:27.050]      __var isMSPM0G1X0X_G3X0X = 0;
[17:52:27.050]        // -> [isMSPM0G1X0X_G3X0X <= 0x00000000]
[17:52:27.050]      __var isProduction = 0;
[17:52:27.050]        // -> [isProduction <= 0x00000000]
[17:52:27.050]      __var continueId = 0;
[17:52:27.050]        // -> [continueId <= 0x00000000]
[17:52:27.050]      deviceID =   Read32(0x41C40004);
[17:52:27.055]        // -> [Read32(0x41C40004) => 0x2BB8802F]   (__dp=0x00000000, __ap=0x00000000)
[17:52:27.055]        // -> [deviceID <= 0x2BB8802F]
[17:52:27.055]      version = deviceID >> 28;
[17:52:27.055]        // -> [version <= 0x00000002]
[17:52:27.055]      partNum = (deviceID & 0x0FFFF000) >> 12;
[17:52:27.055]        // -> [partNum <= 0x0000BB88]
[17:52:27.055]      manuf = (deviceID & 0x00000FFE) >> 1;
[17:52:27.055]        // -> [manuf <= 0x00000017]
[17:52:27.055]      isMSPM0G1X0X_G3X0X = (partNum == 0xBB88) && (manuf == 0x17);
[17:52:27.055]        // -> [isMSPM0G1X0X_G3X0X <= 0x00000001]
[17:52:27.055]      isProduction = (version > 0);
[17:52:27.060]        // -> [isProduction <= 0x00000001]
[17:52:27.060]    </block>
[17:52:27.060]    <control if="!isMSPM0G1X0X_G3X0X" while="" timeout="0" info="">
[17:52:27.060]      // if-block "!isMSPM0G1X0X_G3X0X"
[17:52:27.060]        // =>  FALSE
[17:52:27.060]      // skip if-block "!isMSPM0G1X0X_G3X0X"
[17:52:27.060]    </control>
[17:52:27.060]    <control if="continueId == 4" while="" timeout="0" info="">
[17:52:27.060]      // if-block "continueId == 4"
[17:52:27.060]        // =>  FALSE
[17:52:27.060]      // skip if-block "continueId == 4"
[17:52:27.060]    </control>
[17:52:27.060]    <control if="!isProduction" while="" timeout="0" info="">
[17:52:27.060]      // if-block "!isProduction"
[17:52:27.060]        // =>  FALSE
[17:52:27.060]      // skip if-block "!isProduction"
[17:52:27.060]    </control>
[17:52:27.060]  </sequence>
[17:52:27.060]  
[18:11:43.821]  **********  Sequence "DebugPortSetup"  (Context="Connect", Pname="", info="")
[18:11:43.821]  
[18:11:43.826]  <debugvars>
[18:11:43.826]    // Pre-defined
[18:11:43.826]    __protocol=0x00010002      (Protocol="SWD", SWJ-DP="True")
[18:11:43.826]    __connection=0x00000202    (Connection Type="Flash", Reset Type="System Reset")
[18:11:43.827]    __dp=0x00000000
[18:11:43.827]    __ap=0x00000000
[18:11:43.827]    __traceout=0x00000000      (Trace Disabled)
[18:11:43.827]    __errorcontrol=0x00000000  (Skip Errors="False")
[18:11:43.827]    __FlashAddr=0x00000000
[18:11:43.827]    __FlashLen=0x00000000
[18:11:43.827]    __FlashArg=0x00000000
[18:11:43.827]    __FlashOp=0x00000000
[18:11:43.827]    __Result=0x00000000
[18:11:43.827]  </debugvars>
[18:11:43.827]  
[18:11:43.828]  <sequence name="DebugPortSetup" Pname="" disable="false" info="">
[18:11:43.828]    <block atomic="false" info="">
[18:11:43.828]      __var isSWJ      = ((__protocol & 0x00010000) != 0);
[18:11:43.828]        // -> [isSWJ <= 0x00000001]
[18:11:43.828]      __var hasDormant = __protocol & 0x00020000;
[18:11:43.828]        // -> [hasDormant <= 0x00000000]
[18:11:43.828]      __var protType   = __protocol & 0x0000FFFF;
[18:11:43.828]        // -> [protType <= 0x00000002]
[18:11:43.828]    </block>
[18:11:43.828]    <control if="protType == 1" while="" timeout="0" info="">
[18:11:43.828]      // if-block "protType == 1"
[18:11:43.828]        // =>  FALSE
[18:11:43.828]      // skip if-block "protType == 1"
[18:11:43.828]    </control>
[18:11:43.828]    <control if="protType == 2" while="" timeout="0" info="">
[18:11:43.828]      // if-block "protType == 2"
[18:11:43.828]        // =>  TRUE
[18:11:43.828]      <control if="isSWJ" while="" timeout="0" info="">
[18:11:43.830]        // if-block "isSWJ"
[18:11:43.830]          // =>  TRUE
[18:11:43.830]        <control if="hasDormant" while="" timeout="0" info="">
[18:11:43.830]          // if-block "hasDormant"
[18:11:43.830]            // =>  FALSE
[18:11:43.830]          // skip if-block "hasDormant"
[18:11:43.830]        </control>
[18:11:43.830]        <control if="!hasDormant" while="" timeout="0" info="">
[18:11:43.830]          // if-block "!hasDormant"
[18:11:43.831]            // =>  TRUE
[18:11:43.831]          <block atomic="false" info="">
[18:11:43.831]            DAP_SWJ_Sequence(51, 0x0007FFFFFFFFFFFF); //lets put the JTAG line in a reset state
[18:11:43.834]              // -> [DAP_SWJ_Sequence(51, 0x0007FFFFFFFFFFFF)]
[18:11:43.834]            DAP_SWJ_Sequence(16,0xE73C); //SWD to JTAG, this is to ensure the state machine is initialized
[18:11:43.835]              // -> [DAP_SWJ_Sequence(16, 0x000000000000E73C)]
[18:11:43.835]            DAP_SWJ_Sequence(51, 0x0007FFFFFFFFFFFF); //Put it back in reset
[18:11:43.836]              // -> [DAP_SWJ_Sequence(51, 0x0007FFFFFFFFFFFF)]
[18:11:43.836]            DAP_SWJ_Sequence(16, 0xE79E); //JTAG to SWD switch
[18:11:43.839]              // -> [DAP_SWJ_Sequence(16, 0x000000000000E79E)]
[18:11:43.839]            DAP_SWJ_Sequence(51, 0x0007FFFFFFFFFFFF);  //Ensure the switch is successful 
[18:11:43.841]              // -> [DAP_SWJ_Sequence(51, 0x0007FFFFFFFFFFFF)]
[18:11:43.841]            DAP_SWJ_Sequence(7,  0x00); //Give the line some time to initialize
[18:11:43.841]              // -> [DAP_SWJ_Sequence(7, 0x0000000000000000)]
[18:11:43.841]          </block>
[18:11:43.841]          // end if-block "!hasDormant"
[18:11:43.841]        </control>
[18:11:43.841]        // end if-block "isSWJ"
[18:11:43.841]      </control>
[18:11:43.845]      <control if="!isSWJ" while="" timeout="0" info="">
[18:11:43.845]        // if-block "!isSWJ"
[18:11:43.845]          // =>  FALSE
[18:11:43.845]        // skip if-block "!isSWJ"
[18:11:43.845]      </control>
[18:11:43.845]      <block atomic="false" info="">
[18:11:43.845]        ReadDP(0x0);
[18:11:43.847]          // -> [ReadDP(0x00000000) => 0x6BA02477]   (__dp=0x00000000)
[18:11:43.847]      </block>
[18:11:43.847]      // end if-block "protType == 2"
[18:11:43.847]    </control>
[18:11:43.847]  </sequence>
[18:11:43.847]  
[18:11:43.852]  **********  Sequence "DebugPortStart"  (Context="Connect", Pname="", info="")
[18:11:43.852]  
[18:11:43.852]  <debugvars>
[18:11:43.852]    // Pre-defined
[18:11:43.852]    __protocol=0x00010002      (Protocol="SWD", SWJ-DP="True")
[18:11:43.852]    __connection=0x00000202    (Connection Type="Flash", Reset Type="System Reset")
[18:11:43.852]    __dp=0x00000000
[18:11:43.852]    __ap=0x00000000
[18:11:43.852]    __traceout=0x00000000      (Trace Disabled)
[18:11:43.852]    __errorcontrol=0x00000000  (Skip Errors="False")
[18:11:43.852]    __FlashAddr=0x00000000
[18:11:43.852]    __FlashLen=0x00000000
[18:11:43.852]    __FlashArg=0x00000000
[18:11:43.852]    __FlashOp=0x00000000
[18:11:43.852]    __Result=0x00000000
[18:11:43.854]  </debugvars>
[18:11:43.854]  
[18:11:43.854]  <sequence name="DebugPortStart" Pname="" disable="false" info="">
[18:11:43.854]    <block atomic="false" info="">
[18:11:43.854]      __var SW_DP_ABORT       = 0x0;
[18:11:43.854]        // -> [SW_DP_ABORT <= 0x00000000]
[18:11:43.854]      __var DP_CTRL_STAT      = 0x4;
[18:11:43.854]        // -> [DP_CTRL_STAT <= 0x00000004]
[18:11:43.854]      __var DP_SELECT         = 0x8;
[18:11:43.854]        // -> [DP_SELECT <= 0x00000008]
[18:11:43.854]      __var powered_down      = 0;
[18:11:43.854]        // -> [powered_down <= 0x00000000]
[18:11:43.854]      WriteDP(DP_SELECT, 0x00000000);
[18:11:43.857]        // -> [WriteDP(0x00000008, 0x00000000)]   (__dp=0x00000000)
[18:11:43.857]      powered_down = ((ReadDP(DP_CTRL_STAT) & 0xA0000000) != 0xA0000000);
[18:11:43.858]        // -> [ReadDP(0x00000004) => 0x00000040]   (__dp=0x00000000)
[18:11:43.858]        // -> [powered_down <= 0x00000001]
[18:11:43.858]    </block>
[18:11:43.858]    <control if="powered_down" while="" timeout="0" info="">
[18:11:43.858]      // if-block "powered_down"
[18:11:43.858]        // =>  TRUE
[18:11:43.858]      <block atomic="false" info="">
[18:11:43.858]        Message(0, "Debug/System power-up request sent");
[18:11:43.862]        WriteDP(DP_CTRL_STAT, 0x50000000);
[18:11:43.864]          // -> [WriteDP(0x00000004, 0x50000000)]   (__dp=0x00000000)
[18:11:43.864]      </block>
[18:11:43.864]      <control if="" while="(ReadDP(DP_CTRL_STAT) & 0xA0000000) != 0xA0000000" timeout="1000000" info="">
[18:11:43.864]        // while "(ReadDP(DP_CTRL_STAT) & 0xA0000000) != 0xA0000000"  (timeout="1000000")
[18:11:43.866]          // -> [ReadDP(0x00000004) => 0xF0000040]   (__dp=0x00000000)
[18:11:43.866]        // while-condition  =>  FALSE
[18:11:43.866]        // end while "(ReadDP(DP_CTRL_STAT) & 0xA0000000) != 0xA0000000"
[18:11:43.866]      </control>
[18:11:43.866]      <control if="(__protocol & 0xFFFF) == 1" while="" timeout="0" info="">
[18:11:43.867]        // if-block "(__protocol & 0xFFFF) == 1"
[18:11:43.867]          // =>  FALSE
[18:11:43.867]        // skip if-block "(__protocol & 0xFFFF) == 1"
[18:11:43.867]      </control>
[18:11:43.867]      <control if="(__protocol & 0xFFFF) == 2" while="" timeout="0" info="">
[18:11:43.867]        // if-block "(__protocol & 0xFFFF) == 2"
[18:11:43.867]          // =>  TRUE
[18:11:43.867]        <block atomic="false" info="">
[18:11:43.867]          Message(0, "executing SWD power up");
[18:11:43.867]          WriteDP(DP_CTRL_STAT, 0x50000F00);
[18:11:43.867]            // -> [WriteDP(0x00000004, 0x50000F00)]   (__dp=0x00000000)
[18:11:43.867]          WriteDP(SW_DP_ABORT, 0x0000001E);
[18:11:43.872]            // -> [WriteDP(0x00000000, 0x0000001E)]   (__dp=0x00000000)
[18:11:43.872]        </block>
[18:11:43.872]        // end if-block "(__protocol & 0xFFFF) == 2"
[18:11:43.872]      </control>
[18:11:43.872]      // end if-block "powered_down"
[18:11:43.872]    </control>
[18:11:43.872]    <block atomic="false" info="">
[18:11:43.872]      __var DEBUG_PORT_VAL    = 0;
[18:11:43.872]        // -> [DEBUG_PORT_VAL <= 0x00000000]
[18:11:43.872]      __var ACCESS_POINT_VAL  = 0;
[18:11:43.872]        // -> [ACCESS_POINT_VAL <= 0x00000000]
[18:11:43.872]      __ap = 1; 
[18:11:43.872]        // -> [__ap <= 0x00000001]
[18:11:43.872]      WriteAP(0x0C, 0x04); //lets use the mini pwr-ap as backup
[18:11:43.877]        // -> [WriteAP(0x0000000C, 0x00000004)]   (__dp=0x00000000, __ap=0x00000001)
[18:11:43.877]      __ap = 4;
[18:11:43.877]        // -> [__ap <= 0x00000004]
[18:11:43.877]      ACCESS_POINT_VAL = ReadAP(0x00);//Reading current state of access point
[18:11:43.884]        // -> [ReadAP(0x00000000) => 0x00080027]   (__dp=0x00000000, __ap=0x00000004)
[18:11:43.884]        // -> [ACCESS_POINT_VAL <= 0x00080027]
[18:11:43.884]      Message(0, "Current state of access point is: %x",ACCESS_POINT_VAL);
[18:11:43.884]    </block>
[18:11:43.884]    <block atomic="false" info="">
[18:11:43.884]      __var nReset = 0x80;
[18:11:43.884]        // -> [nReset <= 0x00000080]
[18:11:43.884]      __var canReadPins = 0;
[18:11:43.884]        // -> [canReadPins <= 0x00000000]
[18:11:43.884]      canReadPins = (DAP_SWJ_Pins(0x00, nReset, 0) != 0xFFFFFFFF);
[18:11:43.888]        // -> [DAP_SWJ_Pins(0x00, 0x80, 0) => 0x0F]   (Out: nRESET=0  =>  In: SWCLK/TCK=1, SWDIO/TMS=1, TDI=1, TDO=1, nTRST=0, nRESET=0)
[18:11:43.888]        // -> [canReadPins <= 0x00000001]
[18:11:43.888]    </block>
[18:11:43.888]    <control if="" while="1" timeout="200" info="">
[18:11:43.888]      // while "1"  (timeout="200")
[18:11:43.888]      // while-condition  =>  TRUE
[18:11:43.888]      // while "1"  (timeout="200")
[18:11:43.888]      // while-condition  =>  TRUE
[18:11:43.888]      // while "1"  (timeout="200")
[18:11:43.888]      // while-condition  =>  TRUE
[18:11:43.888]      // while "1"  (timeout="200")
[18:11:43.888]      // while-condition  =>  TRUE
[18:11:43.888]      // while "1"  (timeout="200")
[18:11:43.888]      // while-condition  =>  TRUE
[18:11:43.888]      // while "1"  (timeout="200")
[18:11:43.888]      // while-condition  =>  TRUE
[18:11:43.888]      // while "1"  (timeout="200")
[18:11:43.888]      // while-condition  =>  TRUE
[18:11:43.888]      // while "1"  (timeout="200")
[18:11:43.888]      // while-condition  =>  TRUE
[18:11:43.888]      // while "1"  (timeout="200")
[18:11:43.888]      // while-condition  =>  TRUE
[18:11:43.888]      // while "1"  (timeout="200")
[18:11:43.888]      // while-condition  =>  TRUE
[18:11:43.888]      // while "1"  (timeout="200")
[18:11:43.888]      // while-condition  =>  TRUE
[18:11:43.888]      // while "1"  (timeout="200")
[18:11:43.888]      // while-condition  =>  TRUE
[18:11:43.888]      // while "1"  (timeout="200")
[18:11:43.888]      // while-condition  =>  TRUE
[18:11:43.888]      // while "1"  (timeout="200")
[18:11:43.888]      // while-condition  =>  TRUE
[18:11:43.888]      // while "1"  (timeout="200")
[18:11:43.888]      // while-condition  =>  TRUE
[18:11:43.888]      // while "1"  (timeout="200")
[18:11:43.888]      // while-condition  =>  TRUE
[18:11:43.888]      // while "1"  (timeout="200")
[18:11:43.888]      // while-condition  =>  TRUE
[18:11:43.888]      // while "1"  (timeout="200")
[18:11:43.888]      // while-condition  =>  TRUE
[18:11:43.888]      // while "1"  (timeout="200")
[18:11:43.893]      // while-condition  =>  TRUE
[18:11:43.893]      // while "1"  (timeout="200")
[18:11:43.893]      // while-condition  =>  TRUE
[18:11:43.893]      // while "1"  (timeout="200")
[18:11:43.893]      // while-condition  =>  TRUE
[18:11:43.893]      // while "1"  (timeout="200")
[18:11:43.893]      // while-condition  =>  TRUE
[18:11:43.893]      // while "1"  (timeout="200")
[18:11:43.893]      // while-condition  =>  TRUE
[18:11:43.893]      // while "1"  (timeout="200")
[18:11:43.893]      // while-condition  =>  TRUE
[18:11:43.893]      // while "1"  (timeout="200")
[18:11:43.893]      // while-condition  =>  TRUE
[18:11:43.893]      // while "1"  (timeout="200")
[18:11:43.893]      // while-condition  =>  TRUE
[18:11:43.893]      // while "1"  (timeout="200")
[18:11:43.893]      // while-condition  =>  TRUE
[18:11:43.893]      // while "1"  (timeout="200")
[18:11:43.893]      // while-condition  =>  TRUE
[18:11:43.893]      // while "1"  (timeout="200")
[18:11:43.893]      // while-condition  =>  TRUE
[18:11:43.893]      // while "1"  (timeout="200")
[18:11:43.893]      // while-condition  =>  TRUE
[18:11:43.893]      // while "1"  (timeout="200")
[18:11:43.893]      // while-condition  =>  TRUE
[18:11:43.893]      // while "1"  (timeout="200")
[18:11:43.893]      // while-condition  =>  TRUE
[18:11:43.893]      // while "1"  (timeout="200")
[18:11:43.893]      // while-condition  =>  TRUE
[18:11:43.893]      // while "1"  (timeout="200")
[18:11:43.893]      // while-condition  =>  TRUE
[18:11:43.893]      // while "1"  (timeout="200")
[18:11:43.893]      // while-condition  =>  TRUE
[18:11:43.893]      // while "1"  (timeout="200")
[18:11:43.893]      // while-condition  =>  TRUE
[18:11:43.893]      // while "1"  (timeout="200")
[18:11:43.893]      // while-condition  =>  TRUE
[18:11:43.893]      // while "1"  (timeout="200")
[18:11:43.893]      // while-condition  =>  TRUE
[18:11:43.893]      // while "1"  (timeout="200")
[18:11:43.893]      // while-condition  =>  TRUE
[18:11:43.893]      // while "1"  (timeout="200")
[18:11:43.893]      // while-condition  =>  TRUE
[18:11:43.898]      // while "1"  (timeout="200")
[18:11:43.898]      // while-condition  =>  TRUE
[18:11:43.898]      // while "1"  (timeout="200")
[18:11:43.898]      // while-condition  =>  TRUE
[18:11:43.898]      // while "1"  (timeout="200")
[18:11:43.898]      // while-condition  =>  TRUE
[18:11:43.898]      // while "1"  (timeout="200")
[18:11:43.898]      // while-condition  =>  TRUE
[18:11:43.900]      // while "1"  (timeout="200")
[18:11:43.900]      // while  =>  TIMEOUT
[18:11:43.900]      // end while "1"
[18:11:43.900]    </control>
[18:11:43.900]    <control if="canReadPins" while="" timeout="0" info="">
[18:11:43.900]      // if-block "canReadPins"
[18:11:43.900]        // =>  TRUE
[18:11:43.900]      <control if="" while="(DAP_SWJ_Pins(nReset, nReset, 0) & nReset) == 0" timeout="1000000" info="">
[18:11:43.900]        // while "(DAP_SWJ_Pins(nReset, nReset, 0) & nReset) == 0"  (timeout="1000000")
[18:11:43.900]          // -> [DAP_SWJ_Pins(0x80, 0x80, 0) => 0x8F]   (Out: nRESET=1  =>  In: SWCLK/TCK=1, SWDIO/TMS=1, TDI=1, TDO=1, nTRST=0, nRESET=1)
[18:11:43.900]        // while-condition  =>  FALSE
[18:11:43.900]        // end while "(DAP_SWJ_Pins(nReset, nReset, 0) & nReset) == 0"
[18:11:43.900]      </control>
[18:11:43.900]      // end if-block "canReadPins"
[18:11:43.900]    </control>
[18:11:43.903]    <control if="!canReadPins" while="" timeout="0" info="">
[18:11:43.903]      // if-block "!canReadPins"
[18:11:43.903]        // =>  FALSE
[18:11:43.903]      // skip if-block "!canReadPins"
[18:11:43.903]    </control>
[18:11:43.903]    <control if="(ACCESS_POINT_VAL & 0x00E00000) == 0" while="" timeout="0" info="">
[18:11:43.903]      // if-block "(ACCESS_POINT_VAL & 0x00E00000) == 0"
[18:11:43.903]        // =>  TRUE
[18:11:43.903]      <block atomic="false" info="">
[18:11:43.903]        WriteAP(0x00, 0x190008);
[18:11:43.903]          // -> [WriteAP(0x00000000, 0x00190008)]   (__dp=0x00000000, __ap=0x00000004)
[18:11:43.903]        WriteAP(0xF0, 0x01);
[18:11:43.910]          // -> [WriteAP(0x000000F0, 0x00000001)]   (__dp=0x00000000, __ap=0x00000004)
[18:11:43.910]      </block>
[18:11:43.910]      // end if-block "(ACCESS_POINT_VAL & 0x00E00000) == 0"
[18:11:43.910]    </control>
[18:11:43.910]    <control if="(ACCESS_POINT_VAL & 0x00E00000) != 0" while="" timeout="0" info="">
[18:11:43.910]      // if-block "(ACCESS_POINT_VAL & 0x00E00000) != 0"
[18:11:43.910]        // =>  FALSE
[18:11:43.910]      // skip if-block "(ACCESS_POINT_VAL & 0x00E00000) != 0"
[18:11:43.910]    </control>
[18:11:43.910]    <block atomic="false" info="">
[18:11:43.910]      ACCESS_POINT_VAL = ReadAP(0x00);//Reading current state of access point
[18:11:43.914]        // -> [ReadAP(0x00000000) => 0x0079002F]   (__dp=0x00000000, __ap=0x00000004)
[18:11:43.914]        // -> [ACCESS_POINT_VAL <= 0x0079002F]
[18:11:43.914]      Message(0, "Current state of access point is: %x",ACCESS_POINT_VAL);
[18:11:43.914]      __ap = 0; //lets make sure we reset the access point selection
[18:11:43.914]        // -> [__ap <= 0x00000000]
[18:11:43.914]    </block>
[18:11:43.914]  </sequence>
[18:11:43.914]  
[18:11:43.935]  **********  Sequence "DebugDeviceUnlock"  (Context="Connect", Pname="", info="")
[18:11:43.935]  
[18:11:43.935]  <debugvars>
[18:11:43.935]    // Pre-defined
[18:11:43.935]    __protocol=0x00010002      (Protocol="SWD", SWJ-DP="True")
[18:11:43.935]    __connection=0x00000202    (Connection Type="Flash", Reset Type="System Reset")
[18:11:43.935]    __dp=0x00000000
[18:11:43.935]    __ap=0x00000000
[18:11:43.935]    __traceout=0x00000000      (Trace Disabled)
[18:11:43.935]    __errorcontrol=0x00000000  (Skip Errors="False")
[18:11:43.935]    __FlashAddr=0x00000000
[18:11:43.935]    __FlashLen=0x00000000
[18:11:43.935]    __FlashArg=0x00000000
[18:11:43.935]    __FlashOp=0x00000000
[18:11:43.935]    __Result=0x00000000
[18:11:43.935]  </debugvars>
[18:11:43.935]  
[18:11:43.935]  <sequence name="DebugDeviceUnlock" Pname="" disable="false" info="">
[18:11:43.935]    <block atomic="false" info="">
[18:11:43.935]      __var deviceID = 0;
[18:11:43.935]        // -> [deviceID <= 0x00000000]
[18:11:43.935]      __var version = 0;
[18:11:43.940]        // -> [version <= 0x00000000]
[18:11:43.940]      __var partNum = 0;
[18:11:43.940]        // -> [partNum <= 0x00000000]
[18:11:43.940]      __var manuf = 0;
[18:11:43.940]        // -> [manuf <= 0x00000000]
[18:11:43.940]      __var isMSPM0G1X0X_G3X0X = 0;
[18:11:43.940]        // -> [isMSPM0G1X0X_G3X0X <= 0x00000000]
[18:11:43.940]      __var isProduction = 0;
[18:11:43.940]        // -> [isProduction <= 0x00000000]
[18:11:43.940]      __var continueId = 0;
[18:11:43.940]        // -> [continueId <= 0x00000000]
[18:11:43.940]      deviceID =   Read32(0x41C40004);
[18:11:43.948]        // -> [Read32(0x41C40004) => 0x2BB8802F]   (__dp=0x00000000, __ap=0x00000000)
[18:11:43.948]        // -> [deviceID <= 0x2BB8802F]
[18:11:43.948]      version = deviceID >> 28;
[18:11:43.948]        // -> [version <= 0x00000002]
[18:11:43.948]      partNum = (deviceID & 0x0FFFF000) >> 12;
[18:11:43.948]        // -> [partNum <= 0x0000BB88]
[18:11:43.948]      manuf = (deviceID & 0x00000FFE) >> 1;
[18:11:43.948]        // -> [manuf <= 0x00000017]
[18:11:43.948]      isMSPM0G1X0X_G3X0X = (partNum == 0xBB88) && (manuf == 0x17);
[18:11:43.948]        // -> [isMSPM0G1X0X_G3X0X <= 0x00000001]
[18:11:43.948]      isProduction = (version > 0);
[18:11:43.948]        // -> [isProduction <= 0x00000001]
[18:11:43.948]    </block>
[18:11:43.948]    <control if="!isMSPM0G1X0X_G3X0X" while="" timeout="0" info="">
[18:11:43.948]      // if-block "!isMSPM0G1X0X_G3X0X"
[18:11:43.948]        // =>  FALSE
[18:11:43.948]      // skip if-block "!isMSPM0G1X0X_G3X0X"
[18:11:43.948]    </control>
[18:11:43.948]    <control if="continueId == 4" while="" timeout="0" info="">
[18:11:43.948]      // if-block "continueId == 4"
[18:11:43.950]        // =>  FALSE
[18:11:43.950]      // skip if-block "continueId == 4"
[18:11:43.950]    </control>
[18:11:43.950]    <control if="!isProduction" while="" timeout="0" info="">
[18:11:43.950]      // if-block "!isProduction"
[18:11:43.950]        // =>  FALSE
[18:11:43.950]      // skip if-block "!isProduction"
[18:11:43.950]    </control>
[18:11:43.950]  </sequence>
[18:11:43.950]  
[18:14:39.076]  **********  Sequence "DebugPortSetup"  (Context="Connect", Pname="", info="")
[18:14:39.076]  
[18:14:39.078]  <debugvars>
[18:14:39.078]    // Pre-defined
[18:14:39.078]    __protocol=0x00010002      (Protocol="SWD", SWJ-DP="True")
[18:14:39.078]    __connection=0x00000202    (Connection Type="Flash", Reset Type="System Reset")
[18:14:39.078]    __dp=0x00000000
[18:14:39.078]    __ap=0x00000000
[18:14:39.078]    __traceout=0x00000000      (Trace Disabled)
[18:14:39.078]    __errorcontrol=0x00000000  (Skip Errors="False")
[18:14:39.078]    __FlashAddr=0x00000000
[18:14:39.078]    __FlashLen=0x00000000
[18:14:39.078]    __FlashArg=0x00000000
[18:14:39.078]    __FlashOp=0x00000000
[18:14:39.078]    __Result=0x00000000
[18:14:39.078]  </debugvars>
[18:14:39.078]  
[18:14:39.078]  <sequence name="DebugPortSetup" Pname="" disable="false" info="">
[18:14:39.081]    <block atomic="false" info="">
[18:14:39.081]      __var isSWJ      = ((__protocol & 0x00010000) != 0);
[18:14:39.081]        // -> [isSWJ <= 0x00000001]
[18:14:39.081]      __var hasDormant = __protocol & 0x00020000;
[18:14:39.081]        // -> [hasDormant <= 0x00000000]
[18:14:39.081]      __var protType   = __protocol & 0x0000FFFF;
[18:14:39.081]        // -> [protType <= 0x00000002]
[18:14:39.081]    </block>
[18:14:39.081]    <control if="protType == 1" while="" timeout="0" info="">
[18:14:39.081]      // if-block "protType == 1"
[18:14:39.081]        // =>  FALSE
[18:14:39.081]      // skip if-block "protType == 1"
[18:14:39.081]    </control>
[18:14:39.081]    <control if="protType == 2" while="" timeout="0" info="">
[18:14:39.081]      // if-block "protType == 2"
[18:14:39.081]        // =>  TRUE
[18:14:39.081]      <control if="isSWJ" while="" timeout="0" info="">
[18:14:39.081]        // if-block "isSWJ"
[18:14:39.081]          // =>  TRUE
[18:14:39.081]        <control if="hasDormant" while="" timeout="0" info="">
[18:14:39.081]          // if-block "hasDormant"
[18:14:39.081]            // =>  FALSE
[18:14:39.081]          // skip if-block "hasDormant"
[18:14:39.081]        </control>
[18:14:39.081]        <control if="!hasDormant" while="" timeout="0" info="">
[18:14:39.081]          // if-block "!hasDormant"
[18:14:39.081]            // =>  TRUE
[18:14:39.081]          <block atomic="false" info="">
[18:14:39.081]            DAP_SWJ_Sequence(51, 0x0007FFFFFFFFFFFF); //lets put the JTAG line in a reset state
[18:14:39.086]              // -> [DAP_SWJ_Sequence(51, 0x0007FFFFFFFFFFFF)]
[18:14:39.086]            DAP_SWJ_Sequence(16,0xE73C); //SWD to JTAG, this is to ensure the state machine is initialized
[18:14:39.086]              // -> [DAP_SWJ_Sequence(16, 0x000000000000E73C)]
[18:14:39.086]            DAP_SWJ_Sequence(51, 0x0007FFFFFFFFFFFF); //Put it back in reset
[18:14:39.086]              // -> [DAP_SWJ_Sequence(51, 0x0007FFFFFFFFFFFF)]
[18:14:39.086]            DAP_SWJ_Sequence(16, 0xE79E); //JTAG to SWD switch
[18:14:39.091]              // -> [DAP_SWJ_Sequence(16, 0x000000000000E79E)]
[18:14:39.091]            DAP_SWJ_Sequence(51, 0x0007FFFFFFFFFFFF);  //Ensure the switch is successful 
[18:14:39.095]              // -> [DAP_SWJ_Sequence(51, 0x0007FFFFFFFFFFFF)]
[18:14:39.095]            DAP_SWJ_Sequence(7,  0x00); //Give the line some time to initialize
[18:14:39.096]              // -> [DAP_SWJ_Sequence(7, 0x0000000000000000)]
[18:14:39.096]          </block>
[18:14:39.096]          // end if-block "!hasDormant"
[18:14:39.096]        </control>
[18:14:39.096]        // end if-block "isSWJ"
[18:14:39.096]      </control>
[18:14:39.096]      <control if="!isSWJ" while="" timeout="0" info="">
[18:14:39.096]        // if-block "!isSWJ"
[18:14:39.096]          // =>  FALSE
[18:14:39.096]        // skip if-block "!isSWJ"
[18:14:39.096]      </control>
[18:14:39.096]      <block atomic="false" info="">
[18:14:39.096]        ReadDP(0x0);
[18:14:39.100]          // -> [ReadDP(0x00000000) => 0x6BA02477]   (__dp=0x00000000)
[18:14:39.107]      </block>
[18:14:39.111]      // end if-block "protType == 2"
[18:14:39.111]    </control>
[18:14:39.111]  </sequence>
[18:14:39.111]  
[18:14:39.115]  **********  Sequence "DebugPortStart"  (Context="Connect", Pname="", info="")
[18:14:39.115]  
[18:14:39.115]  <debugvars>
[18:14:39.115]    // Pre-defined
[18:14:39.115]    __protocol=0x00010002      (Protocol="SWD", SWJ-DP="True")
[18:14:39.115]    __connection=0x00000202    (Connection Type="Flash", Reset Type="System Reset")
[18:14:39.115]    __dp=0x00000000
[18:14:39.115]    __ap=0x00000000
[18:14:39.115]    __traceout=0x00000000      (Trace Disabled)
[18:14:39.115]    __errorcontrol=0x00000000  (Skip Errors="False")
[18:14:39.115]    __FlashAddr=0x00000000
[18:14:39.115]    __FlashLen=0x00000000
[18:14:39.115]    __FlashArg=0x00000000
[18:14:39.115]    __FlashOp=0x00000000
[18:14:39.115]    __Result=0x00000000
[18:14:39.115]  </debugvars>
[18:14:39.115]  
[18:14:39.115]  <sequence name="DebugPortStart" Pname="" disable="false" info="">
[18:14:39.115]    <block atomic="false" info="">
[18:14:39.115]      __var SW_DP_ABORT       = 0x0;
[18:14:39.115]        // -> [SW_DP_ABORT <= 0x00000000]
[18:14:39.115]      __var DP_CTRL_STAT      = 0x4;
[18:14:39.115]        // -> [DP_CTRL_STAT <= 0x00000004]
[18:14:39.115]      __var DP_SELECT         = 0x8;
[18:14:39.115]        // -> [DP_SELECT <= 0x00000008]
[18:14:39.115]      __var powered_down      = 0;
[18:14:39.115]        // -> [powered_down <= 0x00000000]
[18:14:39.115]      WriteDP(DP_SELECT, 0x00000000);
[18:14:39.120]        // -> [WriteDP(0x00000008, 0x00000000)]   (__dp=0x00000000)
[18:14:39.120]      powered_down = ((ReadDP(DP_CTRL_STAT) & 0xA0000000) != 0xA0000000);
[18:14:39.120]        // -> [ReadDP(0x00000004) => 0x00000040]   (__dp=0x00000000)
[18:14:39.120]        // -> [powered_down <= 0x00000001]
[18:14:39.120]    </block>
[18:14:39.120]    <control if="powered_down" while="" timeout="0" info="">
[18:14:39.120]      // if-block "powered_down"
[18:14:39.120]        // =>  TRUE
[18:14:39.120]      <block atomic="false" info="">
[18:14:39.120]        Message(0, "Debug/System power-up request sent");
[18:14:39.124]        WriteDP(DP_CTRL_STAT, 0x50000000);
[18:14:39.127]          // -> [WriteDP(0x00000004, 0x50000000)]   (__dp=0x00000000)
[18:14:39.127]      </block>
[18:14:39.127]      <control if="" while="(ReadDP(DP_CTRL_STAT) & 0xA0000000) != 0xA0000000" timeout="1000000" info="">
[18:14:39.127]        // while "(ReadDP(DP_CTRL_STAT) & 0xA0000000) != 0xA0000000"  (timeout="1000000")
[18:14:39.128]          // -> [ReadDP(0x00000004) => 0xF0000040]   (__dp=0x00000000)
[18:14:39.129]        // while-condition  =>  FALSE
[18:14:39.129]        // end while "(ReadDP(DP_CTRL_STAT) & 0xA0000000) != 0xA0000000"
[18:14:39.129]      </control>
[18:14:39.129]      <control if="(__protocol & 0xFFFF) == 1" while="" timeout="0" info="">
[18:14:39.129]        // if-block "(__protocol & 0xFFFF) == 1"
[18:14:39.129]          // =>  FALSE
[18:14:39.129]        // skip if-block "(__protocol & 0xFFFF) == 1"
[18:14:39.129]      </control>
[18:14:39.129]      <control if="(__protocol & 0xFFFF) == 2" while="" timeout="0" info="">
[18:14:39.129]        // if-block "(__protocol & 0xFFFF) == 2"
[18:14:39.129]          // =>  TRUE
[18:14:39.129]        <block atomic="false" info="">
[18:14:39.131]          Message(0, "executing SWD power up");
[18:14:39.131]          WriteDP(DP_CTRL_STAT, 0x50000F00);
[18:14:39.135]            // -> [WriteDP(0x00000004, 0x50000F00)]   (__dp=0x00000000)
[18:14:39.135]          WriteDP(SW_DP_ABORT, 0x0000001E);
[18:14:39.136]            // -> [WriteDP(0x00000000, 0x0000001E)]   (__dp=0x00000000)
[18:14:39.136]        </block>
[18:14:39.136]        // end if-block "(__protocol & 0xFFFF) == 2"
[18:14:39.136]      </control>
[18:14:39.136]      // end if-block "powered_down"
[18:14:39.136]    </control>
[18:14:39.136]    <block atomic="false" info="">
[18:14:39.136]      __var DEBUG_PORT_VAL    = 0;
[18:14:39.136]        // -> [DEBUG_PORT_VAL <= 0x00000000]
[18:14:39.136]      __var ACCESS_POINT_VAL  = 0;
[18:14:39.136]        // -> [ACCESS_POINT_VAL <= 0x00000000]
[18:14:39.136]      __ap = 1; 
[18:14:39.136]        // -> [__ap <= 0x00000001]
[18:14:39.136]      WriteAP(0x0C, 0x04); //lets use the mini pwr-ap as backup
[18:14:39.141]        // -> [WriteAP(0x0000000C, 0x00000004)]   (__dp=0x00000000, __ap=0x00000001)
[18:14:39.141]      __ap = 4;
[18:14:39.141]        // -> [__ap <= 0x00000004]
[18:14:39.141]      ACCESS_POINT_VAL = ReadAP(0x00);//Reading current state of access point
[18:14:39.146]        // -> [ReadAP(0x00000000) => 0x00080027]   (__dp=0x00000000, __ap=0x00000004)
[18:14:39.146]        // -> [ACCESS_POINT_VAL <= 0x00080027]
[18:14:39.146]      Message(0, "Current state of access point is: %x",ACCESS_POINT_VAL);
[18:14:39.150]    </block>
[18:14:39.150]    <block atomic="false" info="">
[18:14:39.150]      __var nReset = 0x80;
[18:14:39.150]        // -> [nReset <= 0x00000080]
[18:14:39.150]      __var canReadPins = 0;
[18:14:39.150]        // -> [canReadPins <= 0x00000000]
[18:14:39.150]      canReadPins = (DAP_SWJ_Pins(0x00, nReset, 0) != 0xFFFFFFFF);
[18:14:39.152]        // -> [DAP_SWJ_Pins(0x00, 0x80, 0) => 0x0F]   (Out: nRESET=0  =>  In: SWCLK/TCK=1, SWDIO/TMS=1, TDI=1, TDO=1, nTRST=0, nRESET=0)
[18:14:39.152]        // -> [canReadPins <= 0x00000001]
[18:14:39.152]    </block>
[18:14:39.152]    <control if="" while="1" timeout="200" info="">
[18:14:39.152]      // while "1"  (timeout="200")
[18:14:39.152]      // while-condition  =>  TRUE
[18:14:39.152]      // while "1"  (timeout="200")
[18:14:39.152]      // while-condition  =>  TRUE
[18:14:39.154]      // while "1"  (timeout="200")
[18:14:39.154]      // while-condition  =>  TRUE
[18:14:39.154]      // while "1"  (timeout="200")
[18:14:39.154]      // while-condition  =>  TRUE
[18:14:39.154]      // while "1"  (timeout="200")
[18:14:39.154]      // while-condition  =>  TRUE
[18:14:39.154]      // while "1"  (timeout="200")
[18:14:39.154]      // while-condition  =>  TRUE
[18:14:39.154]      // while "1"  (timeout="200")
[18:14:39.155]      // while-condition  =>  TRUE
[18:14:39.155]      // while "1"  (timeout="200")
[18:14:39.155]      // while-condition  =>  TRUE
[18:14:39.155]      // while "1"  (timeout="200")
[18:14:39.155]      // while-condition  =>  TRUE
[18:14:39.155]      // while "1"  (timeout="200")
[18:14:39.155]      // while-condition  =>  TRUE
[18:14:39.156]      // while "1"  (timeout="200")
[18:14:39.156]      // while-condition  =>  TRUE
[18:14:39.156]      // while "1"  (timeout="200")
[18:14:39.156]      // while-condition  =>  TRUE
[18:14:39.156]      // while "1"  (timeout="200")
[18:14:39.156]      // while-condition  =>  TRUE
[18:14:39.156]      // while "1"  (timeout="200")
[18:14:39.156]      // while-condition  =>  TRUE
[18:14:39.156]      // while "1"  (timeout="200")
[18:14:39.156]      // while-condition  =>  TRUE
[18:14:39.156]      // while "1"  (timeout="200")
[18:14:39.156]      // while-condition  =>  TRUE
[18:14:39.156]      // while "1"  (timeout="200")
[18:14:39.156]      // while-condition  =>  TRUE
[18:14:39.156]      // while "1"  (timeout="200")
[18:14:39.156]      // while-condition  =>  TRUE
[18:14:39.156]      // while "1"  (timeout="200")
[18:14:39.156]      // while-condition  =>  TRUE
[18:14:39.156]      // while "1"  (timeout="200")
[18:14:39.159]      // while-condition  =>  TRUE
[18:14:39.159]      // while "1"  (timeout="200")
[18:14:39.159]      // while-condition  =>  TRUE
[18:14:39.159]      // while "1"  (timeout="200")
[18:14:39.159]      // while-condition  =>  TRUE
[18:14:39.159]      // while "1"  (timeout="200")
[18:14:39.160]      // while-condition  =>  TRUE
[18:14:39.160]      // while "1"  (timeout="200")
[18:14:39.160]      // while-condition  =>  TRUE
[18:14:39.160]      // while "1"  (timeout="200")
[18:14:39.160]      // while-condition  =>  TRUE
[18:14:39.160]      // while "1"  (timeout="200")
[18:14:39.160]      // while-condition  =>  TRUE
[18:14:39.160]      // while "1"  (timeout="200")
[18:14:39.160]      // while-condition  =>  TRUE
[18:14:39.160]      // while "1"  (timeout="200")
[18:14:39.160]      // while-condition  =>  TRUE
[18:14:39.160]      // while "1"  (timeout="200")
[18:14:39.160]      // while-condition  =>  TRUE
[18:14:39.162]      // while "1"  (timeout="200")
[18:14:39.162]      // while-condition  =>  TRUE
[18:14:39.162]      // while "1"  (timeout="200")
[18:14:39.162]      // while-condition  =>  TRUE
[18:14:39.162]      // while "1"  (timeout="200")
[18:14:39.162]      // while-condition  =>  TRUE
[18:14:39.162]      // while "1"  (timeout="200")
[18:14:39.162]      // while-condition  =>  TRUE
[18:14:39.162]      // while "1"  (timeout="200")
[18:14:39.162]      // while-condition  =>  TRUE
[18:14:39.162]      // while "1"  (timeout="200")
[18:14:39.162]      // while-condition  =>  TRUE
[18:14:39.162]      // while "1"  (timeout="200")
[18:14:39.162]      // while-condition  =>  TRUE
[18:14:39.162]      // while "1"  (timeout="200")
[18:14:39.162]      // while-condition  =>  TRUE
[18:14:39.162]      // while "1"  (timeout="200")
[18:14:39.162]      // while-condition  =>  TRUE
[18:14:39.162]      // while "1"  (timeout="200")
[18:14:39.162]      // while-condition  =>  TRUE
[18:14:39.162]      // while "1"  (timeout="200")
[18:14:39.162]      // while-condition  =>  TRUE
[18:14:39.162]      // while "1"  (timeout="200")
[18:14:39.162]      // while-condition  =>  TRUE
[18:14:39.162]      // while "1"  (timeout="200")
[18:14:39.162]      // while-condition  =>  TRUE
[18:14:39.165]      // while "1"  (timeout="200")
[18:14:39.165]      // while  =>  TIMEOUT
[18:14:39.165]      // end while "1"
[18:14:39.165]    </control>
[18:14:39.165]    <control if="canReadPins" while="" timeout="0" info="">
[18:14:39.165]      // if-block "canReadPins"
[18:14:39.165]        // =>  TRUE
[18:14:39.165]      <control if="" while="(DAP_SWJ_Pins(nReset, nReset, 0) & nReset) == 0" timeout="1000000" info="">
[18:14:39.165]        // while "(DAP_SWJ_Pins(nReset, nReset, 0) & nReset) == 0"  (timeout="1000000")
[18:14:39.167]          // -> [DAP_SWJ_Pins(0x80, 0x80, 0) => 0x8F]   (Out: nRESET=1  =>  In: SWCLK/TCK=1, SWDIO/TMS=1, TDI=1, TDO=1, nTRST=0, nRESET=1)
[18:14:39.167]        // while-condition  =>  FALSE
[18:14:39.167]        // end while "(DAP_SWJ_Pins(nReset, nReset, 0) & nReset) == 0"
[18:14:39.167]      </control>
[18:14:39.167]      // end if-block "canReadPins"
[18:14:39.167]    </control>
[18:14:39.167]    <control if="!canReadPins" while="" timeout="0" info="">
[18:14:39.167]      // if-block "!canReadPins"
[18:14:39.167]        // =>  FALSE
[18:14:39.167]      // skip if-block "!canReadPins"
[18:14:39.167]    </control>
[18:14:39.167]    <control if="(ACCESS_POINT_VAL & 0x00E00000) == 0" while="" timeout="0" info="">
[18:14:39.167]      // if-block "(ACCESS_POINT_VAL & 0x00E00000) == 0"
[18:14:39.167]        // =>  TRUE
[18:14:39.167]      <block atomic="false" info="">
[18:14:39.167]        WriteAP(0x00, 0x190008);
[18:14:39.172]          // -> [WriteAP(0x00000000, 0x00190008)]   (__dp=0x00000000, __ap=0x00000004)
[18:14:39.172]        WriteAP(0xF0, 0x01);
[18:14:39.175]          // -> [WriteAP(0x000000F0, 0x00000001)]   (__dp=0x00000000, __ap=0x00000004)
[18:14:39.175]      </block>
[18:14:39.175]      // end if-block "(ACCESS_POINT_VAL & 0x00E00000) == 0"
[18:14:39.177]    </control>
[18:14:39.177]    <control if="(ACCESS_POINT_VAL & 0x00E00000) != 0" while="" timeout="0" info="">
[18:14:39.177]      // if-block "(ACCESS_POINT_VAL & 0x00E00000) != 0"
[18:14:39.177]        // =>  FALSE
[18:14:39.178]      // skip if-block "(ACCESS_POINT_VAL & 0x00E00000) != 0"
[18:14:39.178]    </control>
[18:14:39.178]    <block atomic="false" info="">
[18:14:39.178]      ACCESS_POINT_VAL = ReadAP(0x00);//Reading current state of access point
[18:14:39.182]        // -> [ReadAP(0x00000000) => 0x0079002F]   (__dp=0x00000000, __ap=0x00000004)
[18:14:39.182]        // -> [ACCESS_POINT_VAL <= 0x0079002F]
[18:14:39.182]      Message(0, "Current state of access point is: %x",ACCESS_POINT_VAL);
[18:14:39.182]      __ap = 0; //lets make sure we reset the access point selection
[18:14:39.182]        // -> [__ap <= 0x00000000]
[18:14:39.182]    </block>
[18:14:39.182]  </sequence>
[18:14:39.182]  
[18:14:39.204]  **********  Sequence "DebugDeviceUnlock"  (Context="Connect", Pname="", info="")
[18:14:39.204]  
[18:14:39.204]  <debugvars>
[18:14:39.204]    // Pre-defined
[18:14:39.204]    __protocol=0x00010002      (Protocol="SWD", SWJ-DP="True")
[18:14:39.204]    __connection=0x00000202    (Connection Type="Flash", Reset Type="System Reset")
[18:14:39.204]    __dp=0x00000000
[18:14:39.204]    __ap=0x00000000
[18:14:39.204]    __traceout=0x00000000      (Trace Disabled)
[18:14:39.204]    __errorcontrol=0x00000000  (Skip Errors="False")
[18:14:39.204]    __FlashAddr=0x00000000
[18:14:39.204]    __FlashLen=0x00000000
[18:14:39.204]    __FlashArg=0x00000000
[18:14:39.204]    __FlashOp=0x00000000
[18:14:39.204]    __Result=0x00000000
[18:14:39.204]  </debugvars>
[18:14:39.204]  
[18:14:39.204]  <sequence name="DebugDeviceUnlock" Pname="" disable="false" info="">
[18:14:39.204]    <block atomic="false" info="">
[18:14:39.204]      __var deviceID = 0;
[18:14:39.204]        // -> [deviceID <= 0x00000000]
[18:14:39.204]      __var version = 0;
[18:14:39.204]        // -> [version <= 0x00000000]
[18:14:39.204]      __var partNum = 0;
[18:14:39.204]        // -> [partNum <= 0x00000000]
[18:14:39.204]      __var manuf = 0;
[18:14:39.204]        // -> [manuf <= 0x00000000]
[18:14:39.208]      __var isMSPM0G1X0X_G3X0X = 0;
[18:14:39.208]        // -> [isMSPM0G1X0X_G3X0X <= 0x00000000]
[18:14:39.208]      __var isProduction = 0;
[18:14:39.208]        // -> [isProduction <= 0x00000000]
[18:14:39.208]      __var continueId = 0;
[18:14:39.208]        // -> [continueId <= 0x00000000]
[18:14:39.208]      deviceID =   Read32(0x41C40004);
[18:14:39.214]        // -> [Read32(0x41C40004) => 0x2BB8802F]   (__dp=0x00000000, __ap=0x00000000)
[18:14:39.214]        // -> [deviceID <= 0x2BB8802F]
[18:14:39.215]      version = deviceID >> 28;
[18:14:39.215]        // -> [version <= 0x00000002]
[18:14:39.215]      partNum = (deviceID & 0x0FFFF000) >> 12;
[18:14:39.215]        // -> [partNum <= 0x0000BB88]
[18:14:39.215]      manuf = (deviceID & 0x00000FFE) >> 1;
[18:14:39.215]        // -> [manuf <= 0x00000017]
[18:14:39.215]      isMSPM0G1X0X_G3X0X = (partNum == 0xBB88) && (manuf == 0x17);
[18:14:39.215]        // -> [isMSPM0G1X0X_G3X0X <= 0x00000001]
[18:14:39.215]      isProduction = (version > 0);
[18:14:39.215]        // -> [isProduction <= 0x00000001]
[18:14:39.215]    </block>
[18:14:39.215]    <control if="!isMSPM0G1X0X_G3X0X" while="" timeout="0" info="">
[18:14:39.215]      // if-block "!isMSPM0G1X0X_G3X0X"
[18:14:39.215]        // =>  FALSE
[18:14:39.215]      // skip if-block "!isMSPM0G1X0X_G3X0X"
[18:14:39.215]    </control>
[18:14:39.215]    <control if="continueId == 4" while="" timeout="0" info="">
[18:14:39.215]      // if-block "continueId == 4"
[18:14:39.215]        // =>  FALSE
[18:14:39.215]      // skip if-block "continueId == 4"
[18:14:39.215]    </control>
[18:14:39.215]    <control if="!isProduction" while="" timeout="0" info="">
[18:14:39.215]      // if-block "!isProduction"
[18:14:39.215]        // =>  FALSE
[18:14:39.215]      // skip if-block "!isProduction"
[18:14:39.215]    </control>
[18:14:39.215]  </sequence>
[18:14:39.218]  
[18:17:52.044]  **********  Sequence "DebugPortSetup"  (Context="Connect", Pname="", info="")
[18:17:52.044]  
[18:17:52.050]  <debugvars>
[18:17:52.050]    // Pre-defined
[18:17:52.050]    __protocol=0x00010002      (Protocol="SWD", SWJ-DP="True")
[18:17:52.050]    __connection=0x00000202    (Connection Type="Flash", Reset Type="System Reset")
[18:17:52.050]    __dp=0x00000000
[18:17:52.050]    __ap=0x00000000
[18:17:52.050]    __traceout=0x00000000      (Trace Disabled)
[18:17:52.050]    __errorcontrol=0x00000000  (Skip Errors="False")
[18:17:52.050]    __FlashAddr=0x00000000
[18:17:52.050]    __FlashLen=0x00000000
[18:17:52.050]    __FlashArg=0x00000000
[18:17:52.050]    __FlashOp=0x00000000
[18:17:52.050]    __Result=0x00000000
[18:17:52.050]  </debugvars>
[18:17:52.050]  
[18:17:52.050]  <sequence name="DebugPortSetup" Pname="" disable="false" info="">
[18:17:52.050]    <block atomic="false" info="">
[18:17:52.050]      __var isSWJ      = ((__protocol & 0x00010000) != 0);
[18:17:52.050]        // -> [isSWJ <= 0x00000001]
[18:17:52.050]      __var hasDormant = __protocol & 0x00020000;
[18:17:52.050]        // -> [hasDormant <= 0x00000000]
[18:17:52.050]      __var protType   = __protocol & 0x0000FFFF;
[18:17:52.050]        // -> [protType <= 0x00000002]
[18:17:52.050]    </block>
[18:17:52.050]    <control if="protType == 1" while="" timeout="0" info="">
[18:17:52.050]      // if-block "protType == 1"
[18:17:52.050]        // =>  FALSE
[18:17:52.050]      // skip if-block "protType == 1"
[18:17:52.050]    </control>
[18:17:52.050]    <control if="protType == 2" while="" timeout="0" info="">
[18:17:52.050]      // if-block "protType == 2"
[18:17:52.050]        // =>  TRUE
[18:17:52.050]      <control if="isSWJ" while="" timeout="0" info="">
[18:17:52.050]        // if-block "isSWJ"
[18:17:52.050]          // =>  TRUE
[18:17:52.050]        <control if="hasDormant" while="" timeout="0" info="">
[18:17:52.055]          // if-block "hasDormant"
[18:17:52.055]            // =>  FALSE
[18:17:52.055]          // skip if-block "hasDormant"
[18:17:52.055]        </control>
[18:17:52.055]        <control if="!hasDormant" while="" timeout="0" info="">
[18:17:52.055]          // if-block "!hasDormant"
[18:17:52.055]            // =>  TRUE
[18:17:52.055]          <block atomic="false" info="">
[18:17:52.055]            DAP_SWJ_Sequence(51, 0x0007FFFFFFFFFFFF); //lets put the JTAG line in a reset state
[18:17:52.058]              // -> [DAP_SWJ_Sequence(51, 0x0007FFFFFFFFFFFF)]
[18:17:52.058]            DAP_SWJ_Sequence(16,0xE73C); //SWD to JTAG, this is to ensure the state machine is initialized
[18:17:52.059]              // -> [DAP_SWJ_Sequence(16, 0x000000000000E73C)]
[18:17:52.059]            DAP_SWJ_Sequence(51, 0x0007FFFFFFFFFFFF); //Put it back in reset
[18:17:52.061]              // -> [DAP_SWJ_Sequence(51, 0x0007FFFFFFFFFFFF)]
[18:17:52.061]            DAP_SWJ_Sequence(16, 0xE79E); //JTAG to SWD switch
[18:17:52.061]              // -> [DAP_SWJ_Sequence(16, 0x000000000000E79E)]
[18:17:52.061]            DAP_SWJ_Sequence(51, 0x0007FFFFFFFFFFFF);  //Ensure the switch is successful 
[18:17:52.066]              // -> [DAP_SWJ_Sequence(51, 0x0007FFFFFFFFFFFF)]
[18:17:52.066]            DAP_SWJ_Sequence(7,  0x00); //Give the line some time to initialize
[18:17:52.066]              // -> [DAP_SWJ_Sequence(7, 0x0000000000000000)]
[18:17:52.066]          </block>
[18:17:52.066]          // end if-block "!hasDormant"
[18:17:52.066]        </control>
[18:17:52.066]        // end if-block "isSWJ"
[18:17:52.066]      </control>
[18:17:52.066]      <control if="!isSWJ" while="" timeout="0" info="">
[18:17:52.066]        // if-block "!isSWJ"
[18:17:52.066]          // =>  FALSE
[18:17:52.066]        // skip if-block "!isSWJ"
[18:17:52.066]      </control>
[18:17:52.066]      <block atomic="false" info="">
[18:17:52.066]        ReadDP(0x0);
[18:17:52.072]          // -> [ReadDP(0x00000000) => 0x6BA02477]   (__dp=0x00000000)
[18:17:52.072]      </block>
[18:17:52.072]      // end if-block "protType == 2"
[18:17:52.072]    </control>
[18:17:52.073]  </sequence>
[18:17:52.073]  
[18:17:52.075]  **********  Sequence "DebugPortStart"  (Context="Connect", Pname="", info="")
[18:17:52.075]  
[18:17:52.075]  <debugvars>
[18:17:52.075]    // Pre-defined
[18:17:52.075]    __protocol=0x00010002      (Protocol="SWD", SWJ-DP="True")
[18:17:52.075]    __connection=0x00000202    (Connection Type="Flash", Reset Type="System Reset")
[18:17:52.075]    __dp=0x00000000
[18:17:52.075]    __ap=0x00000000
[18:17:52.075]    __traceout=0x00000000      (Trace Disabled)
[18:17:52.075]    __errorcontrol=0x00000000  (Skip Errors="False")
[18:17:52.075]    __FlashAddr=0x00000000
[18:17:52.075]    __FlashLen=0x00000000
[18:17:52.075]    __FlashArg=0x00000000
[18:17:52.075]    __FlashOp=0x00000000
[18:17:52.075]    __Result=0x00000000
[18:17:52.075]  </debugvars>
[18:17:52.075]  
[18:17:52.075]  <sequence name="DebugPortStart" Pname="" disable="false" info="">
[18:17:52.075]    <block atomic="false" info="">
[18:17:52.075]      __var SW_DP_ABORT       = 0x0;
[18:17:52.075]        // -> [SW_DP_ABORT <= 0x00000000]
[18:17:52.075]      __var DP_CTRL_STAT      = 0x4;
[18:17:52.075]        // -> [DP_CTRL_STAT <= 0x00000004]
[18:17:52.075]      __var DP_SELECT         = 0x8;
[18:17:52.075]        // -> [DP_SELECT <= 0x00000008]
[18:17:52.075]      __var powered_down      = 0;
[18:17:52.075]        // -> [powered_down <= 0x00000000]
[18:17:52.075]      WriteDP(DP_SELECT, 0x00000000);
[18:17:52.081]        // -> [WriteDP(0x00000008, 0x00000000)]   (__dp=0x00000000)
[18:17:52.082]      powered_down = ((ReadDP(DP_CTRL_STAT) & 0xA0000000) != 0xA0000000);
[18:17:52.083]        // -> [ReadDP(0x00000004) => 0x00000040]   (__dp=0x00000000)
[18:17:52.083]        // -> [powered_down <= 0x00000001]
[18:17:52.083]    </block>
[18:17:52.083]    <control if="powered_down" while="" timeout="0" info="">
[18:17:52.083]      // if-block "powered_down"
[18:17:52.083]        // =>  TRUE
[18:17:52.083]      <block atomic="false" info="">
[18:17:52.083]        Message(0, "Debug/System power-up request sent");
[18:17:52.086]        WriteDP(DP_CTRL_STAT, 0x50000000);
[18:17:52.086]          // -> [WriteDP(0x00000004, 0x50000000)]   (__dp=0x00000000)
[18:17:52.086]      </block>
[18:17:52.086]      <control if="" while="(ReadDP(DP_CTRL_STAT) & 0xA0000000) != 0xA0000000" timeout="1000000" info="">
[18:17:52.086]        // while "(ReadDP(DP_CTRL_STAT) & 0xA0000000) != 0xA0000000"  (timeout="1000000")
[18:17:52.092]          // -> [ReadDP(0x00000004) => 0xF0000040]   (__dp=0x00000000)
[18:17:52.092]        // while-condition  =>  FALSE
[18:17:52.092]        // end while "(ReadDP(DP_CTRL_STAT) & 0xA0000000) != 0xA0000000"
[18:17:52.093]      </control>
[18:17:52.093]      <control if="(__protocol & 0xFFFF) == 1" while="" timeout="0" info="">
[18:17:52.093]        // if-block "(__protocol & 0xFFFF) == 1"
[18:17:52.093]          // =>  FALSE
[18:17:52.093]        // skip if-block "(__protocol & 0xFFFF) == 1"
[18:17:52.093]      </control>
[18:17:52.093]      <control if="(__protocol & 0xFFFF) == 2" while="" timeout="0" info="">
[18:17:52.093]        // if-block "(__protocol & 0xFFFF) == 2"
[18:17:52.093]          // =>  TRUE
[18:17:52.093]        <block atomic="false" info="">
[18:17:52.093]          Message(0, "executing SWD power up");
[18:17:52.093]          WriteDP(DP_CTRL_STAT, 0x50000F00);
[18:17:52.096]            // -> [WriteDP(0x00000004, 0x50000F00)]   (__dp=0x00000000)
[18:17:52.097]          WriteDP(SW_DP_ABORT, 0x0000001E);
[18:17:52.097]            // -> [WriteDP(0x00000000, 0x0000001E)]   (__dp=0x00000000)
[18:17:52.097]        </block>
[18:17:52.097]        // end if-block "(__protocol & 0xFFFF) == 2"
[18:17:52.097]      </control>
[18:17:52.097]      // end if-block "powered_down"
[18:17:52.097]    </control>
[18:17:52.097]    <block atomic="false" info="">
[18:17:52.097]      __var DEBUG_PORT_VAL    = 0;
[18:17:52.097]        // -> [DEBUG_PORT_VAL <= 0x00000000]
[18:17:52.097]      __var ACCESS_POINT_VAL  = 0;
[18:17:52.097]        // -> [ACCESS_POINT_VAL <= 0x00000000]
[18:17:52.097]      __ap = 1; 
[18:17:52.097]        // -> [__ap <= 0x00000001]
[18:17:52.097]      WriteAP(0x0C, 0x04); //lets use the mini pwr-ap as backup
[18:17:52.104]        // -> [WriteAP(0x0000000C, 0x00000004)]   (__dp=0x00000000, __ap=0x00000001)
[18:17:52.104]      __ap = 4;
[18:17:52.104]        // -> [__ap <= 0x00000004]
[18:17:52.104]      ACCESS_POINT_VAL = ReadAP(0x00);//Reading current state of access point
[18:17:52.107]        // -> [ReadAP(0x00000000) => 0x00080027]   (__dp=0x00000000, __ap=0x00000004)
[18:17:52.107]        // -> [ACCESS_POINT_VAL <= 0x00080027]
[18:17:52.107]      Message(0, "Current state of access point is: %x",ACCESS_POINT_VAL);
[18:17:52.107]    </block>
[18:17:52.107]    <block atomic="false" info="">
[18:17:52.107]      __var nReset = 0x80;
[18:17:52.107]        // -> [nReset <= 0x00000080]
[18:17:52.107]      __var canReadPins = 0;
[18:17:52.112]        // -> [canReadPins <= 0x00000000]
[18:17:52.112]      canReadPins = (DAP_SWJ_Pins(0x00, nReset, 0) != 0xFFFFFFFF);
[18:17:52.112]        // -> [DAP_SWJ_Pins(0x00, 0x80, 0) => 0x0F]   (Out: nRESET=0  =>  In: SWCLK/TCK=1, SWDIO/TMS=1, TDI=1, TDO=1, nTRST=0, nRESET=0)
[18:17:52.112]        // -> [canReadPins <= 0x00000001]
[18:17:52.112]    </block>
[18:17:52.112]    <control if="" while="1" timeout="200" info="">
[18:17:52.112]      // while "1"  (timeout="200")
[18:17:52.112]      // while-condition  =>  TRUE
[18:17:52.112]      // while "1"  (timeout="200")
[18:17:52.112]      // while-condition  =>  TRUE
[18:17:52.112]      // while "1"  (timeout="200")
[18:17:52.112]      // while-condition  =>  TRUE
[18:17:52.112]      // while "1"  (timeout="200")
[18:17:52.112]      // while-condition  =>  TRUE
[18:17:52.112]      // while "1"  (timeout="200")
[18:17:52.112]      // while-condition  =>  TRUE
[18:17:52.112]      // while "1"  (timeout="200")
[18:17:52.112]      // while-condition  =>  TRUE
[18:17:52.112]      // while "1"  (timeout="200")
[18:17:52.112]      // while-condition  =>  TRUE
[18:17:52.112]      // while "1"  (timeout="200")
[18:17:52.112]      // while-condition  =>  TRUE
[18:17:52.112]      // while "1"  (timeout="200")
[18:17:52.112]      // while-condition  =>  TRUE
[18:17:52.112]      // while "1"  (timeout="200")
[18:17:52.112]      // while-condition  =>  TRUE
[18:17:52.112]      // while "1"  (timeout="200")
[18:17:52.112]      // while-condition  =>  TRUE
[18:17:52.112]      // while "1"  (timeout="200")
[18:17:52.117]      // while-condition  =>  TRUE
[18:17:52.117]      // while "1"  (timeout="200")
[18:17:52.117]      // while-condition  =>  TRUE
[18:17:52.117]      // while "1"  (timeout="200")
[18:17:52.117]      // while-condition  =>  TRUE
[18:17:52.117]      // while "1"  (timeout="200")
[18:17:52.117]      // while-condition  =>  TRUE
[18:17:52.117]      // while "1"  (timeout="200")
[18:17:52.117]      // while-condition  =>  TRUE
[18:17:52.117]      // while "1"  (timeout="200")
[18:17:52.117]      // while-condition  =>  TRUE
[18:17:52.117]      // while "1"  (timeout="200")
[18:17:52.117]      // while-condition  =>  TRUE
[18:17:52.117]      // while "1"  (timeout="200")
[18:17:52.117]      // while-condition  =>  TRUE
[18:17:52.117]      // while "1"  (timeout="200")
[18:17:52.117]      // while-condition  =>  TRUE
[18:17:52.117]      // while "1"  (timeout="200")
[18:17:52.117]      // while-condition  =>  TRUE
[18:17:52.117]      // while "1"  (timeout="200")
[18:17:52.117]      // while-condition  =>  TRUE
[18:17:52.117]      // while "1"  (timeout="200")
[18:17:52.117]      // while-condition  =>  TRUE
[18:17:52.117]      // while "1"  (timeout="200")
[18:17:52.117]      // while-condition  =>  TRUE
[18:17:52.117]      // while "1"  (timeout="200")
[18:17:52.117]      // while-condition  =>  TRUE
[18:17:52.117]      // while "1"  (timeout="200")
[18:17:52.117]      // while-condition  =>  TRUE
[18:17:52.117]      // while "1"  (timeout="200")
[18:17:52.117]      // while-condition  =>  TRUE
[18:17:52.117]      // while "1"  (timeout="200")
[18:17:52.117]      // while-condition  =>  TRUE
[18:17:52.117]      // while "1"  (timeout="200")
[18:17:52.117]      // while-condition  =>  TRUE
[18:17:52.121]      // while "1"  (timeout="200")
[18:17:52.121]      // while  =>  TIMEOUT
[18:17:52.121]      // end while "1"
[18:17:52.121]    </control>
[18:17:52.121]    <control if="canReadPins" while="" timeout="0" info="">
[18:17:52.121]      // if-block "canReadPins"
[18:17:52.122]        // =>  TRUE
[18:17:52.122]      <control if="" while="(DAP_SWJ_Pins(nReset, nReset, 0) & nReset) == 0" timeout="1000000" info="">
[18:17:52.122]        // while "(DAP_SWJ_Pins(nReset, nReset, 0) & nReset) == 0"  (timeout="1000000")
[18:17:52.122]          // -> [DAP_SWJ_Pins(0x80, 0x80, 0) => 0x8F]   (Out: nRESET=1  =>  In: SWCLK/TCK=1, SWDIO/TMS=1, TDI=1, TDO=1, nTRST=0, nRESET=1)
[18:17:52.122]        // while-condition  =>  FALSE
[18:17:52.122]        // end while "(DAP_SWJ_Pins(nReset, nReset, 0) & nReset) == 0"
[18:17:52.122]      </control>
[18:17:52.122]      // end if-block "canReadPins"
[18:17:52.122]    </control>
[18:17:52.122]    <control if="!canReadPins" while="" timeout="0" info="">
[18:17:52.122]      // if-block "!canReadPins"
[18:17:52.122]        // =>  FALSE
[18:17:52.122]      // skip if-block "!canReadPins"
[18:17:52.122]    </control>
[18:17:52.122]    <control if="(ACCESS_POINT_VAL & 0x00E00000) == 0" while="" timeout="0" info="">
[18:17:52.122]      // if-block "(ACCESS_POINT_VAL & 0x00E00000) == 0"
[18:17:52.122]        // =>  TRUE
[18:17:52.122]      <block atomic="false" info="">
[18:17:52.122]        WriteAP(0x00, 0x190008);
[18:17:52.129]          // -> [WriteAP(0x00000000, 0x00190008)]   (__dp=0x00000000, __ap=0x00000004)
[18:17:52.129]        WriteAP(0xF0, 0x01);
[18:17:52.131]          // -> [WriteAP(0x000000F0, 0x00000001)]   (__dp=0x00000000, __ap=0x00000004)
[18:17:52.133]      </block>
[18:17:52.133]      // end if-block "(ACCESS_POINT_VAL & 0x00E00000) == 0"
[18:17:52.133]    </control>
[18:17:52.133]    <control if="(ACCESS_POINT_VAL & 0x00E00000) != 0" while="" timeout="0" info="">
[18:17:52.133]      // if-block "(ACCESS_POINT_VAL & 0x00E00000) != 0"
[18:17:52.133]        // =>  FALSE
[18:17:52.133]      // skip if-block "(ACCESS_POINT_VAL & 0x00E00000) != 0"
[18:17:52.133]    </control>
[18:17:52.133]    <block atomic="false" info="">
[18:17:52.133]      ACCESS_POINT_VAL = ReadAP(0x00);//Reading current state of access point
[18:17:52.138]        // -> [ReadAP(0x00000000) => 0x0079002F]   (__dp=0x00000000, __ap=0x00000004)
[18:17:52.138]        // -> [ACCESS_POINT_VAL <= 0x0079002F]
[18:17:52.138]      Message(0, "Current state of access point is: %x",ACCESS_POINT_VAL);
[18:17:52.140]      __ap = 0; //lets make sure we reset the access point selection
[18:17:52.140]        // -> [__ap <= 0x00000000]
[18:17:52.140]    </block>
[18:17:52.140]  </sequence>
[18:17:52.140]  
[18:17:52.159]  **********  Sequence "DebugDeviceUnlock"  (Context="Connect", Pname="", info="")
[18:17:52.159]  
[18:17:52.159]  <debugvars>
[18:17:52.159]    // Pre-defined
[18:17:52.159]    __protocol=0x00010002      (Protocol="SWD", SWJ-DP="True")
[18:17:52.159]    __connection=0x00000202    (Connection Type="Flash", Reset Type="System Reset")
[18:17:52.159]    __dp=0x00000000
[18:17:52.159]    __ap=0x00000000
[18:17:52.159]    __traceout=0x00000000      (Trace Disabled)
[18:17:52.159]    __errorcontrol=0x00000000  (Skip Errors="False")
[18:17:52.159]    __FlashAddr=0x00000000
[18:17:52.159]    __FlashLen=0x00000000
[18:17:52.159]    __FlashArg=0x00000000
[18:17:52.159]    __FlashOp=0x00000000
[18:17:52.159]    __Result=0x00000000
[18:17:52.159]  </debugvars>
[18:17:52.159]  
[18:17:52.159]  <sequence name="DebugDeviceUnlock" Pname="" disable="false" info="">
[18:17:52.159]    <block atomic="false" info="">
[18:17:52.159]      __var deviceID = 0;
[18:17:52.159]        // -> [deviceID <= 0x00000000]
[18:17:52.159]      __var version = 0;
[18:17:52.159]        // -> [version <= 0x00000000]
[18:17:52.159]      __var partNum = 0;
[18:17:52.159]        // -> [partNum <= 0x00000000]
[18:17:52.159]      __var manuf = 0;
[18:17:52.159]        // -> [manuf <= 0x00000000]
[18:17:52.159]      __var isMSPM0G1X0X_G3X0X = 0;
[18:17:52.164]        // -> [isMSPM0G1X0X_G3X0X <= 0x00000000]
[18:17:52.164]      __var isProduction = 0;
[18:17:52.164]        // -> [isProduction <= 0x00000000]
[18:17:52.164]      __var continueId = 0;
[18:17:52.164]        // -> [continueId <= 0x00000000]
[18:17:52.164]      deviceID =   Read32(0x41C40004);
[18:17:52.171]        // -> [Read32(0x41C40004) => 0x2BB8802F]   (__dp=0x00000000, __ap=0x00000000)
[18:17:52.171]        // -> [deviceID <= 0x2BB8802F]
[18:17:52.171]      version = deviceID >> 28;
[18:17:52.171]        // -> [version <= 0x00000002]
[18:17:52.171]      partNum = (deviceID & 0x0FFFF000) >> 12;
[18:17:52.171]        // -> [partNum <= 0x0000BB88]
[18:17:52.171]      manuf = (deviceID & 0x00000FFE) >> 1;
[18:17:52.171]        // -> [manuf <= 0x00000017]
[18:17:52.171]      isMSPM0G1X0X_G3X0X = (partNum == 0xBB88) && (manuf == 0x17);
[18:17:52.171]        // -> [isMSPM0G1X0X_G3X0X <= 0x00000001]
[18:17:52.171]      isProduction = (version > 0);
[18:17:52.171]        // -> [isProduction <= 0x00000001]
[18:17:52.171]    </block>
[18:17:52.171]    <control if="!isMSPM0G1X0X_G3X0X" while="" timeout="0" info="">
[18:17:52.171]      // if-block "!isMSPM0G1X0X_G3X0X"
[18:17:52.171]        // =>  FALSE
[18:17:52.171]      // skip if-block "!isMSPM0G1X0X_G3X0X"
[18:17:52.171]    </control>
[18:17:52.171]    <control if="continueId == 4" while="" timeout="0" info="">
[18:17:52.171]      // if-block "continueId == 4"
[18:17:52.171]        // =>  FALSE
[18:17:52.171]      // skip if-block "continueId == 4"
[18:17:52.175]    </control>
[18:17:52.175]    <control if="!isProduction" while="" timeout="0" info="">
[18:17:52.175]      // if-block "!isProduction"
[18:17:52.175]        // =>  FALSE
[18:17:52.175]      // skip if-block "!isProduction"
[18:17:52.175]    </control>
[18:17:52.175]  </sequence>
[18:17:52.175]  
[18:20:46.350]  **********  Sequence "DebugPortSetup"  (Context="Connect", Pname="", info="")
[18:20:46.350]  
[18:20:46.351]  <debugvars>
[18:20:46.351]    // Pre-defined
[18:20:46.351]    __protocol=0x00010002      (Protocol="SWD", SWJ-DP="True")
[18:20:46.351]    __connection=0x00000202    (Connection Type="Flash", Reset Type="System Reset")
[18:20:46.351]    __dp=0x00000000
[18:20:46.351]    __ap=0x00000000
[18:20:46.351]    __traceout=0x00000000      (Trace Disabled)
[18:20:46.351]    __errorcontrol=0x00000000  (Skip Errors="False")
[18:20:46.351]    __FlashAddr=0x00000000
[18:20:46.351]    __FlashLen=0x00000000
[18:20:46.351]    __FlashArg=0x00000000
[18:20:46.351]    __FlashOp=0x00000000
[18:20:46.351]    __Result=0x00000000
[18:20:46.351]  </debugvars>
[18:20:46.351]  
[18:20:46.351]  <sequence name="DebugPortSetup" Pname="" disable="false" info="">
[18:20:46.351]    <block atomic="false" info="">
[18:20:46.351]      __var isSWJ      = ((__protocol & 0x00010000) != 0);
[18:20:46.351]        // -> [isSWJ <= 0x00000001]
[18:20:46.351]      __var hasDormant = __protocol & 0x00020000;
[18:20:46.351]        // -> [hasDormant <= 0x00000000]
[18:20:46.351]      __var protType   = __protocol & 0x0000FFFF;
[18:20:46.351]        // -> [protType <= 0x00000002]
[18:20:46.355]    </block>
[18:20:46.355]    <control if="protType == 1" while="" timeout="0" info="">
[18:20:46.355]      // if-block "protType == 1"
[18:20:46.355]        // =>  FALSE
[18:20:46.355]      // skip if-block "protType == 1"
[18:20:46.355]    </control>
[18:20:46.355]    <control if="protType == 2" while="" timeout="0" info="">
[18:20:46.355]      // if-block "protType == 2"
[18:20:46.355]        // =>  TRUE
[18:20:46.355]      <control if="isSWJ" while="" timeout="0" info="">
[18:20:46.355]        // if-block "isSWJ"
[18:20:46.355]          // =>  TRUE
[18:20:46.355]        <control if="hasDormant" while="" timeout="0" info="">
[18:20:46.355]          // if-block "hasDormant"
[18:20:46.355]            // =>  FALSE
[18:20:46.355]          // skip if-block "hasDormant"
[18:20:46.355]        </control>
[18:20:46.355]        <control if="!hasDormant" while="" timeout="0" info="">
[18:20:46.355]          // if-block "!hasDormant"
[18:20:46.355]            // =>  TRUE
[18:20:46.355]          <block atomic="false" info="">
[18:20:46.355]            DAP_SWJ_Sequence(51, 0x0007FFFFFFFFFFFF); //lets put the JTAG line in a reset state
[18:20:46.355]              // -> [DAP_SWJ_Sequence(51, 0x0007FFFFFFFFFFFF)]
[18:20:46.355]            DAP_SWJ_Sequence(16,0xE73C); //SWD to JTAG, this is to ensure the state machine is initialized
[18:20:46.360]              // -> [DAP_SWJ_Sequence(16, 0x000000000000E73C)]
[18:20:46.360]            DAP_SWJ_Sequence(51, 0x0007FFFFFFFFFFFF); //Put it back in reset
[18:20:46.360]              // -> [DAP_SWJ_Sequence(51, 0x0007FFFFFFFFFFFF)]
[18:20:46.360]            DAP_SWJ_Sequence(16, 0xE79E); //JTAG to SWD switch
[18:20:46.365]              // -> [DAP_SWJ_Sequence(16, 0x000000000000E79E)]
[18:20:46.365]            DAP_SWJ_Sequence(51, 0x0007FFFFFFFFFFFF);  //Ensure the switch is successful 
[18:20:46.365]              // -> [DAP_SWJ_Sequence(51, 0x0007FFFFFFFFFFFF)]
[18:20:46.365]            DAP_SWJ_Sequence(7,  0x00); //Give the line some time to initialize
[18:20:46.365]              // -> [DAP_SWJ_Sequence(7, 0x0000000000000000)]
[18:20:46.365]          </block>
[18:20:46.365]          // end if-block "!hasDormant"
[18:20:46.365]        </control>
[18:20:46.365]        // end if-block "isSWJ"
[18:20:46.370]      </control>
[18:20:46.370]      <control if="!isSWJ" while="" timeout="0" info="">
[18:20:46.370]        // if-block "!isSWJ"
[18:20:46.370]          // =>  FALSE
[18:20:46.370]        // skip if-block "!isSWJ"
[18:20:46.370]      </control>
[18:20:46.370]      <block atomic="false" info="">
[18:20:46.370]        ReadDP(0x0);
[18:20:46.372]          // -> [ReadDP(0x00000000) => 0x6BA02477]   (__dp=0x00000000)
[18:20:46.372]      </block>
[18:20:46.372]      // end if-block "protType == 2"
[18:20:46.372]    </control>
[18:20:46.372]  </sequence>
[18:20:46.372]  
[18:20:46.378]  **********  Sequence "DebugPortStart"  (Context="Connect", Pname="", info="")
[18:20:46.378]  
[18:20:46.378]  <debugvars>
[18:20:46.378]    // Pre-defined
[18:20:46.378]    __protocol=0x00010002      (Protocol="SWD", SWJ-DP="True")
[18:20:46.378]    __connection=0x00000202    (Connection Type="Flash", Reset Type="System Reset")
[18:20:46.378]    __dp=0x00000000
[18:20:46.378]    __ap=0x00000000
[18:20:46.378]    __traceout=0x00000000      (Trace Disabled)
[18:20:46.378]    __errorcontrol=0x00000000  (Skip Errors="False")
[18:20:46.378]    __FlashAddr=0x00000000
[18:20:46.378]    __FlashLen=0x00000000
[18:20:46.378]    __FlashArg=0x00000000
[18:20:46.378]    __FlashOp=0x00000000
[18:20:46.378]    __Result=0x00000000
[18:20:46.378]  </debugvars>
[18:20:46.378]  
[18:20:46.378]  <sequence name="DebugPortStart" Pname="" disable="false" info="">
[18:20:46.378]    <block atomic="false" info="">
[18:20:46.378]      __var SW_DP_ABORT       = 0x0;
[18:20:46.378]        // -> [SW_DP_ABORT <= 0x00000000]
[18:20:46.378]      __var DP_CTRL_STAT      = 0x4;
[18:20:46.378]        // -> [DP_CTRL_STAT <= 0x00000004]
[18:20:46.378]      __var DP_SELECT         = 0x8;
[18:20:46.380]        // -> [DP_SELECT <= 0x00000008]
[18:20:46.380]      __var powered_down      = 0;
[18:20:46.380]        // -> [powered_down <= 0x00000000]
[18:20:46.380]      WriteDP(DP_SELECT, 0x00000000);
[18:20:46.382]        // -> [WriteDP(0x00000008, 0x00000000)]   (__dp=0x00000000)
[18:20:46.384]      powered_down = ((ReadDP(DP_CTRL_STAT) & 0xA0000000) != 0xA0000000);
[18:20:46.384]        // -> [ReadDP(0x00000004) => 0x00000040]   (__dp=0x00000000)
[18:20:46.384]        // -> [powered_down <= 0x00000001]
[18:20:46.386]    </block>
[18:20:46.386]    <control if="powered_down" while="" timeout="0" info="">
[18:20:46.386]      // if-block "powered_down"
[18:20:46.386]        // =>  TRUE
[18:20:46.386]      <block atomic="false" info="">
[18:20:46.386]        Message(0, "Debug/System power-up request sent");
[18:20:46.387]        WriteDP(DP_CTRL_STAT, 0x50000000);
[18:20:46.389]          // -> [WriteDP(0x00000004, 0x50000000)]   (__dp=0x00000000)
[18:20:46.389]      </block>
[18:20:46.389]      <control if="" while="(ReadDP(DP_CTRL_STAT) & 0xA0000000) != 0xA0000000" timeout="1000000" info="">
[18:20:46.389]        // while "(ReadDP(DP_CTRL_STAT) & 0xA0000000) != 0xA0000000"  (timeout="1000000")
[18:20:46.391]          // -> [ReadDP(0x00000004) => 0xF0000040]   (__dp=0x00000000)
[18:20:46.391]        // while-condition  =>  FALSE
[18:20:46.391]        // end while "(ReadDP(DP_CTRL_STAT) & 0xA0000000) != 0xA0000000"
[18:20:46.391]      </control>
[18:20:46.391]      <control if="(__protocol & 0xFFFF) == 1" while="" timeout="0" info="">
[18:20:46.391]        // if-block "(__protocol & 0xFFFF) == 1"
[18:20:46.391]          // =>  FALSE
[18:20:46.391]        // skip if-block "(__protocol & 0xFFFF) == 1"
[18:20:46.391]      </control>
[18:20:46.391]      <control if="(__protocol & 0xFFFF) == 2" while="" timeout="0" info="">
[18:20:46.391]        // if-block "(__protocol & 0xFFFF) == 2"
[18:20:46.391]          // =>  TRUE
[18:20:46.391]        <block atomic="false" info="">
[18:20:46.391]          Message(0, "executing SWD power up");
[18:20:46.391]          WriteDP(DP_CTRL_STAT, 0x50000F00);
[18:20:46.396]            // -> [WriteDP(0x00000004, 0x50000F00)]   (__dp=0x00000000)
[18:20:46.396]          WriteDP(SW_DP_ABORT, 0x0000001E);
[18:20:46.397]            // -> [WriteDP(0x00000000, 0x0000001E)]   (__dp=0x00000000)
[18:20:46.397]        </block>
[18:20:46.397]        // end if-block "(__protocol & 0xFFFF) == 2"
[18:20:46.397]      </control>
[18:20:46.397]      // end if-block "powered_down"
[18:20:46.397]    </control>
[18:20:46.397]    <block atomic="false" info="">
[18:20:46.397]      __var DEBUG_PORT_VAL    = 0;
[18:20:46.397]        // -> [DEBUG_PORT_VAL <= 0x00000000]
[18:20:46.397]      __var ACCESS_POINT_VAL  = 0;
[18:20:46.400]        // -> [ACCESS_POINT_VAL <= 0x00000000]
[18:20:46.400]      __ap = 1; 
[18:20:46.400]        // -> [__ap <= 0x00000001]
[18:20:46.400]      WriteAP(0x0C, 0x04); //lets use the mini pwr-ap as backup
[18:20:46.403]        // -> [WriteAP(0x0000000C, 0x00000004)]   (__dp=0x00000000, __ap=0x00000001)
[18:20:46.403]      __ap = 4;
[18:20:46.403]        // -> [__ap <= 0x00000004]
[18:20:46.403]      ACCESS_POINT_VAL = ReadAP(0x00);//Reading current state of access point
[18:20:46.407]        // -> [ReadAP(0x00000000) => 0x00080027]   (__dp=0x00000000, __ap=0x00000004)
[18:20:46.407]        // -> [ACCESS_POINT_VAL <= 0x00080027]
[18:20:46.407]      Message(0, "Current state of access point is: %x",ACCESS_POINT_VAL);
[18:20:46.411]    </block>
[18:20:46.411]    <block atomic="false" info="">
[18:20:46.411]      __var nReset = 0x80;
[18:20:46.411]        // -> [nReset <= 0x00000080]
[18:20:46.411]      __var canReadPins = 0;
[18:20:46.411]        // -> [canReadPins <= 0x00000000]
[18:20:46.411]      canReadPins = (DAP_SWJ_Pins(0x00, nReset, 0) != 0xFFFFFFFF);
[18:20:46.411]        // -> [DAP_SWJ_Pins(0x00, 0x80, 0) => 0x0F]   (Out: nRESET=0  =>  In: SWCLK/TCK=1, SWDIO/TMS=1, TDI=1, TDO=1, nTRST=0, nRESET=0)
[18:20:46.411]        // -> [canReadPins <= 0x00000001]
[18:20:46.411]    </block>
[18:20:46.411]    <control if="" while="1" timeout="200" info="">
[18:20:46.411]      // while "1"  (timeout="200")
[18:20:46.411]      // while-condition  =>  TRUE
[18:20:46.411]      // while "1"  (timeout="200")
[18:20:46.411]      // while-condition  =>  TRUE
[18:20:46.411]      // while "1"  (timeout="200")
[18:20:46.411]      // while-condition  =>  TRUE
[18:20:46.411]      // while "1"  (timeout="200")
[18:20:46.411]      // while-condition  =>  TRUE
[18:20:46.416]      // while "1"  (timeout="200")
[18:20:46.416]      // while  =>  TIMEOUT
[18:20:46.416]      // end while "1"
[18:20:46.416]    </control>
[18:20:46.416]    <control if="canReadPins" while="" timeout="0" info="">
[18:20:46.416]      // if-block "canReadPins"
[18:20:46.416]        // =>  TRUE
[18:20:46.416]      <control if="" while="(DAP_SWJ_Pins(nReset, nReset, 0) & nReset) == 0" timeout="1000000" info="">
[18:20:46.416]        // while "(DAP_SWJ_Pins(nReset, nReset, 0) & nReset) == 0"  (timeout="1000000")
[18:20:46.416]          // -> [DAP_SWJ_Pins(0x80, 0x80, 0) => 0x8F]   (Out: nRESET=1  =>  In: SWCLK/TCK=1, SWDIO/TMS=1, TDI=1, TDO=1, nTRST=0, nRESET=1)
[18:20:46.416]        // while-condition  =>  FALSE
[18:20:46.416]        // end while "(DAP_SWJ_Pins(nReset, nReset, 0) & nReset) == 0"
[18:20:46.416]      </control>
[18:20:46.416]      // end if-block "canReadPins"
[18:20:46.416]    </control>
[18:20:46.416]    <control if="!canReadPins" while="" timeout="0" info="">
[18:20:46.416]      // if-block "!canReadPins"
[18:20:46.416]        // =>  FALSE
[18:20:46.416]      // skip if-block "!canReadPins"
[18:20:46.416]    </control>
[18:20:46.416]    <control if="(ACCESS_POINT_VAL & 0x00E00000) == 0" while="" timeout="0" info="">
[18:20:46.416]      // if-block "(ACCESS_POINT_VAL & 0x00E00000) == 0"
[18:20:46.416]        // =>  TRUE
[18:20:46.416]      <block atomic="false" info="">
[18:20:46.421]        WriteAP(0x00, 0x190008);
[18:20:46.421]          // -> [WriteAP(0x00000000, 0x00190008)]   (__dp=0x00000000, __ap=0x00000004)
[18:20:46.421]        WriteAP(0xF0, 0x01);
[18:20:46.428]          // -> [WriteAP(0x000000F0, 0x00000001)]   (__dp=0x00000000, __ap=0x00000004)
[18:20:46.428]      </block>
[18:20:46.428]      // end if-block "(ACCESS_POINT_VAL & 0x00E00000) == 0"
[18:20:46.428]    </control>
[18:20:46.428]    <control if="(ACCESS_POINT_VAL & 0x00E00000) != 0" while="" timeout="0" info="">
[18:20:46.428]      // if-block "(ACCESS_POINT_VAL & 0x00E00000) != 0"
[18:20:46.428]        // =>  FALSE
[18:20:46.428]      // skip if-block "(ACCESS_POINT_VAL & 0x00E00000) != 0"
[18:20:46.428]    </control>
[18:20:46.428]    <block atomic="false" info="">
[18:20:46.428]      ACCESS_POINT_VAL = ReadAP(0x00);//Reading current state of access point
[18:20:46.432]        // -> [ReadAP(0x00000000) => 0x0079002F]   (__dp=0x00000000, __ap=0x00000004)
[18:20:46.433]        // -> [ACCESS_POINT_VAL <= 0x0079002F]
[18:20:46.433]      Message(0, "Current state of access point is: %x",ACCESS_POINT_VAL);
[18:20:46.433]      __ap = 0; //lets make sure we reset the access point selection
[18:20:46.433]        // -> [__ap <= 0x00000000]
[18:20:46.433]    </block>
[18:20:46.433]  </sequence>
[18:20:46.433]  
[18:20:46.452]  **********  Sequence "DebugDeviceUnlock"  (Context="Connect", Pname="", info="")
[18:20:46.452]  
[18:20:46.452]  <debugvars>
[18:20:46.452]    // Pre-defined
[18:20:46.452]    __protocol=0x00010002      (Protocol="SWD", SWJ-DP="True")
[18:20:46.452]    __connection=0x00000202    (Connection Type="Flash", Reset Type="System Reset")
[18:20:46.452]    __dp=0x00000000
[18:20:46.452]    __ap=0x00000000
[18:20:46.452]    __traceout=0x00000000      (Trace Disabled)
[18:20:46.452]    __errorcontrol=0x00000000  (Skip Errors="False")
[18:20:46.452]    __FlashAddr=0x00000000
[18:20:46.452]    __FlashLen=0x00000000
[18:20:46.452]    __FlashArg=0x00000000
[18:20:46.452]    __FlashOp=0x00000000
[18:20:46.452]    __Result=0x00000000
[18:20:46.457]  </debugvars>
[18:20:46.457]  
[18:20:46.457]  <sequence name="DebugDeviceUnlock" Pname="" disable="false" info="">
[18:20:46.457]    <block atomic="false" info="">
[18:20:46.457]      __var deviceID = 0;
[18:20:46.457]        // -> [deviceID <= 0x00000000]
[18:20:46.457]      __var version = 0;
[18:20:46.457]        // -> [version <= 0x00000000]
[18:20:46.457]      __var partNum = 0;
[18:20:46.457]        // -> [partNum <= 0x00000000]
[18:20:46.457]      __var manuf = 0;
[18:20:46.457]        // -> [manuf <= 0x00000000]
[18:20:46.457]      __var isMSPM0G1X0X_G3X0X = 0;
[18:20:46.457]        // -> [isMSPM0G1X0X_G3X0X <= 0x00000000]
[18:20:46.457]      __var isProduction = 0;
[18:20:46.457]        // -> [isProduction <= 0x00000000]
[18:20:46.457]      __var continueId = 0;
[18:20:46.457]        // -> [continueId <= 0x00000000]
[18:20:46.457]      deviceID =   Read32(0x41C40004);
[18:20:46.462]        // -> [Read32(0x41C40004) => 0x2BB8802F]   (__dp=0x00000000, __ap=0x00000000)
[18:20:46.462]        // -> [deviceID <= 0x2BB8802F]
[18:20:46.462]      version = deviceID >> 28;
[18:20:46.462]        // -> [version <= 0x00000002]
[18:20:46.462]      partNum = (deviceID & 0x0FFFF000) >> 12;
[18:20:46.462]        // -> [partNum <= 0x0000BB88]
[18:20:46.462]      manuf = (deviceID & 0x00000FFE) >> 1;
[18:20:46.462]        // -> [manuf <= 0x00000017]
[18:20:46.462]      isMSPM0G1X0X_G3X0X = (partNum == 0xBB88) && (manuf == 0x17);
[18:20:46.467]        // -> [isMSPM0G1X0X_G3X0X <= 0x00000001]
[18:20:46.467]      isProduction = (version > 0);
[18:20:46.467]        // -> [isProduction <= 0x00000001]
[18:20:46.467]    </block>
[18:20:46.467]    <control if="!isMSPM0G1X0X_G3X0X" while="" timeout="0" info="">
[18:20:46.467]      // if-block "!isMSPM0G1X0X_G3X0X"
[18:20:46.467]        // =>  FALSE
[18:20:46.467]      // skip if-block "!isMSPM0G1X0X_G3X0X"
[18:20:46.467]    </control>
[18:20:46.467]    <control if="continueId == 4" while="" timeout="0" info="">
[18:20:46.467]      // if-block "continueId == 4"
[18:20:46.467]        // =>  FALSE
[18:20:46.467]      // skip if-block "continueId == 4"
[18:20:46.467]    </control>
[18:20:46.467]    <control if="!isProduction" while="" timeout="0" info="">
[18:20:46.467]      // if-block "!isProduction"
[18:20:46.467]        // =>  FALSE
[18:20:46.467]      // skip if-block "!isProduction"
[18:20:46.467]    </control>
[18:20:46.467]  </sequence>
[18:20:46.467]  
[18:24:40.751]  **********  Sequence "DebugPortSetup"  (Context="Connect", Pname="", info="")
[18:24:40.751]  
[18:24:40.751]  <debugvars>
[18:24:40.751]    // Pre-defined
[18:24:40.751]    __protocol=0x00010002      (Protocol="SWD", SWJ-DP="True")
[18:24:40.751]    __connection=0x00000202    (Connection Type="Flash", Reset Type="System Reset")
[18:24:40.751]    __dp=0x00000000
[18:24:40.751]    __ap=0x00000000
[18:24:40.751]    __traceout=0x00000000      (Trace Disabled)
[18:24:40.751]    __errorcontrol=0x00000000  (Skip Errors="False")
[18:24:40.751]    __FlashAddr=0x00000000
[18:24:40.751]    __FlashLen=0x00000000
[18:24:40.751]    __FlashArg=0x00000000
[18:24:40.751]    __FlashOp=0x00000000
[18:24:40.751]    __Result=0x00000000
[18:24:40.751]  </debugvars>
[18:24:40.754]  
[18:24:40.754]  <sequence name="DebugPortSetup" Pname="" disable="false" info="">
[18:24:40.754]    <block atomic="false" info="">
[18:24:40.754]      __var isSWJ      = ((__protocol & 0x00010000) != 0);
[18:24:40.754]        // -> [isSWJ <= 0x00000001]
[18:24:40.754]      __var hasDormant = __protocol & 0x00020000;
[18:24:40.754]        // -> [hasDormant <= 0x00000000]
[18:24:40.754]      __var protType   = __protocol & 0x0000FFFF;
[18:24:40.756]        // -> [protType <= 0x00000002]
[18:24:40.756]    </block>
[18:24:40.756]    <control if="protType == 1" while="" timeout="0" info="">
[18:24:40.756]      // if-block "protType == 1"
[18:24:40.756]        // =>  FALSE
[18:24:40.756]      // skip if-block "protType == 1"
[18:24:40.756]    </control>
[18:24:40.756]    <control if="protType == 2" while="" timeout="0" info="">
[18:24:40.756]      // if-block "protType == 2"
[18:24:40.756]        // =>  TRUE
[18:24:40.756]      <control if="isSWJ" while="" timeout="0" info="">
[18:24:40.756]        // if-block "isSWJ"
[18:24:40.756]          // =>  TRUE
[18:24:40.756]        <control if="hasDormant" while="" timeout="0" info="">
[18:24:40.756]          // if-block "hasDormant"
[18:24:40.756]            // =>  FALSE
[18:24:40.756]          // skip if-block "hasDormant"
[18:24:40.756]        </control>
[18:24:40.756]        <control if="!hasDormant" while="" timeout="0" info="">
[18:24:40.756]          // if-block "!hasDormant"
[18:24:40.756]            // =>  TRUE
[18:24:40.756]          <block atomic="false" info="">
[18:24:40.756]            DAP_SWJ_Sequence(51, 0x0007FFFFFFFFFFFF); //lets put the JTAG line in a reset state
[18:24:40.760]              // -> [DAP_SWJ_Sequence(51, 0x0007FFFFFFFFFFFF)]
[18:24:40.760]            DAP_SWJ_Sequence(16,0xE73C); //SWD to JTAG, this is to ensure the state machine is initialized
[18:24:40.760]              // -> [DAP_SWJ_Sequence(16, 0x000000000000E73C)]
[18:24:40.760]            DAP_SWJ_Sequence(51, 0x0007FFFFFFFFFFFF); //Put it back in reset
[18:24:40.765]              // -> [DAP_SWJ_Sequence(51, 0x0007FFFFFFFFFFFF)]
[18:24:40.765]            DAP_SWJ_Sequence(16, 0xE79E); //JTAG to SWD switch
[18:24:40.766]              // -> [DAP_SWJ_Sequence(16, 0x000000000000E79E)]
[18:24:40.766]            DAP_SWJ_Sequence(51, 0x0007FFFFFFFFFFFF);  //Ensure the switch is successful 
[18:24:40.766]              // -> [DAP_SWJ_Sequence(51, 0x0007FFFFFFFFFFFF)]
[18:24:40.766]            DAP_SWJ_Sequence(7,  0x00); //Give the line some time to initialize
[18:24:40.771]              // -> [DAP_SWJ_Sequence(7, 0x0000000000000000)]
[18:24:40.771]          </block>
[18:24:40.771]          // end if-block "!hasDormant"
[18:24:40.771]        </control>
[18:24:40.771]        // end if-block "isSWJ"
[18:24:40.772]      </control>
[18:24:40.772]      <control if="!isSWJ" while="" timeout="0" info="">
[18:24:40.772]        // if-block "!isSWJ"
[18:24:40.772]          // =>  FALSE
[18:24:40.772]        // skip if-block "!isSWJ"
[18:24:40.772]      </control>
[18:24:40.772]      <block atomic="false" info="">
[18:24:40.772]        ReadDP(0x0);
[18:24:40.775]          // -> [ReadDP(0x00000000) => 0x6BA02477]   (__dp=0x00000000)
[18:24:40.775]      </block>
[18:24:40.775]      // end if-block "protType == 2"
[18:24:40.775]    </control>
[18:24:40.775]  </sequence>
[18:24:40.775]  
[18:24:40.775]  **********  Sequence "DebugPortStart"  (Context="Connect", Pname="", info="")
[18:24:40.775]  
[18:24:40.780]  <debugvars>
[18:24:40.780]    // Pre-defined
[18:24:40.780]    __protocol=0x00010002      (Protocol="SWD", SWJ-DP="True")
[18:24:40.780]    __connection=0x00000202    (Connection Type="Flash", Reset Type="System Reset")
[18:24:40.780]    __dp=0x00000000
[18:24:40.780]    __ap=0x00000000
[18:24:40.780]    __traceout=0x00000000      (Trace Disabled)
[18:24:40.780]    __errorcontrol=0x00000000  (Skip Errors="False")
[18:24:40.780]    __FlashAddr=0x00000000
[18:24:40.780]    __FlashLen=0x00000000
[18:24:40.780]    __FlashArg=0x00000000
[18:24:40.780]    __FlashOp=0x00000000
[18:24:40.780]    __Result=0x00000000
[18:24:40.780]  </debugvars>
[18:24:40.780]  
[18:24:40.780]  <sequence name="DebugPortStart" Pname="" disable="false" info="">
[18:24:40.780]    <block atomic="false" info="">
[18:24:40.780]      __var SW_DP_ABORT       = 0x0;
[18:24:40.780]        // -> [SW_DP_ABORT <= 0x00000000]
[18:24:40.780]      __var DP_CTRL_STAT      = 0x4;
[18:24:40.780]        // -> [DP_CTRL_STAT <= 0x00000004]
[18:24:40.780]      __var DP_SELECT         = 0x8;
[18:24:40.780]        // -> [DP_SELECT <= 0x00000008]
[18:24:40.780]      __var powered_down      = 0;
[18:24:40.780]        // -> [powered_down <= 0x00000000]
[18:24:40.780]      WriteDP(DP_SELECT, 0x00000000);
[18:24:40.786]        // -> [WriteDP(0x00000008, 0x00000000)]   (__dp=0x00000000)
[18:24:40.787]      powered_down = ((ReadDP(DP_CTRL_STAT) & 0xA0000000) != 0xA0000000);
[18:24:40.787]        // -> [ReadDP(0x00000004) => 0x00000040]   (__dp=0x00000000)
[18:24:40.787]        // -> [powered_down <= 0x00000001]
[18:24:40.787]    </block>
[18:24:40.787]    <control if="powered_down" while="" timeout="0" info="">
[18:24:40.787]      // if-block "powered_down"
[18:24:40.787]        // =>  TRUE
[18:24:40.787]      <block atomic="false" info="">
[18:24:40.787]        Message(0, "Debug/System power-up request sent");
[18:24:40.791]        WriteDP(DP_CTRL_STAT, 0x50000000);
[18:24:40.793]          // -> [WriteDP(0x00000004, 0x50000000)]   (__dp=0x00000000)
[18:24:40.793]      </block>
[18:24:40.793]      <control if="" while="(ReadDP(DP_CTRL_STAT) & 0xA0000000) != 0xA0000000" timeout="1000000" info="">
[18:24:40.793]        // while "(ReadDP(DP_CTRL_STAT) & 0xA0000000) != 0xA0000000"  (timeout="1000000")
[18:24:40.796]          // -> [ReadDP(0x00000004) => 0xF0000040]   (__dp=0x00000000)
[18:24:40.796]        // while-condition  =>  FALSE
[18:24:40.796]        // end while "(ReadDP(DP_CTRL_STAT) & 0xA0000000) != 0xA0000000"
[18:24:40.796]      </control>
[18:24:40.796]      <control if="(__protocol & 0xFFFF) == 1" while="" timeout="0" info="">
[18:24:40.796]        // if-block "(__protocol & 0xFFFF) == 1"
[18:24:40.796]          // =>  FALSE
[18:24:40.796]        // skip if-block "(__protocol & 0xFFFF) == 1"
[18:24:40.796]      </control>
[18:24:40.796]      <control if="(__protocol & 0xFFFF) == 2" while="" timeout="0" info="">
[18:24:40.796]        // if-block "(__protocol & 0xFFFF) == 2"
[18:24:40.796]          // =>  TRUE
[18:24:40.796]        <block atomic="false" info="">
[18:24:40.796]          Message(0, "executing SWD power up");
[18:24:40.796]          WriteDP(DP_CTRL_STAT, 0x50000F00);
[18:24:40.801]            // -> [WriteDP(0x00000004, 0x50000F00)]   (__dp=0x00000000)
[18:24:40.801]          WriteDP(SW_DP_ABORT, 0x0000001E);
[18:24:40.801]            // -> [WriteDP(0x00000000, 0x0000001E)]   (__dp=0x00000000)
[18:24:40.801]        </block>
[18:24:40.801]        // end if-block "(__protocol & 0xFFFF) == 2"
[18:24:40.801]      </control>
[18:24:40.801]      // end if-block "powered_down"
[18:24:40.801]    </control>
[18:24:40.801]    <block atomic="false" info="">
[18:24:40.801]      __var DEBUG_PORT_VAL    = 0;
[18:24:40.801]        // -> [DEBUG_PORT_VAL <= 0x00000000]
[18:24:40.801]      __var ACCESS_POINT_VAL  = 0;
[18:24:40.801]        // -> [ACCESS_POINT_VAL <= 0x00000000]
[18:24:40.801]      __ap = 1; 
[18:24:40.801]        // -> [__ap <= 0x00000001]
[18:24:40.801]      WriteAP(0x0C, 0x04); //lets use the mini pwr-ap as backup
[18:24:40.806]        // -> [WriteAP(0x0000000C, 0x00000004)]   (__dp=0x00000000, __ap=0x00000001)
[18:24:40.806]      __ap = 4;
[18:24:40.806]        // -> [__ap <= 0x00000004]
[18:24:40.806]      ACCESS_POINT_VAL = ReadAP(0x00);//Reading current state of access point
[18:24:40.813]        // -> [ReadAP(0x00000000) => 0x00080027]   (__dp=0x00000000, __ap=0x00000004)
[18:24:40.813]        // -> [ACCESS_POINT_VAL <= 0x00080027]
[18:24:40.813]      Message(0, "Current state of access point is: %x",ACCESS_POINT_VAL);
[18:24:40.813]    </block>
[18:24:40.813]    <block atomic="false" info="">
[18:24:40.813]      __var nReset = 0x80;
[18:24:40.813]        // -> [nReset <= 0x00000080]
[18:24:40.813]      __var canReadPins = 0;
[18:24:40.813]        // -> [canReadPins <= 0x00000000]
[18:24:40.813]      canReadPins = (DAP_SWJ_Pins(0x00, nReset, 0) != 0xFFFFFFFF);
[18:24:40.816]        // -> [DAP_SWJ_Pins(0x00, 0x80, 0) => 0x0F]   (Out: nRESET=0  =>  In: SWCLK/TCK=1, SWDIO/TMS=1, TDI=1, TDO=1, nTRST=0, nRESET=0)
[18:24:40.816]        // -> [canReadPins <= 0x00000001]
[18:24:40.816]    </block>
[18:24:40.816]    <control if="" while="1" timeout="200" info="">
[18:24:40.816]      // while "1"  (timeout="200")
[18:24:40.816]      // while-condition  =>  TRUE
[18:24:40.816]      // while "1"  (timeout="200")
[18:24:40.816]      // while-condition  =>  TRUE
[18:24:40.816]      // while "1"  (timeout="200")
[18:24:40.816]      // while-condition  =>  TRUE
[18:24:40.816]      // while "1"  (timeout="200")
[18:24:40.816]      // while-condition  =>  TRUE
[18:24:40.816]      // while "1"  (timeout="200")
[18:24:40.816]      // while-condition  =>  TRUE
[18:24:40.816]      // while "1"  (timeout="200")
[18:24:40.816]      // while-condition  =>  TRUE
[18:24:40.816]      // while "1"  (timeout="200")
[18:24:40.816]      // while-condition  =>  TRUE
[18:24:40.816]      // while "1"  (timeout="200")
[18:24:40.816]      // while-condition  =>  TRUE
[18:24:40.816]      // while "1"  (timeout="200")
[18:24:40.821]      // while-condition  =>  TRUE
[18:24:40.821]      // while "1"  (timeout="200")
[18:24:40.821]      // while  =>  TIMEOUT
[18:24:40.821]      // end while "1"
[18:24:40.821]    </control>
[18:24:40.821]    <control if="canReadPins" while="" timeout="0" info="">
[18:24:40.821]      // if-block "canReadPins"
[18:24:40.821]        // =>  TRUE
[18:24:40.821]      <control if="" while="(DAP_SWJ_Pins(nReset, nReset, 0) & nReset) == 0" timeout="1000000" info="">
[18:24:40.821]        // while "(DAP_SWJ_Pins(nReset, nReset, 0) & nReset) == 0"  (timeout="1000000")
[18:24:40.824]          // -> [DAP_SWJ_Pins(0x80, 0x80, 0) => 0x8F]   (Out: nRESET=1  =>  In: SWCLK/TCK=1, SWDIO/TMS=1, TDI=1, TDO=1, nTRST=0, nRESET=1)
[18:24:40.824]        // while-condition  =>  FALSE
[18:24:40.824]        // end while "(DAP_SWJ_Pins(nReset, nReset, 0) & nReset) == 0"
[18:24:40.824]      </control>
[18:24:40.824]      // end if-block "canReadPins"
[18:24:40.824]    </control>
[18:24:40.824]    <control if="!canReadPins" while="" timeout="0" info="">
[18:24:40.824]      // if-block "!canReadPins"
[18:24:40.824]        // =>  FALSE
[18:24:40.824]      // skip if-block "!canReadPins"
[18:24:40.827]    </control>
[18:24:40.827]    <control if="(ACCESS_POINT_VAL & 0x00E00000) == 0" while="" timeout="0" info="">
[18:24:40.827]      // if-block "(ACCESS_POINT_VAL & 0x00E00000) == 0"
[18:24:40.827]        // =>  TRUE
[18:24:40.827]      <block atomic="false" info="">
[18:24:40.827]        WriteAP(0x00, 0x190008);
[18:24:40.827]          // -> [WriteAP(0x00000000, 0x00190008)]   (__dp=0x00000000, __ap=0x00000004)
[18:24:40.827]        WriteAP(0xF0, 0x01);
[18:24:40.832]          // -> [WriteAP(0x000000F0, 0x00000001)]   (__dp=0x00000000, __ap=0x00000004)
[18:24:40.832]      </block>
[18:24:40.832]      // end if-block "(ACCESS_POINT_VAL & 0x00E00000) == 0"
[18:24:40.832]    </control>
[18:24:40.832]    <control if="(ACCESS_POINT_VAL & 0x00E00000) != 0" while="" timeout="0" info="">
[18:24:40.832]      // if-block "(ACCESS_POINT_VAL & 0x00E00000) != 0"
[18:24:40.832]        // =>  FALSE
[18:24:40.832]      // skip if-block "(ACCESS_POINT_VAL & 0x00E00000) != 0"
[18:24:40.832]    </control>
[18:24:40.832]    <block atomic="false" info="">
[18:24:40.832]      ACCESS_POINT_VAL = ReadAP(0x00);//Reading current state of access point
[18:24:40.837]        // -> [ReadAP(0x00000000) => 0x0079002F]   (__dp=0x00000000, __ap=0x00000004)
[18:24:40.837]        // -> [ACCESS_POINT_VAL <= 0x0079002F]
[18:24:40.837]      Message(0, "Current state of access point is: %x",ACCESS_POINT_VAL);
[18:24:40.837]      __ap = 0; //lets make sure we reset the access point selection
[18:24:40.837]        // -> [__ap <= 0x00000000]
[18:24:40.837]    </block>
[18:24:40.837]  </sequence>
[18:24:40.842]  
[18:24:40.859]  **********  Sequence "DebugDeviceUnlock"  (Context="Connect", Pname="", info="")
[18:24:40.859]  
[18:24:40.859]  <debugvars>
[18:24:40.859]    // Pre-defined
[18:24:40.859]    __protocol=0x00010002      (Protocol="SWD", SWJ-DP="True")
[18:24:40.863]    __connection=0x00000202    (Connection Type="Flash", Reset Type="System Reset")
[18:24:40.863]    __dp=0x00000000
[18:24:40.863]    __ap=0x00000000
[18:24:40.863]    __traceout=0x00000000      (Trace Disabled)
[18:24:40.863]    __errorcontrol=0x00000000  (Skip Errors="False")
[18:24:40.863]    __FlashAddr=0x00000000
[18:24:40.863]    __FlashLen=0x00000000
[18:24:40.863]    __FlashArg=0x00000000
[18:24:40.863]    __FlashOp=0x00000000
[18:24:40.863]    __Result=0x00000000
[18:24:40.863]  </debugvars>
[18:24:40.863]  
[18:24:40.863]  <sequence name="DebugDeviceUnlock" Pname="" disable="false" info="">
[18:24:40.863]    <block atomic="false" info="">
[18:24:40.863]      __var deviceID = 0;
[18:24:40.863]        // -> [deviceID <= 0x00000000]
[18:24:40.863]      __var version = 0;
[18:24:40.863]        // -> [version <= 0x00000000]
[18:24:40.863]      __var partNum = 0;
[18:24:40.863]        // -> [partNum <= 0x00000000]
[18:24:40.863]      __var manuf = 0;
[18:24:40.863]        // -> [manuf <= 0x00000000]
[18:24:40.863]      __var isMSPM0G1X0X_G3X0X = 0;
[18:24:40.863]        // -> [isMSPM0G1X0X_G3X0X <= 0x00000000]
[18:24:40.863]      __var isProduction = 0;
[18:24:40.863]        // -> [isProduction <= 0x00000000]
[18:24:40.863]      __var continueId = 0;
[18:24:40.863]        // -> [continueId <= 0x00000000]
[18:24:40.863]      deviceID =   Read32(0x41C40004);
[18:24:40.868]        // -> [Read32(0x41C40004) => 0x2BB8802F]   (__dp=0x00000000, __ap=0x00000000)
[18:24:40.868]        // -> [deviceID <= 0x2BB8802F]
[18:24:40.868]      version = deviceID >> 28;
[18:24:40.868]        // -> [version <= 0x00000002]
[18:24:40.868]      partNum = (deviceID & 0x0FFFF000) >> 12;
[18:24:40.868]        // -> [partNum <= 0x0000BB88]
[18:24:40.868]      manuf = (deviceID & 0x00000FFE) >> 1;
[18:24:40.868]        // -> [manuf <= 0x00000017]
[18:24:40.868]      isMSPM0G1X0X_G3X0X = (partNum == 0xBB88) && (manuf == 0x17);
[18:24:40.873]        // -> [isMSPM0G1X0X_G3X0X <= 0x00000001]
[18:24:40.873]      isProduction = (version > 0);
[18:24:40.873]        // -> [isProduction <= 0x00000001]
[18:24:40.873]    </block>
[18:24:40.873]    <control if="!isMSPM0G1X0X_G3X0X" while="" timeout="0" info="">
[18:24:40.873]      // if-block "!isMSPM0G1X0X_G3X0X"
[18:24:40.873]        // =>  FALSE
[18:24:40.873]      // skip if-block "!isMSPM0G1X0X_G3X0X"
[18:24:40.873]    </control>
[18:24:40.873]    <control if="continueId == 4" while="" timeout="0" info="">
[18:24:40.873]      // if-block "continueId == 4"
[18:24:40.873]        // =>  FALSE
[18:24:40.873]      // skip if-block "continueId == 4"
[18:24:40.873]    </control>
[18:24:40.873]    <control if="!isProduction" while="" timeout="0" info="">
[18:24:40.873]      // if-block "!isProduction"
[18:24:40.873]        // =>  FALSE
[18:24:40.873]      // skip if-block "!isProduction"
[18:24:40.873]    </control>
[18:24:40.873]  </sequence>
[18:24:40.873]  
[18:26:08.336]  **********  Sequence "DebugPortSetup"  (Context="Connect", Pname="", info="")
[18:26:08.336]  
[18:26:08.336]  <debugvars>
[18:26:08.336]    // Pre-defined
[18:26:08.336]    __protocol=0x00010002      (Protocol="SWD", SWJ-DP="True")
[18:26:08.336]    __connection=0x00000202    (Connection Type="Flash", Reset Type="System Reset")
[18:26:08.336]    __dp=0x00000000
[18:26:08.336]    __ap=0x00000000
[18:26:08.336]    __traceout=0x00000000      (Trace Disabled)
[18:26:08.336]    __errorcontrol=0x00000000  (Skip Errors="False")
[18:26:08.336]    __FlashAddr=0x00000000
[18:26:08.336]    __FlashLen=0x00000000
[18:26:08.336]    __FlashArg=0x00000000
[18:26:08.339]    __FlashOp=0x00000000
[18:26:08.339]    __Result=0x00000000
[18:26:08.339]  </debugvars>
[18:26:08.339]  
[18:26:08.339]  <sequence name="DebugPortSetup" Pname="" disable="false" info="">
[18:26:08.339]    <block atomic="false" info="">
[18:26:08.340]      __var isSWJ      = ((__protocol & 0x00010000) != 0);
[18:26:08.340]        // -> [isSWJ <= 0x00000001]
[18:26:08.340]      __var hasDormant = __protocol & 0x00020000;
[18:26:08.341]        // -> [hasDormant <= 0x00000000]
[18:26:08.341]      __var protType   = __protocol & 0x0000FFFF;
[18:26:08.341]        // -> [protType <= 0x00000002]
[18:26:08.341]    </block>
[18:26:08.341]    <control if="protType == 1" while="" timeout="0" info="">
[18:26:08.341]      // if-block "protType == 1"
[18:26:08.341]        // =>  FALSE
[18:26:08.341]      // skip if-block "protType == 1"
[18:26:08.341]    </control>
[18:26:08.341]    <control if="protType == 2" while="" timeout="0" info="">
[18:26:08.341]      // if-block "protType == 2"
[18:26:08.341]        // =>  TRUE
[18:26:08.341]      <control if="isSWJ" while="" timeout="0" info="">
[18:26:08.341]        // if-block "isSWJ"
[18:26:08.341]          // =>  TRUE
[18:26:08.341]        <control if="hasDormant" while="" timeout="0" info="">
[18:26:08.341]          // if-block "hasDormant"
[18:26:08.341]            // =>  FALSE
[18:26:08.341]          // skip if-block "hasDormant"
[18:26:08.341]        </control>
[18:26:08.341]        <control if="!hasDormant" while="" timeout="0" info="">
[18:26:08.341]          // if-block "!hasDormant"
[18:26:08.341]            // =>  TRUE
[18:26:08.341]          <block atomic="false" info="">
[18:26:08.341]            DAP_SWJ_Sequence(51, 0x0007FFFFFFFFFFFF); //lets put the JTAG line in a reset state
[18:26:08.345]              // -> [DAP_SWJ_Sequence(51, 0x0007FFFFFFFFFFFF)]
[18:26:08.345]            DAP_SWJ_Sequence(16,0xE73C); //SWD to JTAG, this is to ensure the state machine is initialized
[18:26:08.346]              // -> [DAP_SWJ_Sequence(16, 0x000000000000E73C)]
[18:26:08.347]            DAP_SWJ_Sequence(51, 0x0007FFFFFFFFFFFF); //Put it back in reset
[18:26:08.347]              // -> [DAP_SWJ_Sequence(51, 0x0007FFFFFFFFFFFF)]
[18:26:08.349]            DAP_SWJ_Sequence(16, 0xE79E); //JTAG to SWD switch
[18:26:08.350]              // -> [DAP_SWJ_Sequence(16, 0x000000000000E79E)]
[18:26:08.351]            DAP_SWJ_Sequence(51, 0x0007FFFFFFFFFFFF);  //Ensure the switch is successful 
[18:26:08.351]              // -> [DAP_SWJ_Sequence(51, 0x0007FFFFFFFFFFFF)]
[18:26:08.351]            DAP_SWJ_Sequence(7,  0x00); //Give the line some time to initialize
[18:26:08.351]              // -> [DAP_SWJ_Sequence(7, 0x0000000000000000)]
[18:26:08.351]          </block>
[18:26:08.351]          // end if-block "!hasDormant"
[18:26:08.351]        </control>
[18:26:08.351]        // end if-block "isSWJ"
[18:26:08.351]      </control>
[18:26:08.351]      <control if="!isSWJ" while="" timeout="0" info="">
[18:26:08.351]        // if-block "!isSWJ"
[18:26:08.351]          // =>  FALSE
[18:26:08.351]        // skip if-block "!isSWJ"
[18:26:08.356]      </control>
[18:26:08.356]      <block atomic="false" info="">
[18:26:08.356]        ReadDP(0x0);
[18:26:08.356]          // -> [ReadDP(0x00000000) => 0x6BA02477]   (__dp=0x00000000)
[18:26:08.356]      </block>
[18:26:08.359]      // end if-block "protType == 2"
[18:26:08.359]    </control>
[18:26:08.359]  </sequence>
[18:26:08.359]  
[18:26:08.361]  **********  Sequence "DebugPortStart"  (Context="Connect", Pname="", info="")
[18:26:08.361]  
[18:26:08.361]  <debugvars>
[18:26:08.361]    // Pre-defined
[18:26:08.361]    __protocol=0x00010002      (Protocol="SWD", SWJ-DP="True")
[18:26:08.361]    __connection=0x00000202    (Connection Type="Flash", Reset Type="System Reset")
[18:26:08.361]    __dp=0x00000000
[18:26:08.361]    __ap=0x00000000
[18:26:08.361]    __traceout=0x00000000      (Trace Disabled)
[18:26:08.361]    __errorcontrol=0x00000000  (Skip Errors="False")
[18:26:08.361]    __FlashAddr=0x00000000
[18:26:08.361]    __FlashLen=0x00000000
[18:26:08.361]    __FlashArg=0x00000000
[18:26:08.361]    __FlashOp=0x00000000
[18:26:08.361]    __Result=0x00000000
[18:26:08.361]  </debugvars>
[18:26:08.361]  
[18:26:08.361]  <sequence name="DebugPortStart" Pname="" disable="false" info="">
[18:26:08.367]    <block atomic="false" info="">
[18:26:08.367]      __var SW_DP_ABORT       = 0x0;
[18:26:08.367]        // -> [SW_DP_ABORT <= 0x00000000]
[18:26:08.367]      __var DP_CTRL_STAT      = 0x4;
[18:26:08.367]        // -> [DP_CTRL_STAT <= 0x00000004]
[18:26:08.367]      __var DP_SELECT         = 0x8;
[18:26:08.367]        // -> [DP_SELECT <= 0x00000008]
[18:26:08.367]      __var powered_down      = 0;
[18:26:08.367]        // -> [powered_down <= 0x00000000]
[18:26:08.367]      WriteDP(DP_SELECT, 0x00000000);
[18:26:08.369]        // -> [WriteDP(0x00000008, 0x00000000)]   (__dp=0x00000000)
[18:26:08.370]      powered_down = ((ReadDP(DP_CTRL_STAT) & 0xA0000000) != 0xA0000000);
[18:26:08.372]        // -> [ReadDP(0x00000004) => 0x00000040]   (__dp=0x00000000)
[18:26:08.372]        // -> [powered_down <= 0x00000001]
[18:26:08.372]    </block>
[18:26:08.372]    <control if="powered_down" while="" timeout="0" info="">
[18:26:08.372]      // if-block "powered_down"
[18:26:08.372]        // =>  TRUE
[18:26:08.372]      <block atomic="false" info="">
[18:26:08.372]        Message(0, "Debug/System power-up request sent");
[18:26:08.372]        WriteDP(DP_CTRL_STAT, 0x50000000);
[18:26:08.372]          // -> [WriteDP(0x00000004, 0x50000000)]   (__dp=0x00000000)
[18:26:08.377]      </block>
[18:26:08.377]      <control if="" while="(ReadDP(DP_CTRL_STAT) & 0xA0000000) != 0xA0000000" timeout="1000000" info="">
[18:26:08.377]        // while "(ReadDP(DP_CTRL_STAT) & 0xA0000000) != 0xA0000000"  (timeout="1000000")
[18:26:08.379]          // -> [ReadDP(0x00000004) => 0xF0000040]   (__dp=0x00000000)
[18:26:08.379]        // while-condition  =>  FALSE
[18:26:08.380]        // end while "(ReadDP(DP_CTRL_STAT) & 0xA0000000) != 0xA0000000"
[18:26:08.380]      </control>
[18:26:08.380]      <control if="(__protocol & 0xFFFF) == 1" while="" timeout="0" info="">
[18:26:08.380]        // if-block "(__protocol & 0xFFFF) == 1"
[18:26:08.380]          // =>  FALSE
[18:26:08.380]        // skip if-block "(__protocol & 0xFFFF) == 1"
[18:26:08.380]      </control>
[18:26:08.380]      <control if="(__protocol & 0xFFFF) == 2" while="" timeout="0" info="">
[18:26:08.380]        // if-block "(__protocol & 0xFFFF) == 2"
[18:26:08.380]          // =>  TRUE
[18:26:08.380]        <block atomic="false" info="">
[18:26:08.380]          Message(0, "executing SWD power up");
[18:26:08.382]          WriteDP(DP_CTRL_STAT, 0x50000F00);
[18:26:08.382]            // -> [WriteDP(0x00000004, 0x50000F00)]   (__dp=0x00000000)
[18:26:08.382]          WriteDP(SW_DP_ABORT, 0x0000001E);
[18:26:08.387]            // -> [WriteDP(0x00000000, 0x0000001E)]   (__dp=0x00000000)
[18:26:08.387]        </block>
[18:26:08.387]        // end if-block "(__protocol & 0xFFFF) == 2"
[18:26:08.387]      </control>
[18:26:08.387]      // end if-block "powered_down"
[18:26:08.387]    </control>
[18:26:08.387]    <block atomic="false" info="">
[18:26:08.387]      __var DEBUG_PORT_VAL    = 0;
[18:26:08.387]        // -> [DEBUG_PORT_VAL <= 0x00000000]
[18:26:08.387]      __var ACCESS_POINT_VAL  = 0;
[18:26:08.387]        // -> [ACCESS_POINT_VAL <= 0x00000000]
[18:26:08.387]      __ap = 1; 
[18:26:08.387]        // -> [__ap <= 0x00000001]
[18:26:08.387]      WriteAP(0x0C, 0x04); //lets use the mini pwr-ap as backup
[18:26:08.392]        // -> [WriteAP(0x0000000C, 0x00000004)]   (__dp=0x00000000, __ap=0x00000001)
[18:26:08.392]      __ap = 4;
[18:26:08.392]        // -> [__ap <= 0x00000004]
[18:26:08.392]      ACCESS_POINT_VAL = ReadAP(0x00);//Reading current state of access point
[18:26:08.397]        // -> [ReadAP(0x00000000) => 0x00080027]   (__dp=0x00000000, __ap=0x00000004)
[18:26:08.397]        // -> [ACCESS_POINT_VAL <= 0x00080027]
[18:26:08.397]      Message(0, "Current state of access point is: %x",ACCESS_POINT_VAL);
[18:26:08.398]    </block>
[18:26:08.398]    <block atomic="false" info="">
[18:26:08.398]      __var nReset = 0x80;
[18:26:08.398]        // -> [nReset <= 0x00000080]
[18:26:08.398]      __var canReadPins = 0;
[18:26:08.399]        // -> [canReadPins <= 0x00000000]
[18:26:08.399]      canReadPins = (DAP_SWJ_Pins(0x00, nReset, 0) != 0xFFFFFFFF);
[18:26:08.400]        // -> [DAP_SWJ_Pins(0x00, 0x80, 0) => 0x0F]   (Out: nRESET=0  =>  In: SWCLK/TCK=1, SWDIO/TMS=1, TDI=1, TDO=1, nTRST=0, nRESET=0)
[18:26:08.400]        // -> [canReadPins <= 0x00000001]
[18:26:08.400]    </block>
[18:26:08.400]    <control if="" while="1" timeout="200" info="">
[18:26:08.400]      // while "1"  (timeout="200")
[18:26:08.400]      // while-condition  =>  TRUE
[18:26:08.400]      // while "1"  (timeout="200")
[18:26:08.400]      // while-condition  =>  TRUE
[18:26:08.400]      // while "1"  (timeout="200")
[18:26:08.400]      // while-condition  =>  TRUE
[18:26:08.400]      // while "1"  (timeout="200")
[18:26:08.400]      // while-condition  =>  TRUE
[18:26:08.400]      // while "1"  (timeout="200")
[18:26:08.403]      // while-condition  =>  TRUE
[18:26:08.403]      // while "1"  (timeout="200")
[18:26:08.403]      // while-condition  =>  TRUE
[18:26:08.403]      // while "1"  (timeout="200")
[18:26:08.403]      // while-condition  =>  TRUE
[18:26:08.403]      // while "1"  (timeout="200")
[18:26:08.403]      // while-condition  =>  TRUE
[18:26:08.403]      // while "1"  (timeout="200")
[18:26:08.403]      // while-condition  =>  TRUE
[18:26:08.403]      // while "1"  (timeout="200")
[18:26:08.403]      // while-condition  =>  TRUE
[18:26:08.403]      // while "1"  (timeout="200")
[18:26:08.403]      // while-condition  =>  TRUE
[18:26:08.403]      // while "1"  (timeout="200")
[18:26:08.403]      // while-condition  =>  TRUE
[18:26:08.403]      // while "1"  (timeout="200")
[18:26:08.403]      // while-condition  =>  TRUE
[18:26:08.403]      // while "1"  (timeout="200")
[18:26:08.403]      // while-condition  =>  TRUE
[18:26:08.403]      // while "1"  (timeout="200")
[18:26:08.403]      // while-condition  =>  TRUE
[18:26:08.403]      // while "1"  (timeout="200")
[18:26:08.403]      // while-condition  =>  TRUE
[18:26:08.403]      // while "1"  (timeout="200")
[18:26:08.403]      // while-condition  =>  TRUE
[18:26:08.403]      // while "1"  (timeout="200")
[18:26:08.403]      // while-condition  =>  TRUE
[18:26:08.403]      // while "1"  (timeout="200")
[18:26:08.403]      // while-condition  =>  TRUE
[18:26:08.403]      // while "1"  (timeout="200")
[18:26:08.403]      // while-condition  =>  TRUE
[18:26:08.403]      // while "1"  (timeout="200")
[18:26:08.403]      // while-condition  =>  TRUE
[18:26:08.403]      // while "1"  (timeout="200")
[18:26:08.403]      // while-condition  =>  TRUE
[18:26:08.403]      // while "1"  (timeout="200")
[18:26:08.403]      // while-condition  =>  TRUE
[18:26:08.403]      // while "1"  (timeout="200")
[18:26:08.403]      // while-condition  =>  TRUE
[18:26:08.403]      // while "1"  (timeout="200")
[18:26:08.403]      // while-condition  =>  TRUE
[18:26:08.403]      // while "1"  (timeout="200")
[18:26:08.408]      // while-condition  =>  TRUE
[18:26:08.408]      // while "1"  (timeout="200")
[18:26:08.408]      // while-condition  =>  TRUE
[18:26:08.408]      // while "1"  (timeout="200")
[18:26:08.408]      // while-condition  =>  TRUE
[18:26:08.408]      // while "1"  (timeout="200")
[18:26:08.408]      // while-condition  =>  TRUE
[18:26:08.408]      // while "1"  (timeout="200")
[18:26:08.408]      // while-condition  =>  TRUE
[18:26:08.408]      // while "1"  (timeout="200")
[18:26:08.408]      // while-condition  =>  TRUE
[18:26:08.409]      // while "1"  (timeout="200")
[18:26:08.409]      // while-condition  =>  TRUE
[18:26:08.409]      // while "1"  (timeout="200")
[18:26:08.409]      // while-condition  =>  TRUE
[18:26:08.409]      // while "1"  (timeout="200")
[18:26:08.410]      // while-condition  =>  TRUE
[18:26:08.410]      // while "1"  (timeout="200")
[18:26:08.410]      // while-condition  =>  TRUE
[18:26:08.410]      // while "1"  (timeout="200")
[18:26:08.410]      // while-condition  =>  TRUE
[18:26:08.410]      // while "1"  (timeout="200")
[18:26:08.410]      // while-condition  =>  TRUE
[18:26:08.410]      // while "1"  (timeout="200")
[18:26:08.410]      // while-condition  =>  TRUE
[18:26:08.410]      // while "1"  (timeout="200")
[18:26:08.410]      // while-condition  =>  TRUE
[18:26:08.411]      // while "1"  (timeout="200")
[18:26:08.411]      // while-condition  =>  TRUE
[18:26:08.411]      // while "1"  (timeout="200")
[18:26:08.411]      // while-condition  =>  TRUE
[18:26:08.411]      // while "1"  (timeout="200")
[18:26:08.411]      // while-condition  =>  TRUE
[18:26:08.411]      // while "1"  (timeout="200")
[18:26:08.411]      // while-condition  =>  TRUE
[18:26:08.411]      // while "1"  (timeout="200")
[18:26:08.411]      // while-condition  =>  TRUE
[18:26:08.411]      // while "1"  (timeout="200")
[18:26:08.411]      // while-condition  =>  TRUE
[18:26:08.411]      // while "1"  (timeout="200")
[18:26:08.413]      // while-condition  =>  TRUE
[18:26:08.413]      // while "1"  (timeout="200")
[18:26:08.413]      // while-condition  =>  TRUE
[18:26:08.413]      // while "1"  (timeout="200")
[18:26:08.413]      // while-condition  =>  TRUE
[18:26:08.413]      // while "1"  (timeout="200")
[18:26:08.413]      // while-condition  =>  TRUE
[18:26:08.413]      // while "1"  (timeout="200")
[18:26:08.413]      // while-condition  =>  TRUE
[18:26:08.413]      // while "1"  (timeout="200")
[18:26:08.413]      // while-condition  =>  TRUE
[18:26:08.413]      // while "1"  (timeout="200")
[18:26:08.413]      // while-condition  =>  TRUE
[18:26:08.413]      // while "1"  (timeout="200")
[18:26:08.413]      // while-condition  =>  TRUE
[18:26:08.413]      // while "1"  (timeout="200")
[18:26:08.413]      // while-condition  =>  TRUE
[18:26:08.413]      // while "1"  (timeout="200")
[18:26:08.413]      // while-condition  =>  TRUE
[18:26:08.413]      // while "1"  (timeout="200")
[18:26:08.413]      // while-condition  =>  TRUE
[18:26:08.413]      // while "1"  (timeout="200")
[18:26:08.413]      // while-condition  =>  TRUE
[18:26:08.413]      // while "1"  (timeout="200")
[18:26:08.413]      // while-condition  =>  TRUE
[18:26:08.413]      // while "1"  (timeout="200")
[18:26:08.413]      // while-condition  =>  TRUE
[18:26:08.413]      // while "1"  (timeout="200")
[18:26:08.413]      // while-condition  =>  TRUE
[18:26:08.413]      // while "1"  (timeout="200")
[18:26:08.413]      // while-condition  =>  TRUE
[18:26:08.413]      // while "1"  (timeout="200")
[18:26:08.413]      // while-condition  =>  TRUE
[18:26:08.413]      // while "1"  (timeout="200")
[18:26:08.413]      // while-condition  =>  TRUE
[18:26:08.413]      // while "1"  (timeout="200")
[18:26:08.418]      // while-condition  =>  TRUE
[18:26:08.418]      // while "1"  (timeout="200")
[18:26:08.418]      // while  =>  TIMEOUT
[18:26:08.418]      // end while "1"
[18:26:08.418]    </control>
[18:26:08.418]    <control if="canReadPins" while="" timeout="0" info="">
[18:26:08.418]      // if-block "canReadPins"
[18:26:08.418]        // =>  TRUE
[18:26:08.419]      <control if="" while="(DAP_SWJ_Pins(nReset, nReset, 0) & nReset) == 0" timeout="1000000" info="">
[18:26:08.419]        // while "(DAP_SWJ_Pins(nReset, nReset, 0) & nReset) == 0"  (timeout="1000000")
[18:26:08.422]          // -> [DAP_SWJ_Pins(0x80, 0x80, 0) => 0x8F]   (Out: nRESET=1  =>  In: SWCLK/TCK=1, SWDIO/TMS=1, TDI=1, TDO=1, nTRST=0, nRESET=1)
[18:26:08.422]        // while-condition  =>  FALSE
[18:26:08.422]        // end while "(DAP_SWJ_Pins(nReset, nReset, 0) & nReset) == 0"
[18:26:08.422]      </control>
[18:26:08.422]      // end if-block "canReadPins"
[18:26:08.422]    </control>
[18:26:08.422]    <control if="!canReadPins" while="" timeout="0" info="">
[18:26:08.423]      // if-block "!canReadPins"
[18:26:08.423]        // =>  FALSE
[18:26:08.423]      // skip if-block "!canReadPins"
[18:26:08.423]    </control>
[18:26:08.423]    <control if="(ACCESS_POINT_VAL & 0x00E00000) == 0" while="" timeout="0" info="">
[18:26:08.423]      // if-block "(ACCESS_POINT_VAL & 0x00E00000) == 0"
[18:26:08.423]        // =>  TRUE
[18:26:08.423]      <block atomic="false" info="">
[18:26:08.423]        WriteAP(0x00, 0x190008);
[18:26:08.423]          // -> [WriteAP(0x00000000, 0x00190008)]   (__dp=0x00000000, __ap=0x00000004)
[18:26:08.426]        WriteAP(0xF0, 0x01);
[18:26:08.429]          // -> [WriteAP(0x000000F0, 0x00000001)]   (__dp=0x00000000, __ap=0x00000004)
[18:26:08.430]      </block>
[18:26:08.430]      // end if-block "(ACCESS_POINT_VAL & 0x00E00000) == 0"
[18:26:08.430]    </control>
[18:26:08.430]    <control if="(ACCESS_POINT_VAL & 0x00E00000) != 0" while="" timeout="0" info="">
[18:26:08.430]      // if-block "(ACCESS_POINT_VAL & 0x00E00000) != 0"
[18:26:08.430]        // =>  FALSE
[18:26:08.430]      // skip if-block "(ACCESS_POINT_VAL & 0x00E00000) != 0"
[18:26:08.430]    </control>
[18:26:08.430]    <block atomic="false" info="">
[18:26:08.430]      ACCESS_POINT_VAL = ReadAP(0x00);//Reading current state of access point
[18:26:08.433]        // -> [ReadAP(0x00000000) => 0x0079002F]   (__dp=0x00000000, __ap=0x00000004)
[18:26:08.433]        // -> [ACCESS_POINT_VAL <= 0x0079002F]
[18:26:08.433]      Message(0, "Current state of access point is: %x",ACCESS_POINT_VAL);
[18:26:08.433]      __ap = 0; //lets make sure we reset the access point selection
[18:26:08.433]        // -> [__ap <= 0x00000000]
[18:26:08.433]    </block>
[18:26:08.439]  </sequence>
[18:26:08.439]  
[18:26:08.455]  **********  Sequence "DebugDeviceUnlock"  (Context="Connect", Pname="", info="")
[18:26:08.455]  
[18:26:08.459]  <debugvars>
[18:26:08.459]    // Pre-defined
[18:26:08.460]    __protocol=0x00010002      (Protocol="SWD", SWJ-DP="True")
[18:26:08.460]    __connection=0x00000202    (Connection Type="Flash", Reset Type="System Reset")
[18:26:08.460]    __dp=0x00000000
[18:26:08.460]    __ap=0x00000000
[18:26:08.460]    __traceout=0x00000000      (Trace Disabled)
[18:26:08.460]    __errorcontrol=0x00000000  (Skip Errors="False")
[18:26:08.460]    __FlashAddr=0x00000000
[18:26:08.460]    __FlashLen=0x00000000
[18:26:08.460]    __FlashArg=0x00000000
[18:26:08.461]    __FlashOp=0x00000000
[18:26:08.461]    __Result=0x00000000
[18:26:08.461]  </debugvars>
[18:26:08.461]  
[18:26:08.461]  <sequence name="DebugDeviceUnlock" Pname="" disable="false" info="">
[18:26:08.461]    <block atomic="false" info="">
[18:26:08.461]      __var deviceID = 0;
[18:26:08.461]        // -> [deviceID <= 0x00000000]
[18:26:08.461]      __var version = 0;
[18:26:08.461]        // -> [version <= 0x00000000]
[18:26:08.461]      __var partNum = 0;
[18:26:08.461]        // -> [partNum <= 0x00000000]
[18:26:08.461]      __var manuf = 0;
[18:26:08.461]        // -> [manuf <= 0x00000000]
[18:26:08.461]      __var isMSPM0G1X0X_G3X0X = 0;
[18:26:08.461]        // -> [isMSPM0G1X0X_G3X0X <= 0x00000000]
[18:26:08.461]      __var isProduction = 0;
[18:26:08.461]        // -> [isProduction <= 0x00000000]
[18:26:08.461]      __var continueId = 0;
[18:26:08.461]        // -> [continueId <= 0x00000000]
[18:26:08.461]      deviceID =   Read32(0x41C40004);
[18:26:08.465]        // -> [Read32(0x41C40004) => 0x2BB8802F]   (__dp=0x00000000, __ap=0x00000000)
[18:26:08.465]        // -> [deviceID <= 0x2BB8802F]
[18:26:08.465]      version = deviceID >> 28;
[18:26:08.465]        // -> [version <= 0x00000002]
[18:26:08.465]      partNum = (deviceID & 0x0FFFF000) >> 12;
[18:26:08.465]        // -> [partNum <= 0x0000BB88]
[18:26:08.465]      manuf = (deviceID & 0x00000FFE) >> 1;
[18:26:08.465]        // -> [manuf <= 0x00000017]
[18:26:08.465]      isMSPM0G1X0X_G3X0X = (partNum == 0xBB88) && (manuf == 0x17);
[18:26:08.465]        // -> [isMSPM0G1X0X_G3X0X <= 0x00000001]
[18:26:08.465]      isProduction = (version > 0);
[18:26:08.465]        // -> [isProduction <= 0x00000001]
[18:26:08.471]    </block>
[18:26:08.471]    <control if="!isMSPM0G1X0X_G3X0X" while="" timeout="0" info="">
[18:26:08.471]      // if-block "!isMSPM0G1X0X_G3X0X"
[18:26:08.471]        // =>  FALSE
[18:26:08.471]      // skip if-block "!isMSPM0G1X0X_G3X0X"
[18:26:08.471]    </control>
[18:26:08.471]    <control if="continueId == 4" while="" timeout="0" info="">
[18:26:08.471]      // if-block "continueId == 4"
[18:26:08.471]        // =>  FALSE
[18:26:08.471]      // skip if-block "continueId == 4"
[18:26:08.471]    </control>
[18:26:08.471]    <control if="!isProduction" while="" timeout="0" info="">
[18:26:08.471]      // if-block "!isProduction"
[18:26:08.471]        // =>  FALSE
[18:26:08.471]      // skip if-block "!isProduction"
[18:26:08.471]    </control>
[18:26:08.471]  </sequence>
[18:26:08.471]  
[18:35:57.751]  **********  Sequence "DebugPortSetup"  (Context="Connect", Pname="", info="")
[18:35:57.751]  
[18:35:57.751]  <debugvars>
[18:35:57.751]    // Pre-defined
[18:35:57.751]    __protocol=0x00010002      (Protocol="SWD", SWJ-DP="True")
[18:35:57.751]    __connection=0x00000202    (Connection Type="Flash", Reset Type="System Reset")
[18:35:57.751]    __dp=0x00000000
[18:35:57.751]    __ap=0x00000000
[18:35:57.751]    __traceout=0x00000000      (Trace Disabled)
[18:35:57.751]    __errorcontrol=0x00000000  (Skip Errors="False")
[18:35:57.752]    __FlashAddr=0x00000000
[18:35:57.752]    __FlashLen=0x00000000
[18:35:57.752]    __FlashArg=0x00000000
[18:35:57.752]    __FlashOp=0x00000000
[18:35:57.752]    __Result=0x00000000
[18:35:57.752]  </debugvars>
[18:35:57.752]  
[18:35:57.752]  <sequence name="DebugPortSetup" Pname="" disable="false" info="">
[18:35:57.752]    <block atomic="false" info="">
[18:35:57.752]      __var isSWJ      = ((__protocol & 0x00010000) != 0);
[18:35:57.752]        // -> [isSWJ <= 0x00000001]
[18:35:57.752]      __var hasDormant = __protocol & 0x00020000;
[18:35:57.752]        // -> [hasDormant <= 0x00000000]
[18:35:57.752]      __var protType   = __protocol & 0x0000FFFF;
[18:35:57.752]        // -> [protType <= 0x00000002]
[18:35:57.752]    </block>
[18:35:57.752]    <control if="protType == 1" while="" timeout="0" info="">
[18:35:57.752]      // if-block "protType == 1"
[18:35:57.752]        // =>  FALSE
[18:35:57.755]      // skip if-block "protType == 1"
[18:35:57.755]    </control>
[18:35:57.755]    <control if="protType == 2" while="" timeout="0" info="">
[18:35:57.755]      // if-block "protType == 2"
[18:35:57.755]        // =>  TRUE
[18:35:57.755]      <control if="isSWJ" while="" timeout="0" info="">
[18:35:57.755]        // if-block "isSWJ"
[18:35:57.755]          // =>  TRUE
[18:35:57.755]        <control if="hasDormant" while="" timeout="0" info="">
[18:35:57.756]          // if-block "hasDormant"
[18:35:57.756]            // =>  FALSE
[18:35:57.756]          // skip if-block "hasDormant"
[18:35:57.756]        </control>
[18:35:57.756]        <control if="!hasDormant" while="" timeout="0" info="">
[18:35:57.756]          // if-block "!hasDormant"
[18:35:57.756]            // =>  TRUE
[18:35:57.756]          <block atomic="false" info="">
[18:35:57.756]            DAP_SWJ_Sequence(51, 0x0007FFFFFFFFFFFF); //lets put the JTAG line in a reset state
[18:35:57.756]              // -> [DAP_SWJ_Sequence(51, 0x0007FFFFFFFFFFFF)]
[18:35:57.756]            DAP_SWJ_Sequence(16,0xE73C); //SWD to JTAG, this is to ensure the state machine is initialized
[18:35:57.761]              // -> [DAP_SWJ_Sequence(16, 0x000000000000E73C)]
[18:35:57.761]            DAP_SWJ_Sequence(51, 0x0007FFFFFFFFFFFF); //Put it back in reset
[18:35:57.762]              // -> [DAP_SWJ_Sequence(51, 0x0007FFFFFFFFFFFF)]
[18:35:57.762]            DAP_SWJ_Sequence(16, 0xE79E); //JTAG to SWD switch
[18:35:57.764]              // -> [DAP_SWJ_Sequence(16, 0x000000000000E79E)]
[18:35:57.764]            DAP_SWJ_Sequence(51, 0x0007FFFFFFFFFFFF);  //Ensure the switch is successful 
[18:35:57.766]              // -> [DAP_SWJ_Sequence(51, 0x0007FFFFFFFFFFFF)]
[18:35:57.766]            DAP_SWJ_Sequence(7,  0x00); //Give the line some time to initialize
[18:35:57.766]              // -> [DAP_SWJ_Sequence(7, 0x0000000000000000)]
[18:35:57.766]          </block>
[18:35:57.766]          // end if-block "!hasDormant"
[18:35:57.766]        </control>
[18:35:57.766]        // end if-block "isSWJ"
[18:35:57.766]      </control>
[18:35:57.766]      <control if="!isSWJ" while="" timeout="0" info="">
[18:35:57.766]        // if-block "!isSWJ"
[18:35:57.766]          // =>  FALSE
[18:35:57.766]        // skip if-block "!isSWJ"
[18:35:57.766]      </control>
[18:35:57.766]      <block atomic="false" info="">
[18:35:57.766]        ReadDP(0x0);
[18:35:57.772]          // -> [ReadDP(0x00000000) => 0x6BA02477]   (__dp=0x00000000)
[18:35:57.772]      </block>
[18:35:57.772]      // end if-block "protType == 2"
[18:35:57.772]    </control>
[18:35:57.772]  </sequence>
[18:35:57.772]  
[18:35:57.777]  **********  Sequence "DebugPortStart"  (Context="Connect", Pname="", info="")
[18:35:57.777]  
[18:35:57.777]  <debugvars>
[18:35:57.777]    // Pre-defined
[18:35:57.777]    __protocol=0x00010002      (Protocol="SWD", SWJ-DP="True")
[18:35:57.777]    __connection=0x00000202    (Connection Type="Flash", Reset Type="System Reset")
[18:35:57.777]    __dp=0x00000000
[18:35:57.777]    __ap=0x00000000
[18:35:57.777]    __traceout=0x00000000      (Trace Disabled)
[18:35:57.777]    __errorcontrol=0x00000000  (Skip Errors="False")
[18:35:57.777]    __FlashAddr=0x00000000
[18:35:57.777]    __FlashLen=0x00000000
[18:35:57.777]    __FlashArg=0x00000000
[18:35:57.777]    __FlashOp=0x00000000
[18:35:57.777]    __Result=0x00000000
[18:35:57.777]  </debugvars>
[18:35:57.777]  
[18:35:57.777]  <sequence name="DebugPortStart" Pname="" disable="false" info="">
[18:35:57.777]    <block atomic="false" info="">
[18:35:57.777]      __var SW_DP_ABORT       = 0x0;
[18:35:57.777]        // -> [SW_DP_ABORT <= 0x00000000]
[18:35:57.777]      __var DP_CTRL_STAT      = 0x4;
[18:35:57.777]        // -> [DP_CTRL_STAT <= 0x00000004]
[18:35:57.777]      __var DP_SELECT         = 0x8;
[18:35:57.777]        // -> [DP_SELECT <= 0x00000008]
[18:35:57.777]      __var powered_down      = 0;
[18:35:57.777]        // -> [powered_down <= 0x00000000]
[18:35:57.777]      WriteDP(DP_SELECT, 0x00000000);
[18:35:57.781]        // -> [WriteDP(0x00000008, 0x00000000)]   (__dp=0x00000000)
[18:35:57.781]      powered_down = ((ReadDP(DP_CTRL_STAT) & 0xA0000000) != 0xA0000000);
[18:35:57.786]        // -> [ReadDP(0x00000004) => 0x00000040]   (__dp=0x00000000)
[18:35:57.786]        // -> [powered_down <= 0x00000001]
[18:35:57.786]    </block>
[18:35:57.786]    <control if="powered_down" while="" timeout="0" info="">
[18:35:57.786]      // if-block "powered_down"
[18:35:57.786]        // =>  TRUE
[18:35:57.786]      <block atomic="false" info="">
[18:35:57.786]        Message(0, "Debug/System power-up request sent");
[18:35:57.786]        WriteDP(DP_CTRL_STAT, 0x50000000);
[18:35:57.791]          // -> [WriteDP(0x00000004, 0x50000000)]   (__dp=0x00000000)
[18:35:57.791]      </block>
[18:35:57.791]      <control if="" while="(ReadDP(DP_CTRL_STAT) & 0xA0000000) != 0xA0000000" timeout="1000000" info="">
[18:35:57.791]        // while "(ReadDP(DP_CTRL_STAT) & 0xA0000000) != 0xA0000000"  (timeout="1000000")
[18:35:57.791]          // -> [ReadDP(0x00000004) => 0xF0000040]   (__dp=0x00000000)
[18:35:57.791]        // while-condition  =>  FALSE
[18:35:57.791]        // end while "(ReadDP(DP_CTRL_STAT) & 0xA0000000) != 0xA0000000"
[18:35:57.795]      </control>
[18:35:57.795]      <control if="(__protocol & 0xFFFF) == 1" while="" timeout="0" info="">
[18:35:57.795]        // if-block "(__protocol & 0xFFFF) == 1"
[18:35:57.795]          // =>  FALSE
[18:35:57.796]        // skip if-block "(__protocol & 0xFFFF) == 1"
[18:35:57.796]      </control>
[18:35:57.796]      <control if="(__protocol & 0xFFFF) == 2" while="" timeout="0" info="">
[18:35:57.796]        // if-block "(__protocol & 0xFFFF) == 2"
[18:35:57.796]          // =>  TRUE
[18:35:57.796]        <block atomic="false" info="">
[18:35:57.796]          Message(0, "executing SWD power up");
[18:35:57.798]          WriteDP(DP_CTRL_STAT, 0x50000F00);
[18:35:57.799]            // -> [WriteDP(0x00000004, 0x50000F00)]   (__dp=0x00000000)
[18:35:57.799]          WriteDP(SW_DP_ABORT, 0x0000001E);
[18:35:57.801]            // -> [WriteDP(0x00000000, 0x0000001E)]   (__dp=0x00000000)
[18:35:57.801]        </block>
[18:35:57.801]        // end if-block "(__protocol & 0xFFFF) == 2"
[18:35:57.801]      </control>
[18:35:57.801]      // end if-block "powered_down"
[18:35:57.801]    </control>
[18:35:57.801]    <block atomic="false" info="">
[18:35:57.801]      __var DEBUG_PORT_VAL    = 0;
[18:35:57.801]        // -> [DEBUG_PORT_VAL <= 0x00000000]
[18:35:57.801]      __var ACCESS_POINT_VAL  = 0;
[18:35:57.801]        // -> [ACCESS_POINT_VAL <= 0x00000000]
[18:35:57.801]      __ap = 1; 
[18:35:57.801]        // -> [__ap <= 0x00000001]
[18:35:57.801]      WriteAP(0x0C, 0x04); //lets use the mini pwr-ap as backup
[18:35:57.807]        // -> [WriteAP(0x0000000C, 0x00000004)]   (__dp=0x00000000, __ap=0x00000001)
[18:35:57.807]      __ap = 4;
[18:35:57.807]        // -> [__ap <= 0x00000004]
[18:35:57.807]      ACCESS_POINT_VAL = ReadAP(0x00);//Reading current state of access point
[18:35:57.810]        // -> [ReadAP(0x00000000) => 0x00080027]   (__dp=0x00000000, __ap=0x00000004)
[18:35:57.810]        // -> [ACCESS_POINT_VAL <= 0x00080027]
[18:35:57.810]      Message(0, "Current state of access point is: %x",ACCESS_POINT_VAL);
[18:35:57.811]    </block>
[18:35:57.811]    <block atomic="false" info="">
[18:35:57.813]      __var nReset = 0x80;
[18:35:57.813]        // -> [nReset <= 0x00000080]
[18:35:57.813]      __var canReadPins = 0;
[18:35:57.813]        // -> [canReadPins <= 0x00000000]
[18:35:57.813]      canReadPins = (DAP_SWJ_Pins(0x00, nReset, 0) != 0xFFFFFFFF);
[18:35:57.815]        // -> [DAP_SWJ_Pins(0x00, 0x80, 0) => 0x0F]   (Out: nRESET=0  =>  In: SWCLK/TCK=1, SWDIO/TMS=1, TDI=1, TDO=1, nTRST=0, nRESET=0)
[18:35:57.815]        // -> [canReadPins <= 0x00000001]
[18:35:57.815]    </block>
[18:35:57.815]    <control if="" while="1" timeout="200" info="">
[18:35:57.815]      // while "1"  (timeout="200")
[18:35:57.815]      // while-condition  =>  TRUE
[18:35:57.816]      // while "1"  (timeout="200")
[18:35:57.816]      // while-condition  =>  TRUE
[18:35:57.816]      // while "1"  (timeout="200")
[18:35:57.816]      // while-condition  =>  TRUE
[18:35:57.816]      // while "1"  (timeout="200")
[18:35:57.816]      // while-condition  =>  TRUE
[18:35:57.816]      // while "1"  (timeout="200")
[18:35:57.816]      // while-condition  =>  TRUE
[18:35:57.816]      // while "1"  (timeout="200")
[18:35:57.816]      // while-condition  =>  TRUE
[18:35:57.816]      // while "1"  (timeout="200")
[18:35:57.816]      // while-condition  =>  TRUE
[18:35:57.816]      // while "1"  (timeout="200")
[18:35:57.816]      // while-condition  =>  TRUE
[18:35:57.816]      // while "1"  (timeout="200")
[18:35:57.816]      // while-condition  =>  TRUE
[18:35:57.816]      // while "1"  (timeout="200")
[18:35:57.816]      // while-condition  =>  TRUE
[18:35:57.816]      // while "1"  (timeout="200")
[18:35:57.816]      // while-condition  =>  TRUE
[18:35:57.816]      // while "1"  (timeout="200")
[18:35:57.816]      // while-condition  =>  TRUE
[18:35:57.816]      // while "1"  (timeout="200")
[18:35:57.816]      // while-condition  =>  TRUE
[18:35:57.816]      // while "1"  (timeout="200")
[18:35:57.816]      // while-condition  =>  TRUE
[18:35:57.816]      // while "1"  (timeout="200")
[18:35:57.816]      // while-condition  =>  TRUE
[18:35:57.816]      // while "1"  (timeout="200")
[18:35:57.816]      // while-condition  =>  TRUE
[18:35:57.816]      // while "1"  (timeout="200")
[18:35:57.816]      // while-condition  =>  TRUE
[18:35:57.816]      // while "1"  (timeout="200")
[18:35:57.816]      // while-condition  =>  TRUE
[18:35:57.816]      // while "1"  (timeout="200")
[18:35:57.816]      // while-condition  =>  TRUE
[18:35:57.816]      // while "1"  (timeout="200")
[18:35:57.816]      // while-condition  =>  TRUE
[18:35:57.816]      // while "1"  (timeout="200")
[18:35:57.816]      // while-condition  =>  TRUE
[18:35:57.816]      // while "1"  (timeout="200")
[18:35:57.816]      // while-condition  =>  TRUE
[18:35:57.816]      // while "1"  (timeout="200")
[18:35:57.816]      // while-condition  =>  TRUE
[18:35:57.816]      // while "1"  (timeout="200")
[18:35:57.816]      // while-condition  =>  TRUE
[18:35:57.816]      // while "1"  (timeout="200")
[18:35:57.816]      // while-condition  =>  TRUE
[18:35:57.821]      // while "1"  (timeout="200")
[18:35:57.821]      // while  =>  TIMEOUT
[18:35:57.821]      // end while "1"
[18:35:57.821]    </control>
[18:35:57.821]    <control if="canReadPins" while="" timeout="0" info="">
[18:35:57.821]      // if-block "canReadPins"
[18:35:57.821]        // =>  TRUE
[18:35:57.821]      <control if="" while="(DAP_SWJ_Pins(nReset, nReset, 0) & nReset) == 0" timeout="1000000" info="">
[18:35:57.821]        // while "(DAP_SWJ_Pins(nReset, nReset, 0) & nReset) == 0"  (timeout="1000000")
[18:35:57.823]          // -> [DAP_SWJ_Pins(0x80, 0x80, 0) => 0x8F]   (Out: nRESET=1  =>  In: SWCLK/TCK=1, SWDIO/TMS=1, TDI=1, TDO=1, nTRST=0, nRESET=1)
[18:35:57.824]        // while-condition  =>  FALSE
[18:35:57.824]        // end while "(DAP_SWJ_Pins(nReset, nReset, 0) & nReset) == 0"
[18:35:57.824]      </control>
[18:35:57.824]      // end if-block "canReadPins"
[18:35:57.824]    </control>
[18:35:57.824]    <control if="!canReadPins" while="" timeout="0" info="">
[18:35:57.824]      // if-block "!canReadPins"
[18:35:57.824]        // =>  FALSE
[18:35:57.824]      // skip if-block "!canReadPins"
[18:35:57.826]    </control>
[18:35:57.826]    <control if="(ACCESS_POINT_VAL & 0x00E00000) == 0" while="" timeout="0" info="">
[18:35:57.826]      // if-block "(ACCESS_POINT_VAL & 0x00E00000) == 0"
[18:35:57.826]        // =>  TRUE
[18:35:57.826]      <block atomic="false" info="">
[18:35:57.826]        WriteAP(0x00, 0x190008);
[18:35:57.828]          // -> [WriteAP(0x00000000, 0x00190008)]   (__dp=0x00000000, __ap=0x00000004)
[18:35:57.828]        WriteAP(0xF0, 0x01);
[18:35:57.832]          // -> [WriteAP(0x000000F0, 0x00000001)]   (__dp=0x00000000, __ap=0x00000004)
[18:35:57.832]      </block>
[18:35:57.832]      // end if-block "(ACCESS_POINT_VAL & 0x00E00000) == 0"
[18:35:57.832]    </control>
[18:35:57.832]    <control if="(ACCESS_POINT_VAL & 0x00E00000) != 0" while="" timeout="0" info="">
[18:35:57.832]      // if-block "(ACCESS_POINT_VAL & 0x00E00000) != 0"
[18:35:57.832]        // =>  FALSE
[18:35:57.832]      // skip if-block "(ACCESS_POINT_VAL & 0x00E00000) != 0"
[18:35:57.832]    </control>
[18:35:57.832]    <block atomic="false" info="">
[18:35:57.832]      ACCESS_POINT_VAL = ReadAP(0x00);//Reading current state of access point
[18:35:57.836]        // -> [ReadAP(0x00000000) => 0x0079002F]   (__dp=0x00000000, __ap=0x00000004)
[18:35:57.837]        // -> [ACCESS_POINT_VAL <= 0x0079002F]
[18:35:57.837]      Message(0, "Current state of access point is: %x",ACCESS_POINT_VAL);
[18:35:57.839]      __ap = 0; //lets make sure we reset the access point selection
[18:35:57.839]        // -> [__ap <= 0x00000000]
[18:35:57.839]    </block>
[18:35:57.839]  </sequence>
[18:35:57.839]  
[18:35:57.860]  **********  Sequence "DebugDeviceUnlock"  (Context="Connect", Pname="", info="")
[18:35:57.860]  
[18:35:57.860]  <debugvars>
[18:35:57.860]    // Pre-defined
[18:35:57.860]    __protocol=0x00010002      (Protocol="SWD", SWJ-DP="True")
[18:35:57.860]    __connection=0x00000202    (Connection Type="Flash", Reset Type="System Reset")
[18:35:57.860]    __dp=0x00000000
[18:35:57.860]    __ap=0x00000000
[18:35:57.860]    __traceout=0x00000000      (Trace Disabled)
[18:35:57.860]    __errorcontrol=0x00000000  (Skip Errors="False")
[18:35:57.860]    __FlashAddr=0x00000000
[18:35:57.860]    __FlashLen=0x00000000
[18:35:57.860]    __FlashArg=0x00000000
[18:35:57.860]    __FlashOp=0x00000000
[18:35:57.860]    __Result=0x00000000
[18:35:57.860]  </debugvars>
[18:35:57.860]  
[18:35:57.860]  <sequence name="DebugDeviceUnlock" Pname="" disable="false" info="">
[18:35:57.860]    <block atomic="false" info="">
[18:35:57.860]      __var deviceID = 0;
[18:35:57.860]        // -> [deviceID <= 0x00000000]
[18:35:57.860]      __var version = 0;
[18:35:57.860]        // -> [version <= 0x00000000]
[18:35:57.860]      __var partNum = 0;
[18:35:57.860]        // -> [partNum <= 0x00000000]
[18:35:57.860]      __var manuf = 0;
[18:35:57.860]        // -> [manuf <= 0x00000000]
[18:35:57.863]      __var isMSPM0G1X0X_G3X0X = 0;
[18:35:57.863]        // -> [isMSPM0G1X0X_G3X0X <= 0x00000000]
[18:35:57.863]      __var isProduction = 0;
[18:35:57.863]        // -> [isProduction <= 0x00000000]
[18:35:57.863]      __var continueId = 0;
[18:35:57.863]        // -> [continueId <= 0x00000000]
[18:35:57.863]      deviceID =   Read32(0x41C40004);
[18:35:57.868]        // -> [Read32(0x41C40004) => 0x2BB8802F]   (__dp=0x00000000, __ap=0x00000000)
[18:35:57.868]        // -> [deviceID <= 0x2BB8802F]
[18:35:57.868]      version = deviceID >> 28;
[18:35:57.868]        // -> [version <= 0x00000002]
[18:35:57.868]      partNum = (deviceID & 0x0FFFF000) >> 12;
[18:35:57.868]        // -> [partNum <= 0x0000BB88]
[18:35:57.868]      manuf = (deviceID & 0x00000FFE) >> 1;
[18:35:57.868]        // -> [manuf <= 0x00000017]
[18:35:57.868]      isMSPM0G1X0X_G3X0X = (partNum == 0xBB88) && (manuf == 0x17);
[18:35:57.868]        // -> [isMSPM0G1X0X_G3X0X <= 0x00000001]
[18:35:57.868]      isProduction = (version > 0);
[18:35:57.868]        // -> [isProduction <= 0x00000001]
[18:35:57.868]    </block>
[18:35:57.868]    <control if="!isMSPM0G1X0X_G3X0X" while="" timeout="0" info="">
[18:35:57.868]      // if-block "!isMSPM0G1X0X_G3X0X"
[18:35:57.872]        // =>  FALSE
[18:35:57.872]      // skip if-block "!isMSPM0G1X0X_G3X0X"
[18:35:57.872]    </control>
[18:35:57.872]    <control if="continueId == 4" while="" timeout="0" info="">
[18:35:57.872]      // if-block "continueId == 4"
[18:35:57.872]        // =>  FALSE
[18:35:57.872]      // skip if-block "continueId == 4"
[18:35:57.872]    </control>
[18:35:57.872]    <control if="!isProduction" while="" timeout="0" info="">
[18:35:57.872]      // if-block "!isProduction"
[18:35:57.872]        // =>  FALSE
[18:35:57.872]      // skip if-block "!isProduction"
[18:35:57.872]    </control>
[18:35:57.872]  </sequence>
[18:35:57.872]  
[20:44:13.431]  **********  Sequence "DebugPortSetup"  (Context="Connect", Pname="", info="")
[20:44:13.431]  
[20:44:13.432]  <debugvars>
[20:44:13.432]    // Pre-defined
[20:44:13.432]    __protocol=0x00010002      (Protocol="SWD", SWJ-DP="True")
[20:44:13.432]    __connection=0x00000202    (Connection Type="Flash", Reset Type="System Reset")
[20:44:13.432]    __dp=0x00000000
[20:44:13.433]    __ap=0x00000000
[20:44:13.433]    __traceout=0x00000000      (Trace Disabled)
[20:44:13.433]    __errorcontrol=0x00000000  (Skip Errors="False")
[20:44:13.433]    __FlashAddr=0x00000000
[20:44:13.433]    __FlashLen=0x00000000
[20:44:13.433]    __FlashArg=0x00000000
[20:44:13.433]    __FlashOp=0x00000000
[20:44:13.433]    __Result=0x00000000
[20:44:13.433]  </debugvars>
[20:44:13.433]  
[20:44:13.433]  <sequence name="DebugPortSetup" Pname="" disable="false" info="">
[20:44:13.433]    <block atomic="false" info="">
[20:44:13.433]      __var isSWJ      = ((__protocol & 0x00010000) != 0);
[20:44:13.433]        // -> [isSWJ <= 0x00000001]
[20:44:13.435]      __var hasDormant = __protocol & 0x00020000;
[20:44:13.435]        // -> [hasDormant <= 0x00000000]
[20:44:13.435]      __var protType   = __protocol & 0x0000FFFF;
[20:44:13.435]        // -> [protType <= 0x00000002]
[20:44:13.435]    </block>
[20:44:13.435]    <control if="protType == 1" while="" timeout="0" info="">
[20:44:13.435]      // if-block "protType == 1"
[20:44:13.436]        // =>  FALSE
[20:44:13.436]      // skip if-block "protType == 1"
[20:44:13.436]    </control>
[20:44:13.436]    <control if="protType == 2" while="" timeout="0" info="">
[20:44:13.436]      // if-block "protType == 2"
[20:44:13.436]        // =>  TRUE
[20:44:13.436]      <control if="isSWJ" while="" timeout="0" info="">
[20:44:13.436]        // if-block "isSWJ"
[20:44:13.436]          // =>  TRUE
[20:44:13.436]        <control if="hasDormant" while="" timeout="0" info="">
[20:44:13.436]          // if-block "hasDormant"
[20:44:13.436]            // =>  FALSE
[20:44:13.436]          // skip if-block "hasDormant"
[20:44:13.436]        </control>
[20:44:13.436]        <control if="!hasDormant" while="" timeout="0" info="">
[20:44:13.436]          // if-block "!hasDormant"
[20:44:13.436]            // =>  TRUE
[20:44:13.436]          <block atomic="false" info="">
[20:44:13.436]            DAP_SWJ_Sequence(51, 0x0007FFFFFFFFFFFF); //lets put the JTAG line in a reset state
[20:44:13.438]              // -> [DAP_SWJ_Sequence(51, 0x0007FFFFFFFFFFFF)]
[20:44:13.438]            DAP_SWJ_Sequence(16,0xE73C); //SWD to JTAG, this is to ensure the state machine is initialized
[20:44:13.441]              // -> [DAP_SWJ_Sequence(16, 0x000000000000E73C)]
[20:44:13.441]            DAP_SWJ_Sequence(51, 0x0007FFFFFFFFFFFF); //Put it back in reset
[20:44:13.442]              // -> [DAP_SWJ_Sequence(51, 0x0007FFFFFFFFFFFF)]
[20:44:13.444]            DAP_SWJ_Sequence(16, 0xE79E); //JTAG to SWD switch
[20:44:13.445]              // -> [DAP_SWJ_Sequence(16, 0x000000000000E79E)]
[20:44:13.445]            DAP_SWJ_Sequence(51, 0x0007FFFFFFFFFFFF);  //Ensure the switch is successful 
[20:44:13.446]              // -> [DAP_SWJ_Sequence(51, 0x0007FFFFFFFFFFFF)]
[20:44:13.446]            DAP_SWJ_Sequence(7,  0x00); //Give the line some time to initialize
[20:44:13.446]              // -> [DAP_SWJ_Sequence(7, 0x0000000000000000)]
[20:44:13.446]          </block>
[20:44:13.446]          // end if-block "!hasDormant"
[20:44:13.451]        </control>
[20:44:13.451]        // end if-block "isSWJ"
[20:44:13.451]      </control>
[20:44:13.451]      <control if="!isSWJ" while="" timeout="0" info="">
[20:44:13.451]        // if-block "!isSWJ"
[20:44:13.451]          // =>  FALSE
[20:44:13.451]        // skip if-block "!isSWJ"
[20:44:13.451]      </control>
[20:44:13.451]      <block atomic="false" info="">
[20:44:13.452]        ReadDP(0x0);
[20:44:13.454]          // -> [ReadDP(0x00000000) => 0x6BA02477]   (__dp=0x00000000)
[20:44:13.454]      </block>
[20:44:13.454]      // end if-block "protType == 2"
[20:44:13.454]    </control>
[20:44:13.454]  </sequence>
[20:44:13.454]  
[20:44:13.457]  **********  Sequence "DebugPortStart"  (Context="Connect", Pname="", info="")
[20:44:13.457]  
[20:44:13.457]  <debugvars>
[20:44:13.457]    // Pre-defined
[20:44:13.457]    __protocol=0x00010002      (Protocol="SWD", SWJ-DP="True")
[20:44:13.457]    __connection=0x00000202    (Connection Type="Flash", Reset Type="System Reset")
[20:44:13.457]    __dp=0x00000000
[20:44:13.457]    __ap=0x00000000
[20:44:13.457]    __traceout=0x00000000      (Trace Disabled)
[20:44:13.461]    __errorcontrol=0x00000000  (Skip Errors="False")
[20:44:13.461]    __FlashAddr=0x00000000
[20:44:13.461]    __FlashLen=0x00000000
[20:44:13.461]    __FlashArg=0x00000000
[20:44:13.461]    __FlashOp=0x00000000
[20:44:13.461]    __Result=0x00000000
[20:44:13.461]  </debugvars>
[20:44:13.461]  
[20:44:13.461]  <sequence name="DebugPortStart" Pname="" disable="false" info="">
[20:44:13.461]    <block atomic="false" info="">
[20:44:13.461]      __var SW_DP_ABORT       = 0x0;
[20:44:13.461]        // -> [SW_DP_ABORT <= 0x00000000]
[20:44:13.461]      __var DP_CTRL_STAT      = 0x4;
[20:44:13.461]        // -> [DP_CTRL_STAT <= 0x00000004]
[20:44:13.461]      __var DP_SELECT         = 0x8;
[20:44:13.461]        // -> [DP_SELECT <= 0x00000008]
[20:44:13.461]      __var powered_down      = 0;
[20:44:13.463]        // -> [powered_down <= 0x00000000]
[20:44:13.463]      WriteDP(DP_SELECT, 0x00000000);
[20:44:13.465]        // -> [WriteDP(0x00000008, 0x00000000)]   (__dp=0x00000000)
[20:44:13.465]      powered_down = ((ReadDP(DP_CTRL_STAT) & 0xA0000000) != 0xA0000000);
[20:44:13.466]        // -> [ReadDP(0x00000004) => 0x00000040]   (__dp=0x00000000)
[20:44:13.466]        // -> [powered_down <= 0x00000001]
[20:44:13.466]    </block>
[20:44:13.466]    <control if="powered_down" while="" timeout="0" info="">
[20:44:13.466]      // if-block "powered_down"
[20:44:13.466]        // =>  TRUE
[20:44:13.466]      <block atomic="false" info="">
[20:44:13.466]        Message(0, "Debug/System power-up request sent");
[20:44:13.466]        WriteDP(DP_CTRL_STAT, 0x50000000);
[20:44:13.473]          // -> [WriteDP(0x00000004, 0x50000000)]   (__dp=0x00000000)
[20:44:13.473]      </block>
[20:44:13.473]      <control if="" while="(ReadDP(DP_CTRL_STAT) & 0xA0000000) != 0xA0000000" timeout="1000000" info="">
[20:44:13.473]        // while "(ReadDP(DP_CTRL_STAT) & 0xA0000000) != 0xA0000000"  (timeout="1000000")
[20:44:13.474]          // -> [ReadDP(0x00000004) => 0xF0000040]   (__dp=0x00000000)
[20:44:13.474]        // while-condition  =>  FALSE
[20:44:13.474]        // end while "(ReadDP(DP_CTRL_STAT) & 0xA0000000) != 0xA0000000"
[20:44:13.474]      </control>
[20:44:13.474]      <control if="(__protocol & 0xFFFF) == 1" while="" timeout="0" info="">
[20:44:13.474]        // if-block "(__protocol & 0xFFFF) == 1"
[20:44:13.474]          // =>  FALSE
[20:44:13.474]        // skip if-block "(__protocol & 0xFFFF) == 1"
[20:44:13.474]      </control>
[20:44:13.474]      <control if="(__protocol & 0xFFFF) == 2" while="" timeout="0" info="">
[20:44:13.474]        // if-block "(__protocol & 0xFFFF) == 2"
[20:44:13.474]          // =>  TRUE
[20:44:13.474]        <block atomic="false" info="">
[20:44:13.474]          Message(0, "executing SWD power up");
[20:44:13.477]          WriteDP(DP_CTRL_STAT, 0x50000F00);
[20:44:13.479]            // -> [WriteDP(0x00000004, 0x50000F00)]   (__dp=0x00000000)
[20:44:13.481]          WriteDP(SW_DP_ABORT, 0x0000001E);
[20:44:13.482]            // -> [WriteDP(0x00000000, 0x0000001E)]   (__dp=0x00000000)
[20:44:13.482]        </block>
[20:44:13.482]        // end if-block "(__protocol & 0xFFFF) == 2"
[20:44:13.482]      </control>
[20:44:13.482]      // end if-block "powered_down"
[20:44:13.482]    </control>
[20:44:13.482]    <block atomic="false" info="">
[20:44:13.482]      __var DEBUG_PORT_VAL    = 0;
[20:44:13.482]        // -> [DEBUG_PORT_VAL <= 0x00000000]
[20:44:13.482]      __var ACCESS_POINT_VAL  = 0;
[20:44:13.482]        // -> [ACCESS_POINT_VAL <= 0x00000000]
[20:44:13.482]      __ap = 1; 
[20:44:13.482]        // -> [__ap <= 0x00000001]
[20:44:13.482]      WriteAP(0x0C, 0x04); //lets use the mini pwr-ap as backup
[20:44:13.488]        // -> [WriteAP(0x0000000C, 0x00000004)]   (__dp=0x00000000, __ap=0x00000001)
[20:44:13.488]      __ap = 4;
[20:44:13.488]        // -> [__ap <= 0x00000004]
[20:44:13.488]      ACCESS_POINT_VAL = ReadAP(0x00);//Reading current state of access point
[20:44:13.493]        // -> [ReadAP(0x00000000) => 0x00080027]   (__dp=0x00000000, __ap=0x00000004)
[20:44:13.493]        // -> [ACCESS_POINT_VAL <= 0x00080027]
[20:44:13.493]      Message(0, "Current state of access point is: %x",ACCESS_POINT_VAL);
[20:44:13.493]    </block>
[20:44:13.493]    <block atomic="false" info="">
[20:44:13.495]      __var nReset = 0x80;
[20:44:13.495]        // -> [nReset <= 0x00000080]
[20:44:13.495]      __var canReadPins = 0;
[20:44:13.495]        // -> [canReadPins <= 0x00000000]
[20:44:13.495]      canReadPins = (DAP_SWJ_Pins(0x00, nReset, 0) != 0xFFFFFFFF);
[20:44:13.498]        // -> [DAP_SWJ_Pins(0x00, 0x80, 0) => 0x0F]   (Out: nRESET=0  =>  In: SWCLK/TCK=1, SWDIO/TMS=1, TDI=1, TDO=1, nTRST=0, nRESET=0)
[20:44:13.498]        // -> [canReadPins <= 0x00000001]
[20:44:13.498]    </block>
[20:44:13.498]    <control if="" while="1" timeout="200" info="">
[20:44:13.498]      // while "1"  (timeout="200")
[20:44:13.498]      // while-condition  =>  TRUE
[20:44:13.498]      // while "1"  (timeout="200")
[20:44:13.498]      // while-condition  =>  TRUE
[20:44:13.498]      // while "1"  (timeout="200")
[20:44:13.498]      // while-condition  =>  TRUE
[20:44:13.498]      // while "1"  (timeout="200")
[20:44:13.498]      // while-condition  =>  TRUE
[20:44:13.498]      // while "1"  (timeout="200")
[20:44:13.498]      // while-condition  =>  TRUE
[20:44:13.498]      // while "1"  (timeout="200")
[20:44:13.498]      // while-condition  =>  TRUE
[20:44:13.498]      // while "1"  (timeout="200")
[20:44:13.498]      // while-condition  =>  TRUE
[20:44:13.498]      // while "1"  (timeout="200")
[20:44:13.498]      // while-condition  =>  TRUE
[20:44:13.498]      // while "1"  (timeout="200")
[20:44:13.498]      // while-condition  =>  TRUE
[20:44:13.498]      // while "1"  (timeout="200")
[20:44:13.498]      // while-condition  =>  TRUE
[20:44:13.498]      // while "1"  (timeout="200")
[20:44:13.498]      // while-condition  =>  TRUE
[20:44:13.498]      // while "1"  (timeout="200")
[20:44:13.498]      // while-condition  =>  TRUE
[20:44:13.498]      // while "1"  (timeout="200")
[20:44:13.498]      // while-condition  =>  TRUE
[20:44:13.498]      // while "1"  (timeout="200")
[20:44:13.498]      // while-condition  =>  TRUE
[20:44:13.498]      // while "1"  (timeout="200")
[20:44:13.502]      // while-condition  =>  TRUE
[20:44:13.502]      // while "1"  (timeout="200")
[20:44:13.502]      // while-condition  =>  TRUE
[20:44:13.502]      // while "1"  (timeout="200")
[20:44:13.502]      // while-condition  =>  TRUE
[20:44:13.502]      // while "1"  (timeout="200")
[20:44:13.502]      // while-condition  =>  TRUE
[20:44:13.502]      // while "1"  (timeout="200")
[20:44:13.502]      // while-condition  =>  TRUE
[20:44:13.503]      // while "1"  (timeout="200")
[20:44:13.503]      // while-condition  =>  TRUE
[20:44:13.503]      // while "1"  (timeout="200")
[20:44:13.503]      // while-condition  =>  TRUE
[20:44:13.503]      // while "1"  (timeout="200")
[20:44:13.503]      // while-condition  =>  TRUE
[20:44:13.503]      // while "1"  (timeout="200")
[20:44:13.503]      // while-condition  =>  TRUE
[20:44:13.503]      // while "1"  (timeout="200")
[20:44:13.503]      // while-condition  =>  TRUE
[20:44:13.503]      // while "1"  (timeout="200")
[20:44:13.503]      // while-condition  =>  TRUE
[20:44:13.503]      // while "1"  (timeout="200")
[20:44:13.505]      // while-condition  =>  TRUE
[20:44:13.505]      // while "1"  (timeout="200")
[20:44:13.505]      // while-condition  =>  TRUE
[20:44:13.505]      // while "1"  (timeout="200")
[20:44:13.505]      // while-condition  =>  TRUE
[20:44:13.505]      // while "1"  (timeout="200")
[20:44:13.505]      // while-condition  =>  TRUE
[20:44:13.505]      // while "1"  (timeout="200")
[20:44:13.505]      // while-condition  =>  TRUE
[20:44:13.505]      // while "1"  (timeout="200")
[20:44:13.505]      // while-condition  =>  TRUE
[20:44:13.505]      // while "1"  (timeout="200")
[20:44:13.505]      // while-condition  =>  TRUE
[20:44:13.505]      // while "1"  (timeout="200")
[20:44:13.505]      // while-condition  =>  TRUE
[20:44:13.505]      // while "1"  (timeout="200")
[20:44:13.505]      // while-condition  =>  TRUE
[20:44:13.505]      // while "1"  (timeout="200")
[20:44:13.505]      // while-condition  =>  TRUE
[20:44:13.505]      // while "1"  (timeout="200")
[20:44:13.505]      // while-condition  =>  TRUE
[20:44:13.505]      // while "1"  (timeout="200")
[20:44:13.505]      // while-condition  =>  TRUE
[20:44:13.505]      // while "1"  (timeout="200")
[20:44:13.505]      // while-condition  =>  TRUE
[20:44:13.505]      // while "1"  (timeout="200")
[20:44:13.505]      // while-condition  =>  TRUE
[20:44:13.505]      // while "1"  (timeout="200")
[20:44:13.508]      // while-condition  =>  TRUE
[20:44:13.509]      // while "1"  (timeout="200")
[20:44:13.509]      // while  =>  TIMEOUT
[20:44:13.509]      // end while "1"
[20:44:13.509]    </control>
[20:44:13.509]    <control if="canReadPins" while="" timeout="0" info="">
[20:44:13.509]      // if-block "canReadPins"
[20:44:13.509]        // =>  TRUE
[20:44:13.509]      <control if="" while="(DAP_SWJ_Pins(nReset, nReset, 0) & nReset) == 0" timeout="1000000" info="">
[20:44:13.509]        // while "(DAP_SWJ_Pins(nReset, nReset, 0) & nReset) == 0"  (timeout="1000000")
[20:44:13.509]          // -> [DAP_SWJ_Pins(0x80, 0x80, 0) => 0x8F]   (Out: nRESET=1  =>  In: SWCLK/TCK=1, SWDIO/TMS=1, TDI=1, TDO=1, nTRST=0, nRESET=1)
[20:44:13.509]        // while-condition  =>  FALSE
[20:44:13.509]        // end while "(DAP_SWJ_Pins(nReset, nReset, 0) & nReset) == 0"
[20:44:13.509]      </control>
[20:44:13.509]      // end if-block "canReadPins"
[20:44:13.509]    </control>
[20:44:13.509]    <control if="!canReadPins" while="" timeout="0" info="">
[20:44:13.509]      // if-block "!canReadPins"
[20:44:13.509]        // =>  FALSE
[20:44:13.509]      // skip if-block "!canReadPins"
[20:44:13.509]    </control>
[20:44:13.509]    <control if="(ACCESS_POINT_VAL & 0x00E00000) == 0" while="" timeout="0" info="">
[20:44:13.509]      // if-block "(ACCESS_POINT_VAL & 0x00E00000) == 0"
[20:44:13.509]        // =>  TRUE
[20:44:13.509]      <block atomic="false" info="">
[20:44:13.514]        WriteAP(0x00, 0x190008);
[20:44:13.514]          // -> [WriteAP(0x00000000, 0x00190008)]   (__dp=0x00000000, __ap=0x00000004)
[20:44:13.514]        WriteAP(0xF0, 0x01);
[20:44:13.519]          // -> [WriteAP(0x000000F0, 0x00000001)]   (__dp=0x00000000, __ap=0x00000004)
[20:44:13.519]      </block>
[20:44:13.519]      // end if-block "(ACCESS_POINT_VAL & 0x00E00000) == 0"
[20:44:13.519]    </control>
[20:44:13.519]    <control if="(ACCESS_POINT_VAL & 0x00E00000) != 0" while="" timeout="0" info="">
[20:44:13.519]      // if-block "(ACCESS_POINT_VAL & 0x00E00000) != 0"
[20:44:13.519]        // =>  FALSE
[20:44:13.519]      // skip if-block "(ACCESS_POINT_VAL & 0x00E00000) != 0"
[20:44:13.519]    </control>
[20:44:13.519]    <block atomic="false" info="">
[20:44:13.519]      ACCESS_POINT_VAL = ReadAP(0x00);//Reading current state of access point
[20:44:13.524]        // -> [ReadAP(0x00000000) => 0x0079002F]   (__dp=0x00000000, __ap=0x00000004)
[20:44:13.524]        // -> [ACCESS_POINT_VAL <= 0x0079002F]
[20:44:13.524]      Message(0, "Current state of access point is: %x",ACCESS_POINT_VAL);
[20:44:13.524]      __ap = 0; //lets make sure we reset the access point selection
[20:44:13.524]        // -> [__ap <= 0x00000000]
[20:44:13.524]    </block>
[20:44:13.524]  </sequence>
[20:44:13.524]  
[20:44:13.544]  **********  Sequence "DebugDeviceUnlock"  (Context="Connect", Pname="", info="")
[20:44:13.544]  
[20:44:13.544]  <debugvars>
[20:44:13.544]    // Pre-defined
[20:44:13.544]    __protocol=0x00010002      (Protocol="SWD", SWJ-DP="True")
[20:44:13.544]    __connection=0x00000202    (Connection Type="Flash", Reset Type="System Reset")
[20:44:13.544]    __dp=0x00000000
[20:44:13.544]    __ap=0x00000000
[20:44:13.544]    __traceout=0x00000000      (Trace Disabled)
[20:44:13.544]    __errorcontrol=0x00000000  (Skip Errors="False")
[20:44:13.544]    __FlashAddr=0x00000000
[20:44:13.544]    __FlashLen=0x00000000
[20:44:13.544]    __FlashArg=0x00000000
[20:44:13.544]    __FlashOp=0x00000000
[20:44:13.544]    __Result=0x00000000
[20:44:13.544]  </debugvars>
[20:44:13.544]  
[20:44:13.544]  <sequence name="DebugDeviceUnlock" Pname="" disable="false" info="">
[20:44:13.544]    <block atomic="false" info="">
[20:44:13.550]      __var deviceID = 0;
[20:44:13.550]        // -> [deviceID <= 0x00000000]
[20:44:13.550]      __var version = 0;
[20:44:13.550]        // -> [version <= 0x00000000]
[20:44:13.550]      __var partNum = 0;
[20:44:13.550]        // -> [partNum <= 0x00000000]
[20:44:13.550]      __var manuf = 0;
[20:44:13.550]        // -> [manuf <= 0x00000000]
[20:44:13.550]      __var isMSPM0G1X0X_G3X0X = 0;
[20:44:13.550]        // -> [isMSPM0G1X0X_G3X0X <= 0x00000000]
[20:44:13.550]      __var isProduction = 0;
[20:44:13.551]        // -> [isProduction <= 0x00000000]
[20:44:13.551]      __var continueId = 0;
[20:44:13.551]        // -> [continueId <= 0x00000000]
[20:44:13.551]      deviceID =   Read32(0x41C40004);
[20:44:13.557]        // -> [Read32(0x41C40004) => 0x2BB8802F]   (__dp=0x00000000, __ap=0x00000000)
[20:44:13.557]        // -> [deviceID <= 0x2BB8802F]
[20:44:13.557]      version = deviceID >> 28;
[20:44:13.557]        // -> [version <= 0x00000002]
[20:44:13.557]      partNum = (deviceID & 0x0FFFF000) >> 12;
[20:44:13.557]        // -> [partNum <= 0x0000BB88]
[20:44:13.557]      manuf = (deviceID & 0x00000FFE) >> 1;
[20:44:13.557]        // -> [manuf <= 0x00000017]
[20:44:13.557]      isMSPM0G1X0X_G3X0X = (partNum == 0xBB88) && (manuf == 0x17);
[20:44:13.557]        // -> [isMSPM0G1X0X_G3X0X <= 0x00000001]
[20:44:13.557]      isProduction = (version > 0);
[20:44:13.557]        // -> [isProduction <= 0x00000001]
[20:44:13.557]    </block>
[20:44:13.557]    <control if="!isMSPM0G1X0X_G3X0X" while="" timeout="0" info="">
[20:44:13.557]      // if-block "!isMSPM0G1X0X_G3X0X"
[20:44:13.557]        // =>  FALSE
[20:44:13.557]      // skip if-block "!isMSPM0G1X0X_G3X0X"
[20:44:13.557]    </control>
[20:44:13.557]    <control if="continueId == 4" while="" timeout="0" info="">
[20:44:13.560]      // if-block "continueId == 4"
[20:44:13.560]        // =>  FALSE
[20:44:13.560]      // skip if-block "continueId == 4"
[20:44:13.560]    </control>
[20:44:13.560]    <control if="!isProduction" while="" timeout="0" info="">
[20:44:13.560]      // if-block "!isProduction"
[20:44:13.560]        // =>  FALSE
[20:44:13.560]      // skip if-block "!isProduction"
[20:44:13.560]    </control>
[20:44:13.560]  </sequence>
[20:44:13.560]  
[20:54:19.724]  **********  Sequence "DebugPortSetup"  (Context="Connect", Pname="", info="")
[20:54:19.724]  
[20:54:19.724]  <debugvars>
[20:54:19.724]    // Pre-defined
[20:54:19.724]    __protocol=0x00010002      (Protocol="SWD", SWJ-DP="True")
[20:54:19.724]    __connection=0x00000202    (Connection Type="Flash", Reset Type="System Reset")
[20:54:19.724]    __dp=0x00000000
[20:54:19.724]    __ap=0x00000000
[20:54:19.724]    __traceout=0x00000000      (Trace Disabled)
[20:54:19.724]    __errorcontrol=0x00000000  (Skip Errors="False")
[20:54:19.724]    __FlashAddr=0x00000000
[20:54:19.724]    __FlashLen=0x00000000
[20:54:19.729]    __FlashArg=0x00000000
[20:54:19.729]    __FlashOp=0x00000000
[20:54:19.729]    __Result=0x00000000
[20:54:19.729]  </debugvars>
[20:54:19.729]  
[20:54:19.729]  <sequence name="DebugPortSetup" Pname="" disable="false" info="">
[20:54:19.729]    <block atomic="false" info="">
[20:54:19.729]      __var isSWJ      = ((__protocol & 0x00010000) != 0);
[20:54:19.729]        // -> [isSWJ <= 0x00000001]
[20:54:19.729]      __var hasDormant = __protocol & 0x00020000;
[20:54:19.729]        // -> [hasDormant <= 0x00000000]
[20:54:19.729]      __var protType   = __protocol & 0x0000FFFF;
[20:54:19.729]        // -> [protType <= 0x00000002]
[20:54:19.729]    </block>
[20:54:19.729]    <control if="protType == 1" while="" timeout="0" info="">
[20:54:19.729]      // if-block "protType == 1"
[20:54:19.729]        // =>  FALSE
[20:54:19.729]      // skip if-block "protType == 1"
[20:54:19.729]    </control>
[20:54:19.729]    <control if="protType == 2" while="" timeout="0" info="">
[20:54:19.729]      // if-block "protType == 2"
[20:54:19.729]        // =>  TRUE
[20:54:19.729]      <control if="isSWJ" while="" timeout="0" info="">
[20:54:19.729]        // if-block "isSWJ"
[20:54:19.729]          // =>  TRUE
[20:54:19.729]        <control if="hasDormant" while="" timeout="0" info="">
[20:54:19.729]          // if-block "hasDormant"
[20:54:19.729]            // =>  FALSE
[20:54:19.729]          // skip if-block "hasDormant"
[20:54:19.729]        </control>
[20:54:19.729]        <control if="!hasDormant" while="" timeout="0" info="">
[20:54:19.729]          // if-block "!hasDormant"
[20:54:19.729]            // =>  TRUE
[20:54:19.729]          <block atomic="false" info="">
[20:54:19.729]            DAP_SWJ_Sequence(51, 0x0007FFFFFFFFFFFF); //lets put the JTAG line in a reset state
[20:54:19.736]              // -> [DAP_SWJ_Sequence(51, 0x0007FFFFFFFFFFFF)]
[20:54:19.736]            DAP_SWJ_Sequence(16,0xE73C); //SWD to JTAG, this is to ensure the state machine is initialized
[20:54:19.736]              // -> [DAP_SWJ_Sequence(16, 0x000000000000E73C)]
[20:54:19.736]            DAP_SWJ_Sequence(51, 0x0007FFFFFFFFFFFF); //Put it back in reset
[20:54:19.739]              // -> [DAP_SWJ_Sequence(51, 0x0007FFFFFFFFFFFF)]
[20:54:19.739]            DAP_SWJ_Sequence(16, 0xE79E); //JTAG to SWD switch
[20:54:19.739]              // -> [DAP_SWJ_Sequence(16, 0x000000000000E79E)]
[20:54:19.739]            DAP_SWJ_Sequence(51, 0x0007FFFFFFFFFFFF);  //Ensure the switch is successful 
[20:54:19.744]              // -> [DAP_SWJ_Sequence(51, 0x0007FFFFFFFFFFFF)]
[20:54:19.744]            DAP_SWJ_Sequence(7,  0x00); //Give the line some time to initialize
[20:54:19.744]              // -> [DAP_SWJ_Sequence(7, 0x0000000000000000)]
[20:54:19.744]          </block>
[20:54:19.744]          // end if-block "!hasDormant"
[20:54:19.744]        </control>
[20:54:19.744]        // end if-block "isSWJ"
[20:54:19.744]      </control>
[20:54:19.744]      <control if="!isSWJ" while="" timeout="0" info="">
[20:54:19.744]        // if-block "!isSWJ"
[20:54:19.744]          // =>  FALSE
[20:54:19.744]        // skip if-block "!isSWJ"
[20:54:19.744]      </control>
[20:54:19.744]      <block atomic="false" info="">
[20:54:19.744]        ReadDP(0x0);
[20:54:19.750]          // -> [ReadDP(0x00000000) => 0x6BA02477]   (__dp=0x00000000)
[20:54:19.750]      </block>
[20:54:19.750]      // end if-block "protType == 2"
[20:54:19.750]    </control>
[20:54:19.750]  </sequence>
[20:54:19.750]  
[20:54:19.757]  **********  Sequence "DebugPortStart"  (Context="Connect", Pname="", info="")
[20:54:19.757]  
[20:54:19.757]  <debugvars>
[20:54:19.757]    // Pre-defined
[20:54:19.757]    __protocol=0x00010002      (Protocol="SWD", SWJ-DP="True")
[20:54:19.757]    __connection=0x00000202    (Connection Type="Flash", Reset Type="System Reset")
[20:54:19.757]    __dp=0x00000000
[20:54:19.757]    __ap=0x00000000
[20:54:19.757]    __traceout=0x00000000      (Trace Disabled)
[20:54:19.757]    __errorcontrol=0x00000000  (Skip Errors="False")
[20:54:19.757]    __FlashAddr=0x00000000
[20:54:19.757]    __FlashLen=0x00000000
[20:54:19.757]    __FlashArg=0x00000000
[20:54:19.757]    __FlashOp=0x00000000
[20:54:19.757]    __Result=0x00000000
[20:54:19.757]  </debugvars>
[20:54:19.757]  
[20:54:19.757]  <sequence name="DebugPortStart" Pname="" disable="false" info="">
[20:54:19.757]    <block atomic="false" info="">
[20:54:19.757]      __var SW_DP_ABORT       = 0x0;
[20:54:19.757]        // -> [SW_DP_ABORT <= 0x00000000]
[20:54:19.757]      __var DP_CTRL_STAT      = 0x4;
[20:54:19.757]        // -> [DP_CTRL_STAT <= 0x00000004]
[20:54:19.757]      __var DP_SELECT         = 0x8;
[20:54:19.757]        // -> [DP_SELECT <= 0x00000008]
[20:54:19.757]      __var powered_down      = 0;
[20:54:19.757]        // -> [powered_down <= 0x00000000]
[20:54:19.757]      WriteDP(DP_SELECT, 0x00000000);
[20:54:19.760]        // -> [WriteDP(0x00000008, 0x00000000)]   (__dp=0x00000000)
[20:54:19.762]      powered_down = ((ReadDP(DP_CTRL_STAT) & 0xA0000000) != 0xA0000000);
[20:54:19.763]        // -> [ReadDP(0x00000004) => 0x00000040]   (__dp=0x00000000)
[20:54:19.763]        // -> [powered_down <= 0x00000001]
[20:54:19.763]    </block>
[20:54:19.763]    <control if="powered_down" while="" timeout="0" info="">
[20:54:19.763]      // if-block "powered_down"
[20:54:19.763]        // =>  TRUE
[20:54:19.763]      <block atomic="false" info="">
[20:54:19.763]        Message(0, "Debug/System power-up request sent");
[20:54:19.766]        WriteDP(DP_CTRL_STAT, 0x50000000);
[20:54:19.766]          // -> [WriteDP(0x00000004, 0x50000000)]   (__dp=0x00000000)
[20:54:19.766]      </block>
[20:54:19.766]      <control if="" while="(ReadDP(DP_CTRL_STAT) & 0xA0000000) != 0xA0000000" timeout="1000000" info="">
[20:54:19.766]        // while "(ReadDP(DP_CTRL_STAT) & 0xA0000000) != 0xA0000000"  (timeout="1000000")
[20:54:19.771]          // -> [ReadDP(0x00000004) => 0xF0000040]   (__dp=0x00000000)
[20:54:19.771]        // while-condition  =>  FALSE
[20:54:19.771]        // end while "(ReadDP(DP_CTRL_STAT) & 0xA0000000) != 0xA0000000"
[20:54:19.771]      </control>
[20:54:19.771]      <control if="(__protocol & 0xFFFF) == 1" while="" timeout="0" info="">
[20:54:19.771]        // if-block "(__protocol & 0xFFFF) == 1"
[20:54:19.771]          // =>  FALSE
[20:54:19.771]        // skip if-block "(__protocol & 0xFFFF) == 1"
[20:54:19.771]      </control>
[20:54:19.771]      <control if="(__protocol & 0xFFFF) == 2" while="" timeout="0" info="">
[20:54:19.771]        // if-block "(__protocol & 0xFFFF) == 2"
[20:54:19.771]          // =>  TRUE
[20:54:19.771]        <block atomic="false" info="">
[20:54:19.771]          Message(0, "executing SWD power up");
[20:54:19.771]          WriteDP(DP_CTRL_STAT, 0x50000F00);
[20:54:19.776]            // -> [WriteDP(0x00000004, 0x50000F00)]   (__dp=0x00000000)
[20:54:19.776]          WriteDP(SW_DP_ABORT, 0x0000001E);
[20:54:19.779]            // -> [WriteDP(0x00000000, 0x0000001E)]   (__dp=0x00000000)
[20:54:19.779]        </block>
[20:54:19.779]        // end if-block "(__protocol & 0xFFFF) == 2"
[20:54:19.779]      </control>
[20:54:19.779]      // end if-block "powered_down"
[20:54:19.779]    </control>
[20:54:19.779]    <block atomic="false" info="">
[20:54:19.779]      __var DEBUG_PORT_VAL    = 0;
[20:54:19.779]        // -> [DEBUG_PORT_VAL <= 0x00000000]
[20:54:19.779]      __var ACCESS_POINT_VAL  = 0;
[20:54:19.779]        // -> [ACCESS_POINT_VAL <= 0x00000000]
[20:54:19.779]      __ap = 1; 
[20:54:19.779]        // -> [__ap <= 0x00000001]
[20:54:19.779]      WriteAP(0x0C, 0x04); //lets use the mini pwr-ap as backup
[20:54:19.785]        // -> [WriteAP(0x0000000C, 0x00000004)]   (__dp=0x00000000, __ap=0x00000001)
[20:54:19.785]      __ap = 4;
[20:54:19.785]        // -> [__ap <= 0x00000004]
[20:54:19.785]      ACCESS_POINT_VAL = ReadAP(0x00);//Reading current state of access point
[20:54:19.786]        // -> [ReadAP(0x00000000) => 0x00080027]   (__dp=0x00000000, __ap=0x00000004)
[20:54:19.786]        // -> [ACCESS_POINT_VAL <= 0x00080027]
[20:54:19.786]      Message(0, "Current state of access point is: %x",ACCESS_POINT_VAL);
[20:54:19.786]    </block>
[20:54:19.786]    <block atomic="false" info="">
[20:54:19.786]      __var nReset = 0x80;
[20:54:19.786]        // -> [nReset <= 0x00000080]
[20:54:19.786]      __var canReadPins = 0;
[20:54:19.786]        // -> [canReadPins <= 0x00000000]
[20:54:19.786]      canReadPins = (DAP_SWJ_Pins(0x00, nReset, 0) != 0xFFFFFFFF);
[20:54:19.792]        // -> [DAP_SWJ_Pins(0x00, 0x80, 0) => 0x0F]   (Out: nRESET=0  =>  In: SWCLK/TCK=1, SWDIO/TMS=1, TDI=1, TDO=1, nTRST=0, nRESET=0)
[20:54:19.792]        // -> [canReadPins <= 0x00000001]
[20:54:19.792]    </block>
[20:54:19.792]    <control if="" while="1" timeout="200" info="">
[20:54:19.792]      // while "1"  (timeout="200")
[20:54:19.792]      // while-condition  =>  TRUE
[20:54:19.792]      // while "1"  (timeout="200")
[20:54:19.792]      // while-condition  =>  TRUE
[20:54:19.792]      // while "1"  (timeout="200")
[20:54:19.792]      // while-condition  =>  TRUE
[20:54:19.794]      // while "1"  (timeout="200")
[20:54:19.794]      // while-condition  =>  TRUE
[20:54:19.794]      // while "1"  (timeout="200")
[20:54:19.794]      // while-condition  =>  TRUE
[20:54:19.794]      // while "1"  (timeout="200")
[20:54:19.794]      // while-condition  =>  TRUE
[20:54:19.794]      // while "1"  (timeout="200")
[20:54:19.794]      // while-condition  =>  TRUE
[20:54:19.794]      // while "1"  (timeout="200")
[20:54:19.794]      // while-condition  =>  TRUE
[20:54:19.794]      // while "1"  (timeout="200")
[20:54:19.794]      // while-condition  =>  TRUE
[20:54:19.794]      // while "1"  (timeout="200")
[20:54:19.794]      // while-condition  =>  TRUE
[20:54:19.794]      // while "1"  (timeout="200")
[20:54:19.794]      // while-condition  =>  TRUE
[20:54:19.794]      // while "1"  (timeout="200")
[20:54:19.794]      // while-condition  =>  TRUE
[20:54:19.794]      // while "1"  (timeout="200")
[20:54:19.794]      // while-condition  =>  TRUE
[20:54:19.794]      // while "1"  (timeout="200")
[20:54:19.797]      // while-condition  =>  TRUE
[20:54:19.797]      // while "1"  (timeout="200")
[20:54:19.797]      // while-condition  =>  TRUE
[20:54:19.797]      // while "1"  (timeout="200")
[20:54:19.797]      // while-condition  =>  TRUE
[20:54:19.797]      // while "1"  (timeout="200")
[20:54:19.797]      // while-condition  =>  TRUE
[20:54:19.797]      // while "1"  (timeout="200")
[20:54:19.797]      // while-condition  =>  TRUE
[20:54:19.797]      // while "1"  (timeout="200")
[20:54:19.797]      // while-condition  =>  TRUE
[20:54:19.797]      // while "1"  (timeout="200")
[20:54:19.797]      // while-condition  =>  TRUE
[20:54:19.797]      // while "1"  (timeout="200")
[20:54:19.797]      // while-condition  =>  TRUE
[20:54:19.797]      // while "1"  (timeout="200")
[20:54:19.797]      // while-condition  =>  TRUE
[20:54:19.797]      // while "1"  (timeout="200")
[20:54:19.797]      // while-condition  =>  TRUE
[20:54:19.797]      // while "1"  (timeout="200")
[20:54:19.797]      // while-condition  =>  TRUE
[20:54:19.797]      // while "1"  (timeout="200")
[20:54:19.800]      // while-condition  =>  TRUE
[20:54:19.800]      // while "1"  (timeout="200")
[20:54:19.800]      // while-condition  =>  TRUE
[20:54:19.800]      // while "1"  (timeout="200")
[20:54:19.800]      // while-condition  =>  TRUE
[20:54:19.800]      // while "1"  (timeout="200")
[20:54:19.800]      // while-condition  =>  TRUE
[20:54:19.800]      // while "1"  (timeout="200")
[20:54:19.800]      // while-condition  =>  TRUE
[20:54:19.800]      // while "1"  (timeout="200")
[20:54:19.800]      // while-condition  =>  TRUE
[20:54:19.800]      // while "1"  (timeout="200")
[20:54:19.800]      // while-condition  =>  TRUE
[20:54:19.800]      // while "1"  (timeout="200")
[20:54:19.800]      // while-condition  =>  TRUE
[20:54:19.800]      // while "1"  (timeout="200")
[20:54:19.800]      // while-condition  =>  TRUE
[20:54:19.800]      // while "1"  (timeout="200")
[20:54:19.800]      // while-condition  =>  TRUE
[20:54:19.800]      // while "1"  (timeout="200")
[20:54:19.800]      // while-condition  =>  TRUE
[20:54:19.800]      // while "1"  (timeout="200")
[20:54:19.800]      // while-condition  =>  TRUE
[20:54:19.800]      // while "1"  (timeout="200")
[20:54:19.802]      // while-condition  =>  TRUE
[20:54:19.802]      // while "1"  (timeout="200")
[20:54:19.802]      // while-condition  =>  TRUE
[20:54:19.802]      // while "1"  (timeout="200")
[20:54:19.802]      // while-condition  =>  TRUE
[20:54:19.802]      // while "1"  (timeout="200")
[20:54:19.802]      // while-condition  =>  TRUE
[20:54:19.802]      // while "1"  (timeout="200")
[20:54:19.802]      // while-condition  =>  TRUE
[20:54:19.802]      // while "1"  (timeout="200")
[20:54:19.802]      // while-condition  =>  TRUE
[20:54:19.802]      // while "1"  (timeout="200")
[20:54:19.802]      // while-condition  =>  TRUE
[20:54:19.802]      // while "1"  (timeout="200")
[20:54:19.804]      // while-condition  =>  TRUE
[20:54:19.804]      // while "1"  (timeout="200")
[20:54:19.804]      // while-condition  =>  TRUE
[20:54:19.804]      // while "1"  (timeout="200")
[20:54:19.804]      // while-condition  =>  TRUE
[20:54:19.804]      // while "1"  (timeout="200")
[20:54:19.804]      // while-condition  =>  TRUE
[20:54:19.804]      // while "1"  (timeout="200")
[20:54:19.804]      // while-condition  =>  TRUE
[20:54:19.804]      // while "1"  (timeout="200")
[20:54:19.804]      // while-condition  =>  TRUE
[20:54:19.804]      // while "1"  (timeout="200")
[20:54:19.804]      // while-condition  =>  TRUE
[20:54:19.804]      // while "1"  (timeout="200")
[20:54:19.804]      // while-condition  =>  TRUE
[20:54:19.804]      // while "1"  (timeout="200")
[20:54:19.804]      // while-condition  =>  TRUE
[20:54:19.804]      // while "1"  (timeout="200")
[20:54:19.804]      // while-condition  =>  TRUE
[20:54:19.804]      // while "1"  (timeout="200")
[20:54:19.804]      // while-condition  =>  TRUE
[20:54:19.804]      // while "1"  (timeout="200")
[20:54:19.804]      // while-condition  =>  TRUE
[20:54:19.804]      // while "1"  (timeout="200")
[20:54:19.804]      // while-condition  =>  TRUE
[20:54:19.804]      // while "1"  (timeout="200")
[20:54:19.807]      // while-condition  =>  TRUE
[20:54:19.807]      // while "1"  (timeout="200")
[20:54:19.807]      // while  =>  TIMEOUT
[20:54:19.807]      // end while "1"
[20:54:19.807]    </control>
[20:54:19.807]    <control if="canReadPins" while="" timeout="0" info="">
[20:54:19.807]      // if-block "canReadPins"
[20:54:19.807]        // =>  TRUE
[20:54:19.807]      <control if="" while="(DAP_SWJ_Pins(nReset, nReset, 0) & nReset) == 0" timeout="1000000" info="">
[20:54:19.807]        // while "(DAP_SWJ_Pins(nReset, nReset, 0) & nReset) == 0"  (timeout="1000000")
[20:54:19.809]          // -> [DAP_SWJ_Pins(0x80, 0x80, 0) => 0x8F]   (Out: nRESET=1  =>  In: SWCLK/TCK=1, SWDIO/TMS=1, TDI=1, TDO=1, nTRST=0, nRESET=1)
[20:54:19.811]        // while-condition  =>  FALSE
[20:54:19.811]        // end while "(DAP_SWJ_Pins(nReset, nReset, 0) & nReset) == 0"
[20:54:19.811]      </control>
[20:54:19.811]      // end if-block "canReadPins"
[20:54:19.811]    </control>
[20:54:19.811]    <control if="!canReadPins" while="" timeout="0" info="">
[20:54:19.811]      // if-block "!canReadPins"
[20:54:19.811]        // =>  FALSE
[20:54:19.811]      // skip if-block "!canReadPins"
[20:54:19.811]    </control>
[20:54:19.811]    <control if="(ACCESS_POINT_VAL & 0x00E00000) == 0" while="" timeout="0" info="">
[20:54:19.811]      // if-block "(ACCESS_POINT_VAL & 0x00E00000) == 0"
[20:54:19.811]        // =>  TRUE
[20:54:19.812]      <block atomic="false" info="">
[20:54:19.812]        WriteAP(0x00, 0x190008);
[20:54:19.812]          // -> [WriteAP(0x00000000, 0x00190008)]   (__dp=0x00000000, __ap=0x00000004)
[20:54:19.812]        WriteAP(0xF0, 0x01);
[20:54:19.818]          // -> [WriteAP(0x000000F0, 0x00000001)]   (__dp=0x00000000, __ap=0x00000004)
[20:54:19.818]      </block>
[20:54:19.818]      // end if-block "(ACCESS_POINT_VAL & 0x00E00000) == 0"
[20:54:19.818]    </control>
[20:54:19.818]    <control if="(ACCESS_POINT_VAL & 0x00E00000) != 0" while="" timeout="0" info="">
[20:54:19.818]      // if-block "(ACCESS_POINT_VAL & 0x00E00000) != 0"
[20:54:19.818]        // =>  FALSE
[20:54:19.818]      // skip if-block "(ACCESS_POINT_VAL & 0x00E00000) != 0"
[20:54:19.818]    </control>
[20:54:19.818]    <block atomic="false" info="">
[20:54:19.818]      ACCESS_POINT_VAL = ReadAP(0x00);//Reading current state of access point
[20:54:19.822]        // -> [ReadAP(0x00000000) => 0x0079002F]   (__dp=0x00000000, __ap=0x00000004)
[20:54:19.822]        // -> [ACCESS_POINT_VAL <= 0x0079002F]
[20:54:19.822]      Message(0, "Current state of access point is: %x",ACCESS_POINT_VAL);
[20:54:19.822]      __ap = 0; //lets make sure we reset the access point selection
[20:54:19.827]        // -> [__ap <= 0x00000000]
[20:54:19.827]    </block>
[20:54:19.827]  </sequence>
[20:54:19.827]  
[20:54:19.848]  **********  Sequence "DebugDeviceUnlock"  (Context="Connect", Pname="", info="")
[20:54:19.848]  
[20:54:19.848]  <debugvars>
[20:54:19.848]    // Pre-defined
[20:54:19.848]    __protocol=0x00010002      (Protocol="SWD", SWJ-DP="True")
[20:54:19.848]    __connection=0x00000202    (Connection Type="Flash", Reset Type="System Reset")
[20:54:19.848]    __dp=0x00000000
[20:54:19.848]    __ap=0x00000000
[20:54:19.848]    __traceout=0x00000000      (Trace Disabled)
[20:54:19.848]    __errorcontrol=0x00000000  (Skip Errors="False")
[20:54:19.848]    __FlashAddr=0x00000000
[20:54:19.848]    __FlashLen=0x00000000
[20:54:19.848]    __FlashArg=0x00000000
[20:54:19.848]    __FlashOp=0x00000000
[20:54:19.848]    __Result=0x00000000
[20:54:19.848]  </debugvars>
[20:54:19.848]  
[20:54:19.848]  <sequence name="DebugDeviceUnlock" Pname="" disable="false" info="">
[20:54:19.848]    <block atomic="false" info="">
[20:54:19.848]      __var deviceID = 0;
[20:54:19.848]        // -> [deviceID <= 0x00000000]
[20:54:19.848]      __var version = 0;
[20:54:19.848]        // -> [version <= 0x00000000]
[20:54:19.848]      __var partNum = 0;
[20:54:19.848]        // -> [partNum <= 0x00000000]
[20:54:19.848]      __var manuf = 0;
[20:54:19.848]        // -> [manuf <= 0x00000000]
[20:54:19.848]      __var isMSPM0G1X0X_G3X0X = 0;
[20:54:19.848]        // -> [isMSPM0G1X0X_G3X0X <= 0x00000000]
[20:54:19.848]      __var isProduction = 0;
[20:54:19.848]        // -> [isProduction <= 0x00000000]
[20:54:19.848]      __var continueId = 0;
[20:54:19.848]        // -> [continueId <= 0x00000000]
[20:54:19.848]      deviceID =   Read32(0x41C40004);
[20:54:19.853]        // -> [Read32(0x41C40004) => 0x2BB8802F]   (__dp=0x00000000, __ap=0x00000000)
[20:54:19.858]        // -> [deviceID <= 0x2BB8802F]
[20:54:19.858]      version = deviceID >> 28;
[20:54:19.858]        // -> [version <= 0x00000002]
[20:54:19.858]      partNum = (deviceID & 0x0FFFF000) >> 12;
[20:54:19.858]        // -> [partNum <= 0x0000BB88]
[20:54:19.858]      manuf = (deviceID & 0x00000FFE) >> 1;
[20:54:19.858]        // -> [manuf <= 0x00000017]
[20:54:19.858]      isMSPM0G1X0X_G3X0X = (partNum == 0xBB88) && (manuf == 0x17);
[20:54:19.858]        // -> [isMSPM0G1X0X_G3X0X <= 0x00000001]
[20:54:19.858]      isProduction = (version > 0);
[20:54:19.858]        // -> [isProduction <= 0x00000001]
[20:54:19.858]    </block>
[20:54:19.858]    <control if="!isMSPM0G1X0X_G3X0X" while="" timeout="0" info="">
[20:54:19.858]      // if-block "!isMSPM0G1X0X_G3X0X"
[20:54:19.858]        // =>  FALSE
[20:54:19.858]      // skip if-block "!isMSPM0G1X0X_G3X0X"
[20:54:19.858]    </control>
[20:54:19.858]    <control if="continueId == 4" while="" timeout="0" info="">
[20:54:19.858]      // if-block "continueId == 4"
[20:54:19.858]        // =>  FALSE
[20:54:19.858]      // skip if-block "continueId == 4"
[20:54:19.858]    </control>
[20:54:19.858]    <control if="!isProduction" while="" timeout="0" info="">
[20:54:19.858]      // if-block "!isProduction"
[20:54:19.858]        // =>  FALSE
[20:54:19.858]      // skip if-block "!isProduction"
[20:54:19.858]    </control>
[20:54:19.858]  </sequence>
[20:54:19.858]  
[21:05:51.397]  **********  Sequence "DebugPortSetup"  (Context="Connect", Pname="", info="")
[21:05:51.397]  
[21:05:51.399]  <debugvars>
[21:05:51.399]    // Pre-defined
[21:05:51.399]    __protocol=0x00010002      (Protocol="SWD", SWJ-DP="True")
[21:05:51.399]    __connection=0x00000202    (Connection Type="Flash", Reset Type="System Reset")
[21:05:51.399]    __dp=0x00000000
[21:05:51.399]    __ap=0x00000000
[21:05:51.399]    __traceout=0x00000000      (Trace Disabled)
[21:05:51.399]    __errorcontrol=0x00000000  (Skip Errors="False")
[21:05:51.399]    __FlashAddr=0x00000000
[21:05:51.399]    __FlashLen=0x00000000
[21:05:51.399]    __FlashArg=0x00000000
[21:05:51.401]    __FlashOp=0x00000000
[21:05:51.401]    __Result=0x00000000
[21:05:51.401]  </debugvars>
[21:05:51.401]  
[21:05:51.401]  <sequence name="DebugPortSetup" Pname="" disable="false" info="">
[21:05:51.401]    <block atomic="false" info="">
[21:05:51.401]      __var isSWJ      = ((__protocol & 0x00010000) != 0);
[21:05:51.401]        // -> [isSWJ <= 0x00000001]
[21:05:51.401]      __var hasDormant = __protocol & 0x00020000;
[21:05:51.401]        // -> [hasDormant <= 0x00000000]
[21:05:51.401]      __var protType   = __protocol & 0x0000FFFF;
[21:05:51.401]        // -> [protType <= 0x00000002]
[21:05:51.401]    </block>
[21:05:51.401]    <control if="protType == 1" while="" timeout="0" info="">
[21:05:51.401]      // if-block "protType == 1"
[21:05:51.401]        // =>  FALSE
[21:05:51.402]      // skip if-block "protType == 1"
[21:05:51.402]    </control>
[21:05:51.402]    <control if="protType == 2" while="" timeout="0" info="">
[21:05:51.402]      // if-block "protType == 2"
[21:05:51.402]        // =>  TRUE
[21:05:51.402]      <control if="isSWJ" while="" timeout="0" info="">
[21:05:51.402]        // if-block "isSWJ"
[21:05:51.402]          // =>  TRUE
[21:05:51.402]        <control if="hasDormant" while="" timeout="0" info="">
[21:05:51.402]          // if-block "hasDormant"
[21:05:51.402]            // =>  FALSE
[21:05:51.402]          // skip if-block "hasDormant"
[21:05:51.402]        </control>
[21:05:51.402]        <control if="!hasDormant" while="" timeout="0" info="">
[21:05:51.402]          // if-block "!hasDormant"
[21:05:51.402]            // =>  TRUE
[21:05:51.402]          <block atomic="false" info="">
[21:05:51.402]            DAP_SWJ_Sequence(51, 0x0007FFFFFFFFFFFF); //lets put the JTAG line in a reset state
[21:05:51.405]              // -> [DAP_SWJ_Sequence(51, 0x0007FFFFFFFFFFFF)]
[21:05:51.405]            DAP_SWJ_Sequence(16,0xE73C); //SWD to JTAG, this is to ensure the state machine is initialized
[21:05:51.408]              // -> [DAP_SWJ_Sequence(16, 0x000000000000E73C)]
[21:05:51.408]            DAP_SWJ_Sequence(51, 0x0007FFFFFFFFFFFF); //Put it back in reset
[21:05:51.408]              // -> [DAP_SWJ_Sequence(51, 0x0007FFFFFFFFFFFF)]
[21:05:51.408]            DAP_SWJ_Sequence(16, 0xE79E); //JTAG to SWD switch
[21:05:51.412]              // -> [DAP_SWJ_Sequence(16, 0x000000000000E79E)]
[21:05:51.413]            DAP_SWJ_Sequence(51, 0x0007FFFFFFFFFFFF);  //Ensure the switch is successful 
[21:05:51.413]              // -> [DAP_SWJ_Sequence(51, 0x0007FFFFFFFFFFFF)]
[21:05:51.413]            DAP_SWJ_Sequence(7,  0x00); //Give the line some time to initialize
[21:05:51.417]              // -> [DAP_SWJ_Sequence(7, 0x0000000000000000)]
[21:05:51.417]          </block>
[21:05:51.417]          // end if-block "!hasDormant"
[21:05:51.417]        </control>
[21:05:51.417]        // end if-block "isSWJ"
[21:05:51.417]      </control>
[21:05:51.417]      <control if="!isSWJ" while="" timeout="0" info="">
[21:05:51.417]        // if-block "!isSWJ"
[21:05:51.417]          // =>  FALSE
[21:05:51.418]        // skip if-block "!isSWJ"
[21:05:51.418]      </control>
[21:05:51.418]      <block atomic="false" info="">
[21:05:51.418]        ReadDP(0x0);
[21:05:51.421]          // -> [ReadDP(0x00000000) => 0x6BA02477]   (__dp=0x00000000)
[21:05:51.421]      </block>
[21:05:51.421]      // end if-block "protType == 2"
[21:05:51.421]    </control>
[21:05:51.421]  </sequence>
[21:05:51.421]  
[21:05:51.423]  **********  Sequence "DebugPortStart"  (Context="Connect", Pname="", info="")
[21:05:51.423]  
[21:05:51.423]  <debugvars>
[21:05:51.423]    // Pre-defined
[21:05:51.423]    __protocol=0x00010002      (Protocol="SWD", SWJ-DP="True")
[21:05:51.423]    __connection=0x00000202    (Connection Type="Flash", Reset Type="System Reset")
[21:05:51.423]    __dp=0x00000000
[21:05:51.423]    __ap=0x00000000
[21:05:51.423]    __traceout=0x00000000      (Trace Disabled)
[21:05:51.423]    __errorcontrol=0x00000000  (Skip Errors="False")
[21:05:51.427]    __FlashAddr=0x00000000
[21:05:51.427]    __FlashLen=0x00000000
[21:05:51.427]    __FlashArg=0x00000000
[21:05:51.427]    __FlashOp=0x00000000
[21:05:51.427]    __Result=0x00000000
[21:05:51.427]  </debugvars>
[21:05:51.427]  
[21:05:51.427]  <sequence name="DebugPortStart" Pname="" disable="false" info="">
[21:05:51.428]    <block atomic="false" info="">
[21:05:51.428]      __var SW_DP_ABORT       = 0x0;
[21:05:51.428]        // -> [SW_DP_ABORT <= 0x00000000]
[21:05:51.428]      __var DP_CTRL_STAT      = 0x4;
[21:05:51.428]        // -> [DP_CTRL_STAT <= 0x00000004]
[21:05:51.428]      __var DP_SELECT         = 0x8;
[21:05:51.428]        // -> [DP_SELECT <= 0x00000008]
[21:05:51.428]      __var powered_down      = 0;
[21:05:51.428]        // -> [powered_down <= 0x00000000]
[21:05:51.428]      WriteDP(DP_SELECT, 0x00000000);
[21:05:51.428]        // -> [WriteDP(0x00000008, 0x00000000)]   (__dp=0x00000000)
[21:05:51.428]      powered_down = ((ReadDP(DP_CTRL_STAT) & 0xA0000000) != 0xA0000000);
[21:05:51.433]        // -> [ReadDP(0x00000004) => 0x00000040]   (__dp=0x00000000)
[21:05:51.433]        // -> [powered_down <= 0x00000001]
[21:05:51.433]    </block>
[21:05:51.433]    <control if="powered_down" while="" timeout="0" info="">
[21:05:51.433]      // if-block "powered_down"
[21:05:51.433]        // =>  TRUE
[21:05:51.433]      <block atomic="false" info="">
[21:05:51.433]        Message(0, "Debug/System power-up request sent");
[21:05:51.433]        WriteDP(DP_CTRL_STAT, 0x50000000);
[21:05:51.439]          // -> [WriteDP(0x00000004, 0x50000000)]   (__dp=0x00000000)
[21:05:51.439]      </block>
[21:05:51.439]      <control if="" while="(ReadDP(DP_CTRL_STAT) & 0xA0000000) != 0xA0000000" timeout="1000000" info="">
[21:05:51.439]        // while "(ReadDP(DP_CTRL_STAT) & 0xA0000000) != 0xA0000000"  (timeout="1000000")
[21:05:51.442]          // -> [ReadDP(0x00000004) => 0xF0000040]   (__dp=0x00000000)
[21:05:51.442]        // while-condition  =>  FALSE
[21:05:51.442]        // end while "(ReadDP(DP_CTRL_STAT) & 0xA0000000) != 0xA0000000"
[21:05:51.442]      </control>
[21:05:51.442]      <control if="(__protocol & 0xFFFF) == 1" while="" timeout="0" info="">
[21:05:51.442]        // if-block "(__protocol & 0xFFFF) == 1"
[21:05:51.442]          // =>  FALSE
[21:05:51.442]        // skip if-block "(__protocol & 0xFFFF) == 1"
[21:05:51.442]      </control>
[21:05:51.442]      <control if="(__protocol & 0xFFFF) == 2" while="" timeout="0" info="">
[21:05:51.442]        // if-block "(__protocol & 0xFFFF) == 2"
[21:05:51.442]          // =>  TRUE
[21:05:51.442]        <block atomic="false" info="">
[21:05:51.442]          Message(0, "executing SWD power up");
[21:05:51.444]          WriteDP(DP_CTRL_STAT, 0x50000F00);
[21:05:51.444]            // -> [WriteDP(0x00000004, 0x50000F00)]   (__dp=0x00000000)
[21:05:51.444]          WriteDP(SW_DP_ABORT, 0x0000001E);
[21:05:51.444]            // -> [WriteDP(0x00000000, 0x0000001E)]   (__dp=0x00000000)
[21:05:51.449]        </block>
[21:05:51.449]        // end if-block "(__protocol & 0xFFFF) == 2"
[21:05:51.449]      </control>
[21:05:51.449]      // end if-block "powered_down"
[21:05:51.449]    </control>
[21:05:51.449]    <block atomic="false" info="">
[21:05:51.449]      __var DEBUG_PORT_VAL    = 0;
[21:05:51.449]        // -> [DEBUG_PORT_VAL <= 0x00000000]
[21:05:51.449]      __var ACCESS_POINT_VAL  = 0;
[21:05:51.449]        // -> [ACCESS_POINT_VAL <= 0x00000000]
[21:05:51.449]      __ap = 1; 
[21:05:51.449]        // -> [__ap <= 0x00000001]
[21:05:51.449]      WriteAP(0x0C, 0x04); //lets use the mini pwr-ap as backup
[21:05:51.454]        // -> [WriteAP(0x0000000C, 0x00000004)]   (__dp=0x00000000, __ap=0x00000001)
[21:05:51.454]      __ap = 4;
[21:05:51.454]        // -> [__ap <= 0x00000004]
[21:05:51.454]      ACCESS_POINT_VAL = ReadAP(0x00);//Reading current state of access point
[21:05:51.454]        // -> [ReadAP(0x00000000) => 0x00080027]   (__dp=0x00000000, __ap=0x00000004)
[21:05:51.454]        // -> [ACCESS_POINT_VAL <= 0x00080027]
[21:05:51.454]      Message(0, "Current state of access point is: %x",ACCESS_POINT_VAL);
[21:05:51.460]    </block>
[21:05:51.461]    <block atomic="false" info="">
[21:05:51.461]      __var nReset = 0x80;
[21:05:51.461]        // -> [nReset <= 0x00000080]
[21:05:51.461]      __var canReadPins = 0;
[21:05:51.461]        // -> [canReadPins <= 0x00000000]
[21:05:51.461]      canReadPins = (DAP_SWJ_Pins(0x00, nReset, 0) != 0xFFFFFFFF);
[21:05:51.463]        // -> [DAP_SWJ_Pins(0x00, 0x80, 0) => 0x0F]   (Out: nRESET=0  =>  In: SWCLK/TCK=1, SWDIO/TMS=1, TDI=1, TDO=1, nTRST=0, nRESET=0)
[21:05:51.463]        // -> [canReadPins <= 0x00000001]
[21:05:51.463]    </block>
[21:05:51.463]    <control if="" while="1" timeout="200" info="">
[21:05:51.463]      // while "1"  (timeout="200")
[21:05:51.463]      // while-condition  =>  TRUE
[21:05:51.465]      // while "1"  (timeout="200")
[21:05:51.465]      // while-condition  =>  TRUE
[21:05:51.465]      // while "1"  (timeout="200")
[21:05:51.465]      // while-condition  =>  TRUE
[21:05:51.465]      // while "1"  (timeout="200")
[21:05:51.465]      // while-condition  =>  TRUE
[21:05:51.465]      // while "1"  (timeout="200")
[21:05:51.465]      // while-condition  =>  TRUE
[21:05:51.465]      // while "1"  (timeout="200")
[21:05:51.465]      // while-condition  =>  TRUE
[21:05:51.465]      // while "1"  (timeout="200")
[21:05:51.465]      // while-condition  =>  TRUE
[21:05:51.465]      // while "1"  (timeout="200")
[21:05:51.465]      // while-condition  =>  TRUE
[21:05:51.465]      // while "1"  (timeout="200")
[21:05:51.465]      // while-condition  =>  TRUE
[21:05:51.465]      // while "1"  (timeout="200")
[21:05:51.465]      // while-condition  =>  TRUE
[21:05:51.465]      // while "1"  (timeout="200")
[21:05:51.465]      // while-condition  =>  TRUE
[21:05:51.465]      // while "1"  (timeout="200")
[21:05:51.465]      // while-condition  =>  TRUE
[21:05:51.465]      // while "1"  (timeout="200")
[21:05:51.468]      // while-condition  =>  TRUE
[21:05:51.468]      // while "1"  (timeout="200")
[21:05:51.468]      // while-condition  =>  TRUE
[21:05:51.468]      // while "1"  (timeout="200")
[21:05:51.468]      // while-condition  =>  TRUE
[21:05:51.468]      // while "1"  (timeout="200")
[21:05:51.468]      // while-condition  =>  TRUE
[21:05:51.468]      // while "1"  (timeout="200")
[21:05:51.468]      // while-condition  =>  TRUE
[21:05:51.468]      // while "1"  (timeout="200")
[21:05:51.468]      // while-condition  =>  TRUE
[21:05:51.468]      // while "1"  (timeout="200")
[21:05:51.468]      // while-condition  =>  TRUE
[21:05:51.468]      // while "1"  (timeout="200")
[21:05:51.468]      // while-condition  =>  TRUE
[21:05:51.468]      // while "1"  (timeout="200")
[21:05:51.468]      // while-condition  =>  TRUE
[21:05:51.470]      // while "1"  (timeout="200")
[21:05:51.470]      // while-condition  =>  TRUE
[21:05:51.470]      // while "1"  (timeout="200")
[21:05:51.470]      // while-condition  =>  TRUE
[21:05:51.470]      // while "1"  (timeout="200")
[21:05:51.470]      // while-condition  =>  TRUE
[21:05:51.470]      // while "1"  (timeout="200")
[21:05:51.470]      // while-condition  =>  TRUE
[21:05:51.470]      // while "1"  (timeout="200")
[21:05:51.470]      // while-condition  =>  TRUE
[21:05:51.470]      // while "1"  (timeout="200")
[21:05:51.470]      // while-condition  =>  TRUE
[21:05:51.470]      // while "1"  (timeout="200")
[21:05:51.470]      // while-condition  =>  TRUE
[21:05:51.470]      // while "1"  (timeout="200")
[21:05:51.470]      // while-condition  =>  TRUE
[21:05:51.470]      // while "1"  (timeout="200")
[21:05:51.470]      // while-condition  =>  TRUE
[21:05:51.470]      // while "1"  (timeout="200")
[21:05:51.470]      // while-condition  =>  TRUE
[21:05:51.470]      // while "1"  (timeout="200")
[21:05:51.470]      // while-condition  =>  TRUE
[21:05:51.470]      // while "1"  (timeout="200")
[21:05:51.470]      // while-condition  =>  TRUE
[21:05:51.470]      // while "1"  (timeout="200")
[21:05:51.470]      // while-condition  =>  TRUE
[21:05:51.470]      // while "1"  (timeout="200")
[21:05:51.470]      // while-condition  =>  TRUE
[21:05:51.470]      // while "1"  (timeout="200")
[21:05:51.470]      // while-condition  =>  TRUE
[21:05:51.470]      // while "1"  (timeout="200")
[21:05:51.470]      // while-condition  =>  TRUE
[21:05:51.470]      // while "1"  (timeout="200")
[21:05:51.470]      // while-condition  =>  TRUE
[21:05:51.470]      // while "1"  (timeout="200")
[21:05:51.470]      // while-condition  =>  TRUE
[21:05:51.470]      // while "1"  (timeout="200")
[21:05:51.475]      // while-condition  =>  TRUE
[21:05:51.475]      // while "1"  (timeout="200")
[21:05:51.475]      // while-condition  =>  TRUE
[21:05:51.475]      // while "1"  (timeout="200")
[21:05:51.475]      // while-condition  =>  TRUE
[21:05:51.475]      // while "1"  (timeout="200")
[21:05:51.475]      // while-condition  =>  TRUE
[21:05:51.475]      // while "1"  (timeout="200")
[21:05:51.475]      // while-condition  =>  TRUE
[21:05:51.475]      // while "1"  (timeout="200")
[21:05:51.475]      // while-condition  =>  TRUE
[21:05:51.476]      // while "1"  (timeout="200")
[21:05:51.476]      // while-condition  =>  TRUE
[21:05:51.476]      // while "1"  (timeout="200")
[21:05:51.476]      // while-condition  =>  TRUE
[21:05:51.476]      // while "1"  (timeout="200")
[21:05:51.476]      // while-condition  =>  TRUE
[21:05:51.476]      // while "1"  (timeout="200")
[21:05:51.476]      // while-condition  =>  TRUE
[21:05:51.476]      // while "1"  (timeout="200")
[21:05:51.476]      // while-condition  =>  TRUE
[21:05:51.476]      // while "1"  (timeout="200")
[21:05:51.476]      // while-condition  =>  TRUE
[21:05:51.476]      // while "1"  (timeout="200")
[21:05:51.476]      // while-condition  =>  TRUE
[21:05:51.476]      // while "1"  (timeout="200")
[21:05:51.476]      // while-condition  =>  TRUE
[21:05:51.476]      // while "1"  (timeout="200")
[21:05:51.476]      // while-condition  =>  TRUE
[21:05:51.476]      // while "1"  (timeout="200")
[21:05:51.476]      // while-condition  =>  TRUE
[21:05:51.476]      // while "1"  (timeout="200")
[21:05:51.476]      // while-condition  =>  TRUE
[21:05:51.476]      // while "1"  (timeout="200")
[21:05:51.476]      // while-condition  =>  TRUE
[21:05:51.476]      // while "1"  (timeout="200")
[21:05:51.476]      // while-condition  =>  TRUE
[21:05:51.476]      // while "1"  (timeout="200")
[21:05:51.476]      // while-condition  =>  TRUE
[21:05:51.476]      // while "1"  (timeout="200")
[21:05:51.476]      // while-condition  =>  TRUE
[21:05:51.476]      // while "1"  (timeout="200")
[21:05:51.476]      // while-condition  =>  TRUE
[21:05:51.476]      // while "1"  (timeout="200")
[21:05:51.476]      // while-condition  =>  TRUE
[21:05:51.480]      // while "1"  (timeout="200")
[21:05:51.480]      // while  =>  TIMEOUT
[21:05:51.480]      // end while "1"
[21:05:51.480]    </control>
[21:05:51.480]    <control if="canReadPins" while="" timeout="0" info="">
[21:05:51.480]      // if-block "canReadPins"
[21:05:51.480]        // =>  TRUE
[21:05:51.481]      <control if="" while="(DAP_SWJ_Pins(nReset, nReset, 0) & nReset) == 0" timeout="1000000" info="">
[21:05:51.482]        // while "(DAP_SWJ_Pins(nReset, nReset, 0) & nReset) == 0"  (timeout="1000000")
[21:05:51.482]          // -> [DAP_SWJ_Pins(0x80, 0x80, 0) => 0x8F]   (Out: nRESET=1  =>  In: SWCLK/TCK=1, SWDIO/TMS=1, TDI=1, TDO=1, nTRST=0, nRESET=1)
[21:05:51.482]        // while-condition  =>  FALSE
[21:05:51.482]        // end while "(DAP_SWJ_Pins(nReset, nReset, 0) & nReset) == 0"
[21:05:51.482]      </control>
[21:05:51.482]      // end if-block "canReadPins"
[21:05:51.482]    </control>
[21:05:51.482]    <control if="!canReadPins" while="" timeout="0" info="">
[21:05:51.482]      // if-block "!canReadPins"
[21:05:51.482]        // =>  FALSE
[21:05:51.485]      // skip if-block "!canReadPins"
[21:05:51.485]    </control>
[21:05:51.485]    <control if="(ACCESS_POINT_VAL & 0x00E00000) == 0" while="" timeout="0" info="">
[21:05:51.485]      // if-block "(ACCESS_POINT_VAL & 0x00E00000) == 0"
[21:05:51.485]        // =>  TRUE
[21:05:51.485]      <block atomic="false" info="">
[21:05:51.485]        WriteAP(0x00, 0x190008);
[21:05:51.485]          // -> [WriteAP(0x00000000, 0x00190008)]   (__dp=0x00000000, __ap=0x00000004)
[21:05:51.485]        WriteAP(0xF0, 0x01);
[21:05:51.491]          // -> [WriteAP(0x000000F0, 0x00000001)]   (__dp=0x00000000, __ap=0x00000004)
[21:05:51.491]      </block>
[21:05:51.491]      // end if-block "(ACCESS_POINT_VAL & 0x00E00000) == 0"
[21:05:51.491]    </control>
[21:05:51.491]    <control if="(ACCESS_POINT_VAL & 0x00E00000) != 0" while="" timeout="0" info="">
[21:05:51.491]      // if-block "(ACCESS_POINT_VAL & 0x00E00000) != 0"
[21:05:51.491]        // =>  FALSE
[21:05:51.491]      // skip if-block "(ACCESS_POINT_VAL & 0x00E00000) != 0"
[21:05:51.491]    </control>
[21:05:51.491]    <block atomic="false" info="">
[21:05:51.491]      ACCESS_POINT_VAL = ReadAP(0x00);//Reading current state of access point
[21:05:51.496]        // -> [ReadAP(0x00000000) => 0x0079002F]   (__dp=0x00000000, __ap=0x00000004)
[21:05:51.496]        // -> [ACCESS_POINT_VAL <= 0x0079002F]
[21:05:51.496]      Message(0, "Current state of access point is: %x",ACCESS_POINT_VAL);
[21:05:51.496]      __ap = 0; //lets make sure we reset the access point selection
[21:05:51.496]        // -> [__ap <= 0x00000000]
[21:05:51.499]    </block>
[21:05:51.499]  </sequence>
[21:05:51.499]  
[21:05:51.517]  **********  Sequence "DebugDeviceUnlock"  (Context="Connect", Pname="", info="")
[21:05:51.517]  
[21:05:51.517]  <debugvars>
[21:05:51.517]    // Pre-defined
[21:05:51.517]    __protocol=0x00010002      (Protocol="SWD", SWJ-DP="True")
[21:05:51.517]    __connection=0x00000202    (Connection Type="Flash", Reset Type="System Reset")
[21:05:51.517]    __dp=0x00000000
[21:05:51.517]    __ap=0x00000000
[21:05:51.517]    __traceout=0x00000000      (Trace Disabled)
[21:05:51.517]    __errorcontrol=0x00000000  (Skip Errors="False")
[21:05:51.517]    __FlashAddr=0x00000000
[21:05:51.517]    __FlashLen=0x00000000
[21:05:51.517]    __FlashArg=0x00000000
[21:05:51.517]    __FlashOp=0x00000000
[21:05:51.517]    __Result=0x00000000
[21:05:51.517]  </debugvars>
[21:05:51.517]  
[21:05:51.517]  <sequence name="DebugDeviceUnlock" Pname="" disable="false" info="">
[21:05:51.517]    <block atomic="false" info="">
[21:05:51.522]      __var deviceID = 0;
[21:05:51.522]        // -> [deviceID <= 0x00000000]
[21:05:51.522]      __var version = 0;
[21:05:51.522]        // -> [version <= 0x00000000]
[21:05:51.522]      __var partNum = 0;
[21:05:51.522]        // -> [partNum <= 0x00000000]
[21:05:51.522]      __var manuf = 0;
[21:05:51.522]        // -> [manuf <= 0x00000000]
[21:05:51.522]      __var isMSPM0G1X0X_G3X0X = 0;
[21:05:51.522]        // -> [isMSPM0G1X0X_G3X0X <= 0x00000000]
[21:05:51.522]      __var isProduction = 0;
[21:05:51.522]        // -> [isProduction <= 0x00000000]
[21:05:51.523]      __var continueId = 0;
[21:05:51.523]        // -> [continueId <= 0x00000000]
[21:05:51.523]      deviceID =   Read32(0x41C40004);
[21:05:51.527]        // -> [Read32(0x41C40004) => 0x2BB8802F]   (__dp=0x00000000, __ap=0x00000000)
[21:05:51.527]        // -> [deviceID <= 0x2BB8802F]
[21:05:51.527]      version = deviceID >> 28;
[21:05:51.527]        // -> [version <= 0x00000002]
[21:05:51.527]      partNum = (deviceID & 0x0FFFF000) >> 12;
[21:05:51.527]        // -> [partNum <= 0x0000BB88]
[21:05:51.527]      manuf = (deviceID & 0x00000FFE) >> 1;
[21:05:51.527]        // -> [manuf <= 0x00000017]
[21:05:51.527]      isMSPM0G1X0X_G3X0X = (partNum == 0xBB88) && (manuf == 0x17);
[21:05:51.527]        // -> [isMSPM0G1X0X_G3X0X <= 0x00000001]
[21:05:51.527]      isProduction = (version > 0);
[21:05:51.527]        // -> [isProduction <= 0x00000001]
[21:05:51.527]    </block>
[21:05:51.527]    <control if="!isMSPM0G1X0X_G3X0X" while="" timeout="0" info="">
[21:05:51.527]      // if-block "!isMSPM0G1X0X_G3X0X"
[21:05:51.527]        // =>  FALSE
[21:05:51.527]      // skip if-block "!isMSPM0G1X0X_G3X0X"
[21:05:51.527]    </control>
[21:05:51.527]    <control if="continueId == 4" while="" timeout="0" info="">
[21:05:51.527]      // if-block "continueId == 4"
[21:05:51.527]        // =>  FALSE
[21:05:51.527]      // skip if-block "continueId == 4"
[21:05:51.532]    </control>
[21:05:51.532]    <control if="!isProduction" while="" timeout="0" info="">
[21:05:51.532]      // if-block "!isProduction"
[21:05:51.532]        // =>  FALSE
[21:05:51.532]      // skip if-block "!isProduction"
[21:05:51.532]    </control>
[21:05:51.532]  </sequence>
[21:05:51.532]  
[21:11:50.402]  **********  Sequence "DebugPortSetup"  (Context="Connect", Pname="", info="")
[21:11:50.402]  
[21:11:50.402]  <debugvars>
[21:11:50.402]    // Pre-defined
[21:11:50.402]    __protocol=0x00010002      (Protocol="SWD", SWJ-DP="True")
[21:11:50.402]    __connection=0x00000202    (Connection Type="Flash", Reset Type="System Reset")
[21:11:50.402]    __dp=0x00000000
[21:11:50.402]    __ap=0x00000000
[21:11:50.402]    __traceout=0x00000000      (Trace Disabled)
[21:11:50.402]    __errorcontrol=0x00000000  (Skip Errors="False")
[21:11:50.402]    __FlashAddr=0x00000000
[21:11:50.402]    __FlashLen=0x00000000
[21:11:50.402]    __FlashArg=0x00000000
[21:11:50.402]    __FlashOp=0x00000000
[21:11:50.402]    __Result=0x00000000
[21:11:50.402]  </debugvars>
[21:11:50.402]  
[21:11:50.402]  <sequence name="DebugPortSetup" Pname="" disable="false" info="">
[21:11:50.402]    <block atomic="false" info="">
[21:11:50.402]      __var isSWJ      = ((__protocol & 0x00010000) != 0);
[21:11:50.402]        // -> [isSWJ <= 0x00000001]
[21:11:50.402]      __var hasDormant = __protocol & 0x00020000;
[21:11:50.402]        // -> [hasDormant <= 0x00000000]
[21:11:50.402]      __var protType   = __protocol & 0x0000FFFF;
[21:11:50.402]        // -> [protType <= 0x00000002]
[21:11:50.402]    </block>
[21:11:50.402]    <control if="protType == 1" while="" timeout="0" info="">
[21:11:50.402]      // if-block "protType == 1"
[21:11:50.402]        // =>  FALSE
[21:11:50.402]      // skip if-block "protType == 1"
[21:11:50.402]    </control>
[21:11:50.402]    <control if="protType == 2" while="" timeout="0" info="">
[21:11:50.402]      // if-block "protType == 2"
[21:11:50.402]        // =>  TRUE
[21:11:50.407]      <control if="isSWJ" while="" timeout="0" info="">
[21:11:50.407]        // if-block "isSWJ"
[21:11:50.407]          // =>  TRUE
[21:11:50.407]        <control if="hasDormant" while="" timeout="0" info="">
[21:11:50.407]          // if-block "hasDormant"
[21:11:50.407]            // =>  FALSE
[21:11:50.407]          // skip if-block "hasDormant"
[21:11:50.407]        </control>
[21:11:50.407]        <control if="!hasDormant" while="" timeout="0" info="">
[21:11:50.407]          // if-block "!hasDormant"
[21:11:50.407]            // =>  TRUE
[21:11:50.407]          <block atomic="false" info="">
[21:11:50.407]            DAP_SWJ_Sequence(51, 0x0007FFFFFFFFFFFF); //lets put the JTAG line in a reset state
[21:11:50.407]              // -> [DAP_SWJ_Sequence(51, 0x0007FFFFFFFFFFFF)]
[21:11:50.407]            DAP_SWJ_Sequence(16,0xE73C); //SWD to JTAG, this is to ensure the state machine is initialized
[21:11:50.413]              // -> [DAP_SWJ_Sequence(16, 0x000000000000E73C)]
[21:11:50.413]            DAP_SWJ_Sequence(51, 0x0007FFFFFFFFFFFF); //Put it back in reset
[21:11:50.415]              // -> [DAP_SWJ_Sequence(51, 0x0007FFFFFFFFFFFF)]
[21:11:50.415]            DAP_SWJ_Sequence(16, 0xE79E); //JTAG to SWD switch
[21:11:50.415]              // -> [DAP_SWJ_Sequence(16, 0x000000000000E79E)]
[21:11:50.415]            DAP_SWJ_Sequence(51, 0x0007FFFFFFFFFFFF);  //Ensure the switch is successful 
[21:11:50.418]              // -> [DAP_SWJ_Sequence(51, 0x0007FFFFFFFFFFFF)]
[21:11:50.418]            DAP_SWJ_Sequence(7,  0x00); //Give the line some time to initialize
[21:11:50.418]              // -> [DAP_SWJ_Sequence(7, 0x0000000000000000)]
[21:11:50.418]          </block>
[21:11:50.418]          // end if-block "!hasDormant"
[21:11:50.418]        </control>
[21:11:50.418]        // end if-block "isSWJ"
[21:11:50.418]      </control>
[21:11:50.418]      <control if="!isSWJ" while="" timeout="0" info="">
[21:11:50.418]        // if-block "!isSWJ"
[21:11:50.418]          // =>  FALSE
[21:11:50.418]        // skip if-block "!isSWJ"
[21:11:50.418]      </control>
[21:11:50.423]      <block atomic="false" info="">
[21:11:50.423]        ReadDP(0x0);
[21:11:50.424]          // -> [ReadDP(0x00000000) => 0x6BA02477]   (__dp=0x00000000)
[21:11:50.425]      </block>
[21:11:50.425]      // end if-block "protType == 2"
[21:11:50.425]    </control>
[21:11:50.425]  </sequence>
[21:11:50.425]  
[21:11:50.430]  **********  Sequence "DebugPortStart"  (Context="Connect", Pname="", info="")
[21:11:50.430]  
[21:11:50.430]  <debugvars>
[21:11:50.430]    // Pre-defined
[21:11:50.430]    __protocol=0x00010002      (Protocol="SWD", SWJ-DP="True")
[21:11:50.430]    __connection=0x00000202    (Connection Type="Flash", Reset Type="System Reset")
[21:11:50.430]    __dp=0x00000000
[21:11:50.430]    __ap=0x00000000
[21:11:50.430]    __traceout=0x00000000      (Trace Disabled)
[21:11:50.430]    __errorcontrol=0x00000000  (Skip Errors="False")
[21:11:50.430]    __FlashAddr=0x00000000
[21:11:50.430]    __FlashLen=0x00000000
[21:11:50.430]    __FlashArg=0x00000000
[21:11:50.430]    __FlashOp=0x00000000
[21:11:50.430]    __Result=0x00000000
[21:11:50.430]  </debugvars>
[21:11:50.430]  
[21:11:50.430]  <sequence name="DebugPortStart" Pname="" disable="false" info="">
[21:11:50.430]    <block atomic="false" info="">
[21:11:50.430]      __var SW_DP_ABORT       = 0x0;
[21:11:50.430]        // -> [SW_DP_ABORT <= 0x00000000]
[21:11:50.430]      __var DP_CTRL_STAT      = 0x4;
[21:11:50.430]        // -> [DP_CTRL_STAT <= 0x00000004]
[21:11:50.430]      __var DP_SELECT         = 0x8;
[21:11:50.430]        // -> [DP_SELECT <= 0x00000008]
[21:11:50.430]      __var powered_down      = 0;
[21:11:50.430]        // -> [powered_down <= 0x00000000]
[21:11:50.430]      WriteDP(DP_SELECT, 0x00000000);
[21:11:50.434]        // -> [WriteDP(0x00000008, 0x00000000)]   (__dp=0x00000000)
[21:11:50.434]      powered_down = ((ReadDP(DP_CTRL_STAT) & 0xA0000000) != 0xA0000000);
[21:11:50.434]        // -> [ReadDP(0x00000004) => 0x00000040]   (__dp=0x00000000)
[21:11:50.434]        // -> [powered_down <= 0x00000001]
[21:11:50.434]    </block>
[21:11:50.434]    <control if="powered_down" while="" timeout="0" info="">
[21:11:50.434]      // if-block "powered_down"
[21:11:50.434]        // =>  TRUE
[21:11:50.434]      <block atomic="false" info="">
[21:11:50.439]        Message(0, "Debug/System power-up request sent");
[21:11:50.439]        WriteDP(DP_CTRL_STAT, 0x50000000);
[21:11:50.441]          // -> [WriteDP(0x00000004, 0x50000000)]   (__dp=0x00000000)
[21:11:50.441]      </block>
[21:11:50.441]      <control if="" while="(ReadDP(DP_CTRL_STAT) & 0xA0000000) != 0xA0000000" timeout="1000000" info="">
[21:11:50.441]        // while "(ReadDP(DP_CTRL_STAT) & 0xA0000000) != 0xA0000000"  (timeout="1000000")
[21:11:50.444]          // -> [ReadDP(0x00000004) => 0xF0000040]   (__dp=0x00000000)
[21:11:50.444]        // while-condition  =>  FALSE
[21:11:50.444]        // end while "(ReadDP(DP_CTRL_STAT) & 0xA0000000) != 0xA0000000"
[21:11:50.444]      </control>
[21:11:50.444]      <control if="(__protocol & 0xFFFF) == 1" while="" timeout="0" info="">
[21:11:50.444]        // if-block "(__protocol & 0xFFFF) == 1"
[21:11:50.444]          // =>  FALSE
[21:11:50.444]        // skip if-block "(__protocol & 0xFFFF) == 1"
[21:11:50.444]      </control>
[21:11:50.444]      <control if="(__protocol & 0xFFFF) == 2" while="" timeout="0" info="">
[21:11:50.444]        // if-block "(__protocol & 0xFFFF) == 2"
[21:11:50.444]          // =>  TRUE
[21:11:50.444]        <block atomic="false" info="">
[21:11:50.444]          Message(0, "executing SWD power up");
[21:11:50.444]          WriteDP(DP_CTRL_STAT, 0x50000F00);
[21:11:50.449]            // -> [WriteDP(0x00000004, 0x50000F00)]   (__dp=0x00000000)
[21:11:50.449]          WriteDP(SW_DP_ABORT, 0x0000001E);
[21:11:50.449]            // -> [WriteDP(0x00000000, 0x0000001E)]   (__dp=0x00000000)
[21:11:50.449]        </block>
[21:11:50.449]        // end if-block "(__protocol & 0xFFFF) == 2"
[21:11:50.449]      </control>
[21:11:50.449]      // end if-block "powered_down"
[21:11:50.449]    </control>
[21:11:50.449]    <block atomic="false" info="">
[21:11:50.454]      __var DEBUG_PORT_VAL    = 0;
[21:11:50.454]        // -> [DEBUG_PORT_VAL <= 0x00000000]
[21:11:50.454]      __var ACCESS_POINT_VAL  = 0;
[21:11:50.454]        // -> [ACCESS_POINT_VAL <= 0x00000000]
[21:11:50.454]      __ap = 1; 
[21:11:50.454]        // -> [__ap <= 0x00000001]
[21:11:50.454]      WriteAP(0x0C, 0x04); //lets use the mini pwr-ap as backup
[21:11:50.459]        // -> [WriteAP(0x0000000C, 0x00000004)]   (__dp=0x00000000, __ap=0x00000001)
[21:11:50.459]      __ap = 4;
[21:11:50.459]        // -> [__ap <= 0x00000004]
[21:11:50.459]      ACCESS_POINT_VAL = ReadAP(0x00);//Reading current state of access point
[21:11:50.464]        // -> [ReadAP(0x00000000) => 0x00080027]   (__dp=0x00000000, __ap=0x00000004)
[21:11:50.464]        // -> [ACCESS_POINT_VAL <= 0x00080027]
[21:11:50.464]      Message(0, "Current state of access point is: %x",ACCESS_POINT_VAL);
[21:11:50.464]    </block>
[21:11:50.464]    <block atomic="false" info="">
[21:11:50.464]      __var nReset = 0x80;
[21:11:50.466]        // -> [nReset <= 0x00000080]
[21:11:50.466]      __var canReadPins = 0;
[21:11:50.466]        // -> [canReadPins <= 0x00000000]
[21:11:50.466]      canReadPins = (DAP_SWJ_Pins(0x00, nReset, 0) != 0xFFFFFFFF);
[21:11:50.466]        // -> [DAP_SWJ_Pins(0x00, 0x80, 0) => 0x0F]   (Out: nRESET=0  =>  In: SWCLK/TCK=1, SWDIO/TMS=1, TDI=1, TDO=1, nTRST=0, nRESET=0)
[21:11:50.466]        // -> [canReadPins <= 0x00000001]
[21:11:50.466]    </block>
[21:11:50.466]    <control if="" while="1" timeout="200" info="">
[21:11:50.466]      // while "1"  (timeout="200")
[21:11:50.466]      // while-condition  =>  TRUE
[21:11:50.466]      // while "1"  (timeout="200")
[21:11:50.469]      // while-condition  =>  TRUE
[21:11:50.469]      // while "1"  (timeout="200")
[21:11:50.469]      // while-condition  =>  TRUE
[21:11:50.469]      // while "1"  (timeout="200")
[21:11:50.469]      // while-condition  =>  TRUE
[21:11:50.469]      // while "1"  (timeout="200")
[21:11:50.469]      // while-condition  =>  TRUE
[21:11:50.469]      // while "1"  (timeout="200")
[21:11:50.469]      // while-condition  =>  TRUE
[21:11:50.469]      // while "1"  (timeout="200")
[21:11:50.469]      // while-condition  =>  TRUE
[21:11:50.469]      // while "1"  (timeout="200")
[21:11:50.469]      // while-condition  =>  TRUE
[21:11:50.469]      // while "1"  (timeout="200")
[21:11:50.469]      // while-condition  =>  TRUE
[21:11:50.469]      // while "1"  (timeout="200")
[21:11:50.469]      // while-condition  =>  TRUE
[21:11:50.469]      // while "1"  (timeout="200")
[21:11:50.469]      // while-condition  =>  TRUE
[21:11:50.469]      // while "1"  (timeout="200")
[21:11:50.469]      // while-condition  =>  TRUE
[21:11:50.469]      // while "1"  (timeout="200")
[21:11:50.469]      // while-condition  =>  TRUE
[21:11:50.469]      // while "1"  (timeout="200")
[21:11:50.469]      // while-condition  =>  TRUE
[21:11:50.469]      // while "1"  (timeout="200")
[21:11:50.469]      // while-condition  =>  TRUE
[21:11:50.469]      // while "1"  (timeout="200")
[21:11:50.469]      // while-condition  =>  TRUE
[21:11:50.469]      // while "1"  (timeout="200")
[21:11:50.469]      // while-condition  =>  TRUE
[21:11:50.469]      // while "1"  (timeout="200")
[21:11:50.469]      // while-condition  =>  TRUE
[21:11:50.469]      // while "1"  (timeout="200")
[21:11:50.469]      // while-condition  =>  TRUE
[21:11:50.469]      // while "1"  (timeout="200")
[21:11:50.469]      // while-condition  =>  TRUE
[21:11:50.469]      // while "1"  (timeout="200")
[21:11:50.469]      // while-condition  =>  TRUE
[21:11:50.469]      // while "1"  (timeout="200")
[21:11:50.469]      // while-condition  =>  TRUE
[21:11:50.469]      // while "1"  (timeout="200")
[21:11:50.469]      // while-condition  =>  TRUE
[21:11:50.474]      // while "1"  (timeout="200")
[21:11:50.474]      // while-condition  =>  TRUE
[21:11:50.474]      // while "1"  (timeout="200")
[21:11:50.474]      // while-condition  =>  TRUE
[21:11:50.474]      // while "1"  (timeout="200")
[21:11:50.474]      // while-condition  =>  TRUE
[21:11:50.474]      // while "1"  (timeout="200")
[21:11:50.474]      // while-condition  =>  TRUE
[21:11:50.474]      // while "1"  (timeout="200")
[21:11:50.474]      // while-condition  =>  TRUE
[21:11:50.474]      // while "1"  (timeout="200")
[21:11:50.474]      // while-condition  =>  TRUE
[21:11:50.474]      // while "1"  (timeout="200")
[21:11:50.474]      // while-condition  =>  TRUE
[21:11:50.474]      // while "1"  (timeout="200")
[21:11:50.474]      // while-condition  =>  TRUE
[21:11:50.474]      // while "1"  (timeout="200")
[21:11:50.474]      // while-condition  =>  TRUE
[21:11:50.474]      // while "1"  (timeout="200")
[21:11:50.474]      // while-condition  =>  TRUE
[21:11:50.474]      // while "1"  (timeout="200")
[21:11:50.474]      // while-condition  =>  TRUE
[21:11:50.474]      // while "1"  (timeout="200")
[21:11:50.474]      // while-condition  =>  TRUE
[21:11:50.474]      // while "1"  (timeout="200")
[21:11:50.474]      // while-condition  =>  TRUE
[21:11:50.474]      // while "1"  (timeout="200")
[21:11:50.474]      // while-condition  =>  TRUE
[21:11:50.474]      // while "1"  (timeout="200")
[21:11:50.474]      // while-condition  =>  TRUE
[21:11:50.478]      // while "1"  (timeout="200")
[21:11:50.478]      // while  =>  TIMEOUT
[21:11:50.478]      // end while "1"
[21:11:50.478]    </control>
[21:11:50.478]    <control if="canReadPins" while="" timeout="0" info="">
[21:11:50.478]      // if-block "canReadPins"
[21:11:50.478]        // =>  TRUE
[21:11:50.478]      <control if="" while="(DAP_SWJ_Pins(nReset, nReset, 0) & nReset) == 0" timeout="1000000" info="">
[21:11:50.478]        // while "(DAP_SWJ_Pins(nReset, nReset, 0) & nReset) == 0"  (timeout="1000000")
[21:11:50.480]          // -> [DAP_SWJ_Pins(0x80, 0x80, 0) => 0x8F]   (Out: nRESET=1  =>  In: SWCLK/TCK=1, SWDIO/TMS=1, TDI=1, TDO=1, nTRST=0, nRESET=1)
[21:11:50.480]        // while-condition  =>  FALSE
[21:11:50.480]        // end while "(DAP_SWJ_Pins(nReset, nReset, 0) & nReset) == 0"
[21:11:50.480]      </control>
[21:11:50.480]      // end if-block "canReadPins"
[21:11:50.480]    </control>
[21:11:50.480]    <control if="!canReadPins" while="" timeout="0" info="">
[21:11:50.480]      // if-block "!canReadPins"
[21:11:50.480]        // =>  FALSE
[21:11:50.480]      // skip if-block "!canReadPins"
[21:11:50.480]    </control>
[21:11:50.480]    <control if="(ACCESS_POINT_VAL & 0x00E00000) == 0" while="" timeout="0" info="">
[21:11:50.483]      // if-block "(ACCESS_POINT_VAL & 0x00E00000) == 0"
[21:11:50.483]        // =>  TRUE
[21:11:50.483]      <block atomic="false" info="">
[21:11:50.483]        WriteAP(0x00, 0x190008);
[21:11:50.485]          // -> [WriteAP(0x00000000, 0x00190008)]   (__dp=0x00000000, __ap=0x00000004)
[21:11:50.485]        WriteAP(0xF0, 0x01);
[21:11:50.487]          // -> [WriteAP(0x000000F0, 0x00000001)]   (__dp=0x00000000, __ap=0x00000004)
[21:11:50.487]      </block>
[21:11:50.487]      // end if-block "(ACCESS_POINT_VAL & 0x00E00000) == 0"
[21:11:50.487]    </control>
[21:11:50.487]    <control if="(ACCESS_POINT_VAL & 0x00E00000) != 0" while="" timeout="0" info="">
[21:11:50.487]      // if-block "(ACCESS_POINT_VAL & 0x00E00000) != 0"
[21:11:50.490]        // =>  FALSE
[21:11:50.490]      // skip if-block "(ACCESS_POINT_VAL & 0x00E00000) != 0"
[21:11:50.490]    </control>
[21:11:50.490]    <block atomic="false" info="">
[21:11:50.490]      ACCESS_POINT_VAL = ReadAP(0x00);//Reading current state of access point
[21:11:50.495]        // -> [ReadAP(0x00000000) => 0x0079002F]   (__dp=0x00000000, __ap=0x00000004)
[21:11:50.495]        // -> [ACCESS_POINT_VAL <= 0x0079002F]
[21:11:50.495]      Message(0, "Current state of access point is: %x",ACCESS_POINT_VAL);
[21:11:50.495]      __ap = 0; //lets make sure we reset the access point selection
[21:11:50.497]        // -> [__ap <= 0x00000000]
[21:11:50.497]    </block>
[21:11:50.497]  </sequence>
[21:11:50.497]  
[21:11:50.515]  **********  Sequence "DebugDeviceUnlock"  (Context="Connect", Pname="", info="")
[21:11:50.515]  
[21:11:50.515]  <debugvars>
[21:11:50.515]    // Pre-defined
[21:11:50.515]    __protocol=0x00010002      (Protocol="SWD", SWJ-DP="True")
[21:11:50.515]    __connection=0x00000202    (Connection Type="Flash", Reset Type="System Reset")
[21:11:50.515]    __dp=0x00000000
[21:11:50.515]    __ap=0x00000000
[21:11:50.515]    __traceout=0x00000000      (Trace Disabled)
[21:11:50.515]    __errorcontrol=0x00000000  (Skip Errors="False")
[21:11:50.515]    __FlashAddr=0x00000000
[21:11:50.515]    __FlashLen=0x00000000
[21:11:50.515]    __FlashArg=0x00000000
[21:11:50.515]    __FlashOp=0x00000000
[21:11:50.515]    __Result=0x00000000
[21:11:50.515]  </debugvars>
[21:11:50.515]  
[21:11:50.515]  <sequence name="DebugDeviceUnlock" Pname="" disable="false" info="">
[21:11:50.520]    <block atomic="false" info="">
[21:11:50.520]      __var deviceID = 0;
[21:11:50.520]        // -> [deviceID <= 0x00000000]
[21:11:50.520]      __var version = 0;
[21:11:50.520]        // -> [version <= 0x00000000]
[21:11:50.520]      __var partNum = 0;
[21:11:50.520]        // -> [partNum <= 0x00000000]
[21:11:50.520]      __var manuf = 0;
[21:11:50.520]        // -> [manuf <= 0x00000000]
[21:11:50.520]      __var isMSPM0G1X0X_G3X0X = 0;
[21:11:50.520]        // -> [isMSPM0G1X0X_G3X0X <= 0x00000000]
[21:11:50.520]      __var isProduction = 0;
[21:11:50.520]        // -> [isProduction <= 0x00000000]
[21:11:50.520]      __var continueId = 0;
[21:11:50.520]        // -> [continueId <= 0x00000000]
[21:11:50.520]      deviceID =   Read32(0x41C40004);
[21:11:50.526]        // -> [Read32(0x41C40004) => 0x2BB8802F]   (__dp=0x00000000, __ap=0x00000000)
[21:11:50.526]        // -> [deviceID <= 0x2BB8802F]
[21:11:50.526]      version = deviceID >> 28;
[21:11:50.526]        // -> [version <= 0x00000002]
[21:11:50.526]      partNum = (deviceID & 0x0FFFF000) >> 12;
[21:11:50.526]        // -> [partNum <= 0x0000BB88]
[21:11:50.526]      manuf = (deviceID & 0x00000FFE) >> 1;
[21:11:50.526]        // -> [manuf <= 0x00000017]
[21:11:50.526]      isMSPM0G1X0X_G3X0X = (partNum == 0xBB88) && (manuf == 0x17);
[21:11:50.526]        // -> [isMSPM0G1X0X_G3X0X <= 0x00000001]
[21:11:50.526]      isProduction = (version > 0);
[21:11:50.526]        // -> [isProduction <= 0x00000001]
[21:11:50.526]    </block>
[21:11:50.526]    <control if="!isMSPM0G1X0X_G3X0X" while="" timeout="0" info="">
[21:11:50.526]      // if-block "!isMSPM0G1X0X_G3X0X"
[21:11:50.526]        // =>  FALSE
[21:11:50.526]      // skip if-block "!isMSPM0G1X0X_G3X0X"
[21:11:50.526]    </control>
[21:11:50.531]    <control if="continueId == 4" while="" timeout="0" info="">
[21:11:50.531]      // if-block "continueId == 4"
[21:11:50.531]        // =>  FALSE
[21:11:50.531]      // skip if-block "continueId == 4"
[21:11:50.531]    </control>
[21:11:50.531]    <control if="!isProduction" while="" timeout="0" info="">
[21:11:50.531]      // if-block "!isProduction"
[21:11:50.531]        // =>  FALSE
[21:11:50.531]      // skip if-block "!isProduction"
[21:11:50.531]    </control>
[21:11:50.531]  </sequence>
[21:11:50.531]  
[21:20:15.854]  **********  Sequence "DebugPortSetup"  (Context="Connect", Pname="", info="")
[21:20:15.854]  
[21:20:15.858]  <debugvars>
[21:20:15.858]    // Pre-defined
[21:20:15.858]    __protocol=0x00010002      (Protocol="SWD", SWJ-DP="True")
[21:20:15.858]    __connection=0x00000202    (Connection Type="Flash", Reset Type="System Reset")
[21:20:15.858]    __dp=0x00000000
[21:20:15.858]    __ap=0x00000000
[21:20:15.858]    __traceout=0x00000000      (Trace Disabled)
[21:20:15.858]    __errorcontrol=0x00000000  (Skip Errors="False")
[21:20:15.858]    __FlashAddr=0x00000000
[21:20:15.858]    __FlashLen=0x00000000
[21:20:15.858]    __FlashArg=0x00000000
[21:20:15.858]    __FlashOp=0x00000000
[21:20:15.858]    __Result=0x00000000
[21:20:15.858]  </debugvars>
[21:20:15.858]  
[21:20:15.858]  <sequence name="DebugPortSetup" Pname="" disable="false" info="">
[21:20:15.858]    <block atomic="false" info="">
[21:20:15.858]      __var isSWJ      = ((__protocol & 0x00010000) != 0);
[21:20:15.858]        // -> [isSWJ <= 0x00000001]
[21:20:15.858]      __var hasDormant = __protocol & 0x00020000;
[21:20:15.858]        // -> [hasDormant <= 0x00000000]
[21:20:15.858]      __var protType   = __protocol & 0x0000FFFF;
[21:20:15.858]        // -> [protType <= 0x00000002]
[21:20:15.858]    </block>
[21:20:15.858]    <control if="protType == 1" while="" timeout="0" info="">
[21:20:15.858]      // if-block "protType == 1"
[21:20:15.858]        // =>  FALSE
[21:20:15.858]      // skip if-block "protType == 1"
[21:20:15.858]    </control>
[21:20:15.858]    <control if="protType == 2" while="" timeout="0" info="">
[21:20:15.858]      // if-block "protType == 2"
[21:20:15.858]        // =>  TRUE
[21:20:15.858]      <control if="isSWJ" while="" timeout="0" info="">
[21:20:15.858]        // if-block "isSWJ"
[21:20:15.858]          // =>  TRUE
[21:20:15.858]        <control if="hasDormant" while="" timeout="0" info="">
[21:20:15.858]          // if-block "hasDormant"
[21:20:15.858]            // =>  FALSE
[21:20:15.858]          // skip if-block "hasDormant"
[21:20:15.863]        </control>
[21:20:15.863]        <control if="!hasDormant" while="" timeout="0" info="">
[21:20:15.863]          // if-block "!hasDormant"
[21:20:15.863]            // =>  TRUE
[21:20:15.863]          <block atomic="false" info="">
[21:20:15.863]            DAP_SWJ_Sequence(51, 0x0007FFFFFFFFFFFF); //lets put the JTAG line in a reset state
[21:20:15.864]              // -> [DAP_SWJ_Sequence(51, 0x0007FFFFFFFFFFFF)]
[21:20:15.864]            DAP_SWJ_Sequence(16,0xE73C); //SWD to JTAG, this is to ensure the state machine is initialized
[21:20:15.864]              // -> [DAP_SWJ_Sequence(16, 0x000000000000E73C)]
[21:20:15.868]            DAP_SWJ_Sequence(51, 0x0007FFFFFFFFFFFF); //Put it back in reset
[21:20:15.868]              // -> [DAP_SWJ_Sequence(51, 0x0007FFFFFFFFFFFF)]
[21:20:15.868]            DAP_SWJ_Sequence(16, 0xE79E); //JTAG to SWD switch
[21:20:15.868]              // -> [DAP_SWJ_Sequence(16, 0x000000000000E79E)]
[21:20:15.868]            DAP_SWJ_Sequence(51, 0x0007FFFFFFFFFFFF);  //Ensure the switch is successful 
[21:20:15.873]              // -> [DAP_SWJ_Sequence(51, 0x0007FFFFFFFFFFFF)]
[21:20:15.873]            DAP_SWJ_Sequence(7,  0x00); //Give the line some time to initialize
[21:20:15.875]              // -> [DAP_SWJ_Sequence(7, 0x0000000000000000)]
[21:20:15.875]          </block>
[21:20:15.875]          // end if-block "!hasDormant"
[21:20:15.875]        </control>
[21:20:15.875]        // end if-block "isSWJ"
[21:20:15.875]      </control>
[21:20:15.875]      <control if="!isSWJ" while="" timeout="0" info="">
[21:20:15.875]        // if-block "!isSWJ"
[21:20:15.875]          // =>  FALSE
[21:20:15.875]        // skip if-block "!isSWJ"
[21:20:15.875]      </control>
[21:20:15.875]      <block atomic="false" info="">
[21:20:15.875]        ReadDP(0x0);
[21:20:15.878]          // -> [ReadDP(0x00000000) => 0x6BA02477]   (__dp=0x00000000)
[21:20:15.878]      </block>
[21:20:15.878]      // end if-block "protType == 2"
[21:20:15.878]    </control>
[21:20:15.878]  </sequence>
[21:20:15.878]  
[21:20:15.883]  **********  Sequence "DebugPortStart"  (Context="Connect", Pname="", info="")
[21:20:15.883]  
[21:20:15.883]  <debugvars>
[21:20:15.883]    // Pre-defined
[21:20:15.883]    __protocol=0x00010002      (Protocol="SWD", SWJ-DP="True")
[21:20:15.883]    __connection=0x00000202    (Connection Type="Flash", Reset Type="System Reset")
[21:20:15.883]    __dp=0x00000000
[21:20:15.883]    __ap=0x00000000
[21:20:15.883]    __traceout=0x00000000      (Trace Disabled)
[21:20:15.883]    __errorcontrol=0x00000000  (Skip Errors="False")
[21:20:15.883]    __FlashAddr=0x00000000
[21:20:15.883]    __FlashLen=0x00000000
[21:20:15.883]    __FlashArg=0x00000000
[21:20:15.883]    __FlashOp=0x00000000
[21:20:15.883]    __Result=0x00000000
[21:20:15.883]  </debugvars>
[21:20:15.883]  
[21:20:15.883]  <sequence name="DebugPortStart" Pname="" disable="false" info="">
[21:20:15.883]    <block atomic="false" info="">
[21:20:15.883]      __var SW_DP_ABORT       = 0x0;
[21:20:15.883]        // -> [SW_DP_ABORT <= 0x00000000]
[21:20:15.883]      __var DP_CTRL_STAT      = 0x4;
[21:20:15.883]        // -> [DP_CTRL_STAT <= 0x00000004]
[21:20:15.883]      __var DP_SELECT         = 0x8;
[21:20:15.883]        // -> [DP_SELECT <= 0x00000008]
[21:20:15.883]      __var powered_down      = 0;
[21:20:15.883]        // -> [powered_down <= 0x00000000]
[21:20:15.883]      WriteDP(DP_SELECT, 0x00000000);
[21:20:15.888]        // -> [WriteDP(0x00000008, 0x00000000)]   (__dp=0x00000000)
[21:20:15.888]      powered_down = ((ReadDP(DP_CTRL_STAT) & 0xA0000000) != 0xA0000000);
[21:20:15.888]        // -> [ReadDP(0x00000004) => 0x00000040]   (__dp=0x00000000)
[21:20:15.888]        // -> [powered_down <= 0x00000001]
[21:20:15.888]    </block>
[21:20:15.888]    <control if="powered_down" while="" timeout="0" info="">
[21:20:15.888]      // if-block "powered_down"
[21:20:15.888]        // =>  TRUE
[21:20:15.888]      <block atomic="false" info="">
[21:20:15.888]        Message(0, "Debug/System power-up request sent");
[21:20:15.893]        WriteDP(DP_CTRL_STAT, 0x50000000);
[21:20:15.896]          // -> [WriteDP(0x00000004, 0x50000000)]   (__dp=0x00000000)
[21:20:15.896]      </block>
[21:20:15.896]      <control if="" while="(ReadDP(DP_CTRL_STAT) & 0xA0000000) != 0xA0000000" timeout="1000000" info="">
[21:20:15.896]        // while "(ReadDP(DP_CTRL_STAT) & 0xA0000000) != 0xA0000000"  (timeout="1000000")
[21:20:15.896]          // -> [ReadDP(0x00000004) => 0xF0000040]   (__dp=0x00000000)
[21:20:15.899]        // while-condition  =>  FALSE
[21:20:15.899]        // end while "(ReadDP(DP_CTRL_STAT) & 0xA0000000) != 0xA0000000"
[21:20:15.899]      </control>
[21:20:15.899]      <control if="(__protocol & 0xFFFF) == 1" while="" timeout="0" info="">
[21:20:15.899]        // if-block "(__protocol & 0xFFFF) == 1"
[21:20:15.899]          // =>  FALSE
[21:20:15.899]        // skip if-block "(__protocol & 0xFFFF) == 1"
[21:20:15.899]      </control>
[21:20:15.899]      <control if="(__protocol & 0xFFFF) == 2" while="" timeout="0" info="">
[21:20:15.899]        // if-block "(__protocol & 0xFFFF) == 2"
[21:20:15.900]          // =>  TRUE
[21:20:15.900]        <block atomic="false" info="">
[21:20:15.900]          Message(0, "executing SWD power up");
[21:20:15.900]          WriteDP(DP_CTRL_STAT, 0x50000F00);
[21:20:15.904]            // -> [WriteDP(0x00000004, 0x50000F00)]   (__dp=0x00000000)
[21:20:15.904]          WriteDP(SW_DP_ABORT, 0x0000001E);
[21:20:15.904]            // -> [WriteDP(0x00000000, 0x0000001E)]   (__dp=0x00000000)
[21:20:15.904]        </block>
[21:20:15.904]        // end if-block "(__protocol & 0xFFFF) == 2"
[21:20:15.904]      </control>
[21:20:15.904]      // end if-block "powered_down"
[21:20:15.904]    </control>
[21:20:15.904]    <block atomic="false" info="">
[21:20:15.904]      __var DEBUG_PORT_VAL    = 0;
[21:20:15.904]        // -> [DEBUG_PORT_VAL <= 0x00000000]
[21:20:15.904]      __var ACCESS_POINT_VAL  = 0;
[21:20:15.904]        // -> [ACCESS_POINT_VAL <= 0x00000000]
[21:20:15.904]      __ap = 1; 
[21:20:15.904]        // -> [__ap <= 0x00000001]
[21:20:15.904]      WriteAP(0x0C, 0x04); //lets use the mini pwr-ap as backup
[21:20:15.909]        // -> [WriteAP(0x0000000C, 0x00000004)]   (__dp=0x00000000, __ap=0x00000001)
[21:20:15.909]      __ap = 4;
[21:20:15.909]        // -> [__ap <= 0x00000004]
[21:20:15.909]      ACCESS_POINT_VAL = ReadAP(0x00);//Reading current state of access point
[21:20:15.915]        // -> [ReadAP(0x00000000) => 0x00080027]   (__dp=0x00000000, __ap=0x00000004)
[21:20:15.915]        // -> [ACCESS_POINT_VAL <= 0x00080027]
[21:20:15.915]      Message(0, "Current state of access point is: %x",ACCESS_POINT_VAL);
[21:20:15.918]    </block>
[21:20:15.918]    <block atomic="false" info="">
[21:20:15.918]      __var nReset = 0x80;
[21:20:15.918]        // -> [nReset <= 0x00000080]
[21:20:15.918]      __var canReadPins = 0;
[21:20:15.918]        // -> [canReadPins <= 0x00000000]
[21:20:15.920]      canReadPins = (DAP_SWJ_Pins(0x00, nReset, 0) != 0xFFFFFFFF);
[21:20:15.920]        // -> [DAP_SWJ_Pins(0x00, 0x80, 0) => 0x0F]   (Out: nRESET=0  =>  In: SWCLK/TCK=1, SWDIO/TMS=1, TDI=1, TDO=1, nTRST=0, nRESET=0)
[21:20:15.922]        // -> [canReadPins <= 0x00000001]
[21:20:15.922]    </block>
[21:20:15.922]    <control if="" while="1" timeout="200" info="">
[21:20:15.922]      // while "1"  (timeout="200")
[21:20:15.922]      // while-condition  =>  TRUE
[21:20:15.922]      // while "1"  (timeout="200")
[21:20:15.922]      // while-condition  =>  TRUE
[21:20:15.922]      // while "1"  (timeout="200")
[21:20:15.922]      // while-condition  =>  TRUE
[21:20:15.922]      // while "1"  (timeout="200")
[21:20:15.922]      // while-condition  =>  TRUE
[21:20:15.922]      // while "1"  (timeout="200")
[21:20:15.922]      // while-condition  =>  TRUE
[21:20:15.922]      // while "1"  (timeout="200")
[21:20:15.923]      // while-condition  =>  TRUE
[21:20:15.923]      // while "1"  (timeout="200")
[21:20:15.923]      // while-condition  =>  TRUE
[21:20:15.923]      // while "1"  (timeout="200")
[21:20:15.923]      // while-condition  =>  TRUE
[21:20:15.923]      // while "1"  (timeout="200")
[21:20:15.923]      // while-condition  =>  TRUE
[21:20:15.924]      // while "1"  (timeout="200")
[21:20:15.924]      // while-condition  =>  TRUE
[21:20:15.924]      // while "1"  (timeout="200")
[21:20:15.924]      // while-condition  =>  TRUE
[21:20:15.924]      // while "1"  (timeout="200")
[21:20:15.924]      // while-condition  =>  TRUE
[21:20:15.924]      // while "1"  (timeout="200")
[21:20:15.924]      // while-condition  =>  TRUE
[21:20:15.924]      // while "1"  (timeout="200")
[21:20:15.924]      // while-condition  =>  TRUE
[21:20:15.924]      // while "1"  (timeout="200")
[21:20:15.924]      // while-condition  =>  TRUE
[21:20:15.924]      // while "1"  (timeout="200")
[21:20:15.924]      // while-condition  =>  TRUE
[21:20:15.924]      // while "1"  (timeout="200")
[21:20:15.924]      // while-condition  =>  TRUE
[21:20:15.924]      // while "1"  (timeout="200")
[21:20:15.924]      // while-condition  =>  TRUE
[21:20:15.924]      // while "1"  (timeout="200")
[21:20:15.924]      // while-condition  =>  TRUE
[21:20:15.924]      // while "1"  (timeout="200")
[21:20:15.924]      // while-condition  =>  TRUE
[21:20:15.924]      // while "1"  (timeout="200")
[21:20:15.924]      // while-condition  =>  TRUE
[21:20:15.924]      // while "1"  (timeout="200")
[21:20:15.924]      // while-condition  =>  TRUE
[21:20:15.924]      // while "1"  (timeout="200")
[21:20:15.924]      // while-condition  =>  TRUE
[21:20:15.924]      // while "1"  (timeout="200")
[21:20:15.924]      // while-condition  =>  TRUE
[21:20:15.924]      // while "1"  (timeout="200")
[21:20:15.924]      // while-condition  =>  TRUE
[21:20:15.924]      // while "1"  (timeout="200")
[21:20:15.924]      // while-condition  =>  TRUE
[21:20:15.924]      // while "1"  (timeout="200")
[21:20:15.924]      // while-condition  =>  TRUE
[21:20:15.924]      // while "1"  (timeout="200")
[21:20:15.924]      // while-condition  =>  TRUE
[21:20:15.924]      // while "1"  (timeout="200")
[21:20:15.924]      // while-condition  =>  TRUE
[21:20:15.924]      // while "1"  (timeout="200")
[21:20:15.924]      // while-condition  =>  TRUE
[21:20:15.924]      // while "1"  (timeout="200")
[21:20:15.924]      // while-condition  =>  TRUE
[21:20:15.929]      // while "1"  (timeout="200")
[21:20:15.929]      // while-condition  =>  TRUE
[21:20:15.929]      // while "1"  (timeout="200")
[21:20:15.929]      // while-condition  =>  TRUE
[21:20:15.929]      // while "1"  (timeout="200")
[21:20:15.929]      // while-condition  =>  TRUE
[21:20:15.929]      // while "1"  (timeout="200")
[21:20:15.929]      // while-condition  =>  TRUE
[21:20:15.929]      // while "1"  (timeout="200")
[21:20:15.929]      // while-condition  =>  TRUE
[21:20:15.929]      // while "1"  (timeout="200")
[21:20:15.929]      // while-condition  =>  TRUE
[21:20:15.929]      // while "1"  (timeout="200")
[21:20:15.929]      // while-condition  =>  TRUE
[21:20:15.929]      // while "1"  (timeout="200")
[21:20:15.929]      // while-condition  =>  TRUE
[21:20:15.929]      // while "1"  (timeout="200")
[21:20:15.929]      // while-condition  =>  TRUE
[21:20:15.929]      // while "1"  (timeout="200")
[21:20:15.929]      // while-condition  =>  TRUE
[21:20:15.929]      // while "1"  (timeout="200")
[21:20:15.929]      // while-condition  =>  TRUE
[21:20:15.929]      // while "1"  (timeout="200")
[21:20:15.929]      // while-condition  =>  TRUE
[21:20:15.929]      // while "1"  (timeout="200")
[21:20:15.929]      // while-condition  =>  TRUE
[21:20:15.929]      // while "1"  (timeout="200")
[21:20:15.929]      // while-condition  =>  TRUE
[21:20:15.929]      // while "1"  (timeout="200")
[21:20:15.929]      // while-condition  =>  TRUE
[21:20:15.929]      // while "1"  (timeout="200")
[21:20:15.929]      // while-condition  =>  TRUE
[21:20:15.929]      // while "1"  (timeout="200")
[21:20:15.929]      // while-condition  =>  TRUE
[21:20:15.929]      // while "1"  (timeout="200")
[21:20:15.929]      // while-condition  =>  TRUE
[21:20:15.929]      // while "1"  (timeout="200")
[21:20:15.929]      // while-condition  =>  TRUE
[21:20:15.929]      // while "1"  (timeout="200")
[21:20:15.934]      // while-condition  =>  TRUE
[21:20:15.934]      // while "1"  (timeout="200")
[21:20:15.935]      // while  =>  TIMEOUT
[21:20:15.935]      // end while "1"
[21:20:15.935]    </control>
[21:20:15.935]    <control if="canReadPins" while="" timeout="0" info="">
[21:20:15.935]      // if-block "canReadPins"
[21:20:15.935]        // =>  TRUE
[21:20:15.935]      <control if="" while="(DAP_SWJ_Pins(nReset, nReset, 0) & nReset) == 0" timeout="1000000" info="">
[21:20:15.935]        // while "(DAP_SWJ_Pins(nReset, nReset, 0) & nReset) == 0"  (timeout="1000000")
[21:20:15.935]          // -> [DAP_SWJ_Pins(0x80, 0x80, 0) => 0x8F]   (Out: nRESET=1  =>  In: SWCLK/TCK=1, SWDIO/TMS=1, TDI=1, TDO=1, nTRST=0, nRESET=1)
[21:20:15.935]        // while-condition  =>  FALSE
[21:20:15.935]        // end while "(DAP_SWJ_Pins(nReset, nReset, 0) & nReset) == 0"
[21:20:15.935]      </control>
[21:20:15.935]      // end if-block "canReadPins"
[21:20:15.935]    </control>
[21:20:15.935]    <control if="!canReadPins" while="" timeout="0" info="">
[21:20:15.935]      // if-block "!canReadPins"
[21:20:15.935]        // =>  FALSE
[21:20:15.935]      // skip if-block "!canReadPins"
[21:20:15.935]    </control>
[21:20:15.935]    <control if="(ACCESS_POINT_VAL & 0x00E00000) == 0" while="" timeout="0" info="">
[21:20:15.935]      // if-block "(ACCESS_POINT_VAL & 0x00E00000) == 0"
[21:20:15.935]        // =>  TRUE
[21:20:15.935]      <block atomic="false" info="">
[21:20:15.935]        WriteAP(0x00, 0x190008);
[21:20:15.940]          // -> [WriteAP(0x00000000, 0x00190008)]   (__dp=0x00000000, __ap=0x00000004)
[21:20:15.940]        WriteAP(0xF0, 0x01);
[21:20:15.945]          // -> [WriteAP(0x000000F0, 0x00000001)]   (__dp=0x00000000, __ap=0x00000004)
[21:20:15.945]      </block>
[21:20:15.945]      // end if-block "(ACCESS_POINT_VAL & 0x00E00000) == 0"
[21:20:15.945]    </control>
[21:20:15.945]    <control if="(ACCESS_POINT_VAL & 0x00E00000) != 0" while="" timeout="0" info="">
[21:20:15.945]      // if-block "(ACCESS_POINT_VAL & 0x00E00000) != 0"
[21:20:15.945]        // =>  FALSE
[21:20:15.945]      // skip if-block "(ACCESS_POINT_VAL & 0x00E00000) != 0"
[21:20:15.945]    </control>
[21:20:15.945]    <block atomic="false" info="">
[21:20:15.945]      ACCESS_POINT_VAL = ReadAP(0x00);//Reading current state of access point
[21:20:15.950]        // -> [ReadAP(0x00000000) => 0x0079002F]   (__dp=0x00000000, __ap=0x00000004)
[21:20:15.951]        // -> [ACCESS_POINT_VAL <= 0x0079002F]
[21:20:15.951]      Message(0, "Current state of access point is: %x",ACCESS_POINT_VAL);
[21:20:15.951]      __ap = 0; //lets make sure we reset the access point selection
[21:20:15.951]        // -> [__ap <= 0x00000000]
[21:20:15.951]    </block>
[21:20:15.951]  </sequence>
[21:20:15.951]  
[21:20:15.971]  **********  Sequence "DebugDeviceUnlock"  (Context="Connect", Pname="", info="")
[21:20:15.971]  
[21:20:15.971]  <debugvars>
[21:20:15.971]    // Pre-defined
[21:20:15.971]    __protocol=0x00010002      (Protocol="SWD", SWJ-DP="True")
[21:20:15.971]    __connection=0x00000202    (Connection Type="Flash", Reset Type="System Reset")
[21:20:15.971]    __dp=0x00000000
[21:20:15.971]    __ap=0x00000000
[21:20:15.971]    __traceout=0x00000000      (Trace Disabled)
[21:20:15.971]    __errorcontrol=0x00000000  (Skip Errors="False")
[21:20:15.971]    __FlashAddr=0x00000000
[21:20:15.971]    __FlashLen=0x00000000
[21:20:15.971]    __FlashArg=0x00000000
[21:20:15.971]    __FlashOp=0x00000000
[21:20:15.971]    __Result=0x00000000
[21:20:15.971]  </debugvars>
[21:20:15.971]  
[21:20:15.971]  <sequence name="DebugDeviceUnlock" Pname="" disable="false" info="">
[21:20:15.971]    <block atomic="false" info="">
[21:20:15.971]      __var deviceID = 0;
[21:20:15.971]        // -> [deviceID <= 0x00000000]
[21:20:15.971]      __var version = 0;
[21:20:15.971]        // -> [version <= 0x00000000]
[21:20:15.971]      __var partNum = 0;
[21:20:15.971]        // -> [partNum <= 0x00000000]
[21:20:15.971]      __var manuf = 0;
[21:20:15.971]        // -> [manuf <= 0x00000000]
[21:20:15.971]      __var isMSPM0G1X0X_G3X0X = 0;
[21:20:15.971]        // -> [isMSPM0G1X0X_G3X0X <= 0x00000000]
[21:20:15.976]      __var isProduction = 0;
[21:20:15.976]        // -> [isProduction <= 0x00000000]
[21:20:15.976]      __var continueId = 0;
[21:20:15.976]        // -> [continueId <= 0x00000000]
[21:20:15.976]      deviceID =   Read32(0x41C40004);
[21:20:15.981]        // -> [Read32(0x41C40004) => 0x2BB8802F]   (__dp=0x00000000, __ap=0x00000000)
[21:20:15.981]        // -> [deviceID <= 0x2BB8802F]
[21:20:15.981]      version = deviceID >> 28;
[21:20:15.981]        // -> [version <= 0x00000002]
[21:20:15.981]      partNum = (deviceID & 0x0FFFF000) >> 12;
[21:20:15.981]        // -> [partNum <= 0x0000BB88]
[21:20:15.981]      manuf = (deviceID & 0x00000FFE) >> 1;
[21:20:15.981]        // -> [manuf <= 0x00000017]
[21:20:15.981]      isMSPM0G1X0X_G3X0X = (partNum == 0xBB88) && (manuf == 0x17);
[21:20:15.981]        // -> [isMSPM0G1X0X_G3X0X <= 0x00000001]
[21:20:15.981]      isProduction = (version > 0);
[21:20:15.981]        // -> [isProduction <= 0x00000001]
[21:20:15.981]    </block>
[21:20:15.981]    <control if="!isMSPM0G1X0X_G3X0X" while="" timeout="0" info="">
[21:20:15.981]      // if-block "!isMSPM0G1X0X_G3X0X"
[21:20:15.981]        // =>  FALSE
[21:20:15.981]      // skip if-block "!isMSPM0G1X0X_G3X0X"
[21:20:15.981]    </control>
[21:20:15.981]    <control if="continueId == 4" while="" timeout="0" info="">
[21:20:15.981]      // if-block "continueId == 4"
[21:20:15.981]        // =>  FALSE
[21:20:15.986]      // skip if-block "continueId == 4"
[21:20:15.986]    </control>
[21:20:15.986]    <control if="!isProduction" while="" timeout="0" info="">
[21:20:15.986]      // if-block "!isProduction"
[21:20:15.986]        // =>  FALSE
[21:20:15.986]      // skip if-block "!isProduction"
[21:20:15.986]    </control>
[21:20:15.986]  </sequence>
[21:20:15.986]  
