/*
 *  CMSIS Pack Debug Access Sequence Log
 *  File        : D:\ai embody\TI preparation\2024»¸Ã‚∏¥œ÷\MSPM0G3507_Car\project\mdk\SeekFree_MSPM0G3507_Device_Library_Sequences_0003.log
 *  Created     : 22:21:36 (26/07/2026)
 *  Device      : MSPM0G3507
 *  PDSC File   : D:/software/keil5/ARM/PACK/TexasInstruments/MSPM0G1X0X_G3X0X_DFP/1.3.1/TexasInstruments.MSPM0G1X0X_G3X0X_DFP.pdsc
 *
 */

[22:21:36.457]  **********  Sequence "DebugPortSetup"  (Context="Connect", Pname="", info="")
[22:21:36.457]  
[22:21:36.458]  <debugvars>
[22:21:36.458]    // Pre-defined
[22:21:36.458]    __protocol=0x00010002      (Protocol="SWD", SWJ-DP="True")
[22:21:36.458]    __connection=0x00000202    (Connection Type="Flash", Reset Type="System Reset")
[22:21:36.459]    __dp=0x00000000
[22:21:36.459]    __ap=0x00000000
[22:21:36.459]    __traceout=0x00000000      (Trace Disabled)
[22:21:36.459]    __errorcontrol=0x00000000  (Skip Errors="False")
[22:21:36.459]    __FlashAddr=0x00000000
[22:21:36.459]    __FlashLen=0x00000000
[22:21:36.459]    __FlashArg=0x00000000
[22:21:36.459]    __FlashOp=0x00000000
[22:21:36.459]    __Result=0x00000000
[22:21:36.460]  </debugvars>
[22:21:36.460]  
[22:21:36.460]  <sequence name="DebugPortSetup" Pname="" disable="false" info="">
[22:21:36.460]    <block atomic="false" info="">
[22:21:36.460]      __var isSWJ      = ((__protocol & 0x00010000) != 0);
[22:21:36.460]        // -> [isSWJ <= 0x00000001]
[22:21:36.461]      __var hasDormant = __protocol & 0x00020000;
[22:21:36.461]        // -> [hasDormant <= 0x00000000]
[22:21:36.461]      __var protType   = __protocol & 0x0000FFFF;
[22:21:36.461]        // -> [protType <= 0x00000002]
[22:21:36.461]    </block>
[22:21:36.461]    <control if="protType == 1" while="" timeout="0" info="">
[22:21:36.461]      // if-block "protType == 1"
[22:21:36.461]        // =>  FALSE
[22:21:36.462]      // skip if-block "protType == 1"
[22:21:36.462]    </control>
[22:21:36.462]    <control if="protType == 2" while="" timeout="0" info="">
[22:21:36.462]      // if-block "protType == 2"
[22:21:36.463]        // =>  TRUE
[22:21:36.463]      <control if="isSWJ" while="" timeout="0" info="">
[22:21:36.463]        // if-block "isSWJ"
[22:21:36.463]          // =>  TRUE
[22:21:36.463]        <control if="hasDormant" while="" timeout="0" info="">
[22:21:36.463]          // if-block "hasDormant"
[22:21:36.463]            // =>  FALSE
[22:21:36.463]          // skip if-block "hasDormant"
[22:21:36.463]        </control>
[22:21:36.463]        <control if="!hasDormant" while="" timeout="0" info="">
[22:21:36.463]          // if-block "!hasDormant"
[22:21:36.464]            // =>  TRUE
[22:21:36.464]          <block atomic="false" info="">
[22:21:36.464]            DAP_SWJ_Sequence(51, 0x0007FFFFFFFFFFFF); //lets put the JTAG line in a reset state
[22:21:36.466]              // -> [DAP_SWJ_Sequence(51, 0x0007FFFFFFFFFFFF)]
[22:21:36.466]            DAP_SWJ_Sequence(16,0xE73C); //SWD to JTAG, this is to ensure the state machine is initialized
[22:21:36.468]              // -> [DAP_SWJ_Sequence(16, 0x000000000000E73C)]
[22:21:36.468]            DAP_SWJ_Sequence(51, 0x0007FFFFFFFFFFFF); //Put it back in reset
[22:21:36.470]              // -> [DAP_SWJ_Sequence(51, 0x0007FFFFFFFFFFFF)]
[22:21:36.470]            DAP_SWJ_Sequence(16, 0xE79E); //JTAG to SWD switch
[22:21:36.472]              // -> [DAP_SWJ_Sequence(16, 0x000000000000E79E)]
[22:21:36.472]            DAP_SWJ_Sequence(51, 0x0007FFFFFFFFFFFF);  //Ensure the switch is successful 
[22:21:36.474]              // -> [DAP_SWJ_Sequence(51, 0x0007FFFFFFFFFFFF)]
[22:21:36.474]            DAP_SWJ_Sequence(7,  0x00); //Give the line some time to initialize
[22:21:36.477]              // -> [DAP_SWJ_Sequence(7, 0x0000000000000000)]
[22:21:36.477]          </block>
[22:21:36.477]          // end if-block "!hasDormant"
[22:21:36.477]        </control>
[22:21:36.477]        // end if-block "isSWJ"
[22:21:36.478]      </control>
[22:21:36.478]      <control if="!isSWJ" while="" timeout="0" info="">
[22:21:36.478]        // if-block "!isSWJ"
[22:21:36.478]          // =>  FALSE
[22:21:36.478]        // skip if-block "!isSWJ"
[22:21:36.478]      </control>
[22:21:36.478]      <block atomic="false" info="">
[22:21:36.479]        ReadDP(0x0);
[22:21:36.480]          // -> [ReadDP(0x00000000) => 0x6BA02477]   (__dp=0x00000000)
[22:21:36.481]      </block>
[22:21:36.481]      // end if-block "protType == 2"
[22:21:36.481]    </control>
[22:21:36.481]  </sequence>
[22:21:36.481]  
[22:21:36.486]  **********  Sequence "DebugPortStart"  (Context="Connect", Pname="", info="")
[22:21:36.486]  
[22:21:36.486]  <debugvars>
[22:21:36.486]    // Pre-defined
[22:21:36.486]    __protocol=0x00010002      (Protocol="SWD", SWJ-DP="True")
[22:21:36.486]    __connection=0x00000202    (Connection Type="Flash", Reset Type="System Reset")
[22:21:36.486]    __dp=0x00000000
[22:21:36.486]    __ap=0x00000000
[22:21:36.487]    __traceout=0x00000000      (Trace Disabled)
[22:21:36.487]    __errorcontrol=0x00000000  (Skip Errors="False")
[22:21:36.487]    __FlashAddr=0x00000000
[22:21:36.487]    __FlashLen=0x00000000
[22:21:36.487]    __FlashArg=0x00000000
[22:21:36.487]    __FlashOp=0x00000000
[22:21:36.487]    __Result=0x00000000
[22:21:36.487]  </debugvars>
[22:21:36.487]  
[22:21:36.487]  <sequence name="DebugPortStart" Pname="" disable="false" info="">
[22:21:36.487]    <block atomic="false" info="">
[22:21:36.487]      __var SW_DP_ABORT       = 0x0;
[22:21:36.487]        // -> [SW_DP_ABORT <= 0x00000000]
[22:21:36.487]      __var DP_CTRL_STAT      = 0x4;
[22:21:36.488]        // -> [DP_CTRL_STAT <= 0x00000004]
[22:21:36.488]      __var DP_SELECT         = 0x8;
[22:21:36.488]        // -> [DP_SELECT <= 0x00000008]
[22:21:36.488]      __var powered_down      = 0;
[22:21:36.488]        // -> [powered_down <= 0x00000000]
[22:21:36.488]      WriteDP(DP_SELECT, 0x00000000);
[22:21:36.490]        // -> [WriteDP(0x00000008, 0x00000000)]   (__dp=0x00000000)
[22:21:36.490]      powered_down = ((ReadDP(DP_CTRL_STAT) & 0xA0000000) != 0xA0000000);
[22:21:36.492]        // -> [ReadDP(0x00000004) => 0x00000040]   (__dp=0x00000000)
[22:21:36.492]        // -> [powered_down <= 0x00000001]
[22:21:36.493]    </block>
[22:21:36.493]    <control if="powered_down" while="" timeout="0" info="">
[22:21:36.493]      // if-block "powered_down"
[22:21:36.493]        // =>  TRUE
[22:21:36.493]      <block atomic="false" info="">
[22:21:36.493]        Message(0, "Debug/System power-up request sent");
[22:21:36.495]        WriteDP(DP_CTRL_STAT, 0x50000000);
[22:21:36.497]          // -> [WriteDP(0x00000004, 0x50000000)]   (__dp=0x00000000)
[22:21:36.497]      </block>
[22:21:36.497]      <control if="" while="(ReadDP(DP_CTRL_STAT) & 0xA0000000) != 0xA0000000" timeout="1000000" info="">
[22:21:36.497]        // while "(ReadDP(DP_CTRL_STAT) & 0xA0000000) != 0xA0000000"  (timeout="1000000")
[22:21:36.499]          // -> [ReadDP(0x00000004) => 0xF0000040]   (__dp=0x00000000)
[22:21:36.499]        // while-condition  =>  FALSE
[22:21:36.499]        // end while "(ReadDP(DP_CTRL_STAT) & 0xA0000000) != 0xA0000000"
[22:21:36.500]      </control>
[22:21:36.500]      <control if="(__protocol & 0xFFFF) == 1" while="" timeout="0" info="">
[22:21:36.500]        // if-block "(__protocol & 0xFFFF) == 1"
[22:21:36.500]          // =>  FALSE
[22:21:36.500]        // skip if-block "(__protocol & 0xFFFF) == 1"
[22:21:36.500]      </control>
[22:21:36.500]      <control if="(__protocol & 0xFFFF) == 2" while="" timeout="0" info="">
[22:21:36.500]        // if-block "(__protocol & 0xFFFF) == 2"
[22:21:36.501]          // =>  TRUE
[22:21:36.501]        <block atomic="false" info="">
[22:21:36.501]          Message(0, "executing SWD power up");
[22:21:36.501]          WriteDP(DP_CTRL_STAT, 0x50000F00);
[22:21:36.503]            // -> [WriteDP(0x00000004, 0x50000F00)]   (__dp=0x00000000)
[22:21:36.503]          WriteDP(SW_DP_ABORT, 0x0000001E);
[22:21:36.506]            // -> [WriteDP(0x00000000, 0x0000001E)]   (__dp=0x00000000)
[22:21:36.506]        </block>
[22:21:36.506]        // end if-block "(__protocol & 0xFFFF) == 2"
[22:21:36.506]      </control>
[22:21:36.506]      // end if-block "powered_down"
[22:21:36.507]    </control>
[22:21:36.507]    <block atomic="false" info="">
[22:21:36.507]      __var DEBUG_PORT_VAL    = 0;
[22:21:36.507]        // -> [DEBUG_PORT_VAL <= 0x00000000]
[22:21:36.507]      __var ACCESS_POINT_VAL  = 0;
[22:21:36.507]        // -> [ACCESS_POINT_VAL <= 0x00000000]
[22:21:36.507]      __ap = 1; 
[22:21:36.507]        // -> [__ap <= 0x00000001]
[22:21:36.508]      WriteAP(0x0C, 0x04); //lets use the mini pwr-ap as backup
[22:21:36.511]        // -> [WriteAP(0x0000000C, 0x00000004)]   (__dp=0x00000000, __ap=0x00000001)
[22:21:36.512]      __ap = 4;
[22:21:36.512]        // -> [__ap <= 0x00000004]
[22:21:36.512]      ACCESS_POINT_VAL = ReadAP(0x00);//Reading current state of access point
[22:21:36.516]        // -> [ReadAP(0x00000000) => 0x00080027]   (__dp=0x00000000, __ap=0x00000004)
[22:21:36.516]        // -> [ACCESS_POINT_VAL <= 0x00080027]
[22:21:36.516]      Message(0, "Current state of access point is: %x",ACCESS_POINT_VAL);
[22:21:36.516]    </block>
[22:21:36.516]    <block atomic="false" info="">
[22:21:36.516]      __var nReset = 0x80;
[22:21:36.517]        // -> [nReset <= 0x00000080]
[22:21:36.517]      __var canReadPins = 0;
[22:21:36.517]        // -> [canReadPins <= 0x00000000]
[22:21:36.517]      canReadPins = (DAP_SWJ_Pins(0x00, nReset, 0) != 0xFFFFFFFF);
[22:21:36.519]        // -> [DAP_SWJ_Pins(0x00, 0x80, 0) => 0x0F]   (Out: nRESET=0  =>  In: SWCLK/TCK=1, SWDIO/TMS=1, TDI=1, TDO=1, nTRST=0, nRESET=0)
[22:21:36.519]        // -> [canReadPins <= 0x00000001]
[22:21:36.519]    </block>
[22:21:36.519]    <control if="" while="1" timeout="200" info="">
[22:21:36.519]      // while "1"  (timeout="200")
[22:21:36.519]      // while-condition  =>  TRUE
[22:21:36.519]      // while "1"  (timeout="200")
[22:21:36.519]      // while-condition  =>  TRUE
[22:21:36.520]      // while "1"  (timeout="200")
[22:21:36.520]      // while-condition  =>  TRUE
[22:21:36.520]      // while "1"  (timeout="200")
[22:21:36.520]      // while-condition  =>  TRUE
[22:21:36.520]      // while "1"  (timeout="200")
[22:21:36.520]      // while-condition  =>  TRUE
[22:21:36.520]      // while "1"  (timeout="200")
[22:21:36.520]      // while-condition  =>  TRUE
[22:21:36.520]      // while "1"  (timeout="200")
[22:21:36.520]      // while-condition  =>  TRUE
[22:21:36.520]      // while "1"  (timeout="200")
[22:21:36.521]      // while-condition  =>  TRUE
[22:21:36.521]      // while "1"  (timeout="200")
[22:21:36.521]      // while-condition  =>  TRUE
[22:21:36.521]      // while "1"  (timeout="200")
[22:21:36.521]      // while-condition  =>  TRUE
[22:21:36.521]      // while "1"  (timeout="200")
[22:21:36.521]      // while-condition  =>  TRUE
[22:21:36.521]      // while "1"  (timeout="200")
[22:21:36.521]      // while-condition  =>  TRUE
[22:21:36.521]      // while "1"  (timeout="200")
[22:21:36.522]      // while-condition  =>  TRUE
[22:21:36.522]      // while "1"  (timeout="200")
[22:21:36.522]      // while-condition  =>  TRUE
[22:21:36.522]      // while "1"  (timeout="200")
[22:21:36.522]      // while-condition  =>  TRUE
[22:21:36.522]      // while "1"  (timeout="200")
[22:21:36.522]      // while-condition  =>  TRUE
[22:21:36.522]      // while "1"  (timeout="200")
[22:21:36.522]      // while-condition  =>  TRUE
[22:21:36.523]      // while "1"  (timeout="200")
[22:21:36.523]      // while-condition  =>  TRUE
[22:21:36.523]      // while "1"  (timeout="200")
[22:21:36.523]      // while-condition  =>  TRUE
[22:21:36.523]      // while "1"  (timeout="200")
[22:21:36.523]      // while-condition  =>  TRUE
[22:21:36.523]      // while "1"  (timeout="200")
[22:21:36.523]      // while-condition  =>  TRUE
[22:21:36.524]      // while "1"  (timeout="200")
[22:21:36.524]      // while  =>  TIMEOUT
[22:21:36.524]      // end while "1"
[22:21:36.524]    </control>
[22:21:36.524]    <control if="canReadPins" while="" timeout="0" info="">
[22:21:36.524]      // if-block "canReadPins"
[22:21:36.524]        // =>  TRUE
[22:21:36.524]      <control if="" while="(DAP_SWJ_Pins(nReset, nReset, 0) & nReset) == 0" timeout="1000000" info="">
[22:21:36.524]        // while "(DAP_SWJ_Pins(nReset, nReset, 0) & nReset) == 0"  (timeout="1000000")
[22:21:36.527]          // -> [DAP_SWJ_Pins(0x80, 0x80, 0) => 0x8F]   (Out: nRESET=1  =>  In: SWCLK/TCK=1, SWDIO/TMS=1, TDI=1, TDO=1, nTRST=0, nRESET=1)
[22:21:36.527]        // while-condition  =>  FALSE
[22:21:36.527]        // end while "(DAP_SWJ_Pins(nReset, nReset, 0) & nReset) == 0"
[22:21:36.527]      </control>
[22:21:36.527]      // end if-block "canReadPins"
[22:21:36.527]    </control>
[22:21:36.527]    <control if="!canReadPins" while="" timeout="0" info="">
[22:21:36.527]      // if-block "!canReadPins"
[22:21:36.527]        // =>  FALSE
[22:21:36.528]      // skip if-block "!canReadPins"
[22:21:36.528]    </control>
[22:21:36.528]    <control if="(ACCESS_POINT_VAL & 0x00E00000) == 0" while="" timeout="0" info="">
[22:21:36.528]      // if-block "(ACCESS_POINT_VAL & 0x00E00000) == 0"
[22:21:36.528]        // =>  TRUE
[22:21:36.528]      <block atomic="false" info="">
[22:21:36.528]        WriteAP(0x00, 0x190008);
[22:21:36.530]          // -> [WriteAP(0x00000000, 0x00190008)]   (__dp=0x00000000, __ap=0x00000004)
[22:21:36.530]        WriteAP(0xF0, 0x01);
[22:21:36.534]          // -> [WriteAP(0x000000F0, 0x00000001)]   (__dp=0x00000000, __ap=0x00000004)
[22:21:36.534]      </block>
[22:21:36.534]      // end if-block "(ACCESS_POINT_VAL & 0x00E00000) == 0"
[22:21:36.535]    </control>
[22:21:36.535]    <control if="(ACCESS_POINT_VAL & 0x00E00000) != 0" while="" timeout="0" info="">
[22:21:36.535]      // if-block "(ACCESS_POINT_VAL & 0x00E00000) != 0"
[22:21:36.535]        // =>  FALSE
[22:21:36.535]      // skip if-block "(ACCESS_POINT_VAL & 0x00E00000) != 0"
[22:21:36.535]    </control>
[22:21:36.535]    <block atomic="false" info="">
[22:21:36.535]      ACCESS_POINT_VAL = ReadAP(0x00);//Reading current state of access point
[22:21:36.540]        // -> [ReadAP(0x00000000) => 0x0079002F]   (__dp=0x00000000, __ap=0x00000004)
[22:21:36.540]        // -> [ACCESS_POINT_VAL <= 0x0079002F]
[22:21:36.540]      Message(0, "Current state of access point is: %x",ACCESS_POINT_VAL);
[22:21:36.541]      __ap = 0; //lets make sure we reset the access point selection
[22:21:36.541]        // -> [__ap <= 0x00000000]
[22:21:36.541]    </block>
[22:21:36.541]  </sequence>
[22:21:36.542]  
[22:21:36.563]  **********  Sequence "DebugDeviceUnlock"  (Context="Connect", Pname="", info="")
[22:21:36.563]  
[22:21:36.563]  <debugvars>
[22:21:36.563]    // Pre-defined
[22:21:36.563]    __protocol=0x00010002      (Protocol="SWD", SWJ-DP="True")
[22:21:36.563]    __connection=0x00000202    (Connection Type="Flash", Reset Type="System Reset")
[22:21:36.564]    __dp=0x00000000
[22:21:36.564]    __ap=0x00000000
[22:21:36.564]    __traceout=0x00000000      (Trace Disabled)
[22:21:36.564]    __errorcontrol=0x00000000  (Skip Errors="False")
[22:21:36.564]    __FlashAddr=0x00000000
[22:21:36.565]    __FlashLen=0x00000000
[22:21:36.565]    __FlashArg=0x00000000
[22:21:36.565]    __FlashOp=0x00000000
[22:21:36.565]    __Result=0x00000000
[22:21:36.565]  </debugvars>
[22:21:36.565]  
[22:21:36.565]  <sequence name="DebugDeviceUnlock" Pname="" disable="false" info="">
[22:21:36.566]    <block atomic="false" info="">
[22:21:36.566]      __var deviceID = 0;
[22:21:36.566]        // -> [deviceID <= 0x00000000]
[22:21:36.566]      __var version = 0;
[22:21:36.566]        // -> [version <= 0x00000000]
[22:21:36.566]      __var partNum = 0;
[22:21:36.566]        // -> [partNum <= 0x00000000]
[22:21:36.566]      __var manuf = 0;
[22:21:36.566]        // -> [manuf <= 0x00000000]
[22:21:36.567]      __var isMSPM0G1X0X_G3X0X = 0;
[22:21:36.567]        // -> [isMSPM0G1X0X_G3X0X <= 0x00000000]
[22:21:36.567]      __var isProduction = 0;
[22:21:36.567]        // -> [isProduction <= 0x00000000]
[22:21:36.567]      __var continueId = 0;
[22:21:36.567]        // -> [continueId <= 0x00000000]
[22:21:36.567]      deviceID =   Read32(0x41C40004);
[22:21:36.573]        // -> [Read32(0x41C40004) => 0x2BB8802F]   (__dp=0x00000000, __ap=0x00000000)
[22:21:36.573]        // -> [deviceID <= 0x2BB8802F]
[22:21:36.573]      version = deviceID >> 28;
[22:21:36.573]        // -> [version <= 0x00000002]
[22:21:36.574]      partNum = (deviceID & 0x0FFFF000) >> 12;
[22:21:36.574]        // -> [partNum <= 0x0000BB88]
[22:21:36.574]      manuf = (deviceID & 0x00000FFE) >> 1;
[22:21:36.574]        // -> [manuf <= 0x00000017]
[22:21:36.574]      isMSPM0G1X0X_G3X0X = (partNum == 0xBB88) && (manuf == 0x17);
[22:21:36.574]        // -> [isMSPM0G1X0X_G3X0X <= 0x00000001]
[22:21:36.574]      isProduction = (version > 0);
[22:21:36.574]        // -> [isProduction <= 0x00000001]
[22:21:36.574]    </block>
[22:21:36.575]    <control if="!isMSPM0G1X0X_G3X0X" while="" timeout="0" info="">
[22:21:36.575]      // if-block "!isMSPM0G1X0X_G3X0X"
[22:21:36.575]        // =>  FALSE
[22:21:36.575]      // skip if-block "!isMSPM0G1X0X_G3X0X"
[22:21:36.576]    </control>
[22:21:36.576]    <control if="continueId == 4" while="" timeout="0" info="">
[22:21:36.576]      // if-block "continueId == 4"
[22:21:36.576]        // =>  FALSE
[22:21:36.576]      // skip if-block "continueId == 4"
[22:21:36.576]    </control>
[22:21:36.576]    <control if="!isProduction" while="" timeout="0" info="">
[22:21:36.576]      // if-block "!isProduction"
[22:21:36.577]        // =>  FALSE
[22:21:36.577]      // skip if-block "!isProduction"
[22:21:36.577]    </control>
[22:21:36.577]  </sequence>
[22:21:36.577]  
[22:21:48.879]  **********  Sequence "DebugPortSetup"  (Context="Connect", Pname="", info="")
[22:21:48.879]  
[22:21:48.880]  <debugvars>
[22:21:48.880]    // Pre-defined
[22:21:48.880]    __protocol=0x00010002      (Protocol="SWD", SWJ-DP="True")
[22:21:48.880]    __connection=0x00000202    (Connection Type="Flash", Reset Type="System Reset")
[22:21:48.880]    __dp=0x00000000
[22:21:48.880]    __ap=0x00000000
[22:21:48.882]    __traceout=0x00000000      (Trace Disabled)
[22:21:48.882]    __errorcontrol=0x00000000  (Skip Errors="False")
[22:21:48.882]    __FlashAddr=0x00000000
[22:21:48.882]    __FlashLen=0x00000000
[22:21:48.882]    __FlashArg=0x00000000
[22:21:48.882]    __FlashOp=0x00000000
[22:21:48.882]    __Result=0x00000000
[22:21:48.882]  </debugvars>
[22:21:48.882]  
[22:21:48.882]  <sequence name="DebugPortSetup" Pname="" disable="false" info="">
[22:21:48.883]    <block atomic="false" info="">
[22:21:48.883]      __var isSWJ      = ((__protocol & 0x00010000) != 0);
[22:21:48.883]        // -> [isSWJ <= 0x00000001]
[22:21:48.883]      __var hasDormant = __protocol & 0x00020000;
[22:21:48.883]        // -> [hasDormant <= 0x00000000]
[22:21:48.883]      __var protType   = __protocol & 0x0000FFFF;
[22:21:48.883]        // -> [protType <= 0x00000002]
[22:21:48.883]    </block>
[22:21:48.883]    <control if="protType == 1" while="" timeout="0" info="">
[22:21:48.883]      // if-block "protType == 1"
[22:21:48.883]        // =>  FALSE
[22:21:48.885]      // skip if-block "protType == 1"
[22:21:48.885]    </control>
[22:21:48.885]    <control if="protType == 2" while="" timeout="0" info="">
[22:21:48.885]      // if-block "protType == 2"
[22:21:48.885]        // =>  TRUE
[22:21:48.885]      <control if="isSWJ" while="" timeout="0" info="">
[22:21:48.886]        // if-block "isSWJ"
[22:21:48.886]          // =>  TRUE
[22:21:48.886]        <control if="hasDormant" while="" timeout="0" info="">
[22:21:48.886]          // if-block "hasDormant"
[22:21:48.886]            // =>  FALSE
[22:21:48.886]          // skip if-block "hasDormant"
[22:21:48.887]        </control>
[22:21:48.887]        <control if="!hasDormant" while="" timeout="0" info="">
[22:21:48.887]          // if-block "!hasDormant"
[22:21:48.887]            // =>  TRUE
[22:21:48.887]          <block atomic="false" info="">
[22:21:48.887]            DAP_SWJ_Sequence(51, 0x0007FFFFFFFFFFFF); //lets put the JTAG line in a reset state
[22:21:48.889]              // -> [DAP_SWJ_Sequence(51, 0x0007FFFFFFFFFFFF)]
[22:21:48.889]            DAP_SWJ_Sequence(16,0xE73C); //SWD to JTAG, this is to ensure the state machine is initialized
[22:21:48.891]              // -> [DAP_SWJ_Sequence(16, 0x000000000000E73C)]
[22:21:48.891]            DAP_SWJ_Sequence(51, 0x0007FFFFFFFFFFFF); //Put it back in reset
[22:21:48.893]              // -> [DAP_SWJ_Sequence(51, 0x0007FFFFFFFFFFFF)]
[22:21:48.893]            DAP_SWJ_Sequence(16, 0xE79E); //JTAG to SWD switch
[22:21:48.895]              // -> [DAP_SWJ_Sequence(16, 0x000000000000E79E)]
[22:21:48.895]            DAP_SWJ_Sequence(51, 0x0007FFFFFFFFFFFF);  //Ensure the switch is successful 
[22:21:48.896]              // -> [DAP_SWJ_Sequence(51, 0x0007FFFFFFFFFFFF)]
[22:21:48.896]            DAP_SWJ_Sequence(7,  0x00); //Give the line some time to initialize
[22:21:48.898]              // -> [DAP_SWJ_Sequence(7, 0x0000000000000000)]
[22:21:48.898]          </block>
[22:21:48.898]          // end if-block "!hasDormant"
[22:21:48.898]        </control>
[22:21:48.899]        // end if-block "isSWJ"
[22:21:48.899]      </control>
[22:21:48.899]      <control if="!isSWJ" while="" timeout="0" info="">
[22:21:48.899]        // if-block "!isSWJ"
[22:21:48.899]          // =>  FALSE
[22:21:48.899]        // skip if-block "!isSWJ"
[22:21:48.900]      </control>
[22:21:48.900]      <block atomic="false" info="">
[22:21:48.900]        ReadDP(0x0);
[22:21:48.902]          // -> [ReadDP(0x00000000) => 0x6BA02477]   (__dp=0x00000000)
[22:21:48.902]      </block>
[22:21:48.902]      // end if-block "protType == 2"
[22:21:48.902]    </control>
[22:21:48.903]  </sequence>
[22:21:48.903]  
[22:21:48.908]  **********  Sequence "DebugPortStart"  (Context="Connect", Pname="", info="")
[22:21:48.908]  
[22:21:48.908]  <debugvars>
[22:21:48.908]    // Pre-defined
[22:21:48.908]    __protocol=0x00010002      (Protocol="SWD", SWJ-DP="True")
[22:21:48.908]    __connection=0x00000202    (Connection Type="Flash", Reset Type="System Reset")
[22:21:48.909]    __dp=0x00000000
[22:21:48.909]    __ap=0x00000000
[22:21:48.909]    __traceout=0x00000000      (Trace Disabled)
[22:21:48.909]    __errorcontrol=0x00000000  (Skip Errors="False")
[22:21:48.909]    __FlashAddr=0x00000000
[22:21:48.909]    __FlashLen=0x00000000
[22:21:48.909]    __FlashArg=0x00000000
[22:21:48.910]    __FlashOp=0x00000000
[22:21:48.910]    __Result=0x00000000
[22:21:48.910]  </debugvars>
[22:21:48.910]  
[22:21:48.910]  <sequence name="DebugPortStart" Pname="" disable="false" info="">
[22:21:48.911]    <block atomic="false" info="">
[22:21:48.911]      __var SW_DP_ABORT       = 0x0;
[22:21:48.911]        // -> [SW_DP_ABORT <= 0x00000000]
[22:21:48.911]      __var DP_CTRL_STAT      = 0x4;
[22:21:48.911]        // -> [DP_CTRL_STAT <= 0x00000004]
[22:21:48.911]      __var DP_SELECT         = 0x8;
[22:21:48.911]        // -> [DP_SELECT <= 0x00000008]
[22:21:48.911]      __var powered_down      = 0;
[22:21:48.912]        // -> [powered_down <= 0x00000000]
[22:21:48.912]      WriteDP(DP_SELECT, 0x00000000);
[22:21:48.913]        // -> [WriteDP(0x00000008, 0x00000000)]   (__dp=0x00000000)
[22:21:48.913]      powered_down = ((ReadDP(DP_CTRL_STAT) & 0xA0000000) != 0xA0000000);
[22:21:48.916]        // -> [ReadDP(0x00000004) => 0x00000040]   (__dp=0x00000000)
[22:21:48.916]        // -> [powered_down <= 0x00000001]
[22:21:48.916]    </block>
[22:21:48.916]    <control if="powered_down" while="" timeout="0" info="">
[22:21:48.917]      // if-block "powered_down"
[22:21:48.917]        // =>  TRUE
[22:21:48.917]      <block atomic="false" info="">
[22:21:48.917]        Message(0, "Debug/System power-up request sent");
[22:21:48.920]        WriteDP(DP_CTRL_STAT, 0x50000000);
[22:21:48.922]          // -> [WriteDP(0x00000004, 0x50000000)]   (__dp=0x00000000)
[22:21:48.922]      </block>
[22:21:48.922]      <control if="" while="(ReadDP(DP_CTRL_STAT) & 0xA0000000) != 0xA0000000" timeout="1000000" info="">
[22:21:48.922]        // while "(ReadDP(DP_CTRL_STAT) & 0xA0000000) != 0xA0000000"  (timeout="1000000")
[22:21:48.925]          // -> [ReadDP(0x00000004) => 0xF0000040]   (__dp=0x00000000)
[22:21:48.925]        // while-condition  =>  FALSE
[22:21:48.925]        // end while "(ReadDP(DP_CTRL_STAT) & 0xA0000000) != 0xA0000000"
[22:21:48.925]      </control>
[22:21:48.926]      <control if="(__protocol & 0xFFFF) == 1" while="" timeout="0" info="">
[22:21:48.926]        // if-block "(__protocol & 0xFFFF) == 1"
[22:21:48.926]          // =>  FALSE
[22:21:48.926]        // skip if-block "(__protocol & 0xFFFF) == 1"
[22:21:48.927]      </control>
[22:21:48.927]      <control if="(__protocol & 0xFFFF) == 2" while="" timeout="0" info="">
[22:21:48.927]        // if-block "(__protocol & 0xFFFF) == 2"
[22:21:48.927]          // =>  TRUE
[22:21:48.927]        <block atomic="false" info="">
[22:21:48.927]          Message(0, "executing SWD power up");
[22:21:48.929]          WriteDP(DP_CTRL_STAT, 0x50000F00);
[22:21:48.931]            // -> [WriteDP(0x00000004, 0x50000F00)]   (__dp=0x00000000)
[22:21:48.931]          WriteDP(SW_DP_ABORT, 0x0000001E);
[22:21:48.932]            // -> [WriteDP(0x00000000, 0x0000001E)]   (__dp=0x00000000)
[22:21:48.933]        </block>
[22:21:48.933]        // end if-block "(__protocol & 0xFFFF) == 2"
[22:21:48.933]      </control>
[22:21:48.933]      // end if-block "powered_down"
[22:21:48.933]    </control>
[22:21:48.933]    <block atomic="false" info="">
[22:21:48.933]      __var DEBUG_PORT_VAL    = 0;
[22:21:48.933]        // -> [DEBUG_PORT_VAL <= 0x00000000]
[22:21:48.933]      __var ACCESS_POINT_VAL  = 0;
[22:21:48.935]        // -> [ACCESS_POINT_VAL <= 0x00000000]
[22:21:48.935]      __ap = 1; 
[22:21:48.935]        // -> [__ap <= 0x00000001]
[22:21:48.935]      WriteAP(0x0C, 0x04); //lets use the mini pwr-ap as backup
[22:21:48.939]        // -> [WriteAP(0x0000000C, 0x00000004)]   (__dp=0x00000000, __ap=0x00000001)
[22:21:48.939]      __ap = 4;
[22:21:48.939]        // -> [__ap <= 0x00000004]
[22:21:48.939]      ACCESS_POINT_VAL = ReadAP(0x00);//Reading current state of access point
[22:21:48.944]        // -> [ReadAP(0x00000000) => 0x00080027]   (__dp=0x00000000, __ap=0x00000004)
[22:21:48.944]        // -> [ACCESS_POINT_VAL <= 0x00080027]
[22:21:48.944]      Message(0, "Current state of access point is: %x",ACCESS_POINT_VAL);
[22:21:48.947]    </block>
[22:21:48.947]    <block atomic="false" info="">
[22:21:48.947]      __var nReset = 0x80;
[22:21:48.947]        // -> [nReset <= 0x00000080]
[22:21:48.947]      __var canReadPins = 0;
[22:21:48.947]        // -> [canReadPins <= 0x00000000]
[22:21:48.947]      canReadPins = (DAP_SWJ_Pins(0x00, nReset, 0) != 0xFFFFFFFF);
[22:21:48.950]        // -> [DAP_SWJ_Pins(0x00, 0x80, 0) => 0x0F]   (Out: nRESET=0  =>  In: SWCLK/TCK=1, SWDIO/TMS=1, TDI=1, TDO=1, nTRST=0, nRESET=0)
[22:21:48.950]        // -> [canReadPins <= 0x00000001]
[22:21:48.950]    </block>
[22:21:48.950]    <control if="" while="1" timeout="200" info="">
[22:21:48.950]      // while "1"  (timeout="200")
[22:21:48.951]      // while-condition  =>  TRUE
[22:21:48.951]      // while "1"  (timeout="200")
[22:21:48.951]      // while-condition  =>  TRUE
[22:21:48.951]      // while "1"  (timeout="200")
[22:21:48.951]      // while-condition  =>  TRUE
[22:21:48.951]      // while "1"  (timeout="200")
[22:21:48.952]      // while-condition  =>  TRUE
[22:21:48.952]      // while "1"  (timeout="200")
[22:21:48.952]      // while-condition  =>  TRUE
[22:21:48.952]      // while "1"  (timeout="200")
[22:21:48.953]      // while-condition  =>  TRUE
[22:21:48.953]      // while "1"  (timeout="200")
[22:21:48.953]      // while-condition  =>  TRUE
[22:21:48.953]      // while "1"  (timeout="200")
[22:21:48.953]      // while-condition  =>  TRUE
[22:21:48.953]      // while "1"  (timeout="200")
[22:21:48.953]      // while-condition  =>  TRUE
[22:21:48.953]      // while "1"  (timeout="200")
[22:21:48.953]      // while-condition  =>  TRUE
[22:21:48.953]      // while "1"  (timeout="200")
[22:21:48.953]      // while-condition  =>  TRUE
[22:21:48.954]      // while "1"  (timeout="200")
[22:21:48.954]      // while-condition  =>  TRUE
[22:21:48.954]      // while "1"  (timeout="200")
[22:21:48.954]      // while-condition  =>  TRUE
[22:21:48.954]      // while "1"  (timeout="200")
[22:21:48.954]      // while-condition  =>  TRUE
[22:21:48.955]      // while "1"  (timeout="200")
[22:21:48.955]      // while-condition  =>  TRUE
[22:21:48.955]      // while "1"  (timeout="200")
[22:21:48.955]      // while-condition  =>  TRUE
[22:21:48.955]      // while "1"  (timeout="200")
[22:21:48.955]      // while-condition  =>  TRUE
[22:21:48.956]      // while "1"  (timeout="200")
[22:21:48.956]      // while-condition  =>  TRUE
[22:21:48.956]      // while "1"  (timeout="200")
[22:21:48.956]      // while-condition  =>  TRUE
[22:21:48.956]      // while "1"  (timeout="200")
[22:21:48.956]      // while-condition  =>  TRUE
[22:21:48.957]      // while "1"  (timeout="200")
[22:21:48.957]      // while-condition  =>  TRUE
[22:21:48.957]      // while "1"  (timeout="200")
[22:21:48.957]      // while-condition  =>  TRUE
[22:21:48.957]      // while "1"  (timeout="200")
[22:21:48.958]      // while-condition  =>  TRUE
[22:21:48.958]      // while "1"  (timeout="200")
[22:21:48.958]      // while-condition  =>  TRUE
[22:21:48.958]      // while "1"  (timeout="200")
[22:21:48.958]      // while-condition  =>  TRUE
[22:21:48.958]      // while "1"  (timeout="200")
[22:21:48.958]      // while-condition  =>  TRUE
[22:21:48.959]      // while "1"  (timeout="200")
[22:21:48.959]      // while-condition  =>  TRUE
[22:21:48.959]      // while "1"  (timeout="200")
[22:21:48.959]      // while-condition  =>  TRUE
[22:21:48.959]      // while "1"  (timeout="200")
[22:21:48.959]      // while-condition  =>  TRUE
[22:21:48.960]      // while "1"  (timeout="200")
[22:21:48.960]      // while-condition  =>  TRUE
[22:21:48.960]      // while "1"  (timeout="200")
[22:21:48.960]      // while-condition  =>  TRUE
[22:21:48.960]      // while "1"  (timeout="200")
[22:21:48.960]      // while-condition  =>  TRUE
[22:21:48.961]      // while "1"  (timeout="200")
[22:21:48.961]      // while  =>  TIMEOUT
[22:21:48.961]      // end while "1"
[22:21:48.961]    </control>
[22:21:48.961]    <control if="canReadPins" while="" timeout="0" info="">
[22:21:48.961]      // if-block "canReadPins"
[22:21:48.961]        // =>  TRUE
[22:21:48.962]      <control if="" while="(DAP_SWJ_Pins(nReset, nReset, 0) & nReset) == 0" timeout="1000000" info="">
[22:21:48.962]        // while "(DAP_SWJ_Pins(nReset, nReset, 0) & nReset) == 0"  (timeout="1000000")
[22:21:48.965]          // -> [DAP_SWJ_Pins(0x80, 0x80, 0) => 0x8F]   (Out: nRESET=1  =>  In: SWCLK/TCK=1, SWDIO/TMS=1, TDI=1, TDO=1, nTRST=0, nRESET=1)
[22:21:48.965]        // while-condition  =>  FALSE
[22:21:48.965]        // end while "(DAP_SWJ_Pins(nReset, nReset, 0) & nReset) == 0"
[22:21:48.965]      </control>
[22:21:48.965]      // end if-block "canReadPins"
[22:21:48.965]    </control>
[22:21:48.965]    <control if="!canReadPins" while="" timeout="0" info="">
[22:21:48.965]      // if-block "!canReadPins"
[22:21:48.966]        // =>  FALSE
[22:21:48.966]      // skip if-block "!canReadPins"
[22:21:48.966]    </control>
[22:21:48.966]    <control if="(ACCESS_POINT_VAL & 0x00E00000) == 0" while="" timeout="0" info="">
[22:21:48.967]      // if-block "(ACCESS_POINT_VAL & 0x00E00000) == 0"
[22:21:48.967]        // =>  TRUE
[22:21:48.967]      <block atomic="false" info="">
[22:21:48.967]        WriteAP(0x00, 0x190008);
[22:21:48.968]          // -> [WriteAP(0x00000000, 0x00190008)]   (__dp=0x00000000, __ap=0x00000004)
[22:21:48.969]        WriteAP(0xF0, 0x01);
[22:21:48.973]          // -> [WriteAP(0x000000F0, 0x00000001)]   (__dp=0x00000000, __ap=0x00000004)
[22:21:48.973]      </block>
[22:21:48.973]      // end if-block "(ACCESS_POINT_VAL & 0x00E00000) == 0"
[22:21:48.973]    </control>
[22:21:48.973]    <control if="(ACCESS_POINT_VAL & 0x00E00000) != 0" while="" timeout="0" info="">
[22:21:48.973]      // if-block "(ACCESS_POINT_VAL & 0x00E00000) != 0"
[22:21:48.973]        // =>  FALSE
[22:21:48.974]      // skip if-block "(ACCESS_POINT_VAL & 0x00E00000) != 0"
[22:21:48.974]    </control>
[22:21:48.974]    <block atomic="false" info="">
[22:21:48.974]      ACCESS_POINT_VAL = ReadAP(0x00);//Reading current state of access point
[22:21:48.978]        // -> [ReadAP(0x00000000) => 0x0079002F]   (__dp=0x00000000, __ap=0x00000004)
[22:21:48.978]        // -> [ACCESS_POINT_VAL <= 0x0079002F]
[22:21:48.978]      Message(0, "Current state of access point is: %x",ACCESS_POINT_VAL);
[22:21:48.980]      __ap = 0; //lets make sure we reset the access point selection
[22:21:48.980]        // -> [__ap <= 0x00000000]
[22:21:48.980]    </block>
[22:21:48.980]  </sequence>
[22:21:48.981]  
[22:21:49.001]  **********  Sequence "DebugDeviceUnlock"  (Context="Connect", Pname="", info="")
[22:21:49.001]  
[22:21:49.001]  <debugvars>
[22:21:49.001]    // Pre-defined
[22:21:49.001]    __protocol=0x00010002      (Protocol="SWD", SWJ-DP="True")
[22:21:49.002]    __connection=0x00000202    (Connection Type="Flash", Reset Type="System Reset")
[22:21:49.002]    __dp=0x00000000
[22:21:49.002]    __ap=0x00000000
[22:21:49.002]    __traceout=0x00000000      (Trace Disabled)
[22:21:49.002]    __errorcontrol=0x00000000  (Skip Errors="False")
[22:21:49.002]    __FlashAddr=0x00000000
[22:21:49.002]    __FlashLen=0x00000000
[22:21:49.002]    __FlashArg=0x00000000
[22:21:49.003]    __FlashOp=0x00000000
[22:21:49.003]    __Result=0x00000000
[22:21:49.003]  </debugvars>
[22:21:49.003]  
[22:21:49.003]  <sequence name="DebugDeviceUnlock" Pname="" disable="false" info="">
[22:21:49.003]    <block atomic="false" info="">
[22:21:49.003]      __var deviceID = 0;
[22:21:49.003]        // -> [deviceID <= 0x00000000]
[22:21:49.003]      __var version = 0;
[22:21:49.003]        // -> [version <= 0x00000000]
[22:21:49.003]      __var partNum = 0;
[22:21:49.004]        // -> [partNum <= 0x00000000]
[22:21:49.004]      __var manuf = 0;
[22:21:49.004]        // -> [manuf <= 0x00000000]
[22:21:49.004]      __var isMSPM0G1X0X_G3X0X = 0;
[22:21:49.004]        // -> [isMSPM0G1X0X_G3X0X <= 0x00000000]
[22:21:49.005]      __var isProduction = 0;
[22:21:49.005]        // -> [isProduction <= 0x00000000]
[22:21:49.005]      __var continueId = 0;
[22:21:49.005]        // -> [continueId <= 0x00000000]
[22:21:49.005]      deviceID =   Read32(0x41C40004);
[22:21:49.012]        // -> [Read32(0x41C40004) => 0x2BB8802F]   (__dp=0x00000000, __ap=0x00000000)
[22:21:49.012]        // -> [deviceID <= 0x2BB8802F]
[22:21:49.012]      version = deviceID >> 28;
[22:21:49.013]        // -> [version <= 0x00000002]
[22:21:49.013]      partNum = (deviceID & 0x0FFFF000) >> 12;
[22:21:49.013]        // -> [partNum <= 0x0000BB88]
[22:21:49.013]      manuf = (deviceID & 0x00000FFE) >> 1;
[22:21:49.013]        // -> [manuf <= 0x00000017]
[22:21:49.013]      isMSPM0G1X0X_G3X0X = (partNum == 0xBB88) && (manuf == 0x17);
[22:21:49.013]        // -> [isMSPM0G1X0X_G3X0X <= 0x00000001]
[22:21:49.013]      isProduction = (version > 0);
[22:21:49.014]        // -> [isProduction <= 0x00000001]
[22:21:49.014]    </block>
[22:21:49.014]    <control if="!isMSPM0G1X0X_G3X0X" while="" timeout="0" info="">
[22:21:49.014]      // if-block "!isMSPM0G1X0X_G3X0X"
[22:21:49.014]        // =>  FALSE
[22:21:49.014]      // skip if-block "!isMSPM0G1X0X_G3X0X"
[22:21:49.014]    </control>
[22:21:49.015]    <control if="continueId == 4" while="" timeout="0" info="">
[22:21:49.015]      // if-block "continueId == 4"
[22:21:49.015]        // =>  FALSE
[22:21:49.015]      // skip if-block "continueId == 4"
[22:21:49.015]    </control>
[22:21:49.015]    <control if="!isProduction" while="" timeout="0" info="">
[22:21:49.015]      // if-block "!isProduction"
[22:21:49.015]        // =>  FALSE
[22:21:49.016]      // skip if-block "!isProduction"
[22:21:49.016]    </control>
[22:21:49.016]  </sequence>
[22:21:49.016]  
[22:35:58.873]  **********  Sequence "DebugPortSetup"  (Context="Connect", Pname="", info="")
[22:35:58.873]  
[22:35:58.874]  <debugvars>
[22:35:58.874]    // Pre-defined
[22:35:58.874]    __protocol=0x00010002      (Protocol="SWD", SWJ-DP="True")
[22:35:58.875]    __connection=0x00000202    (Connection Type="Flash", Reset Type="System Reset")
[22:35:58.875]    __dp=0x00000000
[22:35:58.875]    __ap=0x00000000
[22:35:58.875]    __traceout=0x00000000      (Trace Disabled)
[22:35:58.875]    __errorcontrol=0x00000000  (Skip Errors="False")
[22:35:58.875]    __FlashAddr=0x00000000
[22:35:58.875]    __FlashLen=0x00000000
[22:35:58.876]    __FlashArg=0x00000000
[22:35:58.876]    __FlashOp=0x00000000
[22:35:58.876]    __Result=0x00000000
[22:35:58.876]  </debugvars>
[22:35:58.876]  
[22:35:58.876]  <sequence name="DebugPortSetup" Pname="" disable="false" info="">
[22:35:58.876]    <block atomic="false" info="">
[22:35:58.877]      __var isSWJ      = ((__protocol & 0x00010000) != 0);
[22:35:58.877]        // -> [isSWJ <= 0x00000001]
[22:35:58.877]      __var hasDormant = __protocol & 0x00020000;
[22:35:58.877]        // -> [hasDormant <= 0x00000000]
[22:35:58.877]      __var protType   = __protocol & 0x0000FFFF;
[22:35:58.877]        // -> [protType <= 0x00000002]
[22:35:58.877]    </block>
[22:35:58.878]    <control if="protType == 1" while="" timeout="0" info="">
[22:35:58.878]      // if-block "protType == 1"
[22:35:58.878]        // =>  FALSE
[22:35:58.878]      // skip if-block "protType == 1"
[22:35:58.878]    </control>
[22:35:58.878]    <control if="protType == 2" while="" timeout="0" info="">
[22:35:58.878]      // if-block "protType == 2"
[22:35:58.878]        // =>  TRUE
[22:35:58.879]      <control if="isSWJ" while="" timeout="0" info="">
[22:35:58.879]        // if-block "isSWJ"
[22:35:58.879]          // =>  TRUE
[22:35:58.879]        <control if="hasDormant" while="" timeout="0" info="">
[22:35:58.879]          // if-block "hasDormant"
[22:35:58.879]            // =>  FALSE
[22:35:58.880]          // skip if-block "hasDormant"
[22:35:58.880]        </control>
[22:35:58.880]        <control if="!hasDormant" while="" timeout="0" info="">
[22:35:58.880]          // if-block "!hasDormant"
[22:35:58.880]            // =>  TRUE
[22:35:58.880]          <block atomic="false" info="">
[22:35:58.880]            DAP_SWJ_Sequence(51, 0x0007FFFFFFFFFFFF); //lets put the JTAG line in a reset state
[22:35:58.882]              // -> [DAP_SWJ_Sequence(51, 0x0007FFFFFFFFFFFF)]
[22:35:58.882]            DAP_SWJ_Sequence(16,0xE73C); //SWD to JTAG, this is to ensure the state machine is initialized
[22:35:58.884]              // -> [DAP_SWJ_Sequence(16, 0x000000000000E73C)]
[22:35:58.884]            DAP_SWJ_Sequence(51, 0x0007FFFFFFFFFFFF); //Put it back in reset
[22:35:58.886]              // -> [DAP_SWJ_Sequence(51, 0x0007FFFFFFFFFFFF)]
[22:35:58.886]            DAP_SWJ_Sequence(16, 0xE79E); //JTAG to SWD switch
[22:35:58.888]              // -> [DAP_SWJ_Sequence(16, 0x000000000000E79E)]
[22:35:58.888]            DAP_SWJ_Sequence(51, 0x0007FFFFFFFFFFFF);  //Ensure the switch is successful 
[22:35:58.890]              // -> [DAP_SWJ_Sequence(51, 0x0007FFFFFFFFFFFF)]
[22:35:58.890]            DAP_SWJ_Sequence(7,  0x00); //Give the line some time to initialize
[22:35:58.891]              // -> [DAP_SWJ_Sequence(7, 0x0000000000000000)]
[22:35:58.892]          </block>
[22:35:58.892]          // end if-block "!hasDormant"
[22:35:58.892]        </control>
[22:35:58.892]        // end if-block "isSWJ"
[22:35:58.892]      </control>
[22:35:58.892]      <control if="!isSWJ" while="" timeout="0" info="">
[22:35:58.892]        // if-block "!isSWJ"
[22:35:58.892]          // =>  FALSE
[22:35:58.892]        // skip if-block "!isSWJ"
[22:35:58.893]      </control>
[22:35:58.893]      <block atomic="false" info="">
[22:35:58.893]        ReadDP(0x0);
[22:35:58.895]          // -> [ReadDP(0x00000000) => 0x6BA02477]   (__dp=0x00000000)
[22:35:58.895]      </block>
[22:35:58.895]      // end if-block "protType == 2"
[22:35:58.895]    </control>
[22:35:58.895]  </sequence>
[22:35:58.896]  
[22:35:58.900]  **********  Sequence "DebugPortStart"  (Context="Connect", Pname="", info="")
[22:35:58.900]  
[22:35:58.900]  <debugvars>
[22:35:58.900]    // Pre-defined
[22:35:58.900]    __protocol=0x00010002      (Protocol="SWD", SWJ-DP="True")
[22:35:58.901]    __connection=0x00000202    (Connection Type="Flash", Reset Type="System Reset")
[22:35:58.901]    __dp=0x00000000
[22:35:58.901]    __ap=0x00000000
[22:35:58.901]    __traceout=0x00000000      (Trace Disabled)
[22:35:58.901]    __errorcontrol=0x00000000  (Skip Errors="False")
[22:35:58.901]    __FlashAddr=0x00000000
[22:35:58.901]    __FlashLen=0x00000000
[22:35:58.901]    __FlashArg=0x00000000
[22:35:58.902]    __FlashOp=0x00000000
[22:35:58.902]    __Result=0x00000000
[22:35:58.902]  </debugvars>
[22:35:58.902]  
[22:35:58.903]  <sequence name="DebugPortStart" Pname="" disable="false" info="">
[22:35:58.903]    <block atomic="false" info="">
[22:35:58.903]      __var SW_DP_ABORT       = 0x0;
[22:35:58.903]        // -> [SW_DP_ABORT <= 0x00000000]
[22:35:58.903]      __var DP_CTRL_STAT      = 0x4;
[22:35:58.903]        // -> [DP_CTRL_STAT <= 0x00000004]
[22:35:58.903]      __var DP_SELECT         = 0x8;
[22:35:58.903]        // -> [DP_SELECT <= 0x00000008]
[22:35:58.903]      __var powered_down      = 0;
[22:35:58.904]        // -> [powered_down <= 0x00000000]
[22:35:58.904]      WriteDP(DP_SELECT, 0x00000000);
[22:35:58.906]        // -> [WriteDP(0x00000008, 0x00000000)]   (__dp=0x00000000)
[22:35:58.906]      powered_down = ((ReadDP(DP_CTRL_STAT) & 0xA0000000) != 0xA0000000);
[22:35:58.908]        // -> [ReadDP(0x00000004) => 0x00000040]   (__dp=0x00000000)
[22:35:58.908]        // -> [powered_down <= 0x00000001]
[22:35:58.908]    </block>
[22:35:58.908]    <control if="powered_down" while="" timeout="0" info="">
[22:35:58.908]      // if-block "powered_down"
[22:35:58.908]        // =>  TRUE
[22:35:58.909]      <block atomic="false" info="">
[22:35:58.909]        Message(0, "Debug/System power-up request sent");
[22:35:58.911]        WriteDP(DP_CTRL_STAT, 0x50000000);
[22:35:58.913]          // -> [WriteDP(0x00000004, 0x50000000)]   (__dp=0x00000000)
[22:35:58.913]      </block>
[22:35:58.913]      <control if="" while="(ReadDP(DP_CTRL_STAT) & 0xA0000000) != 0xA0000000" timeout="1000000" info="">
[22:35:58.913]        // while "(ReadDP(DP_CTRL_STAT) & 0xA0000000) != 0xA0000000"  (timeout="1000000")
[22:35:58.916]          // -> [ReadDP(0x00000004) => 0xF0000040]   (__dp=0x00000000)
[22:35:58.916]        // while-condition  =>  FALSE
[22:35:58.916]        // end while "(ReadDP(DP_CTRL_STAT) & 0xA0000000) != 0xA0000000"
[22:35:58.916]      </control>
[22:35:58.917]      <control if="(__protocol & 0xFFFF) == 1" while="" timeout="0" info="">
[22:35:58.917]        // if-block "(__protocol & 0xFFFF) == 1"
[22:35:58.917]          // =>  FALSE
[22:35:58.917]        // skip if-block "(__protocol & 0xFFFF) == 1"
[22:35:58.917]      </control>
[22:35:58.918]      <control if="(__protocol & 0xFFFF) == 2" while="" timeout="0" info="">
[22:35:58.918]        // if-block "(__protocol & 0xFFFF) == 2"
[22:35:58.918]          // =>  TRUE
[22:35:58.918]        <block atomic="false" info="">
[22:35:58.918]          Message(0, "executing SWD power up");
[22:35:58.920]          WriteDP(DP_CTRL_STAT, 0x50000F00);
[22:35:58.922]            // -> [WriteDP(0x00000004, 0x50000F00)]   (__dp=0x00000000)
[22:35:58.922]          WriteDP(SW_DP_ABORT, 0x0000001E);
[22:35:58.924]            // -> [WriteDP(0x00000000, 0x0000001E)]   (__dp=0x00000000)
[22:35:58.924]        </block>
[22:35:58.924]        // end if-block "(__protocol & 0xFFFF) == 2"
[22:35:58.924]      </control>
[22:35:58.924]      // end if-block "powered_down"
[22:35:58.925]    </control>
[22:35:58.925]    <block atomic="false" info="">
[22:35:58.925]      __var DEBUG_PORT_VAL    = 0;
[22:35:58.925]        // -> [DEBUG_PORT_VAL <= 0x00000000]
[22:35:58.925]      __var ACCESS_POINT_VAL  = 0;
[22:35:58.925]        // -> [ACCESS_POINT_VAL <= 0x00000000]
[22:35:58.926]      __ap = 1; 
[22:35:58.926]        // -> [__ap <= 0x00000001]
[22:35:58.926]      WriteAP(0x0C, 0x04); //lets use the mini pwr-ap as backup
[22:35:58.929]        // -> [WriteAP(0x0000000C, 0x00000004)]   (__dp=0x00000000, __ap=0x00000001)
[22:35:58.930]      __ap = 4;
[22:35:58.930]        // -> [__ap <= 0x00000004]
[22:35:58.930]      ACCESS_POINT_VAL = ReadAP(0x00);//Reading current state of access point
[22:35:58.934]        // -> [ReadAP(0x00000000) => 0x00080027]   (__dp=0x00000000, __ap=0x00000004)
[22:35:58.934]        // -> [ACCESS_POINT_VAL <= 0x00080027]
[22:35:58.934]      Message(0, "Current state of access point is: %x",ACCESS_POINT_VAL);
[22:35:58.936]    </block>
[22:35:58.937]    <block atomic="false" info="">
[22:35:58.937]      __var nReset = 0x80;
[22:35:58.937]        // -> [nReset <= 0x00000080]
[22:35:58.937]      __var canReadPins = 0;
[22:35:58.937]        // -> [canReadPins <= 0x00000000]
[22:35:58.937]      canReadPins = (DAP_SWJ_Pins(0x00, nReset, 0) != 0xFFFFFFFF);
[22:35:58.938]        // -> [DAP_SWJ_Pins(0x00, 0x80, 0) => 0x0F]   (Out: nRESET=0  =>  In: SWCLK/TCK=1, SWDIO/TMS=1, TDI=1, TDO=1, nTRST=0, nRESET=0)
[22:35:58.939]        // -> [canReadPins <= 0x00000001]
[22:35:58.939]    </block>
[22:35:58.939]    <control if="" while="1" timeout="200" info="">
[22:35:58.939]      // while "1"  (timeout="200")
[22:35:58.939]      // while-condition  =>  TRUE
[22:35:58.939]      // while "1"  (timeout="200")
[22:35:58.939]      // while-condition  =>  TRUE
[22:35:58.940]      // while "1"  (timeout="200")
[22:35:58.940]      // while-condition  =>  TRUE
[22:35:58.940]      // while "1"  (timeout="200")
[22:35:58.940]      // while-condition  =>  TRUE
[22:35:58.940]      // while "1"  (timeout="200")
[22:35:58.940]      // while-condition  =>  TRUE
[22:35:58.940]      // while "1"  (timeout="200")
[22:35:58.940]      // while-condition  =>  TRUE
[22:35:58.940]      // while "1"  (timeout="200")
[22:35:58.941]      // while-condition  =>  TRUE
[22:35:58.941]      // while "1"  (timeout="200")
[22:35:58.941]      // while-condition  =>  TRUE
[22:35:58.941]      // while "1"  (timeout="200")
[22:35:58.942]      // while-condition  =>  TRUE
[22:35:58.942]      // while "1"  (timeout="200")
[22:35:58.942]      // while-condition  =>  TRUE
[22:35:58.942]      // while "1"  (timeout="200")
[22:35:58.942]      // while-condition  =>  TRUE
[22:35:58.942]      // while "1"  (timeout="200")
[22:35:58.942]      // while-condition  =>  TRUE
[22:35:58.942]      // while "1"  (timeout="200")
[22:35:58.943]      // while-condition  =>  TRUE
[22:35:58.943]      // while "1"  (timeout="200")
[22:35:58.943]      // while-condition  =>  TRUE
[22:35:58.943]      // while "1"  (timeout="200")
[22:35:58.943]      // while-condition  =>  TRUE
[22:35:58.943]      // while "1"  (timeout="200")
[22:35:58.943]      // while-condition  =>  TRUE
[22:35:58.943]      // while "1"  (timeout="200")
[22:35:58.944]      // while-condition  =>  TRUE
[22:35:58.944]      // while "1"  (timeout="200")
[22:35:58.944]      // while-condition  =>  TRUE
[22:35:58.944]      // while "1"  (timeout="200")
[22:35:58.944]      // while-condition  =>  TRUE
[22:35:58.944]      // while "1"  (timeout="200")
[22:35:58.944]      // while-condition  =>  TRUE
[22:35:58.944]      // while "1"  (timeout="200")
[22:35:58.944]      // while-condition  =>  TRUE
[22:35:58.946]      // while "1"  (timeout="200")
[22:35:58.946]      // while  =>  TIMEOUT
[22:35:58.946]      // end while "1"
[22:35:58.946]    </control>
[22:35:58.947]    <control if="canReadPins" while="" timeout="0" info="">
[22:35:58.947]      // if-block "canReadPins"
[22:35:58.947]        // =>  TRUE
[22:35:58.947]      <control if="" while="(DAP_SWJ_Pins(nReset, nReset, 0) & nReset) == 0" timeout="1000000" info="">
[22:35:58.947]        // while "(DAP_SWJ_Pins(nReset, nReset, 0) & nReset) == 0"  (timeout="1000000")
[22:35:58.950]          // -> [DAP_SWJ_Pins(0x80, 0x80, 0) => 0x8F]   (Out: nRESET=1  =>  In: SWCLK/TCK=1, SWDIO/TMS=1, TDI=1, TDO=1, nTRST=0, nRESET=1)
[22:35:58.950]        // while-condition  =>  FALSE
[22:35:58.950]        // end while "(DAP_SWJ_Pins(nReset, nReset, 0) & nReset) == 0"
[22:35:58.950]      </control>
[22:35:58.950]      // end if-block "canReadPins"
[22:35:58.950]    </control>
[22:35:58.951]    <control if="!canReadPins" while="" timeout="0" info="">
[22:35:58.951]      // if-block "!canReadPins"
[22:35:58.951]        // =>  FALSE
[22:35:58.951]      // skip if-block "!canReadPins"
[22:35:58.951]    </control>
[22:35:58.951]    <control if="(ACCESS_POINT_VAL & 0x00E00000) == 0" while="" timeout="0" info="">
[22:35:58.951]      // if-block "(ACCESS_POINT_VAL & 0x00E00000) == 0"
[22:35:58.951]        // =>  TRUE
[22:35:58.952]      <block atomic="false" info="">
[22:35:58.952]        WriteAP(0x00, 0x190008);
[22:35:58.953]          // -> [WriteAP(0x00000000, 0x00190008)]   (__dp=0x00000000, __ap=0x00000004)
[22:35:58.954]        WriteAP(0xF0, 0x01);
[22:35:58.958]          // -> [WriteAP(0x000000F0, 0x00000001)]   (__dp=0x00000000, __ap=0x00000004)
[22:35:58.958]      </block>
[22:35:58.958]      // end if-block "(ACCESS_POINT_VAL & 0x00E00000) == 0"
[22:35:58.958]    </control>
[22:35:58.959]    <control if="(ACCESS_POINT_VAL & 0x00E00000) != 0" while="" timeout="0" info="">
[22:35:58.959]      // if-block "(ACCESS_POINT_VAL & 0x00E00000) != 0"
[22:35:58.959]        // =>  FALSE
[22:35:58.959]      // skip if-block "(ACCESS_POINT_VAL & 0x00E00000) != 0"
[22:35:58.959]    </control>
[22:35:58.960]    <block atomic="false" info="">
[22:35:58.960]      ACCESS_POINT_VAL = ReadAP(0x00);//Reading current state of access point
[22:35:58.964]        // -> [ReadAP(0x00000000) => 0x0079002F]   (__dp=0x00000000, __ap=0x00000004)
[22:35:58.964]        // -> [ACCESS_POINT_VAL <= 0x0079002F]
[22:35:58.964]      Message(0, "Current state of access point is: %x",ACCESS_POINT_VAL);
[22:35:58.966]      __ap = 0; //lets make sure we reset the access point selection
[22:35:58.966]        // -> [__ap <= 0x00000000]
[22:35:58.966]    </block>
[22:35:58.966]  </sequence>
[22:35:58.966]  
[22:35:58.987]  **********  Sequence "DebugDeviceUnlock"  (Context="Connect", Pname="", info="")
[22:35:58.987]  
[22:35:58.987]  <debugvars>
[22:35:58.987]    // Pre-defined
[22:35:58.987]    __protocol=0x00010002      (Protocol="SWD", SWJ-DP="True")
[22:35:58.988]    __connection=0x00000202    (Connection Type="Flash", Reset Type="System Reset")
[22:35:58.988]    __dp=0x00000000
[22:35:58.988]    __ap=0x00000000
[22:35:58.988]    __traceout=0x00000000      (Trace Disabled)
[22:35:58.988]    __errorcontrol=0x00000000  (Skip Errors="False")
[22:35:58.988]    __FlashAddr=0x00000000
[22:35:58.989]    __FlashLen=0x00000000
[22:35:58.989]    __FlashArg=0x00000000
[22:35:58.989]    __FlashOp=0x00000000
[22:35:58.989]    __Result=0x00000000
[22:35:58.989]  </debugvars>
[22:35:58.989]  
[22:35:58.989]  <sequence name="DebugDeviceUnlock" Pname="" disable="false" info="">
[22:35:58.990]    <block atomic="false" info="">
[22:35:58.990]      __var deviceID = 0;
[22:35:58.990]        // -> [deviceID <= 0x00000000]
[22:35:58.990]      __var version = 0;
[22:35:58.990]        // -> [version <= 0x00000000]
[22:35:58.990]      __var partNum = 0;
[22:35:58.990]        // -> [partNum <= 0x00000000]
[22:35:58.991]      __var manuf = 0;
[22:35:58.991]        // -> [manuf <= 0x00000000]
[22:35:58.991]      __var isMSPM0G1X0X_G3X0X = 0;
[22:35:58.991]        // -> [isMSPM0G1X0X_G3X0X <= 0x00000000]
[22:35:58.991]      __var isProduction = 0;
[22:35:58.991]        // -> [isProduction <= 0x00000000]
[22:35:58.991]      __var continueId = 0;
[22:35:58.992]        // -> [continueId <= 0x00000000]
[22:35:58.992]      deviceID =   Read32(0x41C40004);
[22:35:58.998]        // -> [Read32(0x41C40004) => 0x2BB8802F]   (__dp=0x00000000, __ap=0x00000000)
[22:35:58.998]        // -> [deviceID <= 0x2BB8802F]
[22:35:58.998]      version = deviceID >> 28;
[22:35:58.998]        // -> [version <= 0x00000002]
[22:35:58.998]      partNum = (deviceID & 0x0FFFF000) >> 12;
[22:35:58.998]        // -> [partNum <= 0x0000BB88]
[22:35:58.998]      manuf = (deviceID & 0x00000FFE) >> 1;
[22:35:58.998]        // -> [manuf <= 0x00000017]
[22:35:58.999]      isMSPM0G1X0X_G3X0X = (partNum == 0xBB88) && (manuf == 0x17);
[22:35:58.999]        // -> [isMSPM0G1X0X_G3X0X <= 0x00000001]
[22:35:58.999]      isProduction = (version > 0);
[22:35:58.999]        // -> [isProduction <= 0x00000001]
[22:35:58.999]    </block>
[22:35:58.999]    <control if="!isMSPM0G1X0X_G3X0X" while="" timeout="0" info="">
[22:35:59.000]      // if-block "!isMSPM0G1X0X_G3X0X"
[22:35:59.000]        // =>  FALSE
[22:35:59.000]      // skip if-block "!isMSPM0G1X0X_G3X0X"
[22:35:59.000]    </control>
[22:35:59.000]    <control if="continueId == 4" while="" timeout="0" info="">
[22:35:59.001]      // if-block "continueId == 4"
[22:35:59.001]        // =>  FALSE
[22:35:59.001]      // skip if-block "continueId == 4"
[22:35:59.001]    </control>
[22:35:59.001]    <control if="!isProduction" while="" timeout="0" info="">
[22:35:59.001]      // if-block "!isProduction"
[22:35:59.001]        // =>  FALSE
[22:35:59.001]      // skip if-block "!isProduction"
[22:35:59.002]    </control>
[22:35:59.002]  </sequence>
[22:35:59.002]  
[22:43:59.217]  **********  Sequence "DebugPortSetup"  (Context="Connect", Pname="", info="")
[22:43:59.217]  
[22:43:59.218]  <debugvars>
[22:43:59.219]    // Pre-defined
[22:43:59.219]    __protocol=0x00010002      (Protocol="SWD", SWJ-DP="True")
[22:43:59.219]    __connection=0x00000202    (Connection Type="Flash", Reset Type="System Reset")
[22:43:59.219]    __dp=0x00000000
[22:43:59.219]    __ap=0x00000000
[22:43:59.219]    __traceout=0x00000000      (Trace Disabled)
[22:43:59.219]    __errorcontrol=0x00000000  (Skip Errors="False")
[22:43:59.219]    __FlashAddr=0x00000000
[22:43:59.219]    __FlashLen=0x00000000
[22:43:59.220]    __FlashArg=0x00000000
[22:43:59.220]    __FlashOp=0x00000000
[22:43:59.220]    __Result=0x00000000
[22:43:59.220]  </debugvars>
[22:43:59.220]  
[22:43:59.220]  <sequence name="DebugPortSetup" Pname="" disable="false" info="">
[22:43:59.220]    <block atomic="false" info="">
[22:43:59.220]      __var isSWJ      = ((__protocol & 0x00010000) != 0);
[22:43:59.220]        // -> [isSWJ <= 0x00000001]
[22:43:59.221]      __var hasDormant = __protocol & 0x00020000;
[22:43:59.221]        // -> [hasDormant <= 0x00000000]
[22:43:59.221]      __var protType   = __protocol & 0x0000FFFF;
[22:43:59.221]        // -> [protType <= 0x00000002]
[22:43:59.221]    </block>
[22:43:59.221]    <control if="protType == 1" while="" timeout="0" info="">
[22:43:59.221]      // if-block "protType == 1"
[22:43:59.221]        // =>  FALSE
[22:43:59.221]      // skip if-block "protType == 1"
[22:43:59.222]    </control>
[22:43:59.222]    <control if="protType == 2" while="" timeout="0" info="">
[22:43:59.222]      // if-block "protType == 2"
[22:43:59.222]        // =>  TRUE
[22:43:59.222]      <control if="isSWJ" while="" timeout="0" info="">
[22:43:59.222]        // if-block "isSWJ"
[22:43:59.222]          // =>  TRUE
[22:43:59.223]        <control if="hasDormant" while="" timeout="0" info="">
[22:43:59.223]          // if-block "hasDormant"
[22:43:59.223]            // =>  FALSE
[22:43:59.223]          // skip if-block "hasDormant"
[22:43:59.223]        </control>
[22:43:59.223]        <control if="!hasDormant" while="" timeout="0" info="">
[22:43:59.223]          // if-block "!hasDormant"
[22:43:59.223]            // =>  TRUE
[22:43:59.223]          <block atomic="false" info="">
[22:43:59.223]            DAP_SWJ_Sequence(51, 0x0007FFFFFFFFFFFF); //lets put the JTAG line in a reset state
[22:43:59.225]              // -> [DAP_SWJ_Sequence(51, 0x0007FFFFFFFFFFFF)]
[22:43:59.225]            DAP_SWJ_Sequence(16,0xE73C); //SWD to JTAG, this is to ensure the state machine is initialized
[22:43:59.228]              // -> [DAP_SWJ_Sequence(16, 0x000000000000E73C)]
[22:43:59.228]            DAP_SWJ_Sequence(51, 0x0007FFFFFFFFFFFF); //Put it back in reset
[22:43:59.230]              // -> [DAP_SWJ_Sequence(51, 0x0007FFFFFFFFFFFF)]
[22:43:59.230]            DAP_SWJ_Sequence(16, 0xE79E); //JTAG to SWD switch
[22:43:59.232]              // -> [DAP_SWJ_Sequence(16, 0x000000000000E79E)]
[22:43:59.232]            DAP_SWJ_Sequence(51, 0x0007FFFFFFFFFFFF);  //Ensure the switch is successful 
[22:43:59.234]              // -> [DAP_SWJ_Sequence(51, 0x0007FFFFFFFFFFFF)]
[22:43:59.234]            DAP_SWJ_Sequence(7,  0x00); //Give the line some time to initialize
[22:43:59.236]              // -> [DAP_SWJ_Sequence(7, 0x0000000000000000)]
[22:43:59.236]          </block>
[22:43:59.236]          // end if-block "!hasDormant"
[22:43:59.236]        </control>
[22:43:59.236]        // end if-block "isSWJ"
[22:43:59.236]      </control>
[22:43:59.236]      <control if="!isSWJ" while="" timeout="0" info="">
[22:43:59.237]        // if-block "!isSWJ"
[22:43:59.237]          // =>  FALSE
[22:43:59.237]        // skip if-block "!isSWJ"
[22:43:59.237]      </control>
[22:43:59.237]      <block atomic="false" info="">
[22:43:59.237]        ReadDP(0x0);
[22:43:59.238]          // -> [ReadDP(0x00000000) => 0x6BA02477]   (__dp=0x00000000)
[22:43:59.238]      </block>
[22:43:59.239]      // end if-block "protType == 2"
[22:43:59.239]    </control>
[22:43:59.239]  </sequence>
[22:43:59.239]  
[22:43:59.243]  **********  Sequence "DebugPortStart"  (Context="Connect", Pname="", info="")
[22:43:59.243]  
[22:43:59.244]  <debugvars>
[22:43:59.244]    // Pre-defined
[22:43:59.244]    __protocol=0x00010002      (Protocol="SWD", SWJ-DP="True")
[22:43:59.244]    __connection=0x00000202    (Connection Type="Flash", Reset Type="System Reset")
[22:43:59.244]    __dp=0x00000000
[22:43:59.244]    __ap=0x00000000
[22:43:59.245]    __traceout=0x00000000      (Trace Disabled)
[22:43:59.245]    __errorcontrol=0x00000000  (Skip Errors="False")
[22:43:59.245]    __FlashAddr=0x00000000
[22:43:59.245]    __FlashLen=0x00000000
[22:43:59.245]    __FlashArg=0x00000000
[22:43:59.245]    __FlashOp=0x00000000
[22:43:59.245]    __Result=0x00000000
[22:43:59.245]  </debugvars>
[22:43:59.245]  
[22:43:59.245]  <sequence name="DebugPortStart" Pname="" disable="false" info="">
[22:43:59.245]    <block atomic="false" info="">
[22:43:59.245]      __var SW_DP_ABORT       = 0x0;
[22:43:59.245]        // -> [SW_DP_ABORT <= 0x00000000]
[22:43:59.245]      __var DP_CTRL_STAT      = 0x4;
[22:43:59.247]        // -> [DP_CTRL_STAT <= 0x00000004]
[22:43:59.247]      __var DP_SELECT         = 0x8;
[22:43:59.247]        // -> [DP_SELECT <= 0x00000008]
[22:43:59.247]      __var powered_down      = 0;
[22:43:59.247]        // -> [powered_down <= 0x00000000]
[22:43:59.247]      WriteDP(DP_SELECT, 0x00000000);
[22:43:59.249]        // -> [WriteDP(0x00000008, 0x00000000)]   (__dp=0x00000000)
[22:43:59.249]      powered_down = ((ReadDP(DP_CTRL_STAT) & 0xA0000000) != 0xA0000000);
[22:43:59.251]        // -> [ReadDP(0x00000004) => 0x00000040]   (__dp=0x00000000)
[22:43:59.251]        // -> [powered_down <= 0x00000001]
[22:43:59.251]    </block>
[22:43:59.251]    <control if="powered_down" while="" timeout="0" info="">
[22:43:59.251]      // if-block "powered_down"
[22:43:59.251]        // =>  TRUE
[22:43:59.251]      <block atomic="false" info="">
[22:43:59.252]        Message(0, "Debug/System power-up request sent");
[22:43:59.253]        WriteDP(DP_CTRL_STAT, 0x50000000);
[22:43:59.255]          // -> [WriteDP(0x00000004, 0x50000000)]   (__dp=0x00000000)
[22:43:59.256]      </block>
[22:43:59.256]      <control if="" while="(ReadDP(DP_CTRL_STAT) & 0xA0000000) != 0xA0000000" timeout="1000000" info="">
[22:43:59.256]        // while "(ReadDP(DP_CTRL_STAT) & 0xA0000000) != 0xA0000000"  (timeout="1000000")
[22:43:59.258]          // -> [ReadDP(0x00000004) => 0xF0000040]   (__dp=0x00000000)
[22:43:59.258]        // while-condition  =>  FALSE
[22:43:59.258]        // end while "(ReadDP(DP_CTRL_STAT) & 0xA0000000) != 0xA0000000"
[22:43:59.258]      </control>
[22:43:59.258]      <control if="(__protocol & 0xFFFF) == 1" while="" timeout="0" info="">
[22:43:59.259]        // if-block "(__protocol & 0xFFFF) == 1"
[22:43:59.259]          // =>  FALSE
[22:43:59.259]        // skip if-block "(__protocol & 0xFFFF) == 1"
[22:43:59.259]      </control>
[22:43:59.259]      <control if="(__protocol & 0xFFFF) == 2" while="" timeout="0" info="">
[22:43:59.259]        // if-block "(__protocol & 0xFFFF) == 2"
[22:43:59.259]          // =>  TRUE
[22:43:59.259]        <block atomic="false" info="">
[22:43:59.261]          Message(0, "executing SWD power up");
[22:43:59.263]          WriteDP(DP_CTRL_STAT, 0x50000F00);
[22:43:59.265]            // -> [WriteDP(0x00000004, 0x50000F00)]   (__dp=0x00000000)
[22:43:59.265]          WriteDP(SW_DP_ABORT, 0x0000001E);
[22:43:59.267]            // -> [WriteDP(0x00000000, 0x0000001E)]   (__dp=0x00000000)
[22:43:59.267]        </block>
[22:43:59.267]        // end if-block "(__protocol & 0xFFFF) == 2"
[22:43:59.267]      </control>
[22:43:59.267]      // end if-block "powered_down"
[22:43:59.267]    </control>
[22:43:59.267]    <block atomic="false" info="">
[22:43:59.267]      __var DEBUG_PORT_VAL    = 0;
[22:43:59.268]        // -> [DEBUG_PORT_VAL <= 0x00000000]
[22:43:59.268]      __var ACCESS_POINT_VAL  = 0;
[22:43:59.268]        // -> [ACCESS_POINT_VAL <= 0x00000000]
[22:43:59.268]      __ap = 1; 
[22:43:59.268]        // -> [__ap <= 0x00000001]
[22:43:59.268]      WriteAP(0x0C, 0x04); //lets use the mini pwr-ap as backup
[22:43:59.272]        // -> [WriteAP(0x0000000C, 0x00000004)]   (__dp=0x00000000, __ap=0x00000001)
[22:43:59.272]      __ap = 4;
[22:43:59.272]        // -> [__ap <= 0x00000004]
[22:43:59.272]      ACCESS_POINT_VAL = ReadAP(0x00);//Reading current state of access point
[22:43:59.276]        // -> [ReadAP(0x00000000) => 0x00080027]   (__dp=0x00000000, __ap=0x00000004)
[22:43:59.276]        // -> [ACCESS_POINT_VAL <= 0x00080027]
[22:43:59.276]      Message(0, "Current state of access point is: %x",ACCESS_POINT_VAL);
[22:43:59.278]    </block>
[22:43:59.278]    <block atomic="false" info="">
[22:43:59.278]      __var nReset = 0x80;
[22:43:59.278]        // -> [nReset <= 0x00000080]
[22:43:59.278]      __var canReadPins = 0;
[22:43:59.278]        // -> [canReadPins <= 0x00000000]
[22:43:59.278]      canReadPins = (DAP_SWJ_Pins(0x00, nReset, 0) != 0xFFFFFFFF);
[22:43:59.281]        // -> [DAP_SWJ_Pins(0x00, 0x80, 0) => 0x0F]   (Out: nRESET=0  =>  In: SWCLK/TCK=1, SWDIO/TMS=1, TDI=1, TDO=1, nTRST=0, nRESET=0)
[22:43:59.281]        // -> [canReadPins <= 0x00000001]
[22:43:59.281]    </block>
[22:43:59.281]    <control if="" while="1" timeout="200" info="">
[22:43:59.281]      // while "1"  (timeout="200")
[22:43:59.281]      // while-condition  =>  TRUE
[22:43:59.281]      // while "1"  (timeout="200")
[22:43:59.282]      // while-condition  =>  TRUE
[22:43:59.282]      // while "1"  (timeout="200")
[22:43:59.282]      // while-condition  =>  TRUE
[22:43:59.282]      // while "1"  (timeout="200")
[22:43:59.283]      // while-condition  =>  TRUE
[22:43:59.283]      // while "1"  (timeout="200")
[22:43:59.283]      // while-condition  =>  TRUE
[22:43:59.283]      // while "1"  (timeout="200")
[22:43:59.283]      // while-condition  =>  TRUE
[22:43:59.283]      // while "1"  (timeout="200")
[22:43:59.283]      // while-condition  =>  TRUE
[22:43:59.283]      // while "1"  (timeout="200")
[22:43:59.283]      // while-condition  =>  TRUE
[22:43:59.284]      // while "1"  (timeout="200")
[22:43:59.284]      // while-condition  =>  TRUE
[22:43:59.284]      // while "1"  (timeout="200")
[22:43:59.284]      // while-condition  =>  TRUE
[22:43:59.284]      // while "1"  (timeout="200")
[22:43:59.284]      // while-condition  =>  TRUE
[22:43:59.284]      // while "1"  (timeout="200")
[22:43:59.284]      // while-condition  =>  TRUE
[22:43:59.284]      // while "1"  (timeout="200")
[22:43:59.284]      // while-condition  =>  TRUE
[22:43:59.284]      // while "1"  (timeout="200")
[22:43:59.285]      // while-condition  =>  TRUE
[22:43:59.285]      // while "1"  (timeout="200")
[22:43:59.285]      // while-condition  =>  TRUE
[22:43:59.285]      // while "1"  (timeout="200")
[22:43:59.285]      // while-condition  =>  TRUE
[22:43:59.285]      // while "1"  (timeout="200")
[22:43:59.285]      // while-condition  =>  TRUE
[22:43:59.285]      // while "1"  (timeout="200")
[22:43:59.285]      // while-condition  =>  TRUE
[22:43:59.285]      // while "1"  (timeout="200")
[22:43:59.285]      // while-condition  =>  TRUE
[22:43:59.285]      // while "1"  (timeout="200")
[22:43:59.287]      // while-condition  =>  TRUE
[22:43:59.287]      // while "1"  (timeout="200")
[22:43:59.287]      // while-condition  =>  TRUE
[22:43:59.287]      // while "1"  (timeout="200")
[22:43:59.287]      // while-condition  =>  TRUE
[22:43:59.287]      // while "1"  (timeout="200")
[22:43:59.287]      // while-condition  =>  TRUE
[22:43:59.287]      // while "1"  (timeout="200")
[22:43:59.288]      // while-condition  =>  TRUE
[22:43:59.288]      // while "1"  (timeout="200")
[22:43:59.288]      // while-condition  =>  TRUE
[22:43:59.288]      // while "1"  (timeout="200")
[22:43:59.288]      // while-condition  =>  TRUE
[22:43:59.288]      // while "1"  (timeout="200")
[22:43:59.288]      // while-condition  =>  TRUE
[22:43:59.288]      // while "1"  (timeout="200")
[22:43:59.288]      // while-condition  =>  TRUE
[22:43:59.289]      // while "1"  (timeout="200")
[22:43:59.289]      // while-condition  =>  TRUE
[22:43:59.289]      // while "1"  (timeout="200")
[22:43:59.289]      // while-condition  =>  TRUE
[22:43:59.289]      // while "1"  (timeout="200")
[22:43:59.289]      // while-condition  =>  TRUE
[22:43:59.289]      // while "1"  (timeout="200")
[22:43:59.289]      // while-condition  =>  TRUE
[22:43:59.289]      // while "1"  (timeout="200")
[22:43:59.290]      // while-condition  =>  TRUE
[22:43:59.290]      // while "1"  (timeout="200")
[22:43:59.290]      // while  =>  TIMEOUT
[22:43:59.290]      // end while "1"
[22:43:59.290]    </control>
[22:43:59.290]    <control if="canReadPins" while="" timeout="0" info="">
[22:43:59.290]      // if-block "canReadPins"
[22:43:59.291]        // =>  TRUE
[22:43:59.291]      <control if="" while="(DAP_SWJ_Pins(nReset, nReset, 0) & nReset) == 0" timeout="1000000" info="">
[22:43:59.291]        // while "(DAP_SWJ_Pins(nReset, nReset, 0) & nReset) == 0"  (timeout="1000000")
[22:43:59.293]          // -> [DAP_SWJ_Pins(0x80, 0x80, 0) => 0x8F]   (Out: nRESET=1  =>  In: SWCLK/TCK=1, SWDIO/TMS=1, TDI=1, TDO=1, nTRST=0, nRESET=1)
[22:43:59.293]        // while-condition  =>  FALSE
[22:43:59.293]        // end while "(DAP_SWJ_Pins(nReset, nReset, 0) & nReset) == 0"
[22:43:59.293]      </control>
[22:43:59.293]      // end if-block "canReadPins"
[22:43:59.293]    </control>
[22:43:59.294]    <control if="!canReadPins" while="" timeout="0" info="">
[22:43:59.294]      // if-block "!canReadPins"
[22:43:59.294]        // =>  FALSE
[22:43:59.294]      // skip if-block "!canReadPins"
[22:43:59.294]    </control>
[22:43:59.294]    <control if="(ACCESS_POINT_VAL & 0x00E00000) == 0" while="" timeout="0" info="">
[22:43:59.294]      // if-block "(ACCESS_POINT_VAL & 0x00E00000) == 0"
[22:43:59.294]        // =>  TRUE
[22:43:59.294]      <block atomic="false" info="">
[22:43:59.294]        WriteAP(0x00, 0x190008);
[22:43:59.297]          // -> [WriteAP(0x00000000, 0x00190008)]   (__dp=0x00000000, __ap=0x00000004)
[22:43:59.297]        WriteAP(0xF0, 0x01);
[22:43:59.301]          // -> [WriteAP(0x000000F0, 0x00000001)]   (__dp=0x00000000, __ap=0x00000004)
[22:43:59.301]      </block>
[22:43:59.301]      // end if-block "(ACCESS_POINT_VAL & 0x00E00000) == 0"
[22:43:59.301]    </control>
[22:43:59.301]    <control if="(ACCESS_POINT_VAL & 0x00E00000) != 0" while="" timeout="0" info="">
[22:43:59.301]      // if-block "(ACCESS_POINT_VAL & 0x00E00000) != 0"
[22:43:59.301]        // =>  FALSE
[22:43:59.301]      // skip if-block "(ACCESS_POINT_VAL & 0x00E00000) != 0"
[22:43:59.302]    </control>
[22:43:59.302]    <block atomic="false" info="">
[22:43:59.302]      ACCESS_POINT_VAL = ReadAP(0x00);//Reading current state of access point
[22:43:59.305]        // -> [ReadAP(0x00000000) => 0x0079002F]   (__dp=0x00000000, __ap=0x00000004)
[22:43:59.305]        // -> [ACCESS_POINT_VAL <= 0x0079002F]
[22:43:59.305]      Message(0, "Current state of access point is: %x",ACCESS_POINT_VAL);
[22:43:59.308]      __ap = 0; //lets make sure we reset the access point selection
[22:43:59.308]        // -> [__ap <= 0x00000000]
[22:43:59.308]    </block>
[22:43:59.309]  </sequence>
[22:43:59.309]  
[22:43:59.328]  **********  Sequence "DebugDeviceUnlock"  (Context="Connect", Pname="", info="")
[22:43:59.328]  
[22:43:59.329]  <debugvars>
[22:43:59.329]    // Pre-defined
[22:43:59.329]    __protocol=0x00010002      (Protocol="SWD", SWJ-DP="True")
[22:43:59.329]    __connection=0x00000202    (Connection Type="Flash", Reset Type="System Reset")
[22:43:59.329]    __dp=0x00000000
[22:43:59.329]    __ap=0x00000000
[22:43:59.330]    __traceout=0x00000000      (Trace Disabled)
[22:43:59.330]    __errorcontrol=0x00000000  (Skip Errors="False")
[22:43:59.330]    __FlashAddr=0x00000000
[22:43:59.330]    __FlashLen=0x00000000
[22:43:59.330]    __FlashArg=0x00000000
[22:43:59.330]    __FlashOp=0x00000000
[22:43:59.331]    __Result=0x00000000
[22:43:59.331]  </debugvars>
[22:43:59.331]  
[22:43:59.331]  <sequence name="DebugDeviceUnlock" Pname="" disable="false" info="">
[22:43:59.331]    <block atomic="false" info="">
[22:43:59.331]      __var deviceID = 0;
[22:43:59.331]        // -> [deviceID <= 0x00000000]
[22:43:59.331]      __var version = 0;
[22:43:59.331]        // -> [version <= 0x00000000]
[22:43:59.331]      __var partNum = 0;
[22:43:59.332]        // -> [partNum <= 0x00000000]
[22:43:59.332]      __var manuf = 0;
[22:43:59.332]        // -> [manuf <= 0x00000000]
[22:43:59.332]      __var isMSPM0G1X0X_G3X0X = 0;
[22:43:59.332]        // -> [isMSPM0G1X0X_G3X0X <= 0x00000000]
[22:43:59.332]      __var isProduction = 0;
[22:43:59.332]        // -> [isProduction <= 0x00000000]
[22:43:59.332]      __var continueId = 0;
[22:43:59.332]        // -> [continueId <= 0x00000000]
[22:43:59.332]      deviceID =   Read32(0x41C40004);
[22:43:59.338]        // -> [Read32(0x41C40004) => 0x2BB8802F]   (__dp=0x00000000, __ap=0x00000000)
[22:43:59.338]        // -> [deviceID <= 0x2BB8802F]
[22:43:59.338]      version = deviceID >> 28;
[22:43:59.339]        // -> [version <= 0x00000002]
[22:43:59.339]      partNum = (deviceID & 0x0FFFF000) >> 12;
[22:43:59.339]        // -> [partNum <= 0x0000BB88]
[22:43:59.339]      manuf = (deviceID & 0x00000FFE) >> 1;
[22:43:59.339]        // -> [manuf <= 0x00000017]
[22:43:59.339]      isMSPM0G1X0X_G3X0X = (partNum == 0xBB88) && (manuf == 0x17);
[22:43:59.339]        // -> [isMSPM0G1X0X_G3X0X <= 0x00000001]
[22:43:59.340]      isProduction = (version > 0);
[22:43:59.340]        // -> [isProduction <= 0x00000001]
[22:43:59.340]    </block>
[22:43:59.340]    <control if="!isMSPM0G1X0X_G3X0X" while="" timeout="0" info="">
[22:43:59.340]      // if-block "!isMSPM0G1X0X_G3X0X"
[22:43:59.340]        // =>  FALSE
[22:43:59.340]      // skip if-block "!isMSPM0G1X0X_G3X0X"
[22:43:59.340]    </control>
[22:43:59.340]    <control if="continueId == 4" while="" timeout="0" info="">
[22:43:59.340]      // if-block "continueId == 4"
[22:43:59.341]        // =>  FALSE
[22:43:59.341]      // skip if-block "continueId == 4"
[22:43:59.341]    </control>
[22:43:59.341]    <control if="!isProduction" while="" timeout="0" info="">
[22:43:59.341]      // if-block "!isProduction"
[22:43:59.341]        // =>  FALSE
[22:43:59.342]      // skip if-block "!isProduction"
[22:43:59.342]    </control>
[22:43:59.342]  </sequence>
[22:43:59.342]  
[22:47:54.068]  **********  Sequence "DebugPortSetup"  (Context="Connect", Pname="", info="")
[22:47:54.068]  
[22:47:54.069]  <debugvars>
[22:47:54.070]    // Pre-defined
[22:47:54.070]    __protocol=0x00010002      (Protocol="SWD", SWJ-DP="True")
[22:47:54.070]    __connection=0x00000202    (Connection Type="Flash", Reset Type="System Reset")
[22:47:54.070]    __dp=0x00000000
[22:47:54.070]    __ap=0x00000000
[22:47:54.070]    __traceout=0x00000000      (Trace Disabled)
[22:47:54.070]    __errorcontrol=0x00000000  (Skip Errors="False")
[22:47:54.070]    __FlashAddr=0x00000000
[22:47:54.071]    __FlashLen=0x00000000
[22:47:54.071]    __FlashArg=0x00000000
[22:47:54.071]    __FlashOp=0x00000000
[22:47:54.071]    __Result=0x00000000
[22:47:54.071]  </debugvars>
[22:47:54.071]  
[22:47:54.071]  <sequence name="DebugPortSetup" Pname="" disable="false" info="">
[22:47:54.071]    <block atomic="false" info="">
[22:47:54.072]      __var isSWJ      = ((__protocol & 0x00010000) != 0);
[22:47:54.072]        // -> [isSWJ <= 0x00000001]
[22:47:54.072]      __var hasDormant = __protocol & 0x00020000;
[22:47:54.072]        // -> [hasDormant <= 0x00000000]
[22:47:54.072]      __var protType   = __protocol & 0x0000FFFF;
[22:47:54.072]        // -> [protType <= 0x00000002]
[22:47:54.072]    </block>
[22:47:54.072]    <control if="protType == 1" while="" timeout="0" info="">
[22:47:54.073]      // if-block "protType == 1"
[22:47:54.073]        // =>  FALSE
[22:47:54.073]      // skip if-block "protType == 1"
[22:47:54.073]    </control>
[22:47:54.074]    <control if="protType == 2" while="" timeout="0" info="">
[22:47:54.074]      // if-block "protType == 2"
[22:47:54.074]        // =>  TRUE
[22:47:54.074]      <control if="isSWJ" while="" timeout="0" info="">
[22:47:54.074]        // if-block "isSWJ"
[22:47:54.074]          // =>  TRUE
[22:47:54.074]        <control if="hasDormant" while="" timeout="0" info="">
[22:47:54.074]          // if-block "hasDormant"
[22:47:54.074]            // =>  FALSE
[22:47:54.075]          // skip if-block "hasDormant"
[22:47:54.075]        </control>
[22:47:54.075]        <control if="!hasDormant" while="" timeout="0" info="">
[22:47:54.075]          // if-block "!hasDormant"
[22:47:54.075]            // =>  TRUE
[22:47:54.075]          <block atomic="false" info="">
[22:47:54.075]            DAP_SWJ_Sequence(51, 0x0007FFFFFFFFFFFF); //lets put the JTAG line in a reset state
[22:47:54.078]              // -> [DAP_SWJ_Sequence(51, 0x0007FFFFFFFFFFFF)]
[22:47:54.078]            DAP_SWJ_Sequence(16,0xE73C); //SWD to JTAG, this is to ensure the state machine is initialized
[22:47:54.079]              // -> [DAP_SWJ_Sequence(16, 0x000000000000E73C)]
[22:47:54.079]            DAP_SWJ_Sequence(51, 0x0007FFFFFFFFFFFF); //Put it back in reset
[22:47:54.081]              // -> [DAP_SWJ_Sequence(51, 0x0007FFFFFFFFFFFF)]
[22:47:54.081]            DAP_SWJ_Sequence(16, 0xE79E); //JTAG to SWD switch
[22:47:54.083]              // -> [DAP_SWJ_Sequence(16, 0x000000000000E79E)]
[22:47:54.084]            DAP_SWJ_Sequence(51, 0x0007FFFFFFFFFFFF);  //Ensure the switch is successful 
[22:47:54.085]              // -> [DAP_SWJ_Sequence(51, 0x0007FFFFFFFFFFFF)]
[22:47:54.085]            DAP_SWJ_Sequence(7,  0x00); //Give the line some time to initialize
[22:47:54.088]              // -> [DAP_SWJ_Sequence(7, 0x0000000000000000)]
[22:47:54.088]          </block>
[22:47:54.088]          // end if-block "!hasDormant"
[22:47:54.088]        </control>
[22:47:54.088]        // end if-block "isSWJ"
[22:47:54.088]      </control>
[22:47:54.088]      <control if="!isSWJ" while="" timeout="0" info="">
[22:47:54.088]        // if-block "!isSWJ"
[22:47:54.088]          // =>  FALSE
[22:47:54.088]        // skip if-block "!isSWJ"
[22:47:54.089]      </control>
[22:47:54.089]      <block atomic="false" info="">
[22:47:54.089]        ReadDP(0x0);
[22:47:54.091]          // -> [ReadDP(0x00000000) => 0x6BA02477]   (__dp=0x00000000)
[22:47:54.091]      </block>
[22:47:54.091]      // end if-block "protType == 2"
[22:47:54.091]    </control>
[22:47:54.092]  </sequence>
[22:47:54.092]  
[22:47:54.097]  **********  Sequence "DebugPortStart"  (Context="Connect", Pname="", info="")
[22:47:54.097]  
[22:47:54.097]  <debugvars>
[22:47:54.097]    // Pre-defined
[22:47:54.097]    __protocol=0x00010002      (Protocol="SWD", SWJ-DP="True")
[22:47:54.097]    __connection=0x00000202    (Connection Type="Flash", Reset Type="System Reset")
[22:47:54.097]    __dp=0x00000000
[22:47:54.097]    __ap=0x00000000
[22:47:54.098]    __traceout=0x00000000      (Trace Disabled)
[22:47:54.098]    __errorcontrol=0x00000000  (Skip Errors="False")
[22:47:54.098]    __FlashAddr=0x00000000
[22:47:54.098]    __FlashLen=0x00000000
[22:47:54.098]    __FlashArg=0x00000000
[22:47:54.099]    __FlashOp=0x00000000
[22:47:54.099]    __Result=0x00000000
[22:47:54.099]  </debugvars>
[22:47:54.099]  
[22:47:54.099]  <sequence name="DebugPortStart" Pname="" disable="false" info="">
[22:47:54.099]    <block atomic="false" info="">
[22:47:54.099]      __var SW_DP_ABORT       = 0x0;
[22:47:54.099]        // -> [SW_DP_ABORT <= 0x00000000]
[22:47:54.099]      __var DP_CTRL_STAT      = 0x4;
[22:47:54.100]        // -> [DP_CTRL_STAT <= 0x00000004]
[22:47:54.100]      __var DP_SELECT         = 0x8;
[22:47:54.100]        // -> [DP_SELECT <= 0x00000008]
[22:47:54.100]      __var powered_down      = 0;
[22:47:54.101]        // -> [powered_down <= 0x00000000]
[22:47:54.101]      WriteDP(DP_SELECT, 0x00000000);
[22:47:54.102]        // -> [WriteDP(0x00000008, 0x00000000)]   (__dp=0x00000000)
[22:47:54.102]      powered_down = ((ReadDP(DP_CTRL_STAT) & 0xA0000000) != 0xA0000000);
[22:47:54.104]        // -> [ReadDP(0x00000004) => 0x00000040]   (__dp=0x00000000)
[22:47:54.104]        // -> [powered_down <= 0x00000001]
[22:47:54.104]    </block>
[22:47:54.104]    <control if="powered_down" while="" timeout="0" info="">
[22:47:54.105]      // if-block "powered_down"
[22:47:54.105]        // =>  TRUE
[22:47:54.105]      <block atomic="false" info="">
[22:47:54.105]        Message(0, "Debug/System power-up request sent");
[22:47:54.107]        WriteDP(DP_CTRL_STAT, 0x50000000);
[22:47:54.109]          // -> [WriteDP(0x00000004, 0x50000000)]   (__dp=0x00000000)
[22:47:54.109]      </block>
[22:47:54.109]      <control if="" while="(ReadDP(DP_CTRL_STAT) & 0xA0000000) != 0xA0000000" timeout="1000000" info="">
[22:47:54.109]        // while "(ReadDP(DP_CTRL_STAT) & 0xA0000000) != 0xA0000000"  (timeout="1000000")
[22:47:54.111]          // -> [ReadDP(0x00000004) => 0xF0000040]   (__dp=0x00000000)
[22:47:54.111]        // while-condition  =>  FALSE
[22:47:54.111]        // end while "(ReadDP(DP_CTRL_STAT) & 0xA0000000) != 0xA0000000"
[22:47:54.111]      </control>
[22:47:54.112]      <control if="(__protocol & 0xFFFF) == 1" while="" timeout="0" info="">
[22:47:54.112]        // if-block "(__protocol & 0xFFFF) == 1"
[22:47:54.112]          // =>  FALSE
[22:47:54.112]        // skip if-block "(__protocol & 0xFFFF) == 1"
[22:47:54.112]      </control>
[22:47:54.112]      <control if="(__protocol & 0xFFFF) == 2" while="" timeout="0" info="">
[22:47:54.112]        // if-block "(__protocol & 0xFFFF) == 2"
[22:47:54.113]          // =>  TRUE
[22:47:54.113]        <block atomic="false" info="">
[22:47:54.113]          Message(0, "executing SWD power up");
[22:47:54.116]          WriteDP(DP_CTRL_STAT, 0x50000F00);
[22:47:54.119]            // -> [WriteDP(0x00000004, 0x50000F00)]   (__dp=0x00000000)
[22:47:54.119]          WriteDP(SW_DP_ABORT, 0x0000001E);
[22:47:54.121]            // -> [WriteDP(0x00000000, 0x0000001E)]   (__dp=0x00000000)
[22:47:54.121]        </block>
[22:47:54.121]        // end if-block "(__protocol & 0xFFFF) == 2"
[22:47:54.121]      </control>
[22:47:54.121]      // end if-block "powered_down"
[22:47:54.122]    </control>
[22:47:54.122]    <block atomic="false" info="">
[22:47:54.122]      __var DEBUG_PORT_VAL    = 0;
[22:47:54.122]        // -> [DEBUG_PORT_VAL <= 0x00000000]
[22:47:54.122]      __var ACCESS_POINT_VAL  = 0;
[22:47:54.122]        // -> [ACCESS_POINT_VAL <= 0x00000000]
[22:47:54.123]      __ap = 1; 
[22:47:54.123]        // -> [__ap <= 0x00000001]
[22:47:54.123]      WriteAP(0x0C, 0x04); //lets use the mini pwr-ap as backup
[22:47:54.126]        // -> [WriteAP(0x0000000C, 0x00000004)]   (__dp=0x00000000, __ap=0x00000001)
[22:47:54.127]      __ap = 4;
[22:47:54.127]        // -> [__ap <= 0x00000004]
[22:47:54.127]      ACCESS_POINT_VAL = ReadAP(0x00);//Reading current state of access point
[22:47:54.130]        // -> [ReadAP(0x00000000) => 0x00080027]   (__dp=0x00000000, __ap=0x00000004)
[22:47:54.130]        // -> [ACCESS_POINT_VAL <= 0x00080027]
[22:47:54.130]      Message(0, "Current state of access point is: %x",ACCESS_POINT_VAL);
[22:47:54.133]    </block>
[22:47:54.133]    <block atomic="false" info="">
[22:47:54.133]      __var nReset = 0x80;
[22:47:54.133]        // -> [nReset <= 0x00000080]
[22:47:54.133]      __var canReadPins = 0;
[22:47:54.133]        // -> [canReadPins <= 0x00000000]
[22:47:54.134]      canReadPins = (DAP_SWJ_Pins(0x00, nReset, 0) != 0xFFFFFFFF);
[22:47:54.135]        // -> [DAP_SWJ_Pins(0x00, 0x80, 0) => 0x0F]   (Out: nRESET=0  =>  In: SWCLK/TCK=1, SWDIO/TMS=1, TDI=1, TDO=1, nTRST=0, nRESET=0)
[22:47:54.136]        // -> [canReadPins <= 0x00000001]
[22:47:54.136]    </block>
[22:47:54.136]    <control if="" while="1" timeout="200" info="">
[22:47:54.136]      // while "1"  (timeout="200")
[22:47:54.137]      // while-condition  =>  TRUE
[22:47:54.137]      // while "1"  (timeout="200")
[22:47:54.137]      // while-condition  =>  TRUE
[22:47:54.137]      // while "1"  (timeout="200")
[22:47:54.137]      // while-condition  =>  TRUE
[22:47:54.137]      // while "1"  (timeout="200")
[22:47:54.137]      // while-condition  =>  TRUE
[22:47:54.137]      // while "1"  (timeout="200")
[22:47:54.138]      // while-condition  =>  TRUE
[22:47:54.138]      // while "1"  (timeout="200")
[22:47:54.138]      // while-condition  =>  TRUE
[22:47:54.138]      // while "1"  (timeout="200")
[22:47:54.138]      // while-condition  =>  TRUE
[22:47:54.138]      // while "1"  (timeout="200")
[22:47:54.139]      // while-condition  =>  TRUE
[22:47:54.139]      // while "1"  (timeout="200")
[22:47:54.139]      // while-condition  =>  TRUE
[22:47:54.139]      // while "1"  (timeout="200")
[22:47:54.139]      // while-condition  =>  TRUE
[22:47:54.139]      // while "1"  (timeout="200")
[22:47:54.139]      // while-condition  =>  TRUE
[22:47:54.139]      // while "1"  (timeout="200")
[22:47:54.139]      // while-condition  =>  TRUE
[22:47:54.139]      // while "1"  (timeout="200")
[22:47:54.140]      // while-condition  =>  TRUE
[22:47:54.140]      // while "1"  (timeout="200")
[22:47:54.140]      // while-condition  =>  TRUE
[22:47:54.140]      // while "1"  (timeout="200")
[22:47:54.140]      // while-condition  =>  TRUE
[22:47:54.140]      // while "1"  (timeout="200")
[22:47:54.140]      // while-condition  =>  TRUE
[22:47:54.141]      // while "1"  (timeout="200")
[22:47:54.141]      // while-condition  =>  TRUE
[22:47:54.141]      // while "1"  (timeout="200")
[22:47:54.141]      // while-condition  =>  TRUE
[22:47:54.141]      // while "1"  (timeout="200")
[22:47:54.141]      // while-condition  =>  TRUE
[22:47:54.141]      // while "1"  (timeout="200")
[22:47:54.141]      // while-condition  =>  TRUE
[22:47:54.143]      // while "1"  (timeout="200")
[22:47:54.143]      // while-condition  =>  TRUE
[22:47:54.143]      // while "1"  (timeout="200")
[22:47:54.143]      // while-condition  =>  TRUE
[22:47:54.143]      // while "1"  (timeout="200")
[22:47:54.144]      // while-condition  =>  TRUE
[22:47:54.144]      // while "1"  (timeout="200")
[22:47:54.144]      // while-condition  =>  TRUE
[22:47:54.144]      // while "1"  (timeout="200")
[22:47:54.144]      // while-condition  =>  TRUE
[22:47:54.145]      // while "1"  (timeout="200")
[22:47:54.145]      // while-condition  =>  TRUE
[22:47:54.145]      // while "1"  (timeout="200")
[22:47:54.145]      // while-condition  =>  TRUE
[22:47:54.145]      // while "1"  (timeout="200")
[22:47:54.145]      // while-condition  =>  TRUE
[22:47:54.146]      // while "1"  (timeout="200")
[22:47:54.146]      // while-condition  =>  TRUE
[22:47:54.146]      // while "1"  (timeout="200")
[22:47:54.146]      // while-condition  =>  TRUE
[22:47:54.147]      // while "1"  (timeout="200")
[22:47:54.147]      // while-condition  =>  TRUE
[22:47:54.147]      // while "1"  (timeout="200")
[22:47:54.147]      // while-condition  =>  TRUE
[22:47:54.147]      // while "1"  (timeout="200")
[22:47:54.147]      // while-condition  =>  TRUE
[22:47:54.148]      // while "1"  (timeout="200")
[22:47:54.148]      // while-condition  =>  TRUE
[22:47:54.148]      // while "1"  (timeout="200")
[22:47:54.148]      // while-condition  =>  TRUE
[22:47:54.148]      // while "1"  (timeout="200")
[22:47:54.149]      // while-condition  =>  TRUE
[22:47:54.149]      // while "1"  (timeout="200")
[22:47:54.149]      // while  =>  TIMEOUT
[22:47:54.149]      // end while "1"
[22:47:54.149]    </control>
[22:47:54.149]    <control if="canReadPins" while="" timeout="0" info="">
[22:47:54.149]      // if-block "canReadPins"
[22:47:54.149]        // =>  TRUE
[22:47:54.150]      <control if="" while="(DAP_SWJ_Pins(nReset, nReset, 0) & nReset) == 0" timeout="1000000" info="">
[22:47:54.150]        // while "(DAP_SWJ_Pins(nReset, nReset, 0) & nReset) == 0"  (timeout="1000000")
[22:47:54.152]          // -> [DAP_SWJ_Pins(0x80, 0x80, 0) => 0x8F]   (Out: nRESET=1  =>  In: SWCLK/TCK=1, SWDIO/TMS=1, TDI=1, TDO=1, nTRST=0, nRESET=1)
[22:47:54.152]        // while-condition  =>  FALSE
[22:47:54.152]        // end while "(DAP_SWJ_Pins(nReset, nReset, 0) & nReset) == 0"
[22:47:54.153]      </control>
[22:47:54.153]      // end if-block "canReadPins"
[22:47:54.153]    </control>
[22:47:54.153]    <control if="!canReadPins" while="" timeout="0" info="">
[22:47:54.153]      // if-block "!canReadPins"
[22:47:54.153]        // =>  FALSE
[22:47:54.153]      // skip if-block "!canReadPins"
[22:47:54.153]    </control>
[22:47:54.154]    <control if="(ACCESS_POINT_VAL & 0x00E00000) == 0" while="" timeout="0" info="">
[22:47:54.154]      // if-block "(ACCESS_POINT_VAL & 0x00E00000) == 0"
[22:47:54.154]        // =>  TRUE
[22:47:54.154]      <block atomic="false" info="">
[22:47:54.154]        WriteAP(0x00, 0x190008);
[22:47:54.157]          // -> [WriteAP(0x00000000, 0x00190008)]   (__dp=0x00000000, __ap=0x00000004)
[22:47:54.157]        WriteAP(0xF0, 0x01);
[22:47:54.161]          // -> [WriteAP(0x000000F0, 0x00000001)]   (__dp=0x00000000, __ap=0x00000004)
[22:47:54.161]      </block>
[22:47:54.161]      // end if-block "(ACCESS_POINT_VAL & 0x00E00000) == 0"
[22:47:54.161]    </control>
[22:47:54.162]    <control if="(ACCESS_POINT_VAL & 0x00E00000) != 0" while="" timeout="0" info="">
[22:47:54.162]      // if-block "(ACCESS_POINT_VAL & 0x00E00000) != 0"
[22:47:54.162]        // =>  FALSE
[22:47:54.162]      // skip if-block "(ACCESS_POINT_VAL & 0x00E00000) != 0"
[22:47:54.162]    </control>
[22:47:54.163]    <block atomic="false" info="">
[22:47:54.164]      ACCESS_POINT_VAL = ReadAP(0x00);//Reading current state of access point
[22:47:54.168]        // -> [ReadAP(0x00000000) => 0x0079002F]   (__dp=0x00000000, __ap=0x00000004)
[22:47:54.168]        // -> [ACCESS_POINT_VAL <= 0x0079002F]
[22:47:54.168]      Message(0, "Current state of access point is: %x",ACCESS_POINT_VAL);
[22:47:54.170]      __ap = 0; //lets make sure we reset the access point selection
[22:47:54.170]        // -> [__ap <= 0x00000000]
[22:47:54.172]    </block>
[22:47:54.172]  </sequence>
[22:47:54.172]  
[22:47:54.192]  **********  Sequence "DebugDeviceUnlock"  (Context="Connect", Pname="", info="")
[22:47:54.192]  
[22:47:54.192]  <debugvars>
[22:47:54.193]    // Pre-defined
[22:47:54.193]    __protocol=0x00010002      (Protocol="SWD", SWJ-DP="True")
[22:47:54.193]    __connection=0x00000202    (Connection Type="Flash", Reset Type="System Reset")
[22:47:54.193]    __dp=0x00000000
[22:47:54.193]    __ap=0x00000000
[22:47:54.193]    __traceout=0x00000000      (Trace Disabled)
[22:47:54.194]    __errorcontrol=0x00000000  (Skip Errors="False")
[22:47:54.194]    __FlashAddr=0x00000000
[22:47:54.194]    __FlashLen=0x00000000
[22:47:54.194]    __FlashArg=0x00000000
[22:47:54.194]    __FlashOp=0x00000000
[22:47:54.194]    __Result=0x00000000
[22:47:54.194]  </debugvars>
[22:47:54.194]  
[22:47:54.194]  <sequence name="DebugDeviceUnlock" Pname="" disable="false" info="">
[22:47:54.196]    <block atomic="false" info="">
[22:47:54.196]      __var deviceID = 0;
[22:47:54.196]        // -> [deviceID <= 0x00000000]
[22:47:54.196]      __var version = 0;
[22:47:54.196]        // -> [version <= 0x00000000]
[22:47:54.196]      __var partNum = 0;
[22:47:54.196]        // -> [partNum <= 0x00000000]
[22:47:54.196]      __var manuf = 0;
[22:47:54.196]        // -> [manuf <= 0x00000000]
[22:47:54.196]      __var isMSPM0G1X0X_G3X0X = 0;
[22:47:54.196]        // -> [isMSPM0G1X0X_G3X0X <= 0x00000000]
[22:47:54.197]      __var isProduction = 0;
[22:47:54.197]        // -> [isProduction <= 0x00000000]
[22:47:54.197]      __var continueId = 0;
[22:47:54.197]        // -> [continueId <= 0x00000000]
[22:47:54.197]      deviceID =   Read32(0x41C40004);
[22:47:54.204]        // -> [Read32(0x41C40004) => 0x2BB8802F]   (__dp=0x00000000, __ap=0x00000000)
[22:47:54.204]        // -> [deviceID <= 0x2BB8802F]
[22:47:54.204]      version = deviceID >> 28;
[22:47:54.204]        // -> [version <= 0x00000002]
[22:47:54.204]      partNum = (deviceID & 0x0FFFF000) >> 12;
[22:47:54.205]        // -> [partNum <= 0x0000BB88]
[22:47:54.205]      manuf = (deviceID & 0x00000FFE) >> 1;
[22:47:54.205]        // -> [manuf <= 0x00000017]
[22:47:54.205]      isMSPM0G1X0X_G3X0X = (partNum == 0xBB88) && (manuf == 0x17);
[22:47:54.205]        // -> [isMSPM0G1X0X_G3X0X <= 0x00000001]
[22:47:54.205]      isProduction = (version > 0);
[22:47:54.206]        // -> [isProduction <= 0x00000001]
[22:47:54.206]    </block>
[22:47:54.206]    <control if="!isMSPM0G1X0X_G3X0X" while="" timeout="0" info="">
[22:47:54.206]      // if-block "!isMSPM0G1X0X_G3X0X"
[22:47:54.206]        // =>  FALSE
[22:47:54.206]      // skip if-block "!isMSPM0G1X0X_G3X0X"
[22:47:54.206]    </control>
[22:47:54.207]    <control if="continueId == 4" while="" timeout="0" info="">
[22:47:54.207]      // if-block "continueId == 4"
[22:47:54.207]        // =>  FALSE
[22:47:54.207]      // skip if-block "continueId == 4"
[22:47:54.207]    </control>
[22:47:54.207]    <control if="!isProduction" while="" timeout="0" info="">
[22:47:54.208]      // if-block "!isProduction"
[22:47:54.208]        // =>  FALSE
[22:47:54.208]      // skip if-block "!isProduction"
[22:47:54.208]    </control>
[22:47:54.208]  </sequence>
[22:47:54.209]  
[22:50:52.571]  **********  Sequence "DebugPortSetup"  (Context="Connect", Pname="", info="")
[22:50:52.571]  
[22:50:52.573]  <debugvars>
[22:50:52.573]    // Pre-defined
[22:50:52.573]    __protocol=0x00010002      (Protocol="SWD", SWJ-DP="True")
[22:50:52.573]    __connection=0x00000202    (Connection Type="Flash", Reset Type="System Reset")
[22:50:52.574]    __dp=0x00000000
[22:50:52.574]    __ap=0x00000000
[22:50:52.574]    __traceout=0x00000000      (Trace Disabled)
[22:50:52.574]    __errorcontrol=0x00000000  (Skip Errors="False")
[22:50:52.574]    __FlashAddr=0x00000000
[22:50:52.574]    __FlashLen=0x00000000
[22:50:52.574]    __FlashArg=0x00000000
[22:50:52.574]    __FlashOp=0x00000000
[22:50:52.574]    __Result=0x00000000
[22:50:52.574]  </debugvars>
[22:50:52.574]  
[22:50:52.575]  <sequence name="DebugPortSetup" Pname="" disable="false" info="">
[22:50:52.575]    <block atomic="false" info="">
[22:50:52.575]      __var isSWJ      = ((__protocol & 0x00010000) != 0);
[22:50:52.575]        // -> [isSWJ <= 0x00000001]
[22:50:52.575]      __var hasDormant = __protocol & 0x00020000;
[22:50:52.575]        // -> [hasDormant <= 0x00000000]
[22:50:52.575]      __var protType   = __protocol & 0x0000FFFF;
[22:50:52.575]        // -> [protType <= 0x00000002]
[22:50:52.575]    </block>
[22:50:52.576]    <control if="protType == 1" while="" timeout="0" info="">
[22:50:52.576]      // if-block "protType == 1"
[22:50:52.576]        // =>  FALSE
[22:50:52.576]      // skip if-block "protType == 1"
[22:50:52.576]    </control>
[22:50:52.576]    <control if="protType == 2" while="" timeout="0" info="">
[22:50:52.576]      // if-block "protType == 2"
[22:50:52.576]        // =>  TRUE
[22:50:52.576]      <control if="isSWJ" while="" timeout="0" info="">
[22:50:52.576]        // if-block "isSWJ"
[22:50:52.577]          // =>  TRUE
[22:50:52.577]        <control if="hasDormant" while="" timeout="0" info="">
[22:50:52.577]          // if-block "hasDormant"
[22:50:52.577]            // =>  FALSE
[22:50:52.577]          // skip if-block "hasDormant"
[22:50:52.577]        </control>
[22:50:52.577]        <control if="!hasDormant" while="" timeout="0" info="">
[22:50:52.577]          // if-block "!hasDormant"
[22:50:52.577]            // =>  TRUE
[22:50:52.577]          <block atomic="false" info="">
[22:50:52.577]            DAP_SWJ_Sequence(51, 0x0007FFFFFFFFFFFF); //lets put the JTAG line in a reset state
[22:50:52.579]              // -> [DAP_SWJ_Sequence(51, 0x0007FFFFFFFFFFFF)]
[22:50:52.579]            DAP_SWJ_Sequence(16,0xE73C); //SWD to JTAG, this is to ensure the state machine is initialized
[22:50:52.581]              // -> [DAP_SWJ_Sequence(16, 0x000000000000E73C)]
[22:50:52.581]            DAP_SWJ_Sequence(51, 0x0007FFFFFFFFFFFF); //Put it back in reset
[22:50:52.583]              // -> [DAP_SWJ_Sequence(51, 0x0007FFFFFFFFFFFF)]
[22:50:52.583]            DAP_SWJ_Sequence(16, 0xE79E); //JTAG to SWD switch
[22:50:52.585]              // -> [DAP_SWJ_Sequence(16, 0x000000000000E79E)]
[22:50:52.585]            DAP_SWJ_Sequence(51, 0x0007FFFFFFFFFFFF);  //Ensure the switch is successful 
[22:50:52.587]              // -> [DAP_SWJ_Sequence(51, 0x0007FFFFFFFFFFFF)]
[22:50:52.587]            DAP_SWJ_Sequence(7,  0x00); //Give the line some time to initialize
[22:50:52.589]              // -> [DAP_SWJ_Sequence(7, 0x0000000000000000)]
[22:50:52.589]          </block>
[22:50:52.589]          // end if-block "!hasDormant"
[22:50:52.589]        </control>
[22:50:52.589]        // end if-block "isSWJ"
[22:50:52.589]      </control>
[22:50:52.590]      <control if="!isSWJ" while="" timeout="0" info="">
[22:50:52.590]        // if-block "!isSWJ"
[22:50:52.590]          // =>  FALSE
[22:50:52.590]        // skip if-block "!isSWJ"
[22:50:52.590]      </control>
[22:50:52.590]      <block atomic="false" info="">
[22:50:52.590]        ReadDP(0x0);
[22:50:52.593]          // -> [ReadDP(0x00000000) => 0x6BA02477]   (__dp=0x00000000)
[22:50:52.593]      </block>
[22:50:52.593]      // end if-block "protType == 2"
[22:50:52.593]    </control>
[22:50:52.593]  </sequence>
[22:50:52.593]  
[22:50:52.597]  **********  Sequence "DebugPortStart"  (Context="Connect", Pname="", info="")
[22:50:52.597]  
[22:50:52.597]  <debugvars>
[22:50:52.597]    // Pre-defined
[22:50:52.597]    __protocol=0x00010002      (Protocol="SWD", SWJ-DP="True")
[22:50:52.597]    __connection=0x00000202    (Connection Type="Flash", Reset Type="System Reset")
[22:50:52.597]    __dp=0x00000000
[22:50:52.598]    __ap=0x00000000
[22:50:52.598]    __traceout=0x00000000      (Trace Disabled)
[22:50:52.598]    __errorcontrol=0x00000000  (Skip Errors="False")
[22:50:52.598]    __FlashAddr=0x00000000
[22:50:52.598]    __FlashLen=0x00000000
[22:50:52.598]    __FlashArg=0x00000000
[22:50:52.598]    __FlashOp=0x00000000
[22:50:52.598]    __Result=0x00000000
[22:50:52.598]  </debugvars>
[22:50:52.599]  
[22:50:52.599]  <sequence name="DebugPortStart" Pname="" disable="false" info="">
[22:50:52.599]    <block atomic="false" info="">
[22:50:52.599]      __var SW_DP_ABORT       = 0x0;
[22:50:52.599]        // -> [SW_DP_ABORT <= 0x00000000]
[22:50:52.599]      __var DP_CTRL_STAT      = 0x4;
[22:50:52.600]        // -> [DP_CTRL_STAT <= 0x00000004]
[22:50:52.600]      __var DP_SELECT         = 0x8;
[22:50:52.600]        // -> [DP_SELECT <= 0x00000008]
[22:50:52.601]      __var powered_down      = 0;
[22:50:52.601]        // -> [powered_down <= 0x00000000]
[22:50:52.601]      WriteDP(DP_SELECT, 0x00000000);
[22:50:52.603]        // -> [WriteDP(0x00000008, 0x00000000)]   (__dp=0x00000000)
[22:50:52.603]      powered_down = ((ReadDP(DP_CTRL_STAT) & 0xA0000000) != 0xA0000000);
[22:50:52.605]        // -> [ReadDP(0x00000004) => 0x00000040]   (__dp=0x00000000)
[22:50:52.605]        // -> [powered_down <= 0x00000001]
[22:50:52.606]    </block>
[22:50:52.606]    <control if="powered_down" while="" timeout="0" info="">
[22:50:52.606]      // if-block "powered_down"
[22:50:52.606]        // =>  TRUE
[22:50:52.606]      <block atomic="false" info="">
[22:50:52.606]        Message(0, "Debug/System power-up request sent");
[22:50:52.608]        WriteDP(DP_CTRL_STAT, 0x50000000);
[22:50:52.610]          // -> [WriteDP(0x00000004, 0x50000000)]   (__dp=0x00000000)
[22:50:52.611]      </block>
[22:50:52.611]      <control if="" while="(ReadDP(DP_CTRL_STAT) & 0xA0000000) != 0xA0000000" timeout="1000000" info="">
[22:50:52.611]        // while "(ReadDP(DP_CTRL_STAT) & 0xA0000000) != 0xA0000000"  (timeout="1000000")
[22:50:52.612]          // -> [ReadDP(0x00000004) => 0xF0000040]   (__dp=0x00000000)
[22:50:52.612]        // while-condition  =>  FALSE
[22:50:52.612]        // end while "(ReadDP(DP_CTRL_STAT) & 0xA0000000) != 0xA0000000"
[22:50:52.612]      </control>
[22:50:52.612]      <control if="(__protocol & 0xFFFF) == 1" while="" timeout="0" info="">
[22:50:52.612]        // if-block "(__protocol & 0xFFFF) == 1"
[22:50:52.613]          // =>  FALSE
[22:50:52.613]        // skip if-block "(__protocol & 0xFFFF) == 1"
[22:50:52.613]      </control>
[22:50:52.613]      <control if="(__protocol & 0xFFFF) == 2" while="" timeout="0" info="">
[22:50:52.613]        // if-block "(__protocol & 0xFFFF) == 2"
[22:50:52.613]          // =>  TRUE
[22:50:52.613]        <block atomic="false" info="">
[22:50:52.614]          Message(0, "executing SWD power up");
[22:50:52.615]          WriteDP(DP_CTRL_STAT, 0x50000F00);
[22:50:52.617]            // -> [WriteDP(0x00000004, 0x50000F00)]   (__dp=0x00000000)
[22:50:52.617]          WriteDP(SW_DP_ABORT, 0x0000001E);
[22:50:52.619]            // -> [WriteDP(0x00000000, 0x0000001E)]   (__dp=0x00000000)
[22:50:52.619]        </block>
[22:50:52.619]        // end if-block "(__protocol & 0xFFFF) == 2"
[22:50:52.619]      </control>
[22:50:52.619]      // end if-block "powered_down"
[22:50:52.619]    </control>
[22:50:52.619]    <block atomic="false" info="">
[22:50:52.620]      __var DEBUG_PORT_VAL    = 0;
[22:50:52.620]        // -> [DEBUG_PORT_VAL <= 0x00000000]
[22:50:52.620]      __var ACCESS_POINT_VAL  = 0;
[22:50:52.620]        // -> [ACCESS_POINT_VAL <= 0x00000000]
[22:50:52.620]      __ap = 1; 
[22:50:52.620]        // -> [__ap <= 0x00000001]
[22:50:52.620]      WriteAP(0x0C, 0x04); //lets use the mini pwr-ap as backup
[22:50:52.624]        // -> [WriteAP(0x0000000C, 0x00000004)]   (__dp=0x00000000, __ap=0x00000001)
[22:50:52.625]      __ap = 4;
[22:50:52.625]        // -> [__ap <= 0x00000004]
[22:50:52.625]      ACCESS_POINT_VAL = ReadAP(0x00);//Reading current state of access point
[22:50:52.629]        // -> [ReadAP(0x00000000) => 0x00080027]   (__dp=0x00000000, __ap=0x00000004)
[22:50:52.629]        // -> [ACCESS_POINT_VAL <= 0x00080027]
[22:50:52.630]      Message(0, "Current state of access point is: %x",ACCESS_POINT_VAL);
[22:50:52.631]    </block>
[22:50:52.631]    <block atomic="false" info="">
[22:50:52.631]      __var nReset = 0x80;
[22:50:52.631]        // -> [nReset <= 0x00000080]
[22:50:52.631]      __var canReadPins = 0;
[22:50:52.632]        // -> [canReadPins <= 0x00000000]
[22:50:52.632]      canReadPins = (DAP_SWJ_Pins(0x00, nReset, 0) != 0xFFFFFFFF);
[22:50:52.633]        // -> [DAP_SWJ_Pins(0x00, 0x80, 0) => 0x0F]   (Out: nRESET=0  =>  In: SWCLK/TCK=1, SWDIO/TMS=1, TDI=1, TDO=1, nTRST=0, nRESET=0)
[22:50:52.633]        // -> [canReadPins <= 0x00000001]
[22:50:52.633]    </block>
[22:50:52.633]    <control if="" while="1" timeout="200" info="">
[22:50:52.633]      // while "1"  (timeout="200")
[22:50:52.633]      // while-condition  =>  TRUE
[22:50:52.633]      // while "1"  (timeout="200")
[22:50:52.633]      // while-condition  =>  TRUE
[22:50:52.633]      // while "1"  (timeout="200")
[22:50:52.634]      // while-condition  =>  TRUE
[22:50:52.634]      // while "1"  (timeout="200")
[22:50:52.634]      // while-condition  =>  TRUE
[22:50:52.634]      // while "1"  (timeout="200")
[22:50:52.634]      // while-condition  =>  TRUE
[22:50:52.634]      // while "1"  (timeout="200")
[22:50:52.634]      // while-condition  =>  TRUE
[22:50:52.634]      // while "1"  (timeout="200")
[22:50:52.634]      // while-condition  =>  TRUE
[22:50:52.634]      // while "1"  (timeout="200")
[22:50:52.635]      // while-condition  =>  TRUE
[22:50:52.635]      // while "1"  (timeout="200")
[22:50:52.635]      // while-condition  =>  TRUE
[22:50:52.635]      // while "1"  (timeout="200")
[22:50:52.635]      // while-condition  =>  TRUE
[22:50:52.635]      // while "1"  (timeout="200")
[22:50:52.635]      // while-condition  =>  TRUE
[22:50:52.635]      // while "1"  (timeout="200")
[22:50:52.635]      // while-condition  =>  TRUE
[22:50:52.636]      // while "1"  (timeout="200")
[22:50:52.636]      // while-condition  =>  TRUE
[22:50:52.636]      // while "1"  (timeout="200")
[22:50:52.636]      // while-condition  =>  TRUE
[22:50:52.636]      // while "1"  (timeout="200")
[22:50:52.636]      // while-condition  =>  TRUE
[22:50:52.636]      // while "1"  (timeout="200")
[22:50:52.636]      // while-condition  =>  TRUE
[22:50:52.636]      // while "1"  (timeout="200")
[22:50:52.636]      // while-condition  =>  TRUE
[22:50:52.637]      // while "1"  (timeout="200")
[22:50:52.637]      // while-condition  =>  TRUE
[22:50:52.637]      // while "1"  (timeout="200")
[22:50:52.637]      // while-condition  =>  TRUE
[22:50:52.637]      // while "1"  (timeout="200")
[22:50:52.637]      // while-condition  =>  TRUE
[22:50:52.637]      // while "1"  (timeout="200")
[22:50:52.637]      // while-condition  =>  TRUE
[22:50:52.637]      // while "1"  (timeout="200")
[22:50:52.637]      // while-condition  =>  TRUE
[22:50:52.638]      // while "1"  (timeout="200")
[22:50:52.638]      // while-condition  =>  TRUE
[22:50:52.638]      // while "1"  (timeout="200")
[22:50:52.638]      // while-condition  =>  TRUE
[22:50:52.638]      // while "1"  (timeout="200")
[22:50:52.638]      // while-condition  =>  TRUE
[22:50:52.638]      // while "1"  (timeout="200")
[22:50:52.638]      // while-condition  =>  TRUE
[22:50:52.638]      // while "1"  (timeout="200")
[22:50:52.638]      // while-condition  =>  TRUE
[22:50:52.639]      // while "1"  (timeout="200")
[22:50:52.639]      // while-condition  =>  TRUE
[22:50:52.639]      // while "1"  (timeout="200")
[22:50:52.639]      // while-condition  =>  TRUE
[22:50:52.639]      // while "1"  (timeout="200")
[22:50:52.640]      // while-condition  =>  TRUE
[22:50:52.640]      // while "1"  (timeout="200")
[22:50:52.640]      // while-condition  =>  TRUE
[22:50:52.640]      // while "1"  (timeout="200")
[22:50:52.640]      // while-condition  =>  TRUE
[22:50:52.641]      // while "1"  (timeout="200")
[22:50:52.641]      // while-condition  =>  TRUE
[22:50:52.641]      // while "1"  (timeout="200")
[22:50:52.641]      // while-condition  =>  TRUE
[22:50:52.641]      // while "1"  (timeout="200")
[22:50:52.641]      // while-condition  =>  TRUE
[22:50:52.641]      // while "1"  (timeout="200")
[22:50:52.641]      // while-condition  =>  TRUE
[22:50:52.641]      // while "1"  (timeout="200")
[22:50:52.641]      // while-condition  =>  TRUE
[22:50:52.642]      // while "1"  (timeout="200")
[22:50:52.642]      // while-condition  =>  TRUE
[22:50:52.642]      // while "1"  (timeout="200")
[22:50:52.642]      // while-condition  =>  TRUE
[22:50:52.642]      // while "1"  (timeout="200")
[22:50:52.642]      // while-condition  =>  TRUE
[22:50:52.642]      // while "1"  (timeout="200")
[22:50:52.642]      // while-condition  =>  TRUE
[22:50:52.642]      // while "1"  (timeout="200")
[22:50:52.643]      // while-condition  =>  TRUE
[22:50:52.643]      // while "1"  (timeout="200")
[22:50:52.643]      // while-condition  =>  TRUE
[22:50:52.643]      // while "1"  (timeout="200")
[22:50:52.643]      // while-condition  =>  TRUE
[22:50:52.643]      // while "1"  (timeout="200")
[22:50:52.643]      // while-condition  =>  TRUE
[22:50:52.644]      // while "1"  (timeout="200")
[22:50:52.644]      // while-condition  =>  TRUE
[22:50:52.644]      // while "1"  (timeout="200")
[22:50:52.644]      // while-condition  =>  TRUE
[22:50:52.644]      // while "1"  (timeout="200")
[22:50:52.644]      // while-condition  =>  TRUE
[22:50:52.644]      // while "1"  (timeout="200")
[22:50:52.644]      // while-condition  =>  TRUE
[22:50:52.644]      // while "1"  (timeout="200")
[22:50:52.644]      // while-condition  =>  TRUE
[22:50:52.645]      // while "1"  (timeout="200")
[22:50:52.645]      // while-condition  =>  TRUE
[22:50:52.645]      // while "1"  (timeout="200")
[22:50:52.645]      // while-condition  =>  TRUE
[22:50:52.645]      // while "1"  (timeout="200")
[22:50:52.645]      // while-condition  =>  TRUE
[22:50:52.645]      // while "1"  (timeout="200")
[22:50:52.645]      // while-condition  =>  TRUE
[22:50:52.645]      // while "1"  (timeout="200")
[22:50:52.645]      // while-condition  =>  TRUE
[22:50:52.646]      // while "1"  (timeout="200")
[22:50:52.646]      // while-condition  =>  TRUE
[22:50:52.646]      // while "1"  (timeout="200")
[22:50:52.646]      // while-condition  =>  TRUE
[22:50:52.646]      // while "1"  (timeout="200")
[22:50:52.646]      // while-condition  =>  TRUE
[22:50:52.646]      // while "1"  (timeout="200")
[22:50:52.646]      // while-condition  =>  TRUE
[22:50:52.646]      // while "1"  (timeout="200")
[22:50:52.646]      // while-condition  =>  TRUE
[22:50:52.646]      // while "1"  (timeout="200")
[22:50:52.647]      // while-condition  =>  TRUE
[22:50:52.647]      // while "1"  (timeout="200")
[22:50:52.647]      // while-condition  =>  TRUE
[22:50:52.647]      // while "1"  (timeout="200")
[22:50:52.648]      // while-condition  =>  TRUE
[22:50:52.648]      // while "1"  (timeout="200")
[22:50:52.648]      // while-condition  =>  TRUE
[22:50:52.648]      // while "1"  (timeout="200")
[22:50:52.648]      // while-condition  =>  TRUE
[22:50:52.648]      // while "1"  (timeout="200")
[22:50:52.648]      // while-condition  =>  TRUE
[22:50:52.648]      // while "1"  (timeout="200")
[22:50:52.648]      // while-condition  =>  TRUE
[22:50:52.648]      // while "1"  (timeout="200")
[22:50:52.648]      // while-condition  =>  TRUE
[22:50:52.648]      // while "1"  (timeout="200")
[22:50:52.649]      // while-condition  =>  TRUE
[22:50:52.649]      // while "1"  (timeout="200")
[22:50:52.649]      // while  =>  TIMEOUT
[22:50:52.649]      // end while "1"
[22:50:52.650]    </control>
[22:50:52.650]    <control if="canReadPins" while="" timeout="0" info="">
[22:50:52.650]      // if-block "canReadPins"
[22:50:52.650]        // =>  TRUE
[22:50:52.650]      <control if="" while="(DAP_SWJ_Pins(nReset, nReset, 0) & nReset) == 0" timeout="1000000" info="">
[22:50:52.650]        // while "(DAP_SWJ_Pins(nReset, nReset, 0) & nReset) == 0"  (timeout="1000000")
[22:50:52.652]          // -> [DAP_SWJ_Pins(0x80, 0x80, 0) => 0x8F]   (Out: nRESET=1  =>  In: SWCLK/TCK=1, SWDIO/TMS=1, TDI=1, TDO=1, nTRST=0, nRESET=1)
[22:50:52.652]        // while-condition  =>  FALSE
[22:50:52.652]        // end while "(DAP_SWJ_Pins(nReset, nReset, 0) & nReset) == 0"
[22:50:52.652]      </control>
[22:50:52.652]      // end if-block "canReadPins"
[22:50:52.653]    </control>
[22:50:52.653]    <control if="!canReadPins" while="" timeout="0" info="">
[22:50:52.653]      // if-block "!canReadPins"
[22:50:52.653]        // =>  FALSE
[22:50:52.653]      // skip if-block "!canReadPins"
[22:50:52.653]    </control>
[22:50:52.653]    <control if="(ACCESS_POINT_VAL & 0x00E00000) == 0" while="" timeout="0" info="">
[22:50:52.653]      // if-block "(ACCESS_POINT_VAL & 0x00E00000) == 0"
[22:50:52.653]        // =>  TRUE
[22:50:52.653]      <block atomic="false" info="">
[22:50:52.653]        WriteAP(0x00, 0x190008);
[22:50:52.655]          // -> [WriteAP(0x00000000, 0x00190008)]   (__dp=0x00000000, __ap=0x00000004)
[22:50:52.655]        WriteAP(0xF0, 0x01);
[22:50:52.659]          // -> [WriteAP(0x000000F0, 0x00000001)]   (__dp=0x00000000, __ap=0x00000004)
[22:50:52.659]      </block>
[22:50:52.659]      // end if-block "(ACCESS_POINT_VAL & 0x00E00000) == 0"
[22:50:52.659]    </control>
[22:50:52.659]    <control if="(ACCESS_POINT_VAL & 0x00E00000) != 0" while="" timeout="0" info="">
[22:50:52.659]      // if-block "(ACCESS_POINT_VAL & 0x00E00000) != 0"
[22:50:52.659]        // =>  FALSE
[22:50:52.659]      // skip if-block "(ACCESS_POINT_VAL & 0x00E00000) != 0"
[22:50:52.659]    </control>
[22:50:52.659]    <block atomic="false" info="">
[22:50:52.659]      ACCESS_POINT_VAL = ReadAP(0x00);//Reading current state of access point
[22:50:52.663]        // -> [ReadAP(0x00000000) => 0x0079002F]   (__dp=0x00000000, __ap=0x00000004)
[22:50:52.663]        // -> [ACCESS_POINT_VAL <= 0x0079002F]
[22:50:52.665]      Message(0, "Current state of access point is: %x",ACCESS_POINT_VAL);
[22:50:52.666]      __ap = 0; //lets make sure we reset the access point selection
[22:50:52.666]        // -> [__ap <= 0x00000000]
[22:50:52.666]    </block>
[22:50:52.666]  </sequence>
[22:50:52.666]  
[22:50:52.686]  **********  Sequence "DebugDeviceUnlock"  (Context="Connect", Pname="", info="")
[22:50:52.686]  
[22:50:52.686]  <debugvars>
[22:50:52.686]    // Pre-defined
[22:50:52.686]    __protocol=0x00010002      (Protocol="SWD", SWJ-DP="True")
[22:50:52.687]    __connection=0x00000202    (Connection Type="Flash", Reset Type="System Reset")
[22:50:52.687]    __dp=0x00000000
[22:50:52.687]    __ap=0x00000000
[22:50:52.687]    __traceout=0x00000000      (Trace Disabled)
[22:50:52.687]    __errorcontrol=0x00000000  (Skip Errors="False")
[22:50:52.687]    __FlashAddr=0x00000000
[22:50:52.687]    __FlashLen=0x00000000
[22:50:52.687]    __FlashArg=0x00000000
[22:50:52.687]    __FlashOp=0x00000000
[22:50:52.687]    __Result=0x00000000
[22:50:52.687]  </debugvars>
[22:50:52.688]  
[22:50:52.688]  <sequence name="DebugDeviceUnlock" Pname="" disable="false" info="">
[22:50:52.688]    <block atomic="false" info="">
[22:50:52.688]      __var deviceID = 0;
[22:50:52.688]        // -> [deviceID <= 0x00000000]
[22:50:52.688]      __var version = 0;
[22:50:52.688]        // -> [version <= 0x00000000]
[22:50:52.688]      __var partNum = 0;
[22:50:52.688]        // -> [partNum <= 0x00000000]
[22:50:52.688]      __var manuf = 0;
[22:50:52.689]        // -> [manuf <= 0x00000000]
[22:50:52.689]      __var isMSPM0G1X0X_G3X0X = 0;
[22:50:52.689]        // -> [isMSPM0G1X0X_G3X0X <= 0x00000000]
[22:50:52.689]      __var isProduction = 0;
[22:50:52.689]        // -> [isProduction <= 0x00000000]
[22:50:52.690]      __var continueId = 0;
[22:50:52.690]        // -> [continueId <= 0x00000000]
[22:50:52.690]      deviceID =   Read32(0x41C40004);
[22:50:52.696]        // -> [Read32(0x41C40004) => 0x2BB8802F]   (__dp=0x00000000, __ap=0x00000000)
[22:50:52.696]        // -> [deviceID <= 0x2BB8802F]
[22:50:52.696]      version = deviceID >> 28;
[22:50:52.697]        // -> [version <= 0x00000002]
[22:50:52.697]      partNum = (deviceID & 0x0FFFF000) >> 12;
[22:50:52.697]        // -> [partNum <= 0x0000BB88]
[22:50:52.697]      manuf = (deviceID & 0x00000FFE) >> 1;
[22:50:52.697]        // -> [manuf <= 0x00000017]
[22:50:52.697]      isMSPM0G1X0X_G3X0X = (partNum == 0xBB88) && (manuf == 0x17);
[22:50:52.697]        // -> [isMSPM0G1X0X_G3X0X <= 0x00000001]
[22:50:52.697]      isProduction = (version > 0);
[22:50:52.697]        // -> [isProduction <= 0x00000001]
[22:50:52.698]    </block>
[22:50:52.698]    <control if="!isMSPM0G1X0X_G3X0X" while="" timeout="0" info="">
[22:50:52.698]      // if-block "!isMSPM0G1X0X_G3X0X"
[22:50:52.698]        // =>  FALSE
[22:50:52.698]      // skip if-block "!isMSPM0G1X0X_G3X0X"
[22:50:52.698]    </control>
[22:50:52.698]    <control if="continueId == 4" while="" timeout="0" info="">
[22:50:52.698]      // if-block "continueId == 4"
[22:50:52.698]        // =>  FALSE
[22:50:52.699]      // skip if-block "continueId == 4"
[22:50:52.699]    </control>
[22:50:52.699]    <control if="!isProduction" while="" timeout="0" info="">
[22:50:52.699]      // if-block "!isProduction"
[22:50:52.699]        // =>  FALSE
[22:50:52.699]      // skip if-block "!isProduction"
[22:50:52.699]    </control>
[22:50:52.699]  </sequence>
[22:50:52.699]  
[22:54:05.191]  **********  Sequence "DebugPortSetup"  (Context="Connect", Pname="", info="")
[22:54:05.191]  
[22:54:05.191]  <debugvars>
[22:54:05.191]    // Pre-defined
[22:54:05.191]    __protocol=0x00010002      (Protocol="SWD", SWJ-DP="True")
[22:54:05.192]    __connection=0x00000202    (Connection Type="Flash", Reset Type="System Reset")
[22:54:05.192]    __dp=0x00000000
[22:54:05.192]    __ap=0x00000000
[22:54:05.192]    __traceout=0x00000000      (Trace Disabled)
[22:54:05.192]    __errorcontrol=0x00000000  (Skip Errors="False")
[22:54:05.192]    __FlashAddr=0x00000000
[22:54:05.192]    __FlashLen=0x00000000
[22:54:05.192]    __FlashArg=0x00000000
[22:54:05.192]    __FlashOp=0x00000000
[22:54:05.193]    __Result=0x00000000
[22:54:05.193]  </debugvars>
[22:54:05.193]  
[22:54:05.193]  <sequence name="DebugPortSetup" Pname="" disable="false" info="">
[22:54:05.193]    <block atomic="false" info="">
[22:54:05.193]      __var isSWJ      = ((__protocol & 0x00010000) != 0);
[22:54:05.193]        // -> [isSWJ <= 0x00000001]
[22:54:05.193]      __var hasDormant = __protocol & 0x00020000;
[22:54:05.193]        // -> [hasDormant <= 0x00000000]
[22:54:05.193]      __var protType   = __protocol & 0x0000FFFF;
[22:54:05.193]        // -> [protType <= 0x00000002]
[22:54:05.195]    </block>
[22:54:05.195]    <control if="protType == 1" while="" timeout="0" info="">
[22:54:05.195]      // if-block "protType == 1"
[22:54:05.195]        // =>  FALSE
[22:54:05.195]      // skip if-block "protType == 1"
[22:54:05.195]    </control>
[22:54:05.196]    <control if="protType == 2" while="" timeout="0" info="">
[22:54:05.196]      // if-block "protType == 2"
[22:54:05.196]        // =>  TRUE
[22:54:05.196]      <control if="isSWJ" while="" timeout="0" info="">
[22:54:05.196]        // if-block "isSWJ"
[22:54:05.196]          // =>  TRUE
[22:54:05.197]        <control if="hasDormant" while="" timeout="0" info="">
[22:54:05.197]          // if-block "hasDormant"
[22:54:05.197]            // =>  FALSE
[22:54:05.197]          // skip if-block "hasDormant"
[22:54:05.197]        </control>
[22:54:05.197]        <control if="!hasDormant" while="" timeout="0" info="">
[22:54:05.197]          // if-block "!hasDormant"
[22:54:05.198]            // =>  TRUE
[22:54:05.198]          <block atomic="false" info="">
[22:54:05.198]            DAP_SWJ_Sequence(51, 0x0007FFFFFFFFFFFF); //lets put the JTAG line in a reset state
[22:54:05.200]              // -> [DAP_SWJ_Sequence(51, 0x0007FFFFFFFFFFFF)]
[22:54:05.201]            DAP_SWJ_Sequence(16,0xE73C); //SWD to JTAG, this is to ensure the state machine is initialized
[22:54:05.202]              // -> [DAP_SWJ_Sequence(16, 0x000000000000E73C)]
[22:54:05.203]            DAP_SWJ_Sequence(51, 0x0007FFFFFFFFFFFF); //Put it back in reset
[22:54:05.205]              // -> [DAP_SWJ_Sequence(51, 0x0007FFFFFFFFFFFF)]
[22:54:05.205]            DAP_SWJ_Sequence(16, 0xE79E); //JTAG to SWD switch
[22:54:05.207]              // -> [DAP_SWJ_Sequence(16, 0x000000000000E79E)]
[22:54:05.207]            DAP_SWJ_Sequence(51, 0x0007FFFFFFFFFFFF);  //Ensure the switch is successful 
[22:54:05.209]              // -> [DAP_SWJ_Sequence(51, 0x0007FFFFFFFFFFFF)]
[22:54:05.209]            DAP_SWJ_Sequence(7,  0x00); //Give the line some time to initialize
[22:54:05.211]              // -> [DAP_SWJ_Sequence(7, 0x0000000000000000)]
[22:54:05.211]          </block>
[22:54:05.211]          // end if-block "!hasDormant"
[22:54:05.211]        </control>
[22:54:05.212]        // end if-block "isSWJ"
[22:54:05.212]      </control>
[22:54:05.212]      <control if="!isSWJ" while="" timeout="0" info="">
[22:54:05.212]        // if-block "!isSWJ"
[22:54:05.212]          // =>  FALSE
[22:54:05.213]        // skip if-block "!isSWJ"
[22:54:05.213]      </control>
[22:54:05.213]      <block atomic="false" info="">
[22:54:05.213]        ReadDP(0x0);
[22:54:05.216]          // -> [ReadDP(0x00000000) => 0x6BA02477]   (__dp=0x00000000)
[22:54:05.216]      </block>
[22:54:05.217]      // end if-block "protType == 2"
[22:54:05.217]    </control>
[22:54:05.217]  </sequence>
[22:54:05.217]  
[22:54:05.221]  **********  Sequence "DebugPortStart"  (Context="Connect", Pname="", info="")
[22:54:05.221]  
[22:54:05.222]  <debugvars>
[22:54:05.222]    // Pre-defined
[22:54:05.222]    __protocol=0x00010002      (Protocol="SWD", SWJ-DP="True")
[22:54:05.222]    __connection=0x00000202    (Connection Type="Flash", Reset Type="System Reset")
[22:54:05.222]    __dp=0x00000000
[22:54:05.222]    __ap=0x00000000
[22:54:05.222]    __traceout=0x00000000      (Trace Disabled)
[22:54:05.223]    __errorcontrol=0x00000000  (Skip Errors="False")
[22:54:05.223]    __FlashAddr=0x00000000
[22:54:05.223]    __FlashLen=0x00000000
[22:54:05.223]    __FlashArg=0x00000000
[22:54:05.223]    __FlashOp=0x00000000
[22:54:05.223]    __Result=0x00000000
[22:54:05.223]  </debugvars>
[22:54:05.223]  
[22:54:05.223]  <sequence name="DebugPortStart" Pname="" disable="false" info="">
[22:54:05.223]    <block atomic="false" info="">
[22:54:05.224]      __var SW_DP_ABORT       = 0x0;
[22:54:05.224]        // -> [SW_DP_ABORT <= 0x00000000]
[22:54:05.224]      __var DP_CTRL_STAT      = 0x4;
[22:54:05.224]        // -> [DP_CTRL_STAT <= 0x00000004]
[22:54:05.224]      __var DP_SELECT         = 0x8;
[22:54:05.224]        // -> [DP_SELECT <= 0x00000008]
[22:54:05.224]      __var powered_down      = 0;
[22:54:05.224]        // -> [powered_down <= 0x00000000]
[22:54:05.224]      WriteDP(DP_SELECT, 0x00000000);
[22:54:05.226]        // -> [WriteDP(0x00000008, 0x00000000)]   (__dp=0x00000000)
[22:54:05.226]      powered_down = ((ReadDP(DP_CTRL_STAT) & 0xA0000000) != 0xA0000000);
[22:54:05.228]        // -> [ReadDP(0x00000004) => 0x00000040]   (__dp=0x00000000)
[22:54:05.228]        // -> [powered_down <= 0x00000001]
[22:54:05.228]    </block>
[22:54:05.228]    <control if="powered_down" while="" timeout="0" info="">
[22:54:05.228]      // if-block "powered_down"
[22:54:05.228]        // =>  TRUE
[22:54:05.228]      <block atomic="false" info="">
[22:54:05.229]        Message(0, "Debug/System power-up request sent");
[22:54:05.231]        WriteDP(DP_CTRL_STAT, 0x50000000);
[22:54:05.233]          // -> [WriteDP(0x00000004, 0x50000000)]   (__dp=0x00000000)
[22:54:05.233]      </block>
[22:54:05.233]      <control if="" while="(ReadDP(DP_CTRL_STAT) & 0xA0000000) != 0xA0000000" timeout="1000000" info="">
[22:54:05.233]        // while "(ReadDP(DP_CTRL_STAT) & 0xA0000000) != 0xA0000000"  (timeout="1000000")
[22:54:05.236]          // -> [ReadDP(0x00000004) => 0xF0000040]   (__dp=0x00000000)
[22:54:05.236]        // while-condition  =>  FALSE
[22:54:05.237]        // end while "(ReadDP(DP_CTRL_STAT) & 0xA0000000) != 0xA0000000"
[22:54:05.237]      </control>
[22:54:05.237]      <control if="(__protocol & 0xFFFF) == 1" while="" timeout="0" info="">
[22:54:05.237]        // if-block "(__protocol & 0xFFFF) == 1"
[22:54:05.237]          // =>  FALSE
[22:54:05.237]        // skip if-block "(__protocol & 0xFFFF) == 1"
[22:54:05.237]      </control>
[22:54:05.238]      <control if="(__protocol & 0xFFFF) == 2" while="" timeout="0" info="">
[22:54:05.238]        // if-block "(__protocol & 0xFFFF) == 2"
[22:54:05.238]          // =>  TRUE
[22:54:05.238]        <block atomic="false" info="">
[22:54:05.238]          Message(0, "executing SWD power up");
[22:54:05.240]          WriteDP(DP_CTRL_STAT, 0x50000F00);
[22:54:05.242]            // -> [WriteDP(0x00000004, 0x50000F00)]   (__dp=0x00000000)
[22:54:05.243]          WriteDP(SW_DP_ABORT, 0x0000001E);
[22:54:05.245]            // -> [WriteDP(0x00000000, 0x0000001E)]   (__dp=0x00000000)
[22:54:05.245]        </block>
[22:54:05.245]        // end if-block "(__protocol & 0xFFFF) == 2"
[22:54:05.245]      </control>
[22:54:05.245]      // end if-block "powered_down"
[22:54:05.246]    </control>
[22:54:05.246]    <block atomic="false" info="">
[22:54:05.246]      __var DEBUG_PORT_VAL    = 0;
[22:54:05.246]        // -> [DEBUG_PORT_VAL <= 0x00000000]
[22:54:05.246]      __var ACCESS_POINT_VAL  = 0;
[22:54:05.246]        // -> [ACCESS_POINT_VAL <= 0x00000000]
[22:54:05.246]      __ap = 1; 
[22:54:05.246]        // -> [__ap <= 0x00000001]
[22:54:05.247]      WriteAP(0x0C, 0x04); //lets use the mini pwr-ap as backup
[22:54:05.251]        // -> [WriteAP(0x0000000C, 0x00000004)]   (__dp=0x00000000, __ap=0x00000001)
[22:54:05.251]      __ap = 4;
[22:54:05.251]        // -> [__ap <= 0x00000004]
[22:54:05.251]      ACCESS_POINT_VAL = ReadAP(0x00);//Reading current state of access point
[22:54:05.255]        // -> [ReadAP(0x00000000) => 0x00080027]   (__dp=0x00000000, __ap=0x00000004)
[22:54:05.255]        // -> [ACCESS_POINT_VAL <= 0x00080027]
[22:54:05.256]      Message(0, "Current state of access point is: %x",ACCESS_POINT_VAL);
[22:54:05.257]    </block>
[22:54:05.258]    <block atomic="false" info="">
[22:54:05.258]      __var nReset = 0x80;
[22:54:05.258]        // -> [nReset <= 0x00000080]
[22:54:05.258]      __var canReadPins = 0;
[22:54:05.258]        // -> [canReadPins <= 0x00000000]
[22:54:05.258]      canReadPins = (DAP_SWJ_Pins(0x00, nReset, 0) != 0xFFFFFFFF);
[22:54:05.260]        // -> [DAP_SWJ_Pins(0x00, 0x80, 0) => 0x0F]   (Out: nRESET=0  =>  In: SWCLK/TCK=1, SWDIO/TMS=1, TDI=1, TDO=1, nTRST=0, nRESET=0)
[22:54:05.260]        // -> [canReadPins <= 0x00000001]
[22:54:05.260]    </block>
[22:54:05.261]    <control if="" while="1" timeout="200" info="">
[22:54:05.261]      // while "1"  (timeout="200")
[22:54:05.261]      // while-condition  =>  TRUE
[22:54:05.261]      // while "1"  (timeout="200")
[22:54:05.261]      // while-condition  =>  TRUE
[22:54:05.261]      // while "1"  (timeout="200")
[22:54:05.261]      // while-condition  =>  TRUE
[22:54:05.261]      // while "1"  (timeout="200")
[22:54:05.262]      // while-condition  =>  TRUE
[22:54:05.262]      // while "1"  (timeout="200")
[22:54:05.262]      // while-condition  =>  TRUE
[22:54:05.262]      // while "1"  (timeout="200")
[22:54:05.262]      // while-condition  =>  TRUE
[22:54:05.262]      // while "1"  (timeout="200")
[22:54:05.262]      // while-condition  =>  TRUE
[22:54:05.262]      // while "1"  (timeout="200")
[22:54:05.262]      // while-condition  =>  TRUE
[22:54:05.263]      // while "1"  (timeout="200")
[22:54:05.263]      // while-condition  =>  TRUE
[22:54:05.263]      // while "1"  (timeout="200")
[22:54:05.263]      // while-condition  =>  TRUE
[22:54:05.263]      // while "1"  (timeout="200")
[22:54:05.263]      // while-condition  =>  TRUE
[22:54:05.263]      // while "1"  (timeout="200")
[22:54:05.263]      // while-condition  =>  TRUE
[22:54:05.263]      // while "1"  (timeout="200")
[22:54:05.263]      // while-condition  =>  TRUE
[22:54:05.263]      // while "1"  (timeout="200")
[22:54:05.263]      // while-condition  =>  TRUE
[22:54:05.264]      // while "1"  (timeout="200")
[22:54:05.264]      // while-condition  =>  TRUE
[22:54:05.264]      // while "1"  (timeout="200")
[22:54:05.264]      // while-condition  =>  TRUE
[22:54:05.264]      // while "1"  (timeout="200")
[22:54:05.264]      // while-condition  =>  TRUE
[22:54:05.264]      // while "1"  (timeout="200")
[22:54:05.264]      // while-condition  =>  TRUE
[22:54:05.265]      // while "1"  (timeout="200")
[22:54:05.265]      // while-condition  =>  TRUE
[22:54:05.265]      // while "1"  (timeout="200")
[22:54:05.265]      // while-condition  =>  TRUE
[22:54:05.266]      // while "1"  (timeout="200")
[22:54:05.266]      // while-condition  =>  TRUE
[22:54:05.266]      // while "1"  (timeout="200")
[22:54:05.266]      // while-condition  =>  TRUE
[22:54:05.266]      // while "1"  (timeout="200")
[22:54:05.266]      // while-condition  =>  TRUE
[22:54:05.266]      // while "1"  (timeout="200")
[22:54:05.266]      // while-condition  =>  TRUE
[22:54:05.267]      // while "1"  (timeout="200")
[22:54:05.267]      // while-condition  =>  TRUE
[22:54:05.267]      // while "1"  (timeout="200")
[22:54:05.267]      // while-condition  =>  TRUE
[22:54:05.267]      // while "1"  (timeout="200")
[22:54:05.267]      // while-condition  =>  TRUE
[22:54:05.268]      // while "1"  (timeout="200")
[22:54:05.268]      // while-condition  =>  TRUE
[22:54:05.268]      // while "1"  (timeout="200")
[22:54:05.268]      // while-condition  =>  TRUE
[22:54:05.268]      // while "1"  (timeout="200")
[22:54:05.268]      // while-condition  =>  TRUE
[22:54:05.268]      // while "1"  (timeout="200")
[22:54:05.269]      // while-condition  =>  TRUE
[22:54:05.269]      // while "1"  (timeout="200")
[22:54:05.269]      // while-condition  =>  TRUE
[22:54:05.269]      // while "1"  (timeout="200")
[22:54:05.269]      // while-condition  =>  TRUE
[22:54:05.269]      // while "1"  (timeout="200")
[22:54:05.269]      // while-condition  =>  TRUE
[22:54:05.270]      // while "1"  (timeout="200")
[22:54:05.270]      // while-condition  =>  TRUE
[22:54:05.270]      // while "1"  (timeout="200")
[22:54:05.270]      // while-condition  =>  TRUE
[22:54:05.271]      // while "1"  (timeout="200")
[22:54:05.271]      // while-condition  =>  TRUE
[22:54:05.271]      // while "1"  (timeout="200")
[22:54:05.271]      // while-condition  =>  TRUE
[22:54:05.271]      // while "1"  (timeout="200")
[22:54:05.271]      // while-condition  =>  TRUE
[22:54:05.271]      // while "1"  (timeout="200")
[22:54:05.272]      // while-condition  =>  TRUE
[22:54:05.272]      // while "1"  (timeout="200")
[22:54:05.272]      // while-condition  =>  TRUE
[22:54:05.272]      // while "1"  (timeout="200")
[22:54:05.272]      // while-condition  =>  TRUE
[22:54:05.272]      // while "1"  (timeout="200")
[22:54:05.272]      // while-condition  =>  TRUE
[22:54:05.272]      // while "1"  (timeout="200")
[22:54:05.272]      // while-condition  =>  TRUE
[22:54:05.273]      // while "1"  (timeout="200")
[22:54:05.273]      // while-condition  =>  TRUE
[22:54:05.273]      // while "1"  (timeout="200")
[22:54:05.273]      // while-condition  =>  TRUE
[22:54:05.273]      // while "1"  (timeout="200")
[22:54:05.273]      // while-condition  =>  TRUE
[22:54:05.273]      // while "1"  (timeout="200")
[22:54:05.273]      // while-condition  =>  TRUE
[22:54:05.273]      // while "1"  (timeout="200")
[22:54:05.273]      // while-condition  =>  TRUE
[22:54:05.273]      // while "1"  (timeout="200")
[22:54:05.273]      // while-condition  =>  TRUE
[22:54:05.273]      // while "1"  (timeout="200")
[22:54:05.275]      // while-condition  =>  TRUE
[22:54:05.275]      // while "1"  (timeout="200")
[22:54:05.275]      // while  =>  TIMEOUT
[22:54:05.275]      // end while "1"
[22:54:05.275]    </control>
[22:54:05.275]    <control if="canReadPins" while="" timeout="0" info="">
[22:54:05.275]      // if-block "canReadPins"
[22:54:05.275]        // =>  TRUE
[22:54:05.276]      <control if="" while="(DAP_SWJ_Pins(nReset, nReset, 0) & nReset) == 0" timeout="1000000" info="">
[22:54:05.276]        // while "(DAP_SWJ_Pins(nReset, nReset, 0) & nReset) == 0"  (timeout="1000000")
[22:54:05.277]          // -> [DAP_SWJ_Pins(0x80, 0x80, 0) => 0x8F]   (Out: nRESET=1  =>  In: SWCLK/TCK=1, SWDIO/TMS=1, TDI=1, TDO=1, nTRST=0, nRESET=1)
[22:54:05.277]        // while-condition  =>  FALSE
[22:54:05.278]        // end while "(DAP_SWJ_Pins(nReset, nReset, 0) & nReset) == 0"
[22:54:05.278]      </control>
[22:54:05.278]      // end if-block "canReadPins"
[22:54:05.278]    </control>
[22:54:05.278]    <control if="!canReadPins" while="" timeout="0" info="">
[22:54:05.278]      // if-block "!canReadPins"
[22:54:05.278]        // =>  FALSE
[22:54:05.278]      // skip if-block "!canReadPins"
[22:54:05.278]    </control>
[22:54:05.279]    <control if="(ACCESS_POINT_VAL & 0x00E00000) == 0" while="" timeout="0" info="">
[22:54:05.279]      // if-block "(ACCESS_POINT_VAL & 0x00E00000) == 0"
[22:54:05.279]        // =>  TRUE
[22:54:05.279]      <block atomic="false" info="">
[22:54:05.279]        WriteAP(0x00, 0x190008);
[22:54:05.281]          // -> [WriteAP(0x00000000, 0x00190008)]   (__dp=0x00000000, __ap=0x00000004)
[22:54:05.281]        WriteAP(0xF0, 0x01);
[22:54:05.285]          // -> [WriteAP(0x000000F0, 0x00000001)]   (__dp=0x00000000, __ap=0x00000004)
[22:54:05.285]      </block>
[22:54:05.285]      // end if-block "(ACCESS_POINT_VAL & 0x00E00000) == 0"
[22:54:05.285]    </control>
[22:54:05.285]    <control if="(ACCESS_POINT_VAL & 0x00E00000) != 0" while="" timeout="0" info="">
[22:54:05.285]      // if-block "(ACCESS_POINT_VAL & 0x00E00000) != 0"
[22:54:05.286]        // =>  FALSE
[22:54:05.286]      // skip if-block "(ACCESS_POINT_VAL & 0x00E00000) != 0"
[22:54:05.286]    </control>
[22:54:05.286]    <block atomic="false" info="">
[22:54:05.286]      ACCESS_POINT_VAL = ReadAP(0x00);//Reading current state of access point
[22:54:05.290]        // -> [ReadAP(0x00000000) => 0x0079002F]   (__dp=0x00000000, __ap=0x00000004)
[22:54:05.290]        // -> [ACCESS_POINT_VAL <= 0x0079002F]
[22:54:05.290]      Message(0, "Current state of access point is: %x",ACCESS_POINT_VAL);
[22:54:05.292]      __ap = 0; //lets make sure we reset the access point selection
[22:54:05.292]        // -> [__ap <= 0x00000000]
[22:54:05.292]    </block>
[22:54:05.292]  </sequence>
[22:54:05.292]  
[22:54:05.313]  **********  Sequence "DebugDeviceUnlock"  (Context="Connect", Pname="", info="")
[22:54:05.313]  
[22:54:05.314]  <debugvars>
[22:54:05.314]    // Pre-defined
[22:54:05.314]    __protocol=0x00010002      (Protocol="SWD", SWJ-DP="True")
[22:54:05.314]    __connection=0x00000202    (Connection Type="Flash", Reset Type="System Reset")
[22:54:05.314]    __dp=0x00000000
[22:54:05.315]    __ap=0x00000000
[22:54:05.315]    __traceout=0x00000000      (Trace Disabled)
[22:54:05.315]    __errorcontrol=0x00000000  (Skip Errors="False")
[22:54:05.315]    __FlashAddr=0x00000000
[22:54:05.315]    __FlashLen=0x00000000
[22:54:05.315]    __FlashArg=0x00000000
[22:54:05.315]    __FlashOp=0x00000000
[22:54:05.316]    __Result=0x00000000
[22:54:05.316]  </debugvars>
[22:54:05.316]  
[22:54:05.316]  <sequence name="DebugDeviceUnlock" Pname="" disable="false" info="">
[22:54:05.316]    <block atomic="false" info="">
[22:54:05.316]      __var deviceID = 0;
[22:54:05.316]        // -> [deviceID <= 0x00000000]
[22:54:05.316]      __var version = 0;
[22:54:05.317]        // -> [version <= 0x00000000]
[22:54:05.317]      __var partNum = 0;
[22:54:05.317]        // -> [partNum <= 0x00000000]
[22:54:05.317]      __var manuf = 0;
[22:54:05.317]        // -> [manuf <= 0x00000000]
[22:54:05.317]      __var isMSPM0G1X0X_G3X0X = 0;
[22:54:05.318]        // -> [isMSPM0G1X0X_G3X0X <= 0x00000000]
[22:54:05.318]      __var isProduction = 0;
[22:54:05.318]        // -> [isProduction <= 0x00000000]
[22:54:05.318]      __var continueId = 0;
[22:54:05.318]        // -> [continueId <= 0x00000000]
[22:54:05.318]      deviceID =   Read32(0x41C40004);
[22:54:05.324]        // -> [Read32(0x41C40004) => 0x2BB8802F]   (__dp=0x00000000, __ap=0x00000000)
[22:54:05.324]        // -> [deviceID <= 0x2BB8802F]
[22:54:05.324]      version = deviceID >> 28;
[22:54:05.324]        // -> [version <= 0x00000002]
[22:54:05.325]      partNum = (deviceID & 0x0FFFF000) >> 12;
[22:54:05.325]        // -> [partNum <= 0x0000BB88]
[22:54:05.325]      manuf = (deviceID & 0x00000FFE) >> 1;
[22:54:05.325]        // -> [manuf <= 0x00000017]
[22:54:05.325]      isMSPM0G1X0X_G3X0X = (partNum == 0xBB88) && (manuf == 0x17);
[22:54:05.325]        // -> [isMSPM0G1X0X_G3X0X <= 0x00000001]
[22:54:05.325]      isProduction = (version > 0);
[22:54:05.325]        // -> [isProduction <= 0x00000001]
[22:54:05.325]    </block>
[22:54:05.325]    <control if="!isMSPM0G1X0X_G3X0X" while="" timeout="0" info="">
[22:54:05.325]      // if-block "!isMSPM0G1X0X_G3X0X"
[22:54:05.325]        // =>  FALSE
[22:54:05.326]      // skip if-block "!isMSPM0G1X0X_G3X0X"
[22:54:05.326]    </control>
[22:54:05.326]    <control if="continueId == 4" while="" timeout="0" info="">
[22:54:05.326]      // if-block "continueId == 4"
[22:54:05.326]        // =>  FALSE
[22:54:05.326]      // skip if-block "continueId == 4"
[22:54:05.326]    </control>
[22:54:05.327]    <control if="!isProduction" while="" timeout="0" info="">
[22:54:05.327]      // if-block "!isProduction"
[22:54:05.327]        // =>  FALSE
[22:54:05.327]      // skip if-block "!isProduction"
[22:54:05.327]    </control>
[22:54:05.327]  </sequence>
[22:54:05.327]  
