/*
 *  CMSIS Pack Debug Access Sequence Log
 *  File        : D:\ai embody\TI preparation\project\MSPM0G3507_Car\project\mdk\SeekFree_MSPM0G3507_Device_Library_Sequences_0001.log
 *  Created     : 16:35:39 (25/07/2026)
 *  Device      : MSPM0G3507
 *  PDSC File   : D:/software/keil5/ARM/PACK/TexasInstruments/MSPM0G1X0X_G3X0X_DFP/1.3.1/TexasInstruments.MSPM0G1X0X_G3X0X_DFP.pdsc
 *
 */

[16:35:39.247]  **********  Sequence "DebugPortSetup"  (Context="Connect", Pname="", info="")
[16:35:39.247]  
[16:35:39.247]  <debugvars>
[16:35:39.247]    // Pre-defined
[16:35:39.248]    __protocol=0x00010002      (Protocol="SWD", SWJ-DP="True")
[16:35:39.248]    __connection=0x00000202    (Connection Type="Flash", Reset Type="System Reset")
[16:35:39.248]    __dp=0x00000000
[16:35:39.248]    __ap=0x00000000
[16:35:39.249]    __traceout=0x00000000      (Trace Disabled)
[16:35:39.249]    __errorcontrol=0x00000000  (Skip Errors="False")
[16:35:39.249]    __FlashAddr=0x00000000
[16:35:39.249]    __FlashLen=0x00000000
[16:35:39.249]    __FlashArg=0x00000000
[16:35:39.249]    __FlashOp=0x00000000
[16:35:39.249]    __Result=0x00000000
[16:35:39.249]  </debugvars>
[16:35:39.249]  
[16:35:39.250]  <sequence name="DebugPortSetup" Pname="" disable="false" info="">
[16:35:39.250]    <block atomic="false" info="">
[16:35:39.250]      __var isSWJ      = ((__protocol & 0x00010000) != 0);
[16:35:39.250]        // -> [isSWJ <= 0x00000001]
[16:35:39.250]      __var hasDormant = __protocol & 0x00020000;
[16:35:39.250]        // -> [hasDormant <= 0x00000000]
[16:35:39.250]      __var protType   = __protocol & 0x0000FFFF;
[16:35:39.250]        // -> [protType <= 0x00000002]
[16:35:39.250]    </block>
[16:35:39.251]    <control if="protType == 1" while="" timeout="0" info="">
[16:35:39.251]      // if-block "protType == 1"
[16:35:39.251]        // =>  FALSE
[16:35:39.251]      // skip if-block "protType == 1"
[16:35:39.251]    </control>
[16:35:39.251]    <control if="protType == 2" while="" timeout="0" info="">
[16:35:39.251]      // if-block "protType == 2"
[16:35:39.251]        // =>  TRUE
[16:35:39.252]      <control if="isSWJ" while="" timeout="0" info="">
[16:35:39.252]        // if-block "isSWJ"
[16:35:39.252]          // =>  TRUE
[16:35:39.252]        <control if="hasDormant" while="" timeout="0" info="">
[16:35:39.252]          // if-block "hasDormant"
[16:35:39.252]            // =>  FALSE
[16:35:39.252]          // skip if-block "hasDormant"
[16:35:39.252]        </control>
[16:35:39.253]        <control if="!hasDormant" while="" timeout="0" info="">
[16:35:39.253]          // if-block "!hasDormant"
[16:35:39.253]            // =>  TRUE
[16:35:39.253]          <block atomic="false" info="">
[16:35:39.253]            DAP_SWJ_Sequence(51, 0x0007FFFFFFFFFFFF); //lets put the JTAG line in a reset state
[16:35:39.255]              // -> [DAP_SWJ_Sequence(51, 0x0007FFFFFFFFFFFF)]
[16:35:39.255]            DAP_SWJ_Sequence(16,0xE73C); //SWD to JTAG, this is to ensure the state machine is initialized
[16:35:39.257]              // -> [DAP_SWJ_Sequence(16, 0x000000000000E73C)]
[16:35:39.257]            DAP_SWJ_Sequence(51, 0x0007FFFFFFFFFFFF); //Put it back in reset
[16:35:39.259]              // -> [DAP_SWJ_Sequence(51, 0x0007FFFFFFFFFFFF)]
[16:35:39.259]            DAP_SWJ_Sequence(16, 0xE79E); //JTAG to SWD switch
[16:35:39.261]              // -> [DAP_SWJ_Sequence(16, 0x000000000000E79E)]
[16:35:39.261]            DAP_SWJ_Sequence(51, 0x0007FFFFFFFFFFFF);  //Ensure the switch is successful 
[16:35:39.263]              // -> [DAP_SWJ_Sequence(51, 0x0007FFFFFFFFFFFF)]
[16:35:39.263]            DAP_SWJ_Sequence(7,  0x00); //Give the line some time to initialize
[16:35:39.265]              // -> [DAP_SWJ_Sequence(7, 0x0000000000000000)]
[16:35:39.265]          </block>
[16:35:39.265]          // end if-block "!hasDormant"
[16:35:39.265]        </control>
[16:35:39.265]        // end if-block "isSWJ"
[16:35:39.266]      </control>
[16:35:39.266]      <control if="!isSWJ" while="" timeout="0" info="">
[16:35:39.266]        // if-block "!isSWJ"
[16:35:39.266]          // =>  FALSE
[16:35:39.266]        // skip if-block "!isSWJ"
[16:35:39.266]      </control>
[16:35:39.266]      <block atomic="false" info="">
[16:35:39.266]        ReadDP(0x0);
[16:35:39.269]          // -> [ReadDP(0x00000000) => 0x6BA02477]   (__dp=0x00000000)
[16:35:39.269]      </block>
[16:35:39.269]      // end if-block "protType == 2"
[16:35:39.269]    </control>
[16:35:39.269]  </sequence>
[16:35:39.270]  
[16:35:39.274]  **********  Sequence "DebugPortStart"  (Context="Connect", Pname="", info="")
[16:35:39.274]  
[16:35:39.275]  <debugvars>
[16:35:39.275]    // Pre-defined
[16:35:39.275]    __protocol=0x00010002      (Protocol="SWD", SWJ-DP="True")
[16:35:39.275]    __connection=0x00000202    (Connection Type="Flash", Reset Type="System Reset")
[16:35:39.275]    __dp=0x00000000
[16:35:39.275]    __ap=0x00000000
[16:35:39.275]    __traceout=0x00000000      (Trace Disabled)
[16:35:39.275]    __errorcontrol=0x00000000  (Skip Errors="False")
[16:35:39.276]    __FlashAddr=0x00000000
[16:35:39.276]    __FlashLen=0x00000000
[16:35:39.276]    __FlashArg=0x00000000
[16:35:39.276]    __FlashOp=0x00000000
[16:35:39.276]    __Result=0x00000000
[16:35:39.276]  </debugvars>
[16:35:39.276]  
[16:35:39.276]  <sequence name="DebugPortStart" Pname="" disable="false" info="">
[16:35:39.277]    <block atomic="false" info="">
[16:35:39.277]      __var SW_DP_ABORT       = 0x0;
[16:35:39.277]        // -> [SW_DP_ABORT <= 0x00000000]
[16:35:39.277]      __var DP_CTRL_STAT      = 0x4;
[16:35:39.277]        // -> [DP_CTRL_STAT <= 0x00000004]
[16:35:39.277]      __var DP_SELECT         = 0x8;
[16:35:39.277]        // -> [DP_SELECT <= 0x00000008]
[16:35:39.277]      __var powered_down      = 0;
[16:35:39.277]        // -> [powered_down <= 0x00000000]
[16:35:39.278]      WriteDP(DP_SELECT, 0x00000000);
[16:35:39.279]        // -> [WriteDP(0x00000008, 0x00000000)]   (__dp=0x00000000)
[16:35:39.280]      powered_down = ((ReadDP(DP_CTRL_STAT) & 0xA0000000) != 0xA0000000);
[16:35:39.281]        // -> [ReadDP(0x00000004) => 0x00000040]   (__dp=0x00000000)
[16:35:39.282]        // -> [powered_down <= 0x00000001]
[16:35:39.282]    </block>
[16:35:39.282]    <control if="powered_down" while="" timeout="0" info="">
[16:35:39.282]      // if-block "powered_down"
[16:35:39.282]        // =>  TRUE
[16:35:39.282]      <block atomic="false" info="">
[16:35:39.282]        Message(0, "Debug/System power-up request sent");
[16:35:39.284]        WriteDP(DP_CTRL_STAT, 0x50000000);
[16:35:39.286]          // -> [WriteDP(0x00000004, 0x50000000)]   (__dp=0x00000000)
[16:35:39.287]      </block>
[16:35:39.287]      <control if="" while="(ReadDP(DP_CTRL_STAT) & 0xA0000000) != 0xA0000000" timeout="1000000" info="">
[16:35:39.287]        // while "(ReadDP(DP_CTRL_STAT) & 0xA0000000) != 0xA0000000"  (timeout="1000000")
[16:35:39.289]          // -> [ReadDP(0x00000004) => 0xF0000040]   (__dp=0x00000000)
[16:35:39.290]        // while-condition  =>  FALSE
[16:35:39.290]        // end while "(ReadDP(DP_CTRL_STAT) & 0xA0000000) != 0xA0000000"
[16:35:39.290]      </control>
[16:35:39.290]      <control if="(__protocol & 0xFFFF) == 1" while="" timeout="0" info="">
[16:35:39.290]        // if-block "(__protocol & 0xFFFF) == 1"
[16:35:39.290]          // =>  FALSE
[16:35:39.290]        // skip if-block "(__protocol & 0xFFFF) == 1"
[16:35:39.291]      </control>
[16:35:39.291]      <control if="(__protocol & 0xFFFF) == 2" while="" timeout="0" info="">
[16:35:39.291]        // if-block "(__protocol & 0xFFFF) == 2"
[16:35:39.291]          // =>  TRUE
[16:35:39.291]        <block atomic="false" info="">
[16:35:39.292]          Message(0, "executing SWD power up");
[16:35:39.293]          WriteDP(DP_CTRL_STAT, 0x50000F00);
[16:35:39.295]            // -> [WriteDP(0x00000004, 0x50000F00)]   (__dp=0x00000000)
[16:35:39.296]          WriteDP(SW_DP_ABORT, 0x0000001E);
[16:35:39.297]            // -> [WriteDP(0x00000000, 0x0000001E)]   (__dp=0x00000000)
[16:35:39.298]        </block>
[16:35:39.298]        // end if-block "(__protocol & 0xFFFF) == 2"
[16:35:39.298]      </control>
[16:35:39.298]      // end if-block "powered_down"
[16:35:39.298]    </control>
[16:35:39.299]    <block atomic="false" info="">
[16:35:39.299]      __var DEBUG_PORT_VAL    = 0;
[16:35:39.299]        // -> [DEBUG_PORT_VAL <= 0x00000000]
[16:35:39.299]      __var ACCESS_POINT_VAL  = 0;
[16:35:39.299]        // -> [ACCESS_POINT_VAL <= 0x00000000]
[16:35:39.299]      __ap = 1; 
[16:35:39.299]        // -> [__ap <= 0x00000001]
[16:35:39.300]      WriteAP(0x0C, 0x04); //lets use the mini pwr-ap as backup
[16:35:39.303]        // -> [WriteAP(0x0000000C, 0x00000004)]   (__dp=0x00000000, __ap=0x00000001)
[16:35:39.304]      __ap = 4;
[16:35:39.304]        // -> [__ap <= 0x00000004]
[16:35:39.304]      ACCESS_POINT_VAL = ReadAP(0x00);//Reading current state of access point
[16:35:39.308]        // -> [ReadAP(0x00000000) => 0x00080027]   (__dp=0x00000000, __ap=0x00000004)
[16:35:39.309]        // -> [ACCESS_POINT_VAL <= 0x00080027]
[16:35:39.309]      Message(0, "Current state of access point is: %x",ACCESS_POINT_VAL);
[16:35:39.310]    </block>
[16:35:39.310]    <block atomic="false" info="">
[16:35:39.310]      __var nReset = 0x80;
[16:35:39.311]        // -> [nReset <= 0x00000080]
[16:35:39.311]      __var canReadPins = 0;
[16:35:39.311]        // -> [canReadPins <= 0x00000000]
[16:35:39.311]      canReadPins = (DAP_SWJ_Pins(0x00, nReset, 0) != 0xFFFFFFFF);
[16:35:39.313]        // -> [DAP_SWJ_Pins(0x00, 0x80, 0) => 0x0F]   (Out: nRESET=0  =>  In: SWCLK/TCK=1, SWDIO/TMS=1, TDI=1, TDO=1, nTRST=0, nRESET=0)
[16:35:39.314]        // -> [canReadPins <= 0x00000001]
[16:35:39.314]    </block>
[16:35:39.314]    <control if="" while="1" timeout="200" info="">
[16:35:39.314]      // while "1"  (timeout="200")
[16:35:39.314]      // while-condition  =>  TRUE
[16:35:39.315]      // while "1"  (timeout="200")
[16:35:39.315]      // while-condition  =>  TRUE
[16:35:39.315]      // while "1"  (timeout="200")
[16:35:39.315]      // while-condition  =>  TRUE
[16:35:39.315]      // while "1"  (timeout="200")
[16:35:39.315]      // while-condition  =>  TRUE
[16:35:39.315]      // while "1"  (timeout="200")
[16:35:39.316]      // while-condition  =>  TRUE
[16:35:39.316]      // while "1"  (timeout="200")
[16:35:39.316]      // while-condition  =>  TRUE
[16:35:39.316]      // while "1"  (timeout="200")
[16:35:39.316]      // while-condition  =>  TRUE
[16:35:39.316]      // while "1"  (timeout="200")
[16:35:39.316]      // while-condition  =>  TRUE
[16:35:39.317]      // while "1"  (timeout="200")
[16:35:39.317]      // while-condition  =>  TRUE
[16:35:39.317]      // while "1"  (timeout="200")
[16:35:39.317]      // while-condition  =>  TRUE
[16:35:39.317]      // while "1"  (timeout="200")
[16:35:39.317]      // while-condition  =>  TRUE
[16:35:39.318]      // while "1"  (timeout="200")
[16:35:39.318]      // while-condition  =>  TRUE
[16:35:39.318]      // while "1"  (timeout="200")
[16:35:39.318]      // while-condition  =>  TRUE
[16:35:39.318]      // while "1"  (timeout="200")
[16:35:39.318]      // while-condition  =>  TRUE
[16:35:39.318]      // while "1"  (timeout="200")
[16:35:39.319]      // while-condition  =>  TRUE
[16:35:39.319]      // while "1"  (timeout="200")
[16:35:39.319]      // while-condition  =>  TRUE
[16:35:39.319]      // while "1"  (timeout="200")
[16:35:39.319]      // while-condition  =>  TRUE
[16:35:39.319]      // while "1"  (timeout="200")
[16:35:39.320]      // while-condition  =>  TRUE
[16:35:39.320]      // while "1"  (timeout="200")
[16:35:39.320]      // while-condition  =>  TRUE
[16:35:39.320]      // while "1"  (timeout="200")
[16:35:39.320]      // while-condition  =>  TRUE
[16:35:39.320]      // while "1"  (timeout="200")
[16:35:39.321]      // while-condition  =>  TRUE
[16:35:39.321]      // while "1"  (timeout="200")
[16:35:39.321]      // while  =>  TIMEOUT
[16:35:39.321]      // end while "1"
[16:35:39.321]    </control>
[16:35:39.321]    <control if="canReadPins" while="" timeout="0" info="">
[16:35:39.321]      // if-block "canReadPins"
[16:35:39.322]        // =>  TRUE
[16:35:39.322]      <control if="" while="(DAP_SWJ_Pins(nReset, nReset, 0) & nReset) == 0" timeout="1000000" info="">
[16:35:39.322]        // while "(DAP_SWJ_Pins(nReset, nReset, 0) & nReset) == 0"  (timeout="1000000")
[16:35:39.323]          // -> [DAP_SWJ_Pins(0x80, 0x80, 0) => 0x8F]   (Out: nRESET=1  =>  In: SWCLK/TCK=1, SWDIO/TMS=1, TDI=1, TDO=1, nTRST=0, nRESET=1)
[16:35:39.324]        // while-condition  =>  FALSE
[16:35:39.324]        // end while "(DAP_SWJ_Pins(nReset, nReset, 0) & nReset) == 0"
[16:35:39.324]      </control>
[16:35:39.324]      // end if-block "canReadPins"
[16:35:39.324]    </control>
[16:35:39.324]    <control if="!canReadPins" while="" timeout="0" info="">
[16:35:39.324]      // if-block "!canReadPins"
[16:35:39.325]        // =>  FALSE
[16:35:39.325]      // skip if-block "!canReadPins"
[16:35:39.325]    </control>
[16:35:39.325]    <control if="(ACCESS_POINT_VAL & 0x00E00000) == 0" while="" timeout="0" info="">
[16:35:39.325]      // if-block "(ACCESS_POINT_VAL & 0x00E00000) == 0"
[16:35:39.325]        // =>  TRUE
[16:35:39.325]      <block atomic="false" info="">
[16:35:39.325]        WriteAP(0x00, 0x190008);
[16:35:39.327]          // -> [WriteAP(0x00000000, 0x00190008)]   (__dp=0x00000000, __ap=0x00000004)
[16:35:39.328]        WriteAP(0xF0, 0x01);
[16:35:39.331]          // -> [WriteAP(0x000000F0, 0x00000001)]   (__dp=0x00000000, __ap=0x00000004)
[16:35:39.332]      </block>
[16:35:39.332]      // end if-block "(ACCESS_POINT_VAL & 0x00E00000) == 0"
[16:35:39.332]    </control>
[16:35:39.333]    <control if="(ACCESS_POINT_VAL & 0x00E00000) != 0" while="" timeout="0" info="">
[16:35:39.333]      // if-block "(ACCESS_POINT_VAL & 0x00E00000) != 0"
[16:35:39.333]        // =>  FALSE
[16:35:39.333]      // skip if-block "(ACCESS_POINT_VAL & 0x00E00000) != 0"
[16:35:39.333]    </control>
[16:35:39.333]    <block atomic="false" info="">
[16:35:39.334]      ACCESS_POINT_VAL = ReadAP(0x00);//Reading current state of access point
[16:35:39.337]        // -> [ReadAP(0x00000000) => 0x0079002F]   (__dp=0x00000000, __ap=0x00000004)
[16:35:39.338]        // -> [ACCESS_POINT_VAL <= 0x0079002F]
[16:35:39.338]      Message(0, "Current state of access point is: %x",ACCESS_POINT_VAL);
[16:35:39.340]      __ap = 0; //lets make sure we reset the access point selection
[16:35:39.340]        // -> [__ap <= 0x00000000]
[16:35:39.340]    </block>
[16:35:39.341]  </sequence>
[16:35:39.341]  
[16:35:39.361]  **********  Sequence "DebugDeviceUnlock"  (Context="Connect", Pname="", info="")
[16:35:39.361]  
[16:35:39.362]  <debugvars>
[16:35:39.362]    // Pre-defined
[16:35:39.362]    __protocol=0x00010002      (Protocol="SWD", SWJ-DP="True")
[16:35:39.362]    __connection=0x00000202    (Connection Type="Flash", Reset Type="System Reset")
[16:35:39.362]    __dp=0x00000000
[16:35:39.362]    __ap=0x00000000
[16:35:39.363]    __traceout=0x00000000      (Trace Disabled)
[16:35:39.363]    __errorcontrol=0x00000000  (Skip Errors="False")
[16:35:39.363]    __FlashAddr=0x00000000
[16:35:39.363]    __FlashLen=0x00000000
[16:35:39.363]    __FlashArg=0x00000000
[16:35:39.363]    __FlashOp=0x00000000
[16:35:39.363]    __Result=0x00000000
[16:35:39.363]  </debugvars>
[16:35:39.363]  
[16:35:39.364]  <sequence name="DebugDeviceUnlock" Pname="" disable="false" info="">
[16:35:39.364]    <block atomic="false" info="">
[16:35:39.364]      __var deviceID = 0;
[16:35:39.364]        // -> [deviceID <= 0x00000000]
[16:35:39.364]      __var version = 0;
[16:35:39.364]        // -> [version <= 0x00000000]
[16:35:39.364]      __var partNum = 0;
[16:35:39.365]        // -> [partNum <= 0x00000000]
[16:35:39.365]      __var manuf = 0;
[16:35:39.365]        // -> [manuf <= 0x00000000]
[16:35:39.365]      __var isMSPM0G1X0X_G3X0X = 0;
[16:35:39.365]        // -> [isMSPM0G1X0X_G3X0X <= 0x00000000]
[16:35:39.365]      __var isProduction = 0;
[16:35:39.365]        // -> [isProduction <= 0x00000000]
[16:35:39.365]      __var continueId = 0;
[16:35:39.366]        // -> [continueId <= 0x00000000]
[16:35:39.366]      deviceID =   Read32(0x41C40004);
[16:35:39.372]        // -> [Read32(0x41C40004) => 0x2BB8802F]   (__dp=0x00000000, __ap=0x00000000)
[16:35:39.372]        // -> [deviceID <= 0x2BB8802F]
[16:35:39.372]      version = deviceID >> 28;
[16:35:39.373]        // -> [version <= 0x00000002]
[16:35:39.373]      partNum = (deviceID & 0x0FFFF000) >> 12;
[16:35:39.373]        // -> [partNum <= 0x0000BB88]
[16:35:39.373]      manuf = (deviceID & 0x00000FFE) >> 1;
[16:35:39.373]        // -> [manuf <= 0x00000017]
[16:35:39.373]      isMSPM0G1X0X_G3X0X = (partNum == 0xBB88) && (manuf == 0x17);
[16:35:39.373]        // -> [isMSPM0G1X0X_G3X0X <= 0x00000001]
[16:35:39.373]      isProduction = (version > 0);
[16:35:39.374]        // -> [isProduction <= 0x00000001]
[16:35:39.374]    </block>
[16:35:39.374]    <control if="!isMSPM0G1X0X_G3X0X" while="" timeout="0" info="">
[16:35:39.374]      // if-block "!isMSPM0G1X0X_G3X0X"
[16:35:39.374]        // =>  FALSE
[16:35:39.374]      // skip if-block "!isMSPM0G1X0X_G3X0X"
[16:35:39.374]    </control>
[16:35:39.374]    <control if="continueId == 4" while="" timeout="0" info="">
[16:35:39.374]      // if-block "continueId == 4"
[16:35:39.375]        // =>  FALSE
[16:35:39.375]      // skip if-block "continueId == 4"
[16:35:39.375]    </control>
[16:35:39.375]    <control if="!isProduction" while="" timeout="0" info="">
[16:35:39.375]      // if-block "!isProduction"
[16:35:39.375]        // =>  FALSE
[16:35:39.375]      // skip if-block "!isProduction"
[16:35:39.375]    </control>
[16:35:39.375]  </sequence>
[16:35:39.376]  
[18:50:48.300]  **********  Sequence "DebugPortSetup"  (Context="Connect", Pname="", info="")
[18:50:48.300]  
[18:50:48.305]  <debugvars>
[18:50:48.305]    // Pre-defined
[18:50:48.305]    __protocol=0x00010002      (Protocol="SWD", SWJ-DP="True")
[18:50:48.305]    __connection=0x00000202    (Connection Type="Flash", Reset Type="System Reset")
[18:50:48.305]    __dp=0x00000000
[18:50:48.305]    __ap=0x00000000
[18:50:48.305]    __traceout=0x00000000      (Trace Disabled)
[18:50:48.305]    __errorcontrol=0x00000000  (Skip Errors="False")
[18:50:48.305]    __FlashAddr=0x00000000
[18:50:48.305]    __FlashLen=0x00000000
[18:50:48.305]    __FlashArg=0x00000000
[18:50:48.305]    __FlashOp=0x00000000
[18:50:48.305]    __Result=0x00000000
[18:50:48.305]  </debugvars>
[18:50:48.305]  
[18:50:48.305]  <sequence name="DebugPortSetup" Pname="" disable="false" info="">
[18:50:48.305]    <block atomic="false" info="">
[18:50:48.305]      __var isSWJ      = ((__protocol & 0x00010000) != 0);
[18:50:48.305]        // -> [isSWJ <= 0x00000001]
[18:50:48.305]      __var hasDormant = __protocol & 0x00020000;
[18:50:48.305]        // -> [hasDormant <= 0x00000000]
[18:50:48.305]      __var protType   = __protocol & 0x0000FFFF;
[18:50:48.305]        // -> [protType <= 0x00000002]
[18:50:48.308]    </block>
[18:50:48.308]    <control if="protType == 1" while="" timeout="0" info="">
[18:50:48.308]      // if-block "protType == 1"
[18:50:48.308]        // =>  FALSE
[18:50:48.308]      // skip if-block "protType == 1"
[18:50:48.308]    </control>
[18:50:48.308]    <control if="protType == 2" while="" timeout="0" info="">
[18:50:48.308]      // if-block "protType == 2"
[18:50:48.308]        // =>  TRUE
[18:50:48.308]      <control if="isSWJ" while="" timeout="0" info="">
[18:50:48.308]        // if-block "isSWJ"
[18:50:48.308]          // =>  TRUE
[18:50:48.310]        <control if="hasDormant" while="" timeout="0" info="">
[18:50:48.310]          // if-block "hasDormant"
[18:50:48.310]            // =>  FALSE
[18:50:48.310]          // skip if-block "hasDormant"
[18:50:48.310]        </control>
[18:50:48.310]        <control if="!hasDormant" while="" timeout="0" info="">
[18:50:48.310]          // if-block "!hasDormant"
[18:50:48.310]            // =>  TRUE
[18:50:48.310]          <block atomic="false" info="">
[18:50:48.310]            DAP_SWJ_Sequence(51, 0x0007FFFFFFFFFFFF); //lets put the JTAG line in a reset state
[18:50:48.310]              // -> [DAP_SWJ_Sequence(51, 0x0007FFFFFFFFFFFF)]
[18:50:48.310]            DAP_SWJ_Sequence(16,0xE73C); //SWD to JTAG, this is to ensure the state machine is initialized
[18:50:48.315]              // -> [DAP_SWJ_Sequence(16, 0x000000000000E73C)]
[18:50:48.315]            DAP_SWJ_Sequence(51, 0x0007FFFFFFFFFFFF); //Put it back in reset
[18:50:48.315]              // -> [DAP_SWJ_Sequence(51, 0x0007FFFFFFFFFFFF)]
[18:50:48.315]            DAP_SWJ_Sequence(16, 0xE79E); //JTAG to SWD switch
[18:50:48.315]              // -> [DAP_SWJ_Sequence(16, 0x000000000000E79E)]
[18:50:48.315]            DAP_SWJ_Sequence(51, 0x0007FFFFFFFFFFFF);  //Ensure the switch is successful 
[18:50:48.320]              // -> [DAP_SWJ_Sequence(51, 0x0007FFFFFFFFFFFF)]
[18:50:48.320]            DAP_SWJ_Sequence(7,  0x00); //Give the line some time to initialize
[18:50:48.320]              // -> [DAP_SWJ_Sequence(7, 0x0000000000000000)]
[18:50:48.320]          </block>
[18:50:48.320]          // end if-block "!hasDormant"
[18:50:48.320]        </control>
[18:50:48.320]        // end if-block "isSWJ"
[18:50:48.320]      </control>
[18:50:48.320]      <control if="!isSWJ" while="" timeout="0" info="">
[18:50:48.320]        // if-block "!isSWJ"
[18:50:48.320]          // =>  FALSE
[18:50:48.320]        // skip if-block "!isSWJ"
[18:50:48.320]      </control>
[18:50:48.320]      <block atomic="false" info="">
[18:50:48.320]        ReadDP(0x0);
[18:50:48.325]          // -> [ReadDP(0x00000000) => 0x6BA02477]   (__dp=0x00000000)
[18:50:48.325]      </block>
[18:50:48.325]      // end if-block "protType == 2"
[18:50:48.325]    </control>
[18:50:48.325]  </sequence>
[18:50:48.325]  
[18:50:48.330]  **********  Sequence "DebugPortStart"  (Context="Connect", Pname="", info="")
[18:50:48.330]  
[18:50:48.330]  <debugvars>
[18:50:48.330]    // Pre-defined
[18:50:48.330]    __protocol=0x00010002      (Protocol="SWD", SWJ-DP="True")
[18:50:48.330]    __connection=0x00000202    (Connection Type="Flash", Reset Type="System Reset")
[18:50:48.330]    __dp=0x00000000
[18:50:48.330]    __ap=0x00000000
[18:50:48.330]    __traceout=0x00000000      (Trace Disabled)
[18:50:48.330]    __errorcontrol=0x00000000  (Skip Errors="False")
[18:50:48.330]    __FlashAddr=0x00000000
[18:50:48.330]    __FlashLen=0x00000000
[18:50:48.330]    __FlashArg=0x00000000
[18:50:48.330]    __FlashOp=0x00000000
[18:50:48.330]    __Result=0x00000000
[18:50:48.330]  </debugvars>
[18:50:48.330]  
[18:50:48.330]  <sequence name="DebugPortStart" Pname="" disable="false" info="">
[18:50:48.330]    <block atomic="false" info="">
[18:50:48.330]      __var SW_DP_ABORT       = 0x0;
[18:50:48.330]        // -> [SW_DP_ABORT <= 0x00000000]
[18:50:48.330]      __var DP_CTRL_STAT      = 0x4;
[18:50:48.330]        // -> [DP_CTRL_STAT <= 0x00000004]
[18:50:48.330]      __var DP_SELECT         = 0x8;
[18:50:48.330]        // -> [DP_SELECT <= 0x00000008]
[18:50:48.330]      __var powered_down      = 0;
[18:50:48.330]        // -> [powered_down <= 0x00000000]
[18:50:48.330]      WriteDP(DP_SELECT, 0x00000000);
[18:50:48.337]        // -> [WriteDP(0x00000008, 0x00000000)]   (__dp=0x00000000)
[18:50:48.338]      powered_down = ((ReadDP(DP_CTRL_STAT) & 0xA0000000) != 0xA0000000);
[18:50:48.340]        // -> [ReadDP(0x00000004) => 0x00000040]   (__dp=0x00000000)
[18:50:48.340]        // -> [powered_down <= 0x00000001]
[18:50:48.341]    </block>
[18:50:48.341]    <control if="powered_down" while="" timeout="0" info="">
[18:50:48.341]      // if-block "powered_down"
[18:50:48.341]        // =>  TRUE
[18:50:48.341]      <block atomic="false" info="">
[18:50:48.341]        Message(0, "Debug/System power-up request sent");
[18:50:48.343]        WriteDP(DP_CTRL_STAT, 0x50000000);
[18:50:48.346]          // -> [WriteDP(0x00000004, 0x50000000)]   (__dp=0x00000000)
[18:50:48.346]      </block>
[18:50:48.346]      <control if="" while="(ReadDP(DP_CTRL_STAT) & 0xA0000000) != 0xA0000000" timeout="1000000" info="">
[18:50:48.346]        // while "(ReadDP(DP_CTRL_STAT) & 0xA0000000) != 0xA0000000"  (timeout="1000000")
[18:50:48.348]          // -> [ReadDP(0x00000004) => 0xF0000040]   (__dp=0x00000000)
[18:50:48.348]        // while-condition  =>  FALSE
[18:50:48.349]        // end while "(ReadDP(DP_CTRL_STAT) & 0xA0000000) != 0xA0000000"
[18:50:48.349]      </control>
[18:50:48.349]      <control if="(__protocol & 0xFFFF) == 1" while="" timeout="0" info="">
[18:50:48.349]        // if-block "(__protocol & 0xFFFF) == 1"
[18:50:48.349]          // =>  FALSE
[18:50:48.349]        // skip if-block "(__protocol & 0xFFFF) == 1"
[18:50:48.350]      </control>
[18:50:48.350]      <control if="(__protocol & 0xFFFF) == 2" while="" timeout="0" info="">
[18:50:48.350]        // if-block "(__protocol & 0xFFFF) == 2"
[18:50:48.350]          // =>  TRUE
[18:50:48.350]        <block atomic="false" info="">
[18:50:48.350]          Message(0, "executing SWD power up");
[18:50:48.351]          WriteDP(DP_CTRL_STAT, 0x50000F00);
[18:50:48.354]            // -> [WriteDP(0x00000004, 0x50000F00)]   (__dp=0x00000000)
[18:50:48.354]          WriteDP(SW_DP_ABORT, 0x0000001E);
[18:50:48.355]            // -> [WriteDP(0x00000000, 0x0000001E)]   (__dp=0x00000000)
[18:50:48.355]        </block>
[18:50:48.355]        // end if-block "(__protocol & 0xFFFF) == 2"
[18:50:48.355]      </control>
[18:50:48.355]      // end if-block "powered_down"
[18:50:48.355]    </control>
[18:50:48.355]    <block atomic="false" info="">
[18:50:48.355]      __var DEBUG_PORT_VAL    = 0;
[18:50:48.355]        // -> [DEBUG_PORT_VAL <= 0x00000000]
[18:50:48.355]      __var ACCESS_POINT_VAL  = 0;
[18:50:48.355]        // -> [ACCESS_POINT_VAL <= 0x00000000]
[18:50:48.355]      __ap = 1; 
[18:50:48.355]        // -> [__ap <= 0x00000001]
[18:50:48.355]      WriteAP(0x0C, 0x04); //lets use the mini pwr-ap as backup
[18:50:48.363]        // -> [WriteAP(0x0000000C, 0x00000004)]   (__dp=0x00000000, __ap=0x00000001)
[18:50:48.363]      __ap = 4;
[18:50:48.363]        // -> [__ap <= 0x00000004]
[18:50:48.363]      ACCESS_POINT_VAL = ReadAP(0x00);//Reading current state of access point
[18:50:48.366]        // -> [ReadAP(0x00000000) => 0x00080027]   (__dp=0x00000000, __ap=0x00000004)
[18:50:48.366]        // -> [ACCESS_POINT_VAL <= 0x00080027]
[18:50:48.366]      Message(0, "Current state of access point is: %x",ACCESS_POINT_VAL);
[18:50:48.366]    </block>
[18:50:48.366]    <block atomic="false" info="">
[18:50:48.366]      __var nReset = 0x80;
[18:50:48.371]        // -> [nReset <= 0x00000080]
[18:50:48.371]      __var canReadPins = 0;
[18:50:48.371]        // -> [canReadPins <= 0x00000000]
[18:50:48.371]      canReadPins = (DAP_SWJ_Pins(0x00, nReset, 0) != 0xFFFFFFFF);
[18:50:48.371]        // -> [DAP_SWJ_Pins(0x00, 0x80, 0) => 0x0F]   (Out: nRESET=0  =>  In: SWCLK/TCK=1, SWDIO/TMS=1, TDI=1, TDO=1, nTRST=0, nRESET=0)
[18:50:48.371]        // -> [canReadPins <= 0x00000001]
[18:50:48.371]    </block>
[18:50:48.371]    <control if="" while="1" timeout="200" info="">
[18:50:48.371]      // while "1"  (timeout="200")
[18:50:48.371]      // while-condition  =>  TRUE
[18:50:48.371]      // while "1"  (timeout="200")
[18:50:48.371]      // while-condition  =>  TRUE
[18:50:48.371]      // while "1"  (timeout="200")
[18:50:48.371]      // while-condition  =>  TRUE
[18:50:48.371]      // while "1"  (timeout="200")
[18:50:48.371]      // while-condition  =>  TRUE
[18:50:48.371]      // while "1"  (timeout="200")
[18:50:48.371]      // while-condition  =>  TRUE
[18:50:48.371]      // while "1"  (timeout="200")
[18:50:48.371]      // while-condition  =>  TRUE
[18:50:48.376]      // while "1"  (timeout="200")
[18:50:48.376]      // while-condition  =>  TRUE
[18:50:48.376]      // while "1"  (timeout="200")
[18:50:48.376]      // while-condition  =>  TRUE
[18:50:48.376]      // while "1"  (timeout="200")
[18:50:48.376]      // while-condition  =>  TRUE
[18:50:48.376]      // while "1"  (timeout="200")
[18:50:48.376]      // while-condition  =>  TRUE
[18:50:48.376]      // while "1"  (timeout="200")
[18:50:48.376]      // while-condition  =>  TRUE
[18:50:48.376]      // while "1"  (timeout="200")
[18:50:48.376]      // while-condition  =>  TRUE
[18:50:48.376]      // while "1"  (timeout="200")
[18:50:48.376]      // while-condition  =>  TRUE
[18:50:48.376]      // while "1"  (timeout="200")
[18:50:48.376]      // while-condition  =>  TRUE
[18:50:48.376]      // while "1"  (timeout="200")
[18:50:48.376]      // while-condition  =>  TRUE
[18:50:48.376]      // while "1"  (timeout="200")
[18:50:48.376]      // while-condition  =>  TRUE
[18:50:48.376]      // while "1"  (timeout="200")
[18:50:48.376]      // while-condition  =>  TRUE
[18:50:48.376]      // while "1"  (timeout="200")
[18:50:48.376]      // while-condition  =>  TRUE
[18:50:48.376]      // while "1"  (timeout="200")
[18:50:48.376]      // while-condition  =>  TRUE
[18:50:48.376]      // while "1"  (timeout="200")
[18:50:48.376]      // while-condition  =>  TRUE
[18:50:48.376]      // while "1"  (timeout="200")
[18:50:48.376]      // while-condition  =>  TRUE
[18:50:48.376]      // while "1"  (timeout="200")
[18:50:48.376]      // while-condition  =>  TRUE
[18:50:48.376]      // while "1"  (timeout="200")
[18:50:48.376]      // while-condition  =>  TRUE
[18:50:48.376]      // while "1"  (timeout="200")
[18:50:48.376]      // while-condition  =>  TRUE
[18:50:48.376]      // while "1"  (timeout="200")
[18:50:48.376]      // while-condition  =>  TRUE
[18:50:48.376]      // while "1"  (timeout="200")
[18:50:48.381]      // while-condition  =>  TRUE
[18:50:48.381]      // while "1"  (timeout="200")
[18:50:48.381]      // while-condition  =>  TRUE
[18:50:48.381]      // while "1"  (timeout="200")
[18:50:48.381]      // while-condition  =>  TRUE
[18:50:48.381]      // while "1"  (timeout="200")
[18:50:48.381]      // while-condition  =>  TRUE
[18:50:48.381]      // while "1"  (timeout="200")
[18:50:48.381]      // while-condition  =>  TRUE
[18:50:48.381]      // while "1"  (timeout="200")
[18:50:48.381]      // while-condition  =>  TRUE
[18:50:48.381]      // while "1"  (timeout="200")
[18:50:48.381]      // while-condition  =>  TRUE
[18:50:48.381]      // while "1"  (timeout="200")
[18:50:48.381]      // while-condition  =>  TRUE
[18:50:48.381]      // while "1"  (timeout="200")
[18:50:48.381]      // while-condition  =>  TRUE
[18:50:48.381]      // while "1"  (timeout="200")
[18:50:48.381]      // while-condition  =>  TRUE
[18:50:48.381]      // while "1"  (timeout="200")
[18:50:48.381]      // while-condition  =>  TRUE
[18:50:48.381]      // while "1"  (timeout="200")
[18:50:48.381]      // while-condition  =>  TRUE
[18:50:48.381]      // while "1"  (timeout="200")
[18:50:48.381]      // while-condition  =>  TRUE
[18:50:48.381]      // while "1"  (timeout="200")
[18:50:48.381]      // while-condition  =>  TRUE
[18:50:48.381]      // while "1"  (timeout="200")
[18:50:48.381]      // while-condition  =>  TRUE
[18:50:48.381]      // while "1"  (timeout="200")
[18:50:48.381]      // while-condition  =>  TRUE
[18:50:48.381]      // while "1"  (timeout="200")
[18:50:48.381]      // while-condition  =>  TRUE
[18:50:48.381]      // while "1"  (timeout="200")
[18:50:48.381]      // while-condition  =>  TRUE
[18:50:48.381]      // while "1"  (timeout="200")
[18:50:48.381]      // while-condition  =>  TRUE
[18:50:48.386]      // while "1"  (timeout="200")
[18:50:48.386]      // while  =>  TIMEOUT
[18:50:48.386]      // end while "1"
[18:50:48.386]    </control>
[18:50:48.386]    <control if="canReadPins" while="" timeout="0" info="">
[18:50:48.386]      // if-block "canReadPins"
[18:50:48.386]        // =>  TRUE
[18:50:48.386]      <control if="" while="(DAP_SWJ_Pins(nReset, nReset, 0) & nReset) == 0" timeout="1000000" info="">
[18:50:48.386]        // while "(DAP_SWJ_Pins(nReset, nReset, 0) & nReset) == 0"  (timeout="1000000")
[18:50:48.386]          // -> [DAP_SWJ_Pins(0x80, 0x80, 0) => 0x8F]   (Out: nRESET=1  =>  In: SWCLK/TCK=1, SWDIO/TMS=1, TDI=1, TDO=1, nTRST=0, nRESET=1)
[18:50:48.386]        // while-condition  =>  FALSE
[18:50:48.386]        // end while "(DAP_SWJ_Pins(nReset, nReset, 0) & nReset) == 0"
[18:50:48.386]      </control>
[18:50:48.386]      // end if-block "canReadPins"
[18:50:48.386]    </control>
[18:50:48.386]    <control if="!canReadPins" while="" timeout="0" info="">
[18:50:48.386]      // if-block "!canReadPins"
[18:50:48.386]        // =>  FALSE
[18:50:48.386]      // skip if-block "!canReadPins"
[18:50:48.386]    </control>
[18:50:48.386]    <control if="(ACCESS_POINT_VAL & 0x00E00000) == 0" while="" timeout="0" info="">
[18:50:48.391]      // if-block "(ACCESS_POINT_VAL & 0x00E00000) == 0"
[18:50:48.391]        // =>  TRUE
[18:50:48.391]      <block atomic="false" info="">
[18:50:48.391]        WriteAP(0x00, 0x190008);
[18:50:48.391]          // -> [WriteAP(0x00000000, 0x00190008)]   (__dp=0x00000000, __ap=0x00000004)
[18:50:48.391]        WriteAP(0xF0, 0x01);
[18:50:48.396]          // -> [WriteAP(0x000000F0, 0x00000001)]   (__dp=0x00000000, __ap=0x00000004)
[18:50:48.396]      </block>
[18:50:48.396]      // end if-block "(ACCESS_POINT_VAL & 0x00E00000) == 0"
[18:50:48.396]    </control>
[18:50:48.396]    <control if="(ACCESS_POINT_VAL & 0x00E00000) != 0" while="" timeout="0" info="">
[18:50:48.396]      // if-block "(ACCESS_POINT_VAL & 0x00E00000) != 0"
[18:50:48.396]        // =>  FALSE
[18:50:48.396]      // skip if-block "(ACCESS_POINT_VAL & 0x00E00000) != 0"
[18:50:48.396]    </control>
[18:50:48.396]    <block atomic="false" info="">
[18:50:48.396]      ACCESS_POINT_VAL = ReadAP(0x00);//Reading current state of access point
[18:50:48.401]        // -> [ReadAP(0x00000000) => 0x0079002F]   (__dp=0x00000000, __ap=0x00000004)
[18:50:48.401]        // -> [ACCESS_POINT_VAL <= 0x0079002F]
[18:50:48.401]      Message(0, "Current state of access point is: %x",ACCESS_POINT_VAL);
[18:50:48.401]      __ap = 0; //lets make sure we reset the access point selection
[18:50:48.407]        // -> [__ap <= 0x00000000]
[18:50:48.407]    </block>
[18:50:48.407]  </sequence>
[18:50:48.407]  
[18:50:48.428]  **********  Sequence "DebugDeviceUnlock"  (Context="Connect", Pname="", info="")
[18:50:48.428]  
[18:50:48.428]  <debugvars>
[18:50:48.428]    // Pre-defined
[18:50:48.429]    __protocol=0x00010002      (Protocol="SWD", SWJ-DP="True")
[18:50:48.429]    __connection=0x00000202    (Connection Type="Flash", Reset Type="System Reset")
[18:50:48.429]    __dp=0x00000000
[18:50:48.429]    __ap=0x00000000
[18:50:48.429]    __traceout=0x00000000      (Trace Disabled)
[18:50:48.429]    __errorcontrol=0x00000000  (Skip Errors="False")
[18:50:48.429]    __FlashAddr=0x00000000
[18:50:48.429]    __FlashLen=0x00000000
[18:50:48.429]    __FlashArg=0x00000000
[18:50:48.429]    __FlashOp=0x00000000
[18:50:48.429]    __Result=0x00000000
[18:50:48.429]  </debugvars>
[18:50:48.429]  
[18:50:48.429]  <sequence name="DebugDeviceUnlock" Pname="" disable="false" info="">
[18:50:48.429]    <block atomic="false" info="">
[18:50:48.429]      __var deviceID = 0;
[18:50:48.429]        // -> [deviceID <= 0x00000000]
[18:50:48.429]      __var version = 0;
[18:50:48.429]        // -> [version <= 0x00000000]
[18:50:48.429]      __var partNum = 0;
[18:50:48.429]        // -> [partNum <= 0x00000000]
[18:50:48.429]      __var manuf = 0;
[18:50:48.429]        // -> [manuf <= 0x00000000]
[18:50:48.429]      __var isMSPM0G1X0X_G3X0X = 0;
[18:50:48.429]        // -> [isMSPM0G1X0X_G3X0X <= 0x00000000]
[18:50:48.429]      __var isProduction = 0;
[18:50:48.429]        // -> [isProduction <= 0x00000000]
[18:50:48.429]      __var continueId = 0;
[18:50:48.429]        // -> [continueId <= 0x00000000]
[18:50:48.433]      deviceID =   Read32(0x41C40004);
[18:50:48.438]        // -> [Read32(0x41C40004) => 0x2BB8802F]   (__dp=0x00000000, __ap=0x00000000)
[18:50:48.438]        // -> [deviceID <= 0x2BB8802F]
[18:50:48.438]      version = deviceID >> 28;
[18:50:48.438]        // -> [version <= 0x00000002]
[18:50:48.438]      partNum = (deviceID & 0x0FFFF000) >> 12;
[18:50:48.438]        // -> [partNum <= 0x0000BB88]
[18:50:48.438]      manuf = (deviceID & 0x00000FFE) >> 1;
[18:50:48.438]        // -> [manuf <= 0x00000017]
[18:50:48.438]      isMSPM0G1X0X_G3X0X = (partNum == 0xBB88) && (manuf == 0x17);
[18:50:48.438]        // -> [isMSPM0G1X0X_G3X0X <= 0x00000001]
[18:50:48.438]      isProduction = (version > 0);
[18:50:48.438]        // -> [isProduction <= 0x00000001]
[18:50:48.438]    </block>
[18:50:48.438]    <control if="!isMSPM0G1X0X_G3X0X" while="" timeout="0" info="">
[18:50:48.438]      // if-block "!isMSPM0G1X0X_G3X0X"
[18:50:48.438]        // =>  FALSE
[18:50:48.438]      // skip if-block "!isMSPM0G1X0X_G3X0X"
[18:50:48.438]    </control>
[18:50:48.438]    <control if="continueId == 4" while="" timeout="0" info="">
[18:50:48.438]      // if-block "continueId == 4"
[18:50:48.438]        // =>  FALSE
[18:50:48.438]      // skip if-block "continueId == 4"
[18:50:48.438]    </control>
[18:50:48.438]    <control if="!isProduction" while="" timeout="0" info="">
[18:50:48.438]      // if-block "!isProduction"
[18:50:48.438]        // =>  FALSE
[18:50:48.438]      // skip if-block "!isProduction"
[18:50:48.438]    </control>
[18:50:48.438]  </sequence>
[18:50:48.443]  
[19:07:56.254]  **********  Sequence "DebugPortSetup"  (Context="Connect", Pname="", info="")
[19:07:56.254]  
[19:07:56.257]  <debugvars>
[19:07:56.257]    // Pre-defined
[19:07:56.257]    __protocol=0x00010002      (Protocol="SWD", SWJ-DP="True")
[19:07:56.258]    __connection=0x00000202    (Connection Type="Flash", Reset Type="System Reset")
[19:07:56.258]    __dp=0x00000000
[19:07:56.258]    __ap=0x00000000
[19:07:56.258]    __traceout=0x00000000      (Trace Disabled)
[19:07:56.258]    __errorcontrol=0x00000000  (Skip Errors="False")
[19:07:56.258]    __FlashAddr=0x00000000
[19:07:56.258]    __FlashLen=0x00000000
[19:07:56.258]    __FlashArg=0x00000000
[19:07:56.258]    __FlashOp=0x00000000
[19:07:56.259]    __Result=0x00000000
[19:07:56.259]  </debugvars>
[19:07:56.259]  
[19:07:56.259]  <sequence name="DebugPortSetup" Pname="" disable="false" info="">
[19:07:56.259]    <block atomic="false" info="">
[19:07:56.259]      __var isSWJ      = ((__protocol & 0x00010000) != 0);
[19:07:56.259]        // -> [isSWJ <= 0x00000001]
[19:07:56.260]      __var hasDormant = __protocol & 0x00020000;
[19:07:56.260]        // -> [hasDormant <= 0x00000000]
[19:07:56.260]      __var protType   = __protocol & 0x0000FFFF;
[19:07:56.260]        // -> [protType <= 0x00000002]
[19:07:56.260]    </block>
[19:07:56.260]    <control if="protType == 1" while="" timeout="0" info="">
[19:07:56.260]      // if-block "protType == 1"
[19:07:56.260]        // =>  FALSE
[19:07:56.260]      // skip if-block "protType == 1"
[19:07:56.261]    </control>
[19:07:56.261]    <control if="protType == 2" while="" timeout="0" info="">
[19:07:56.261]      // if-block "protType == 2"
[19:07:56.261]        // =>  TRUE
[19:07:56.261]      <control if="isSWJ" while="" timeout="0" info="">
[19:07:56.261]        // if-block "isSWJ"
[19:07:56.261]          // =>  TRUE
[19:07:56.261]        <control if="hasDormant" while="" timeout="0" info="">
[19:07:56.262]          // if-block "hasDormant"
[19:07:56.262]            // =>  FALSE
[19:07:56.262]          // skip if-block "hasDormant"
[19:07:56.262]        </control>
[19:07:56.262]        <control if="!hasDormant" while="" timeout="0" info="">
[19:07:56.262]          // if-block "!hasDormant"
[19:07:56.262]            // =>  TRUE
[19:07:56.262]          <block atomic="false" info="">
[19:07:56.263]            DAP_SWJ_Sequence(51, 0x0007FFFFFFFFFFFF); //lets put the JTAG line in a reset state
[19:07:56.266]              // -> [DAP_SWJ_Sequence(51, 0x0007FFFFFFFFFFFF)]
[19:07:56.266]            DAP_SWJ_Sequence(16,0xE73C); //SWD to JTAG, this is to ensure the state machine is initialized
[19:07:56.267]              // -> [DAP_SWJ_Sequence(16, 0x000000000000E73C)]
[19:07:56.268]            DAP_SWJ_Sequence(51, 0x0007FFFFFFFFFFFF); //Put it back in reset
[19:07:56.269]              // -> [DAP_SWJ_Sequence(51, 0x0007FFFFFFFFFFFF)]
[19:07:56.269]            DAP_SWJ_Sequence(16, 0xE79E); //JTAG to SWD switch
[19:07:56.271]              // -> [DAP_SWJ_Sequence(16, 0x000000000000E79E)]
[19:07:56.271]            DAP_SWJ_Sequence(51, 0x0007FFFFFFFFFFFF);  //Ensure the switch is successful 
[19:07:56.273]              // -> [DAP_SWJ_Sequence(51, 0x0007FFFFFFFFFFFF)]
[19:07:56.273]            DAP_SWJ_Sequence(7,  0x00); //Give the line some time to initialize
[19:07:56.275]              // -> [DAP_SWJ_Sequence(7, 0x0000000000000000)]
[19:07:56.275]          </block>
[19:07:56.275]          // end if-block "!hasDormant"
[19:07:56.275]        </control>
[19:07:56.275]        // end if-block "isSWJ"
[19:07:56.275]      </control>
[19:07:56.275]      <control if="!isSWJ" while="" timeout="0" info="">
[19:07:56.275]        // if-block "!isSWJ"
[19:07:56.275]          // =>  FALSE
[19:07:56.275]        // skip if-block "!isSWJ"
[19:07:56.275]      </control>
[19:07:56.275]      <block atomic="false" info="">
[19:07:56.275]        ReadDP(0x0);
[19:07:56.297]  
[19:07:56.297]  !!! E310 : Debug access failed - cannot read DP register 0x00
[19:07:56.297]  
[19:07:56.299]          // -> [ReadDP(0x00000000) => 0x6BA02477]   (__dp=0x00000000)
[19:07:56.299]      </block>
[19:07:56.299]      // end if-block "protType == 2"
[19:07:56.299]    </control>
[19:07:56.299]  </sequence>
[19:07:56.299]  
[19:08:29.917]  **********  Sequence "DebugPortSetup"  (Context="Connect", Pname="", info="")
[19:08:29.917]  
[19:08:29.917]  <debugvars>
[19:08:29.917]    // Pre-defined
[19:08:29.917]    __protocol=0x00010002      (Protocol="SWD", SWJ-DP="True")
[19:08:29.917]    __connection=0x00000202    (Connection Type="Flash", Reset Type="System Reset")
[19:08:29.917]    __dp=0x00000000
[19:08:29.920]    __ap=0x00000000
[19:08:29.920]    __traceout=0x00000000      (Trace Disabled)
[19:08:29.920]    __errorcontrol=0x00000000  (Skip Errors="False")
[19:08:29.920]    __FlashAddr=0x00000000
[19:08:29.920]    __FlashLen=0x00000000
[19:08:29.920]    __FlashArg=0x00000000
[19:08:29.920]    __FlashOp=0x00000000
[19:08:29.920]    __Result=0x00000000
[19:08:29.920]  </debugvars>
[19:08:29.920]  
[19:08:29.920]  <sequence name="DebugPortSetup" Pname="" disable="false" info="">
[19:08:29.920]    <block atomic="false" info="">
[19:08:29.920]      __var isSWJ      = ((__protocol & 0x00010000) != 0);
[19:08:29.920]        // -> [isSWJ <= 0x00000001]
[19:08:29.920]      __var hasDormant = __protocol & 0x00020000;
[19:08:29.920]        // -> [hasDormant <= 0x00000000]
[19:08:29.920]      __var protType   = __protocol & 0x0000FFFF;
[19:08:29.920]        // -> [protType <= 0x00000002]
[19:08:29.920]    </block>
[19:08:29.920]    <control if="protType == 1" while="" timeout="0" info="">
[19:08:29.920]      // if-block "protType == 1"
[19:08:29.920]        // =>  FALSE
[19:08:29.920]      // skip if-block "protType == 1"
[19:08:29.920]    </control>
[19:08:29.920]    <control if="protType == 2" while="" timeout="0" info="">
[19:08:29.920]      // if-block "protType == 2"
[19:08:29.920]        // =>  TRUE
[19:08:29.920]      <control if="isSWJ" while="" timeout="0" info="">
[19:08:29.920]        // if-block "isSWJ"
[19:08:29.920]          // =>  TRUE
[19:08:29.920]        <control if="hasDormant" while="" timeout="0" info="">
[19:08:29.920]          // if-block "hasDormant"
[19:08:29.920]            // =>  FALSE
[19:08:29.920]          // skip if-block "hasDormant"
[19:08:29.920]        </control>
[19:08:29.920]        <control if="!hasDormant" while="" timeout="0" info="">
[19:08:29.920]          // if-block "!hasDormant"
[19:08:29.920]            // =>  TRUE
[19:08:29.920]          <block atomic="false" info="">
[19:08:29.925]            DAP_SWJ_Sequence(51, 0x0007FFFFFFFFFFFF); //lets put the JTAG line in a reset state
[19:08:29.927]              // -> [DAP_SWJ_Sequence(51, 0x0007FFFFFFFFFFFF)]
[19:08:29.927]            DAP_SWJ_Sequence(16,0xE73C); //SWD to JTAG, this is to ensure the state machine is initialized
[19:08:29.927]              // -> [DAP_SWJ_Sequence(16, 0x000000000000E73C)]
[19:08:29.927]            DAP_SWJ_Sequence(51, 0x0007FFFFFFFFFFFF); //Put it back in reset
[19:08:29.931]              // -> [DAP_SWJ_Sequence(51, 0x0007FFFFFFFFFFFF)]
[19:08:29.931]            DAP_SWJ_Sequence(16, 0xE79E); //JTAG to SWD switch
[19:08:29.932]              // -> [DAP_SWJ_Sequence(16, 0x000000000000E79E)]
[19:08:29.932]            DAP_SWJ_Sequence(51, 0x0007FFFFFFFFFFFF);  //Ensure the switch is successful 
[19:08:29.932]              // -> [DAP_SWJ_Sequence(51, 0x0007FFFFFFFFFFFF)]
[19:08:29.932]            DAP_SWJ_Sequence(7,  0x00); //Give the line some time to initialize
[19:08:29.937]              // -> [DAP_SWJ_Sequence(7, 0x0000000000000000)]
[19:08:29.937]          </block>
[19:08:29.937]          // end if-block "!hasDormant"
[19:08:29.937]        </control>
[19:08:29.937]        // end if-block "isSWJ"
[19:08:29.937]      </control>
[19:08:29.937]      <control if="!isSWJ" while="" timeout="0" info="">
[19:08:29.937]        // if-block "!isSWJ"
[19:08:29.937]          // =>  FALSE
[19:08:29.937]        // skip if-block "!isSWJ"
[19:08:29.937]      </control>
[19:08:29.937]      <block atomic="false" info="">
[19:08:29.937]        ReadDP(0x0);
[19:08:29.937]          // -> [ReadDP(0x00000000) => 0x6BA02477]   (__dp=0x00000000)
[19:08:29.937]      </block>
[19:08:29.937]      // end if-block "protType == 2"
[19:08:29.937]    </control>
[19:08:29.937]  </sequence>
[19:08:29.937]  
[19:08:29.947]  **********  Sequence "DebugPortStart"  (Context="Connect", Pname="", info="")
[19:08:29.947]  
[19:08:29.947]  <debugvars>
[19:08:29.947]    // Pre-defined
[19:08:29.947]    __protocol=0x00010002      (Protocol="SWD", SWJ-DP="True")
[19:08:29.947]    __connection=0x00000202    (Connection Type="Flash", Reset Type="System Reset")
[19:08:29.947]    __dp=0x00000000
[19:08:29.947]    __ap=0x00000000
[19:08:29.947]    __traceout=0x00000000      (Trace Disabled)
[19:08:29.947]    __errorcontrol=0x00000000  (Skip Errors="False")
[19:08:29.949]    __FlashAddr=0x00000000
[19:08:29.949]    __FlashLen=0x00000000
[19:08:29.949]    __FlashArg=0x00000000
[19:08:29.949]    __FlashOp=0x00000000
[19:08:29.949]    __Result=0x00000000
[19:08:29.949]  </debugvars>
[19:08:29.949]  
[19:08:29.949]  <sequence name="DebugPortStart" Pname="" disable="false" info="">
[19:08:29.949]    <block atomic="false" info="">
[19:08:29.949]      __var SW_DP_ABORT       = 0x0;
[19:08:29.949]        // -> [SW_DP_ABORT <= 0x00000000]
[19:08:29.949]      __var DP_CTRL_STAT      = 0x4;
[19:08:29.949]        // -> [DP_CTRL_STAT <= 0x00000004]
[19:08:29.949]      __var DP_SELECT         = 0x8;
[19:08:29.949]        // -> [DP_SELECT <= 0x00000008]
[19:08:29.949]      __var powered_down      = 0;
[19:08:29.949]        // -> [powered_down <= 0x00000000]
[19:08:29.949]      WriteDP(DP_SELECT, 0x00000000);
[19:08:29.952]        // -> [WriteDP(0x00000008, 0x00000000)]   (__dp=0x00000000)
[19:08:29.952]      powered_down = ((ReadDP(DP_CTRL_STAT) & 0xA0000000) != 0xA0000000);
[19:08:29.954]        // -> [ReadDP(0x00000004) => 0x00000040]   (__dp=0x00000000)
[19:08:29.954]        // -> [powered_down <= 0x00000001]
[19:08:29.954]    </block>
[19:08:29.954]    <control if="powered_down" while="" timeout="0" info="">
[19:08:29.954]      // if-block "powered_down"
[19:08:29.954]        // =>  TRUE
[19:08:29.954]      <block atomic="false" info="">
[19:08:29.954]        Message(0, "Debug/System power-up request sent");
[19:08:29.957]        WriteDP(DP_CTRL_STAT, 0x50000000);
[19:08:29.959]          // -> [WriteDP(0x00000004, 0x50000000)]   (__dp=0x00000000)
[19:08:29.959]      </block>
[19:08:29.959]      <control if="" while="(ReadDP(DP_CTRL_STAT) & 0xA0000000) != 0xA0000000" timeout="1000000" info="">
[19:08:29.959]        // while "(ReadDP(DP_CTRL_STAT) & 0xA0000000) != 0xA0000000"  (timeout="1000000")
[19:08:29.962]          // -> [ReadDP(0x00000004) => 0xF0000040]   (__dp=0x00000000)
[19:08:29.962]        // while-condition  =>  FALSE
[19:08:29.962]        // end while "(ReadDP(DP_CTRL_STAT) & 0xA0000000) != 0xA0000000"
[19:08:29.965]      </control>
[19:08:29.965]      <control if="(__protocol & 0xFFFF) == 1" while="" timeout="0" info="">
[19:08:29.965]        // if-block "(__protocol & 0xFFFF) == 1"
[19:08:29.965]          // =>  FALSE
[19:08:29.965]        // skip if-block "(__protocol & 0xFFFF) == 1"
[19:08:29.965]      </control>
[19:08:29.965]      <control if="(__protocol & 0xFFFF) == 2" while="" timeout="0" info="">
[19:08:29.965]        // if-block "(__protocol & 0xFFFF) == 2"
[19:08:29.965]          // =>  TRUE
[19:08:29.965]        <block atomic="false" info="">
[19:08:29.965]          Message(0, "executing SWD power up");
[19:08:29.968]          WriteDP(DP_CTRL_STAT, 0x50000F00);
[19:08:29.970]            // -> [WriteDP(0x00000004, 0x50000F00)]   (__dp=0x00000000)
[19:08:29.970]          WriteDP(SW_DP_ABORT, 0x0000001E);
[19:08:29.973]            // -> [WriteDP(0x00000000, 0x0000001E)]   (__dp=0x00000000)
[19:08:29.973]        </block>
[19:08:29.973]        // end if-block "(__protocol & 0xFFFF) == 2"
[19:08:29.973]      </control>
[19:08:29.973]      // end if-block "powered_down"
[19:08:29.973]    </control>
[19:08:29.973]    <block atomic="false" info="">
[19:08:29.973]      __var DEBUG_PORT_VAL    = 0;
[19:08:29.973]        // -> [DEBUG_PORT_VAL <= 0x00000000]
[19:08:29.973]      __var ACCESS_POINT_VAL  = 0;
[19:08:29.973]        // -> [ACCESS_POINT_VAL <= 0x00000000]
[19:08:29.973]      __ap = 1; 
[19:08:29.973]        // -> [__ap <= 0x00000001]
[19:08:29.975]      WriteAP(0x0C, 0x04); //lets use the mini pwr-ap as backup
[19:08:29.976]        // -> [WriteAP(0x0000000C, 0x00000004)]   (__dp=0x00000000, __ap=0x00000001)
[19:08:29.976]      __ap = 4;
[19:08:29.976]        // -> [__ap <= 0x00000004]
[19:08:29.976]      ACCESS_POINT_VAL = ReadAP(0x00);//Reading current state of access point
[19:08:29.981]        // -> [ReadAP(0x00000000) => 0x00080027]   (__dp=0x00000000, __ap=0x00000004)
[19:08:29.981]        // -> [ACCESS_POINT_VAL <= 0x00080027]
[19:08:29.981]      Message(0, "Current state of access point is: %x",ACCESS_POINT_VAL);
[19:08:29.987]    </block>
[19:08:29.988]    <block atomic="false" info="">
[19:08:29.988]      __var nReset = 0x80;
[19:08:29.988]        // -> [nReset <= 0x00000080]
[19:08:29.988]      __var canReadPins = 0;
[19:08:29.988]        // -> [canReadPins <= 0x00000000]
[19:08:29.988]      canReadPins = (DAP_SWJ_Pins(0x00, nReset, 0) != 0xFFFFFFFF);
[19:08:29.990]        // -> [DAP_SWJ_Pins(0x00, 0x80, 0) => 0x0F]   (Out: nRESET=0  =>  In: SWCLK/TCK=1, SWDIO/TMS=1, TDI=1, TDO=1, nTRST=0, nRESET=0)
[19:08:29.990]        // -> [canReadPins <= 0x00000001]
[19:08:29.991]    </block>
[19:08:29.991]    <control if="" while="1" timeout="200" info="">
[19:08:29.991]      // while "1"  (timeout="200")
[19:08:29.991]      // while-condition  =>  TRUE
[19:08:29.991]      // while "1"  (timeout="200")
[19:08:29.991]      // while-condition  =>  TRUE
[19:08:29.991]      // while "1"  (timeout="200")
[19:08:29.991]      // while-condition  =>  TRUE
[19:08:29.991]      // while "1"  (timeout="200")
[19:08:29.992]      // while-condition  =>  TRUE
[19:08:29.992]      // while "1"  (timeout="200")
[19:08:29.992]      // while-condition  =>  TRUE
[19:08:29.992]      // while "1"  (timeout="200")
[19:08:29.992]      // while  =>  TIMEOUT
[19:08:29.993]      // end while "1"
[19:08:29.993]    </control>
[19:08:29.993]    <control if="canReadPins" while="" timeout="0" info="">
[19:08:29.993]      // if-block "canReadPins"
[19:08:29.993]        // =>  TRUE
[19:08:29.993]      <control if="" while="(DAP_SWJ_Pins(nReset, nReset, 0) & nReset) == 0" timeout="1000000" info="">
[19:08:29.994]        // while "(DAP_SWJ_Pins(nReset, nReset, 0) & nReset) == 0"  (timeout="1000000")
[19:08:29.996]          // -> [DAP_SWJ_Pins(0x80, 0x80, 0) => 0x8F]   (Out: nRESET=1  =>  In: SWCLK/TCK=1, SWDIO/TMS=1, TDI=1, TDO=1, nTRST=0, nRESET=1)
[19:08:29.996]        // while-condition  =>  FALSE
[19:08:29.997]        // end while "(DAP_SWJ_Pins(nReset, nReset, 0) & nReset) == 0"
[19:08:29.997]      </control>
[19:08:29.997]      // end if-block "canReadPins"
[19:08:29.997]    </control>
[19:08:29.997]    <control if="!canReadPins" while="" timeout="0" info="">
[19:08:29.997]      // if-block "!canReadPins"
[19:08:29.997]        // =>  FALSE
[19:08:29.997]      // skip if-block "!canReadPins"
[19:08:29.997]    </control>
[19:08:29.997]    <control if="(ACCESS_POINT_VAL & 0x00E00000) == 0" while="" timeout="0" info="">
[19:08:29.997]      // if-block "(ACCESS_POINT_VAL & 0x00E00000) == 0"
[19:08:29.997]        // =>  TRUE
[19:08:29.997]      <block atomic="false" info="">
[19:08:29.997]        WriteAP(0x00, 0x190008);
[19:08:29.997]          // -> [WriteAP(0x00000000, 0x00190008)]   (__dp=0x00000000, __ap=0x00000004)
[19:08:29.997]        WriteAP(0xF0, 0x01);
[19:08:30.001]          // -> [WriteAP(0x000000F0, 0x00000001)]   (__dp=0x00000000, __ap=0x00000004)
[19:08:30.001]      </block>
[19:08:30.001]      // end if-block "(ACCESS_POINT_VAL & 0x00E00000) == 0"
[19:08:30.001]    </control>
[19:08:30.006]    <control if="(ACCESS_POINT_VAL & 0x00E00000) != 0" while="" timeout="0" info="">
[19:08:30.006]      // if-block "(ACCESS_POINT_VAL & 0x00E00000) != 0"
[19:08:30.006]        // =>  FALSE
[19:08:30.006]      // skip if-block "(ACCESS_POINT_VAL & 0x00E00000) != 0"
[19:08:30.006]    </control>
[19:08:30.006]    <block atomic="false" info="">
[19:08:30.006]      ACCESS_POINT_VAL = ReadAP(0x00);//Reading current state of access point
[19:08:30.011]        // -> [ReadAP(0x00000000) => 0x0079002F]   (__dp=0x00000000, __ap=0x00000004)
[19:08:30.011]        // -> [ACCESS_POINT_VAL <= 0x0079002F]
[19:08:30.011]      Message(0, "Current state of access point is: %x",ACCESS_POINT_VAL);
[19:08:30.011]      __ap = 0; //lets make sure we reset the access point selection
[19:08:30.011]        // -> [__ap <= 0x00000000]
[19:08:30.011]    </block>
[19:08:30.011]  </sequence>
[19:08:30.011]  
[19:08:30.034]  **********  Sequence "DebugDeviceUnlock"  (Context="Connect", Pname="", info="")
[19:08:30.034]  
[19:08:30.034]  <debugvars>
[19:08:30.035]    // Pre-defined
[19:08:30.035]    __protocol=0x00010002      (Protocol="SWD", SWJ-DP="True")
[19:08:30.035]    __connection=0x00000202    (Connection Type="Flash", Reset Type="System Reset")
[19:08:30.035]    __dp=0x00000000
[19:08:30.035]    __ap=0x00000000
[19:08:30.035]    __traceout=0x00000000      (Trace Disabled)
[19:08:30.035]    __errorcontrol=0x00000000  (Skip Errors="False")
[19:08:30.035]    __FlashAddr=0x00000000
[19:08:30.035]    __FlashLen=0x00000000
[19:08:30.035]    __FlashArg=0x00000000
[19:08:30.035]    __FlashOp=0x00000000
[19:08:30.035]    __Result=0x00000000
[19:08:30.037]  </debugvars>
[19:08:30.037]  
[19:08:30.037]  <sequence name="DebugDeviceUnlock" Pname="" disable="false" info="">
[19:08:30.037]    <block atomic="false" info="">
[19:08:30.037]      __var deviceID = 0;
[19:08:30.037]        // -> [deviceID <= 0x00000000]
[19:08:30.037]      __var version = 0;
[19:08:30.037]        // -> [version <= 0x00000000]
[19:08:30.037]      __var partNum = 0;
[19:08:30.037]        // -> [partNum <= 0x00000000]
[19:08:30.037]      __var manuf = 0;
[19:08:30.037]        // -> [manuf <= 0x00000000]
[19:08:30.037]      __var isMSPM0G1X0X_G3X0X = 0;
[19:08:30.037]        // -> [isMSPM0G1X0X_G3X0X <= 0x00000000]
[19:08:30.037]      __var isProduction = 0;
[19:08:30.037]        // -> [isProduction <= 0x00000000]
[19:08:30.037]      __var continueId = 0;
[19:08:30.037]        // -> [continueId <= 0x00000000]
[19:08:30.037]      deviceID =   Read32(0x41C40004);
[19:08:30.042]        // -> [Read32(0x41C40004) => 0x2BB8802F]   (__dp=0x00000000, __ap=0x00000000)
[19:08:30.042]        // -> [deviceID <= 0x2BB8802F]
[19:08:30.042]      version = deviceID >> 28;
[19:08:30.042]        // -> [version <= 0x00000002]
[19:08:30.042]      partNum = (deviceID & 0x0FFFF000) >> 12;
[19:08:30.042]        // -> [partNum <= 0x0000BB88]
[19:08:30.042]      manuf = (deviceID & 0x00000FFE) >> 1;
[19:08:30.042]        // -> [manuf <= 0x00000017]
[19:08:30.046]      isMSPM0G1X0X_G3X0X = (partNum == 0xBB88) && (manuf == 0x17);
[19:08:30.046]        // -> [isMSPM0G1X0X_G3X0X <= 0x00000001]
[19:08:30.046]      isProduction = (version > 0);
[19:08:30.046]        // -> [isProduction <= 0x00000001]
[19:08:30.046]    </block>
[19:08:30.046]    <control if="!isMSPM0G1X0X_G3X0X" while="" timeout="0" info="">
[19:08:30.046]      // if-block "!isMSPM0G1X0X_G3X0X"
[19:08:30.046]        // =>  FALSE
[19:08:30.046]      // skip if-block "!isMSPM0G1X0X_G3X0X"
[19:08:30.046]    </control>
[19:08:30.046]    <control if="continueId == 4" while="" timeout="0" info="">
[19:08:30.046]      // if-block "continueId == 4"
[19:08:30.046]        // =>  FALSE
[19:08:30.046]      // skip if-block "continueId == 4"
[19:08:30.046]    </control>
[19:08:30.046]    <control if="!isProduction" while="" timeout="0" info="">
[19:08:30.046]      // if-block "!isProduction"
[19:08:30.046]        // =>  FALSE
[19:08:30.050]      // skip if-block "!isProduction"
[19:08:30.050]    </control>
[19:08:30.050]  </sequence>
[19:08:30.050]  
[20:08:39.476]  **********  Sequence "DebugPortSetup"  (Context="Connect", Pname="", info="")
[20:08:39.476]  
[20:08:39.479]  <debugvars>
[20:08:39.479]    // Pre-defined
[20:08:39.479]    __protocol=0x00010002      (Protocol="SWD", SWJ-DP="True")
[20:08:39.479]    __connection=0x00000202    (Connection Type="Flash", Reset Type="System Reset")
[20:08:39.479]    __dp=0x00000000
[20:08:39.479]    __ap=0x00000000
[20:08:39.479]    __traceout=0x00000000      (Trace Disabled)
[20:08:39.479]    __errorcontrol=0x00000000  (Skip Errors="False")
[20:08:39.479]    __FlashAddr=0x00000000
[20:08:39.479]    __FlashLen=0x00000000
[20:08:39.479]    __FlashArg=0x00000000
[20:08:39.479]    __FlashOp=0x00000000
[20:08:39.479]    __Result=0x00000000
[20:08:39.479]  </debugvars>
[20:08:39.479]  
[20:08:39.482]  <sequence name="DebugPortSetup" Pname="" disable="false" info="">
[20:08:39.482]    <block atomic="false" info="">
[20:08:39.482]      __var isSWJ      = ((__protocol & 0x00010000) != 0);
[20:08:39.482]        // -> [isSWJ <= 0x00000001]
[20:08:39.482]      __var hasDormant = __protocol & 0x00020000;
[20:08:39.482]        // -> [hasDormant <= 0x00000000]
[20:08:39.482]      __var protType   = __protocol & 0x0000FFFF;
[20:08:39.482]        // -> [protType <= 0x00000002]
[20:08:39.482]    </block>
[20:08:39.483]    <control if="protType == 1" while="" timeout="0" info="">
[20:08:39.483]      // if-block "protType == 1"
[20:08:39.483]        // =>  FALSE
[20:08:39.483]      // skip if-block "protType == 1"
[20:08:39.483]    </control>
[20:08:39.483]    <control if="protType == 2" while="" timeout="0" info="">
[20:08:39.483]      // if-block "protType == 2"
[20:08:39.483]        // =>  TRUE
[20:08:39.483]      <control if="isSWJ" while="" timeout="0" info="">
[20:08:39.483]        // if-block "isSWJ"
[20:08:39.484]          // =>  TRUE
[20:08:39.484]        <control if="hasDormant" while="" timeout="0" info="">
[20:08:39.484]          // if-block "hasDormant"
[20:08:39.484]            // =>  FALSE
[20:08:39.484]          // skip if-block "hasDormant"
[20:08:39.484]        </control>
[20:08:39.484]        <control if="!hasDormant" while="" timeout="0" info="">
[20:08:39.484]          // if-block "!hasDormant"
[20:08:39.484]            // =>  TRUE
[20:08:39.485]          <block atomic="false" info="">
[20:08:39.485]            DAP_SWJ_Sequence(51, 0x0007FFFFFFFFFFFF); //lets put the JTAG line in a reset state
[20:08:39.487]              // -> [DAP_SWJ_Sequence(51, 0x0007FFFFFFFFFFFF)]
[20:08:39.487]            DAP_SWJ_Sequence(16,0xE73C); //SWD to JTAG, this is to ensure the state machine is initialized
[20:08:39.487]              // -> [DAP_SWJ_Sequence(16, 0x000000000000E73C)]
[20:08:39.487]            DAP_SWJ_Sequence(51, 0x0007FFFFFFFFFFFF); //Put it back in reset
[20:08:39.491]              // -> [DAP_SWJ_Sequence(51, 0x0007FFFFFFFFFFFF)]
[20:08:39.491]            DAP_SWJ_Sequence(16, 0xE79E); //JTAG to SWD switch
[20:08:39.491]              // -> [DAP_SWJ_Sequence(16, 0x000000000000E79E)]
[20:08:39.491]            DAP_SWJ_Sequence(51, 0x0007FFFFFFFFFFFF);  //Ensure the switch is successful 
[20:08:39.495]              // -> [DAP_SWJ_Sequence(51, 0x0007FFFFFFFFFFFF)]
[20:08:39.495]            DAP_SWJ_Sequence(7,  0x00); //Give the line some time to initialize
[20:08:39.496]              // -> [DAP_SWJ_Sequence(7, 0x0000000000000000)]
[20:08:39.496]          </block>
[20:08:39.496]          // end if-block "!hasDormant"
[20:08:39.496]        </control>
[20:08:39.496]        // end if-block "isSWJ"
[20:08:39.496]      </control>
[20:08:39.496]      <control if="!isSWJ" while="" timeout="0" info="">
[20:08:39.496]        // if-block "!isSWJ"
[20:08:39.496]          // =>  FALSE
[20:08:39.496]        // skip if-block "!isSWJ"
[20:08:39.496]      </control>
[20:08:39.496]      <block atomic="false" info="">
[20:08:39.496]        ReadDP(0x0);
[20:08:39.500]          // -> [ReadDP(0x00000000) => 0x6BA02477]   (__dp=0x00000000)
[20:08:39.500]      </block>
[20:08:39.500]      // end if-block "protType == 2"
[20:08:39.500]    </control>
[20:08:39.500]  </sequence>
[20:08:39.500]  
[20:08:39.505]  **********  Sequence "DebugPortStart"  (Context="Connect", Pname="", info="")
[20:08:39.505]  
[20:08:39.505]  <debugvars>
[20:08:39.505]    // Pre-defined
[20:08:39.505]    __protocol=0x00010002      (Protocol="SWD", SWJ-DP="True")
[20:08:39.505]    __connection=0x00000202    (Connection Type="Flash", Reset Type="System Reset")
[20:08:39.505]    __dp=0x00000000
[20:08:39.505]    __ap=0x00000000
[20:08:39.505]    __traceout=0x00000000      (Trace Disabled)
[20:08:39.505]    __errorcontrol=0x00000000  (Skip Errors="False")
[20:08:39.505]    __FlashAddr=0x00000000
[20:08:39.505]    __FlashLen=0x00000000
[20:08:39.505]    __FlashArg=0x00000000
[20:08:39.505]    __FlashOp=0x00000000
[20:08:39.505]    __Result=0x00000000
[20:08:39.505]  </debugvars>
[20:08:39.505]  
[20:08:39.505]  <sequence name="DebugPortStart" Pname="" disable="false" info="">
[20:08:39.505]    <block atomic="false" info="">
[20:08:39.505]      __var SW_DP_ABORT       = 0x0;
[20:08:39.505]        // -> [SW_DP_ABORT <= 0x00000000]
[20:08:39.505]      __var DP_CTRL_STAT      = 0x4;
[20:08:39.505]        // -> [DP_CTRL_STAT <= 0x00000004]
[20:08:39.505]      __var DP_SELECT         = 0x8;
[20:08:39.505]        // -> [DP_SELECT <= 0x00000008]
[20:08:39.505]      __var powered_down      = 0;
[20:08:39.505]        // -> [powered_down <= 0x00000000]
[20:08:39.505]      WriteDP(DP_SELECT, 0x00000000);
[20:08:39.510]        // -> [WriteDP(0x00000008, 0x00000000)]   (__dp=0x00000000)
[20:08:39.512]      powered_down = ((ReadDP(DP_CTRL_STAT) & 0xA0000000) != 0xA0000000);
[20:08:39.512]        // -> [ReadDP(0x00000004) => 0x00000040]   (__dp=0x00000000)
[20:08:39.512]        // -> [powered_down <= 0x00000001]
[20:08:39.512]    </block>
[20:08:39.512]    <control if="powered_down" while="" timeout="0" info="">
[20:08:39.512]      // if-block "powered_down"
[20:08:39.512]        // =>  TRUE
[20:08:39.512]      <block atomic="false" info="">
[20:08:39.512]        Message(0, "Debug/System power-up request sent");
[20:08:39.516]        WriteDP(DP_CTRL_STAT, 0x50000000);
[20:08:39.519]          // -> [WriteDP(0x00000004, 0x50000000)]   (__dp=0x00000000)
[20:08:39.519]      </block>
[20:08:39.519]      <control if="" while="(ReadDP(DP_CTRL_STAT) & 0xA0000000) != 0xA0000000" timeout="1000000" info="">
[20:08:39.519]        // while "(ReadDP(DP_CTRL_STAT) & 0xA0000000) != 0xA0000000"  (timeout="1000000")
[20:08:39.522]          // -> [ReadDP(0x00000004) => 0xF0000040]   (__dp=0x00000000)
[20:08:39.522]        // while-condition  =>  FALSE
[20:08:39.522]        // end while "(ReadDP(DP_CTRL_STAT) & 0xA0000000) != 0xA0000000"
[20:08:39.522]      </control>
[20:08:39.522]      <control if="(__protocol & 0xFFFF) == 1" while="" timeout="0" info="">
[20:08:39.522]        // if-block "(__protocol & 0xFFFF) == 1"
[20:08:39.522]          // =>  FALSE
[20:08:39.522]        // skip if-block "(__protocol & 0xFFFF) == 1"
[20:08:39.522]      </control>
[20:08:39.522]      <control if="(__protocol & 0xFFFF) == 2" while="" timeout="0" info="">
[20:08:39.522]        // if-block "(__protocol & 0xFFFF) == 2"
[20:08:39.522]          // =>  TRUE
[20:08:39.522]        <block atomic="false" info="">
[20:08:39.522]          Message(0, "executing SWD power up");
[20:08:39.522]          WriteDP(DP_CTRL_STAT, 0x50000F00);
[20:08:39.526]            // -> [WriteDP(0x00000004, 0x50000F00)]   (__dp=0x00000000)
[20:08:39.526]          WriteDP(SW_DP_ABORT, 0x0000001E);
[20:08:39.526]            // -> [WriteDP(0x00000000, 0x0000001E)]   (__dp=0x00000000)
[20:08:39.526]        </block>
[20:08:39.526]        // end if-block "(__protocol & 0xFFFF) == 2"
[20:08:39.526]      </control>
[20:08:39.526]      // end if-block "powered_down"
[20:08:39.526]    </control>
[20:08:39.526]    <block atomic="false" info="">
[20:08:39.526]      __var DEBUG_PORT_VAL    = 0;
[20:08:39.526]        // -> [DEBUG_PORT_VAL <= 0x00000000]
[20:08:39.526]      __var ACCESS_POINT_VAL  = 0;
[20:08:39.526]        // -> [ACCESS_POINT_VAL <= 0x00000000]
[20:08:39.526]      __ap = 1; 
[20:08:39.526]        // -> [__ap <= 0x00000001]
[20:08:39.526]      WriteAP(0x0C, 0x04); //lets use the mini pwr-ap as backup
[20:08:39.535]        // -> [WriteAP(0x0000000C, 0x00000004)]   (__dp=0x00000000, __ap=0x00000001)
[20:08:39.535]      __ap = 4;
[20:08:39.536]        // -> [__ap <= 0x00000004]
[20:08:39.536]      ACCESS_POINT_VAL = ReadAP(0x00);//Reading current state of access point
[20:08:39.537]        // -> [ReadAP(0x00000000) => 0x00080027]   (__dp=0x00000000, __ap=0x00000004)
[20:08:39.537]        // -> [ACCESS_POINT_VAL <= 0x00080027]
[20:08:39.537]      Message(0, "Current state of access point is: %x",ACCESS_POINT_VAL);
[20:08:39.542]    </block>
[20:08:39.542]    <block atomic="false" info="">
[20:08:39.542]      __var nReset = 0x80;
[20:08:39.542]        // -> [nReset <= 0x00000080]
[20:08:39.542]      __var canReadPins = 0;
[20:08:39.542]        // -> [canReadPins <= 0x00000000]
[20:08:39.542]      canReadPins = (DAP_SWJ_Pins(0x00, nReset, 0) != 0xFFFFFFFF);
[20:08:39.542]        // -> [DAP_SWJ_Pins(0x00, 0x80, 0) => 0x0F]   (Out: nRESET=0  =>  In: SWCLK/TCK=1, SWDIO/TMS=1, TDI=1, TDO=1, nTRST=0, nRESET=0)
[20:08:39.542]        // -> [canReadPins <= 0x00000001]
[20:08:39.542]    </block>
[20:08:39.542]    <control if="" while="1" timeout="200" info="">
[20:08:39.542]      // while "1"  (timeout="200")
[20:08:39.542]      // while-condition  =>  TRUE
[20:08:39.542]      // while "1"  (timeout="200")
[20:08:39.546]      // while-condition  =>  TRUE
[20:08:39.546]      // while "1"  (timeout="200")
[20:08:39.546]      // while-condition  =>  TRUE
[20:08:39.546]      // while "1"  (timeout="200")
[20:08:39.546]      // while-condition  =>  TRUE
[20:08:39.546]      // while "1"  (timeout="200")
[20:08:39.546]      // while-condition  =>  TRUE
[20:08:39.546]      // while "1"  (timeout="200")
[20:08:39.546]      // while-condition  =>  TRUE
[20:08:39.546]      // while "1"  (timeout="200")
[20:08:39.546]      // while-condition  =>  TRUE
[20:08:39.546]      // while "1"  (timeout="200")
[20:08:39.546]      // while-condition  =>  TRUE
[20:08:39.546]      // while "1"  (timeout="200")
[20:08:39.546]      // while-condition  =>  TRUE
[20:08:39.546]      // while "1"  (timeout="200")
[20:08:39.546]      // while-condition  =>  TRUE
[20:08:39.546]      // while "1"  (timeout="200")
[20:08:39.546]      // while-condition  =>  TRUE
[20:08:39.546]      // while "1"  (timeout="200")
[20:08:39.546]      // while-condition  =>  TRUE
[20:08:39.546]      // while "1"  (timeout="200")
[20:08:39.546]      // while-condition  =>  TRUE
[20:08:39.546]      // while "1"  (timeout="200")
[20:08:39.546]      // while-condition  =>  TRUE
[20:08:39.546]      // while "1"  (timeout="200")
[20:08:39.546]      // while-condition  =>  TRUE
[20:08:39.546]      // while "1"  (timeout="200")
[20:08:39.546]      // while-condition  =>  TRUE
[20:08:39.546]      // while "1"  (timeout="200")
[20:08:39.546]      // while-condition  =>  TRUE
[20:08:39.546]      // while "1"  (timeout="200")
[20:08:39.546]      // while-condition  =>  TRUE
[20:08:39.546]      // while "1"  (timeout="200")
[20:08:39.546]      // while-condition  =>  TRUE
[20:08:39.546]      // while "1"  (timeout="200")
[20:08:39.546]      // while-condition  =>  TRUE
[20:08:39.546]      // while "1"  (timeout="200")
[20:08:39.546]      // while-condition  =>  TRUE
[20:08:39.546]      // while "1"  (timeout="200")
[20:08:39.546]      // while-condition  =>  TRUE
[20:08:39.552]      // while "1"  (timeout="200")
[20:08:39.552]      // while-condition  =>  TRUE
[20:08:39.552]      // while "1"  (timeout="200")
[20:08:39.552]      // while-condition  =>  TRUE
[20:08:39.552]      // while "1"  (timeout="200")
[20:08:39.552]      // while-condition  =>  TRUE
[20:08:39.552]      // while "1"  (timeout="200")
[20:08:39.552]      // while-condition  =>  TRUE
[20:08:39.552]      // while "1"  (timeout="200")
[20:08:39.552]      // while-condition  =>  TRUE
[20:08:39.552]      // while "1"  (timeout="200")
[20:08:39.552]      // while-condition  =>  TRUE
[20:08:39.552]      // while "1"  (timeout="200")
[20:08:39.552]      // while-condition  =>  TRUE
[20:08:39.552]      // while "1"  (timeout="200")
[20:08:39.552]      // while-condition  =>  TRUE
[20:08:39.552]      // while "1"  (timeout="200")
[20:08:39.552]      // while-condition  =>  TRUE
[20:08:39.552]      // while "1"  (timeout="200")
[20:08:39.552]      // while-condition  =>  TRUE
[20:08:39.552]      // while "1"  (timeout="200")
[20:08:39.552]      // while-condition  =>  TRUE
[20:08:39.552]      // while "1"  (timeout="200")
[20:08:39.552]      // while-condition  =>  TRUE
[20:08:39.552]      // while "1"  (timeout="200")
[20:08:39.552]      // while-condition  =>  TRUE
[20:08:39.552]      // while "1"  (timeout="200")
[20:08:39.552]      // while-condition  =>  TRUE
[20:08:39.552]      // while "1"  (timeout="200")
[20:08:39.552]      // while-condition  =>  TRUE
[20:08:39.552]      // while "1"  (timeout="200")
[20:08:39.552]      // while-condition  =>  TRUE
[20:08:39.552]      // while "1"  (timeout="200")
[20:08:39.552]      // while-condition  =>  TRUE
[20:08:39.552]      // while "1"  (timeout="200")
[20:08:39.552]      // while-condition  =>  TRUE
[20:08:39.552]      // while "1"  (timeout="200")
[20:08:39.552]      // while-condition  =>  TRUE
[20:08:39.552]      // while "1"  (timeout="200")
[20:08:39.552]      // while-condition  =>  TRUE
[20:08:39.557]      // while "1"  (timeout="200")
[20:08:39.557]      // while  =>  TIMEOUT
[20:08:39.557]      // end while "1"
[20:08:39.557]    </control>
[20:08:39.557]    <control if="canReadPins" while="" timeout="0" info="">
[20:08:39.557]      // if-block "canReadPins"
[20:08:39.557]        // =>  TRUE
[20:08:39.557]      <control if="" while="(DAP_SWJ_Pins(nReset, nReset, 0) & nReset) == 0" timeout="1000000" info="">
[20:08:39.557]        // while "(DAP_SWJ_Pins(nReset, nReset, 0) & nReset) == 0"  (timeout="1000000")
[20:08:39.557]          // -> [DAP_SWJ_Pins(0x80, 0x80, 0) => 0x8F]   (Out: nRESET=1  =>  In: SWCLK/TCK=1, SWDIO/TMS=1, TDI=1, TDO=1, nTRST=0, nRESET=1)
[20:08:39.557]        // while-condition  =>  FALSE
[20:08:39.557]        // end while "(DAP_SWJ_Pins(nReset, nReset, 0) & nReset) == 0"
[20:08:39.557]      </control>
[20:08:39.557]      // end if-block "canReadPins"
[20:08:39.557]    </control>
[20:08:39.557]    <control if="!canReadPins" while="" timeout="0" info="">
[20:08:39.557]      // if-block "!canReadPins"
[20:08:39.557]        // =>  FALSE
[20:08:39.557]      // skip if-block "!canReadPins"
[20:08:39.557]    </control>
[20:08:39.557]    <control if="(ACCESS_POINT_VAL & 0x00E00000) == 0" while="" timeout="0" info="">
[20:08:39.557]      // if-block "(ACCESS_POINT_VAL & 0x00E00000) == 0"
[20:08:39.557]        // =>  TRUE
[20:08:39.557]      <block atomic="false" info="">
[20:08:39.557]        WriteAP(0x00, 0x190008);
[20:08:39.562]          // -> [WriteAP(0x00000000, 0x00190008)]   (__dp=0x00000000, __ap=0x00000004)
[20:08:39.562]        WriteAP(0xF0, 0x01);
[20:08:39.567]          // -> [WriteAP(0x000000F0, 0x00000001)]   (__dp=0x00000000, __ap=0x00000004)
[20:08:39.567]      </block>
[20:08:39.567]      // end if-block "(ACCESS_POINT_VAL & 0x00E00000) == 0"
[20:08:39.567]    </control>
[20:08:39.567]    <control if="(ACCESS_POINT_VAL & 0x00E00000) != 0" while="" timeout="0" info="">
[20:08:39.567]      // if-block "(ACCESS_POINT_VAL & 0x00E00000) != 0"
[20:08:39.567]        // =>  FALSE
[20:08:39.567]      // skip if-block "(ACCESS_POINT_VAL & 0x00E00000) != 0"
[20:08:39.567]    </control>
[20:08:39.567]    <block atomic="false" info="">
[20:08:39.567]      ACCESS_POINT_VAL = ReadAP(0x00);//Reading current state of access point
[20:08:39.572]        // -> [ReadAP(0x00000000) => 0x0079002F]   (__dp=0x00000000, __ap=0x00000004)
[20:08:39.572]        // -> [ACCESS_POINT_VAL <= 0x0079002F]
[20:08:39.572]      Message(0, "Current state of access point is: %x",ACCESS_POINT_VAL);
[20:08:39.572]      __ap = 0; //lets make sure we reset the access point selection
[20:08:39.572]        // -> [__ap <= 0x00000000]
[20:08:39.572]    </block>
[20:08:39.572]  </sequence>
[20:08:39.572]  
[20:08:39.594]  **********  Sequence "DebugDeviceUnlock"  (Context="Connect", Pname="", info="")
[20:08:39.594]  
[20:08:39.594]  <debugvars>
[20:08:39.594]    // Pre-defined
[20:08:39.595]    __protocol=0x00010002      (Protocol="SWD", SWJ-DP="True")
[20:08:39.595]    __connection=0x00000202    (Connection Type="Flash", Reset Type="System Reset")
[20:08:39.595]    __dp=0x00000000
[20:08:39.595]    __ap=0x00000000
[20:08:39.595]    __traceout=0x00000000      (Trace Disabled)
[20:08:39.595]    __errorcontrol=0x00000000  (Skip Errors="False")
[20:08:39.595]    __FlashAddr=0x00000000
[20:08:39.595]    __FlashLen=0x00000000
[20:08:39.595]    __FlashArg=0x00000000
[20:08:39.595]    __FlashOp=0x00000000
[20:08:39.595]    __Result=0x00000000
[20:08:39.595]  </debugvars>
[20:08:39.596]  
[20:08:39.596]  <sequence name="DebugDeviceUnlock" Pname="" disable="false" info="">
[20:08:39.596]    <block atomic="false" info="">
[20:08:39.596]      __var deviceID = 0;
[20:08:39.596]        // -> [deviceID <= 0x00000000]
[20:08:39.596]      __var version = 0;
[20:08:39.596]        // -> [version <= 0x00000000]
[20:08:39.596]      __var partNum = 0;
[20:08:39.596]        // -> [partNum <= 0x00000000]
[20:08:39.596]      __var manuf = 0;
[20:08:39.596]        // -> [manuf <= 0x00000000]
[20:08:39.596]      __var isMSPM0G1X0X_G3X0X = 0;
[20:08:39.596]        // -> [isMSPM0G1X0X_G3X0X <= 0x00000000]
[20:08:39.596]      __var isProduction = 0;
[20:08:39.596]        // -> [isProduction <= 0x00000000]
[20:08:39.598]      __var continueId = 0;
[20:08:39.598]        // -> [continueId <= 0x00000000]
[20:08:39.598]      deviceID =   Read32(0x41C40004);
[20:08:39.604]        // -> [Read32(0x41C40004) => 0x2BB8802F]   (__dp=0x00000000, __ap=0x00000000)
[20:08:39.604]        // -> [deviceID <= 0x2BB8802F]
[20:08:39.605]      version = deviceID >> 28;
[20:08:39.605]        // -> [version <= 0x00000002]
[20:08:39.605]      partNum = (deviceID & 0x0FFFF000) >> 12;
[20:08:39.605]        // -> [partNum <= 0x0000BB88]
[20:08:39.605]      manuf = (deviceID & 0x00000FFE) >> 1;
[20:08:39.605]        // -> [manuf <= 0x00000017]
[20:08:39.606]      isMSPM0G1X0X_G3X0X = (partNum == 0xBB88) && (manuf == 0x17);
[20:08:39.606]        // -> [isMSPM0G1X0X_G3X0X <= 0x00000001]
[20:08:39.606]      isProduction = (version > 0);
[20:08:39.606]        // -> [isProduction <= 0x00000001]
[20:08:39.606]    </block>
[20:08:39.606]    <control if="!isMSPM0G1X0X_G3X0X" while="" timeout="0" info="">
[20:08:39.606]      // if-block "!isMSPM0G1X0X_G3X0X"
[20:08:39.606]        // =>  FALSE
[20:08:39.606]      // skip if-block "!isMSPM0G1X0X_G3X0X"
[20:08:39.607]    </control>
[20:08:39.607]    <control if="continueId == 4" while="" timeout="0" info="">
[20:08:39.607]      // if-block "continueId == 4"
[20:08:39.607]        // =>  FALSE
[20:08:39.607]      // skip if-block "continueId == 4"
[20:08:39.607]    </control>
[20:08:39.607]    <control if="!isProduction" while="" timeout="0" info="">
[20:08:39.608]      // if-block "!isProduction"
[20:08:39.608]        // =>  FALSE
[20:08:39.608]      // skip if-block "!isProduction"
[20:08:39.608]    </control>
[20:08:39.608]  </sequence>
[20:08:39.608]  
[20:11:48.309]  **********  Sequence "DebugPortSetup"  (Context="Connect", Pname="", info="")
[20:11:48.309]  
[20:11:48.309]  <debugvars>
[20:11:48.309]    // Pre-defined
[20:11:48.309]    __protocol=0x00010002      (Protocol="SWD", SWJ-DP="True")
[20:11:48.309]    __connection=0x00000202    (Connection Type="Flash", Reset Type="System Reset")
[20:11:48.309]    __dp=0x00000000
[20:11:48.309]    __ap=0x00000000
[20:11:48.309]    __traceout=0x00000000      (Trace Disabled)
[20:11:48.309]    __errorcontrol=0x00000000  (Skip Errors="False")
[20:11:48.309]    __FlashAddr=0x00000000
[20:11:48.309]    __FlashLen=0x00000000
[20:11:48.309]    __FlashArg=0x00000000
[20:11:48.309]    __FlashOp=0x00000000
[20:11:48.309]    __Result=0x00000000
[20:11:48.309]  </debugvars>
[20:11:48.309]  
[20:11:48.309]  <sequence name="DebugPortSetup" Pname="" disable="false" info="">
[20:11:48.309]    <block atomic="false" info="">
[20:11:48.309]      __var isSWJ      = ((__protocol & 0x00010000) != 0);
[20:11:48.309]        // -> [isSWJ <= 0x00000001]
[20:11:48.309]      __var hasDormant = __protocol & 0x00020000;
[20:11:48.309]        // -> [hasDormant <= 0x00000000]
[20:11:48.309]      __var protType   = __protocol & 0x0000FFFF;
[20:11:48.309]        // -> [protType <= 0x00000002]
[20:11:48.309]    </block>
[20:11:48.309]    <control if="protType == 1" while="" timeout="0" info="">
[20:11:48.309]      // if-block "protType == 1"
[20:11:48.309]        // =>  FALSE
[20:11:48.309]      // skip if-block "protType == 1"
[20:11:48.309]    </control>
[20:11:48.309]    <control if="protType == 2" while="" timeout="0" info="">
[20:11:48.309]      // if-block "protType == 2"
[20:11:48.314]        // =>  TRUE
[20:11:48.314]      <control if="isSWJ" while="" timeout="0" info="">
[20:11:48.314]        // if-block "isSWJ"
[20:11:48.314]          // =>  TRUE
[20:11:48.314]        <control if="hasDormant" while="" timeout="0" info="">
[20:11:48.314]          // if-block "hasDormant"
[20:11:48.314]            // =>  FALSE
[20:11:48.314]          // skip if-block "hasDormant"
[20:11:48.314]        </control>
[20:11:48.314]        <control if="!hasDormant" while="" timeout="0" info="">
[20:11:48.314]          // if-block "!hasDormant"
[20:11:48.314]            // =>  TRUE
[20:11:48.314]          <block atomic="false" info="">
[20:11:48.314]            DAP_SWJ_Sequence(51, 0x0007FFFFFFFFFFFF); //lets put the JTAG line in a reset state
[20:11:48.317]              // -> [DAP_SWJ_Sequence(51, 0x0007FFFFFFFFFFFF)]
[20:11:48.317]            DAP_SWJ_Sequence(16,0xE73C); //SWD to JTAG, this is to ensure the state machine is initialized
[20:11:48.319]              // -> [DAP_SWJ_Sequence(16, 0x000000000000E73C)]
[20:11:48.319]            DAP_SWJ_Sequence(51, 0x0007FFFFFFFFFFFF); //Put it back in reset
[20:11:48.319]              // -> [DAP_SWJ_Sequence(51, 0x0007FFFFFFFFFFFF)]
[20:11:48.319]            DAP_SWJ_Sequence(16, 0xE79E); //JTAG to SWD switch
[20:11:48.323]              // -> [DAP_SWJ_Sequence(16, 0x000000000000E79E)]
[20:11:48.324]            DAP_SWJ_Sequence(51, 0x0007FFFFFFFFFFFF);  //Ensure the switch is successful 
[20:11:48.324]              // -> [DAP_SWJ_Sequence(51, 0x0007FFFFFFFFFFFF)]
[20:11:48.326]            DAP_SWJ_Sequence(7,  0x00); //Give the line some time to initialize
[20:11:48.326]              // -> [DAP_SWJ_Sequence(7, 0x0000000000000000)]
[20:11:48.328]          </block>
[20:11:48.328]          // end if-block "!hasDormant"
[20:11:48.328]        </control>
[20:11:48.328]        // end if-block "isSWJ"
[20:11:48.328]      </control>
[20:11:48.328]      <control if="!isSWJ" while="" timeout="0" info="">
[20:11:48.328]        // if-block "!isSWJ"
[20:11:48.328]          // =>  FALSE
[20:11:48.329]        // skip if-block "!isSWJ"
[20:11:48.329]      </control>
[20:11:48.329]      <block atomic="false" info="">
[20:11:48.329]        ReadDP(0x0);
[20:11:48.329]          // -> [ReadDP(0x00000000) => 0x6BA02477]   (__dp=0x00000000)
[20:11:48.329]      </block>
[20:11:48.329]      // end if-block "protType == 2"
[20:11:48.329]    </control>
[20:11:48.329]  </sequence>
[20:11:48.329]  
[20:11:48.335]  **********  Sequence "DebugPortStart"  (Context="Connect", Pname="", info="")
[20:11:48.335]  
[20:11:48.335]  <debugvars>
[20:11:48.335]    // Pre-defined
[20:11:48.335]    __protocol=0x00010002      (Protocol="SWD", SWJ-DP="True")
[20:11:48.335]    __connection=0x00000202    (Connection Type="Flash", Reset Type="System Reset")
[20:11:48.335]    __dp=0x00000000
[20:11:48.335]    __ap=0x00000000
[20:11:48.335]    __traceout=0x00000000      (Trace Disabled)
[20:11:48.335]    __errorcontrol=0x00000000  (Skip Errors="False")
[20:11:48.335]    __FlashAddr=0x00000000
[20:11:48.335]    __FlashLen=0x00000000
[20:11:48.335]    __FlashArg=0x00000000
[20:11:48.335]    __FlashOp=0x00000000
[20:11:48.335]    __Result=0x00000000
[20:11:48.335]  </debugvars>
[20:11:48.335]  
[20:11:48.335]  <sequence name="DebugPortStart" Pname="" disable="false" info="">
[20:11:48.339]    <block atomic="false" info="">
[20:11:48.339]      __var SW_DP_ABORT       = 0x0;
[20:11:48.339]        // -> [SW_DP_ABORT <= 0x00000000]
[20:11:48.339]      __var DP_CTRL_STAT      = 0x4;
[20:11:48.339]        // -> [DP_CTRL_STAT <= 0x00000004]
[20:11:48.339]      __var DP_SELECT         = 0x8;
[20:11:48.339]        // -> [DP_SELECT <= 0x00000008]
[20:11:48.339]      __var powered_down      = 0;
[20:11:48.339]        // -> [powered_down <= 0x00000000]
[20:11:48.339]      WriteDP(DP_SELECT, 0x00000000);
[20:11:48.339]        // -> [WriteDP(0x00000008, 0x00000000)]   (__dp=0x00000000)
[20:11:48.339]      powered_down = ((ReadDP(DP_CTRL_STAT) & 0xA0000000) != 0xA0000000);
[20:11:48.345]        // -> [ReadDP(0x00000004) => 0x00000040]   (__dp=0x00000000)
[20:11:48.345]        // -> [powered_down <= 0x00000001]
[20:11:48.345]    </block>
[20:11:48.345]    <control if="powered_down" while="" timeout="0" info="">
[20:11:48.345]      // if-block "powered_down"
[20:11:48.345]        // =>  TRUE
[20:11:48.345]      <block atomic="false" info="">
[20:11:48.345]        Message(0, "Debug/System power-up request sent");
[20:11:48.348]        WriteDP(DP_CTRL_STAT, 0x50000000);
[20:11:48.350]          // -> [WriteDP(0x00000004, 0x50000000)]   (__dp=0x00000000)
[20:11:48.350]      </block>
[20:11:48.350]      <control if="" while="(ReadDP(DP_CTRL_STAT) & 0xA0000000) != 0xA0000000" timeout="1000000" info="">
[20:11:48.350]        // while "(ReadDP(DP_CTRL_STAT) & 0xA0000000) != 0xA0000000"  (timeout="1000000")
[20:11:48.352]          // -> [ReadDP(0x00000004) => 0xF0000040]   (__dp=0x00000000)
[20:11:48.352]        // while-condition  =>  FALSE
[20:11:48.354]        // end while "(ReadDP(DP_CTRL_STAT) & 0xA0000000) != 0xA0000000"
[20:11:48.354]      </control>
[20:11:48.354]      <control if="(__protocol & 0xFFFF) == 1" while="" timeout="0" info="">
[20:11:48.354]        // if-block "(__protocol & 0xFFFF) == 1"
[20:11:48.354]          // =>  FALSE
[20:11:48.354]        // skip if-block "(__protocol & 0xFFFF) == 1"
[20:11:48.354]      </control>
[20:11:48.354]      <control if="(__protocol & 0xFFFF) == 2" while="" timeout="0" info="">
[20:11:48.354]        // if-block "(__protocol & 0xFFFF) == 2"
[20:11:48.354]          // =>  TRUE
[20:11:48.354]        <block atomic="false" info="">
[20:11:48.355]          Message(0, "executing SWD power up");
[20:11:48.355]          WriteDP(DP_CTRL_STAT, 0x50000F00);
[20:11:48.359]            // -> [WriteDP(0x00000004, 0x50000F00)]   (__dp=0x00000000)
[20:11:48.359]          WriteDP(SW_DP_ABORT, 0x0000001E);
[20:11:48.362]            // -> [WriteDP(0x00000000, 0x0000001E)]   (__dp=0x00000000)
[20:11:48.362]        </block>
[20:11:48.362]        // end if-block "(__protocol & 0xFFFF) == 2"
[20:11:48.362]      </control>
[20:11:48.362]      // end if-block "powered_down"
[20:11:48.362]    </control>
[20:11:48.362]    <block atomic="false" info="">
[20:11:48.362]      __var DEBUG_PORT_VAL    = 0;
[20:11:48.362]        // -> [DEBUG_PORT_VAL <= 0x00000000]
[20:11:48.362]      __var ACCESS_POINT_VAL  = 0;
[20:11:48.362]        // -> [ACCESS_POINT_VAL <= 0x00000000]
[20:11:48.362]      __ap = 1; 
[20:11:48.362]        // -> [__ap <= 0x00000001]
[20:11:48.362]      WriteAP(0x0C, 0x04); //lets use the mini pwr-ap as backup
[20:11:48.366]        // -> [WriteAP(0x0000000C, 0x00000004)]   (__dp=0x00000000, __ap=0x00000001)
[20:11:48.366]      __ap = 4;
[20:11:48.366]        // -> [__ap <= 0x00000004]
[20:11:48.366]      ACCESS_POINT_VAL = ReadAP(0x00);//Reading current state of access point
[20:11:48.371]        // -> [ReadAP(0x00000000) => 0x00080027]   (__dp=0x00000000, __ap=0x00000004)
[20:11:48.371]        // -> [ACCESS_POINT_VAL <= 0x00080027]
[20:11:48.371]      Message(0, "Current state of access point is: %x",ACCESS_POINT_VAL);
[20:11:48.371]    </block>
[20:11:48.371]    <block atomic="false" info="">
[20:11:48.371]      __var nReset = 0x80;
[20:11:48.371]        // -> [nReset <= 0x00000080]
[20:11:48.371]      __var canReadPins = 0;
[20:11:48.371]        // -> [canReadPins <= 0x00000000]
[20:11:48.371]      canReadPins = (DAP_SWJ_Pins(0x00, nReset, 0) != 0xFFFFFFFF);
[20:11:48.376]        // -> [DAP_SWJ_Pins(0x00, 0x80, 0) => 0x0F]   (Out: nRESET=0  =>  In: SWCLK/TCK=1, SWDIO/TMS=1, TDI=1, TDO=1, nTRST=0, nRESET=0)
[20:11:48.376]        // -> [canReadPins <= 0x00000001]
[20:11:48.376]    </block>
[20:11:48.376]    <control if="" while="1" timeout="200" info="">
[20:11:48.376]      // while "1"  (timeout="200")
[20:11:48.376]      // while-condition  =>  TRUE
[20:11:48.376]      // while "1"  (timeout="200")
[20:11:48.376]      // while-condition  =>  TRUE
[20:11:48.376]      // while "1"  (timeout="200")
[20:11:48.379]      // while-condition  =>  TRUE
[20:11:48.379]      // while "1"  (timeout="200")
[20:11:48.379]      // while-condition  =>  TRUE
[20:11:48.379]      // while "1"  (timeout="200")
[20:11:48.379]      // while-condition  =>  TRUE
[20:11:48.379]      // while "1"  (timeout="200")
[20:11:48.379]      // while-condition  =>  TRUE
[20:11:48.379]      // while "1"  (timeout="200")
[20:11:48.379]      // while-condition  =>  TRUE
[20:11:48.379]      // while "1"  (timeout="200")
[20:11:48.379]      // while-condition  =>  TRUE
[20:11:48.379]      // while "1"  (timeout="200")
[20:11:48.379]      // while-condition  =>  TRUE
[20:11:48.379]      // while "1"  (timeout="200")
[20:11:48.381]      // while-condition  =>  TRUE
[20:11:48.381]      // while "1"  (timeout="200")
[20:11:48.381]      // while-condition  =>  TRUE
[20:11:48.381]      // while "1"  (timeout="200")
[20:11:48.381]      // while-condition  =>  TRUE
[20:11:48.381]      // while "1"  (timeout="200")
[20:11:48.381]      // while-condition  =>  TRUE
[20:11:48.381]      // while "1"  (timeout="200")
[20:11:48.381]      // while-condition  =>  TRUE
[20:11:48.381]      // while "1"  (timeout="200")
[20:11:48.381]      // while-condition  =>  TRUE
[20:11:48.381]      // while "1"  (timeout="200")
[20:11:48.381]      // while-condition  =>  TRUE
[20:11:48.383]      // while "1"  (timeout="200")
[20:11:48.383]      // while  =>  TIMEOUT
[20:11:48.383]      // end while "1"
[20:11:48.384]    </control>
[20:11:48.384]    <control if="canReadPins" while="" timeout="0" info="">
[20:11:48.384]      // if-block "canReadPins"
[20:11:48.384]        // =>  TRUE
[20:11:48.384]      <control if="" while="(DAP_SWJ_Pins(nReset, nReset, 0) & nReset) == 0" timeout="1000000" info="">
[20:11:48.384]        // while "(DAP_SWJ_Pins(nReset, nReset, 0) & nReset) == 0"  (timeout="1000000")
[20:11:48.386]          // -> [DAP_SWJ_Pins(0x80, 0x80, 0) => 0x8F]   (Out: nRESET=1  =>  In: SWCLK/TCK=1, SWDIO/TMS=1, TDI=1, TDO=1, nTRST=0, nRESET=1)
[20:11:48.386]        // while-condition  =>  FALSE
[20:11:48.386]        // end while "(DAP_SWJ_Pins(nReset, nReset, 0) & nReset) == 0"
[20:11:48.386]      </control>
[20:11:48.386]      // end if-block "canReadPins"
[20:11:48.386]    </control>
[20:11:48.386]    <control if="!canReadPins" while="" timeout="0" info="">
[20:11:48.386]      // if-block "!canReadPins"
[20:11:48.386]        // =>  FALSE
[20:11:48.386]      // skip if-block "!canReadPins"
[20:11:48.386]    </control>
[20:11:48.386]    <control if="(ACCESS_POINT_VAL & 0x00E00000) == 0" while="" timeout="0" info="">
[20:11:48.386]      // if-block "(ACCESS_POINT_VAL & 0x00E00000) == 0"
[20:11:48.389]        // =>  TRUE
[20:11:48.389]      <block atomic="false" info="">
[20:11:48.389]        WriteAP(0x00, 0x190008);
[20:11:48.391]          // -> [WriteAP(0x00000000, 0x00190008)]   (__dp=0x00000000, __ap=0x00000004)
[20:11:48.391]        WriteAP(0xF0, 0x01);
[20:11:48.395]          // -> [WriteAP(0x000000F0, 0x00000001)]   (__dp=0x00000000, __ap=0x00000004)
[20:11:48.395]      </block>
[20:11:48.395]      // end if-block "(ACCESS_POINT_VAL & 0x00E00000) == 0"
[20:11:48.395]    </control>
[20:11:48.395]    <control if="(ACCESS_POINT_VAL & 0x00E00000) != 0" while="" timeout="0" info="">
[20:11:48.396]      // if-block "(ACCESS_POINT_VAL & 0x00E00000) != 0"
[20:11:48.396]        // =>  FALSE
[20:11:48.396]      // skip if-block "(ACCESS_POINT_VAL & 0x00E00000) != 0"
[20:11:48.397]    </control>
[20:11:48.397]    <block atomic="false" info="">
[20:11:48.397]      ACCESS_POINT_VAL = ReadAP(0x00);//Reading current state of access point
[20:11:48.400]        // -> [ReadAP(0x00000000) => 0x0079002F]   (__dp=0x00000000, __ap=0x00000004)
[20:11:48.401]        // -> [ACCESS_POINT_VAL <= 0x0079002F]
[20:11:48.401]      Message(0, "Current state of access point is: %x",ACCESS_POINT_VAL);
[20:11:48.404]      __ap = 0; //lets make sure we reset the access point selection
[20:11:48.404]        // -> [__ap <= 0x00000000]
[20:11:48.404]    </block>
[20:11:48.404]  </sequence>
[20:11:48.404]  
[20:11:48.422]  **********  Sequence "DebugDeviceUnlock"  (Context="Connect", Pname="", info="")
[20:11:48.422]  
[20:11:48.422]  <debugvars>
[20:11:48.422]    // Pre-defined
[20:11:48.422]    __protocol=0x00010002      (Protocol="SWD", SWJ-DP="True")
[20:11:48.422]    __connection=0x00000202    (Connection Type="Flash", Reset Type="System Reset")
[20:11:48.422]    __dp=0x00000000
[20:11:48.422]    __ap=0x00000000
[20:11:48.422]    __traceout=0x00000000      (Trace Disabled)
[20:11:48.427]    __errorcontrol=0x00000000  (Skip Errors="False")
[20:11:48.427]    __FlashAddr=0x00000000
[20:11:48.427]    __FlashLen=0x00000000
[20:11:48.427]    __FlashArg=0x00000000
[20:11:48.427]    __FlashOp=0x00000000
[20:11:48.427]    __Result=0x00000000
[20:11:48.427]  </debugvars>
[20:11:48.427]  
[20:11:48.427]  <sequence name="DebugDeviceUnlock" Pname="" disable="false" info="">
[20:11:48.427]    <block atomic="false" info="">
[20:11:48.427]      __var deviceID = 0;
[20:11:48.427]        // -> [deviceID <= 0x00000000]
[20:11:48.427]      __var version = 0;
[20:11:48.427]        // -> [version <= 0x00000000]
[20:11:48.429]      __var partNum = 0;
[20:11:48.429]        // -> [partNum <= 0x00000000]
[20:11:48.429]      __var manuf = 0;
[20:11:48.429]        // -> [manuf <= 0x00000000]
[20:11:48.429]      __var isMSPM0G1X0X_G3X0X = 0;
[20:11:48.429]        // -> [isMSPM0G1X0X_G3X0X <= 0x00000000]
[20:11:48.429]      __var isProduction = 0;
[20:11:48.429]        // -> [isProduction <= 0x00000000]
[20:11:48.429]      __var continueId = 0;
[20:11:48.429]        // -> [continueId <= 0x00000000]
[20:11:48.429]      deviceID =   Read32(0x41C40004);
[20:11:48.435]        // -> [Read32(0x41C40004) => 0x2BB8802F]   (__dp=0x00000000, __ap=0x00000000)
[20:11:48.435]        // -> [deviceID <= 0x2BB8802F]
[20:11:48.435]      version = deviceID >> 28;
[20:11:48.438]        // -> [version <= 0x00000002]
[20:11:48.438]      partNum = (deviceID & 0x0FFFF000) >> 12;
[20:11:48.438]        // -> [partNum <= 0x0000BB88]
[20:11:48.438]      manuf = (deviceID & 0x00000FFE) >> 1;
[20:11:48.438]        // -> [manuf <= 0x00000017]
[20:11:48.438]      isMSPM0G1X0X_G3X0X = (partNum == 0xBB88) && (manuf == 0x17);
[20:11:48.438]        // -> [isMSPM0G1X0X_G3X0X <= 0x00000001]
[20:11:48.438]      isProduction = (version > 0);
[20:11:48.438]        // -> [isProduction <= 0x00000001]
[20:11:48.439]    </block>
[20:11:48.439]    <control if="!isMSPM0G1X0X_G3X0X" while="" timeout="0" info="">
[20:11:48.439]      // if-block "!isMSPM0G1X0X_G3X0X"
[20:11:48.439]        // =>  FALSE
[20:11:48.439]      // skip if-block "!isMSPM0G1X0X_G3X0X"
[20:11:48.439]    </control>
[20:11:48.439]    <control if="continueId == 4" while="" timeout="0" info="">
[20:11:48.439]      // if-block "continueId == 4"
[20:11:48.439]        // =>  FALSE
[20:11:48.439]      // skip if-block "continueId == 4"
[20:11:48.439]    </control>
[20:11:48.439]    <control if="!isProduction" while="" timeout="0" info="">
[20:11:48.439]      // if-block "!isProduction"
[20:11:48.439]        // =>  FALSE
[20:11:48.439]      // skip if-block "!isProduction"
[20:11:48.439]    </control>
[20:11:48.439]  </sequence>
[20:11:48.439]  
[20:23:37.666]  **********  Sequence "DebugPortSetup"  (Context="Connect", Pname="", info="")
[20:23:37.666]  
[20:23:37.666]  <debugvars>
[20:23:37.666]    // Pre-defined
[20:23:37.667]    __protocol=0x00010002      (Protocol="SWD", SWJ-DP="True")
[20:23:37.667]    __connection=0x00000202    (Connection Type="Flash", Reset Type="System Reset")
[20:23:37.667]    __dp=0x00000000
[20:23:37.667]    __ap=0x00000000
[20:23:37.667]    __traceout=0x00000000      (Trace Disabled)
[20:23:37.668]    __errorcontrol=0x00000000  (Skip Errors="False")
[20:23:37.668]    __FlashAddr=0x00000000
[20:23:37.668]    __FlashLen=0x00000000
[20:23:37.668]    __FlashArg=0x00000000
[20:23:37.668]    __FlashOp=0x00000000
[20:23:37.668]    __Result=0x00000000
[20:23:37.669]  </debugvars>
[20:23:37.669]  
[20:23:37.669]  <sequence name="DebugPortSetup" Pname="" disable="false" info="">
[20:23:37.669]    <block atomic="false" info="">
[20:23:37.669]      __var isSWJ      = ((__protocol & 0x00010000) != 0);
[20:23:37.669]        // -> [isSWJ <= 0x00000001]
[20:23:37.669]      __var hasDormant = __protocol & 0x00020000;
[20:23:37.669]        // -> [hasDormant <= 0x00000000]
[20:23:37.670]      __var protType   = __protocol & 0x0000FFFF;
[20:23:37.670]        // -> [protType <= 0x00000002]
[20:23:37.670]    </block>
[20:23:37.670]    <control if="protType == 1" while="" timeout="0" info="">
[20:23:37.670]      // if-block "protType == 1"
[20:23:37.670]        // =>  FALSE
[20:23:37.670]      // skip if-block "protType == 1"
[20:23:37.671]    </control>
[20:23:37.671]    <control if="protType == 2" while="" timeout="0" info="">
[20:23:37.671]      // if-block "protType == 2"
[20:23:37.671]        // =>  TRUE
[20:23:37.672]      <control if="isSWJ" while="" timeout="0" info="">
[20:23:37.672]        // if-block "isSWJ"
[20:23:37.672]          // =>  TRUE
[20:23:37.672]        <control if="hasDormant" while="" timeout="0" info="">
[20:23:37.672]          // if-block "hasDormant"
[20:23:37.672]            // =>  FALSE
[20:23:37.672]          // skip if-block "hasDormant"
[20:23:37.673]        </control>
[20:23:37.673]        <control if="!hasDormant" while="" timeout="0" info="">
[20:23:37.673]          // if-block "!hasDormant"
[20:23:37.673]            // =>  TRUE
[20:23:37.673]          <block atomic="false" info="">
[20:23:37.673]            DAP_SWJ_Sequence(51, 0x0007FFFFFFFFFFFF); //lets put the JTAG line in a reset state
[20:23:37.675]              // -> [DAP_SWJ_Sequence(51, 0x0007FFFFFFFFFFFF)]
[20:23:37.676]            DAP_SWJ_Sequence(16,0xE73C); //SWD to JTAG, this is to ensure the state machine is initialized
[20:23:37.678]              // -> [DAP_SWJ_Sequence(16, 0x000000000000E73C)]
[20:23:37.679]            DAP_SWJ_Sequence(51, 0x0007FFFFFFFFFFFF); //Put it back in reset
[20:23:37.680]              // -> [DAP_SWJ_Sequence(51, 0x0007FFFFFFFFFFFF)]
[20:23:37.680]            DAP_SWJ_Sequence(16, 0xE79E); //JTAG to SWD switch
[20:23:37.682]              // -> [DAP_SWJ_Sequence(16, 0x000000000000E79E)]
[20:23:37.682]            DAP_SWJ_Sequence(51, 0x0007FFFFFFFFFFFF);  //Ensure the switch is successful 
[20:23:37.684]              // -> [DAP_SWJ_Sequence(51, 0x0007FFFFFFFFFFFF)]
[20:23:37.685]            DAP_SWJ_Sequence(7,  0x00); //Give the line some time to initialize
[20:23:37.686]              // -> [DAP_SWJ_Sequence(7, 0x0000000000000000)]
[20:23:37.686]          </block>
[20:23:37.686]          // end if-block "!hasDormant"
[20:23:37.687]        </control>
[20:23:37.687]        // end if-block "isSWJ"
[20:23:37.687]      </control>
[20:23:37.687]      <control if="!isSWJ" while="" timeout="0" info="">
[20:23:37.687]        // if-block "!isSWJ"
[20:23:37.687]          // =>  FALSE
[20:23:37.687]        // skip if-block "!isSWJ"
[20:23:37.687]      </control>
[20:23:37.688]      <block atomic="false" info="">
[20:23:37.688]        ReadDP(0x0);
[20:23:37.690]          // -> [ReadDP(0x00000000) => 0x6BA02477]   (__dp=0x00000000)
[20:23:37.690]      </block>
[20:23:37.691]      // end if-block "protType == 2"
[20:23:37.691]    </control>
[20:23:37.691]  </sequence>
[20:23:37.691]  
[20:23:37.695]  **********  Sequence "DebugPortStart"  (Context="Connect", Pname="", info="")
[20:23:37.695]  
[20:23:37.695]  <debugvars>
[20:23:37.695]    // Pre-defined
[20:23:37.695]    __protocol=0x00010002      (Protocol="SWD", SWJ-DP="True")
[20:23:37.695]    __connection=0x00000202    (Connection Type="Flash", Reset Type="System Reset")
[20:23:37.695]    __dp=0x00000000
[20:23:37.696]    __ap=0x00000000
[20:23:37.696]    __traceout=0x00000000      (Trace Disabled)
[20:23:37.696]    __errorcontrol=0x00000000  (Skip Errors="False")
[20:23:37.696]    __FlashAddr=0x00000000
[20:23:37.696]    __FlashLen=0x00000000
[20:23:37.696]    __FlashArg=0x00000000
[20:23:37.696]    __FlashOp=0x00000000
[20:23:37.696]    __Result=0x00000000
[20:23:37.698]  </debugvars>
[20:23:37.698]  
[20:23:37.698]  <sequence name="DebugPortStart" Pname="" disable="false" info="">
[20:23:37.698]    <block atomic="false" info="">
[20:23:37.698]      __var SW_DP_ABORT       = 0x0;
[20:23:37.698]        // -> [SW_DP_ABORT <= 0x00000000]
[20:23:37.698]      __var DP_CTRL_STAT      = 0x4;
[20:23:37.698]        // -> [DP_CTRL_STAT <= 0x00000004]
[20:23:37.698]      __var DP_SELECT         = 0x8;
[20:23:37.699]        // -> [DP_SELECT <= 0x00000008]
[20:23:37.699]      __var powered_down      = 0;
[20:23:37.699]        // -> [powered_down <= 0x00000000]
[20:23:37.699]      WriteDP(DP_SELECT, 0x00000000);
[20:23:37.702]        // -> [WriteDP(0x00000008, 0x00000000)]   (__dp=0x00000000)
[20:23:37.702]      powered_down = ((ReadDP(DP_CTRL_STAT) & 0xA0000000) != 0xA0000000);
[20:23:37.703]        // -> [ReadDP(0x00000004) => 0x00000040]   (__dp=0x00000000)
[20:23:37.703]        // -> [powered_down <= 0x00000001]
[20:23:37.703]    </block>
[20:23:37.703]    <control if="powered_down" while="" timeout="0" info="">
[20:23:37.704]      // if-block "powered_down"
[20:23:37.704]        // =>  TRUE
[20:23:37.704]      <block atomic="false" info="">
[20:23:37.704]        Message(0, "Debug/System power-up request sent");
[20:23:37.707]        WriteDP(DP_CTRL_STAT, 0x50000000);
[20:23:37.710]          // -> [WriteDP(0x00000004, 0x50000000)]   (__dp=0x00000000)
[20:23:37.710]      </block>
[20:23:37.710]      <control if="" while="(ReadDP(DP_CTRL_STAT) & 0xA0000000) != 0xA0000000" timeout="1000000" info="">
[20:23:37.710]        // while "(ReadDP(DP_CTRL_STAT) & 0xA0000000) != 0xA0000000"  (timeout="1000000")
[20:23:37.712]          // -> [ReadDP(0x00000004) => 0xF0000040]   (__dp=0x00000000)
[20:23:37.713]        // while-condition  =>  FALSE
[20:23:37.713]        // end while "(ReadDP(DP_CTRL_STAT) & 0xA0000000) != 0xA0000000"
[20:23:37.713]      </control>
[20:23:37.713]      <control if="(__protocol & 0xFFFF) == 1" while="" timeout="0" info="">
[20:23:37.714]        // if-block "(__protocol & 0xFFFF) == 1"
[20:23:37.714]          // =>  FALSE
[20:23:37.714]        // skip if-block "(__protocol & 0xFFFF) == 1"
[20:23:37.714]      </control>
[20:23:37.714]      <control if="(__protocol & 0xFFFF) == 2" while="" timeout="0" info="">
[20:23:37.714]        // if-block "(__protocol & 0xFFFF) == 2"
[20:23:37.714]          // =>  TRUE
[20:23:37.714]        <block atomic="false" info="">
[20:23:37.714]          Message(0, "executing SWD power up");
[20:23:37.716]          WriteDP(DP_CTRL_STAT, 0x50000F00);
[20:23:37.718]            // -> [WriteDP(0x00000004, 0x50000F00)]   (__dp=0x00000000)
[20:23:37.718]          WriteDP(SW_DP_ABORT, 0x0000001E);
[20:23:37.720]            // -> [WriteDP(0x00000000, 0x0000001E)]   (__dp=0x00000000)
[20:23:37.720]        </block>
[20:23:37.720]        // end if-block "(__protocol & 0xFFFF) == 2"
[20:23:37.720]      </control>
[20:23:37.720]      // end if-block "powered_down"
[20:23:37.720]    </control>
[20:23:37.721]    <block atomic="false" info="">
[20:23:37.721]      __var DEBUG_PORT_VAL    = 0;
[20:23:37.721]        // -> [DEBUG_PORT_VAL <= 0x00000000]
[20:23:37.721]      __var ACCESS_POINT_VAL  = 0;
[20:23:37.721]        // -> [ACCESS_POINT_VAL <= 0x00000000]
[20:23:37.721]      __ap = 1; 
[20:23:37.723]        // -> [__ap <= 0x00000001]
[20:23:37.723]      WriteAP(0x0C, 0x04); //lets use the mini pwr-ap as backup
[20:23:37.727]        // -> [WriteAP(0x0000000C, 0x00000004)]   (__dp=0x00000000, __ap=0x00000001)
[20:23:37.727]      __ap = 4;
[20:23:37.727]        // -> [__ap <= 0x00000004]
[20:23:37.727]      ACCESS_POINT_VAL = ReadAP(0x00);//Reading current state of access point
[20:23:37.732]        // -> [ReadAP(0x00000000) => 0x00080027]   (__dp=0x00000000, __ap=0x00000004)
[20:23:37.732]        // -> [ACCESS_POINT_VAL <= 0x00080027]
[20:23:37.732]      Message(0, "Current state of access point is: %x",ACCESS_POINT_VAL);
[20:23:37.734]    </block>
[20:23:37.734]    <block atomic="false" info="">
[20:23:37.734]      __var nReset = 0x80;
[20:23:37.734]        // -> [nReset <= 0x00000080]
[20:23:37.734]      __var canReadPins = 0;
[20:23:37.734]        // -> [canReadPins <= 0x00000000]
[20:23:37.735]      canReadPins = (DAP_SWJ_Pins(0x00, nReset, 0) != 0xFFFFFFFF);
[20:23:37.737]        // -> [DAP_SWJ_Pins(0x00, 0x80, 0) => 0x0F]   (Out: nRESET=0  =>  In: SWCLK/TCK=1, SWDIO/TMS=1, TDI=1, TDO=1, nTRST=0, nRESET=0)
[20:23:37.737]        // -> [canReadPins <= 0x00000001]
[20:23:37.737]    </block>
[20:23:37.737]    <control if="" while="1" timeout="200" info="">
[20:23:37.737]      // while "1"  (timeout="200")
[20:23:37.739]      // while-condition  =>  TRUE
[20:23:37.739]      // while "1"  (timeout="200")
[20:23:37.739]      // while-condition  =>  TRUE
[20:23:37.739]      // while "1"  (timeout="200")
[20:23:37.739]      // while-condition  =>  TRUE
[20:23:37.739]      // while "1"  (timeout="200")
[20:23:37.739]      // while-condition  =>  TRUE
[20:23:37.739]      // while "1"  (timeout="200")
[20:23:37.740]      // while-condition  =>  TRUE
[20:23:37.740]      // while "1"  (timeout="200")
[20:23:37.740]      // while-condition  =>  TRUE
[20:23:37.740]      // while "1"  (timeout="200")
[20:23:37.740]      // while-condition  =>  TRUE
[20:23:37.740]      // while "1"  (timeout="200")
[20:23:37.740]      // while-condition  =>  TRUE
[20:23:37.740]      // while "1"  (timeout="200")
[20:23:37.740]      // while-condition  =>  TRUE
[20:23:37.740]      // while "1"  (timeout="200")
[20:23:37.740]      // while-condition  =>  TRUE
[20:23:37.741]      // while "1"  (timeout="200")
[20:23:37.741]      // while-condition  =>  TRUE
[20:23:37.741]      // while "1"  (timeout="200")
[20:23:37.741]      // while-condition  =>  TRUE
[20:23:37.741]      // while "1"  (timeout="200")
[20:23:37.742]      // while-condition  =>  TRUE
[20:23:37.742]      // while "1"  (timeout="200")
[20:23:37.742]      // while  =>  TIMEOUT
[20:23:37.742]      // end while "1"
[20:23:37.742]    </control>
[20:23:37.743]    <control if="canReadPins" while="" timeout="0" info="">
[20:23:37.743]      // if-block "canReadPins"
[20:23:37.743]        // =>  TRUE
[20:23:37.743]      <control if="" while="(DAP_SWJ_Pins(nReset, nReset, 0) & nReset) == 0" timeout="1000000" info="">
[20:23:37.743]        // while "(DAP_SWJ_Pins(nReset, nReset, 0) & nReset) == 0"  (timeout="1000000")
[20:23:37.745]          // -> [DAP_SWJ_Pins(0x80, 0x80, 0) => 0x8F]   (Out: nRESET=1  =>  In: SWCLK/TCK=1, SWDIO/TMS=1, TDI=1, TDO=1, nTRST=0, nRESET=1)
[20:23:37.745]        // while-condition  =>  FALSE
[20:23:37.745]        // end while "(DAP_SWJ_Pins(nReset, nReset, 0) & nReset) == 0"
[20:23:37.745]      </control>
[20:23:37.745]      // end if-block "canReadPins"
[20:23:37.745]    </control>
[20:23:37.746]    <control if="!canReadPins" while="" timeout="0" info="">
[20:23:37.746]      // if-block "!canReadPins"
[20:23:37.746]        // =>  FALSE
[20:23:37.747]      // skip if-block "!canReadPins"
[20:23:37.747]    </control>
[20:23:37.747]    <control if="(ACCESS_POINT_VAL & 0x00E00000) == 0" while="" timeout="0" info="">
[20:23:37.747]      // if-block "(ACCESS_POINT_VAL & 0x00E00000) == 0"
[20:23:37.747]        // =>  TRUE
[20:23:37.747]      <block atomic="false" info="">
[20:23:37.747]        WriteAP(0x00, 0x190008);
[20:23:37.748]          // -> [WriteAP(0x00000000, 0x00190008)]   (__dp=0x00000000, __ap=0x00000004)
[20:23:37.750]        WriteAP(0xF0, 0x01);
[20:23:37.753]          // -> [WriteAP(0x000000F0, 0x00000001)]   (__dp=0x00000000, __ap=0x00000004)
[20:23:37.753]      </block>
[20:23:37.754]      // end if-block "(ACCESS_POINT_VAL & 0x00E00000) == 0"
[20:23:37.754]    </control>
[20:23:37.754]    <control if="(ACCESS_POINT_VAL & 0x00E00000) != 0" while="" timeout="0" info="">
[20:23:37.754]      // if-block "(ACCESS_POINT_VAL & 0x00E00000) != 0"
[20:23:37.754]        // =>  FALSE
[20:23:37.754]      // skip if-block "(ACCESS_POINT_VAL & 0x00E00000) != 0"
[20:23:37.755]    </control>
[20:23:37.755]    <block atomic="false" info="">
[20:23:37.755]      ACCESS_POINT_VAL = ReadAP(0x00);//Reading current state of access point
[20:23:37.760]        // -> [ReadAP(0x00000000) => 0x0079002F]   (__dp=0x00000000, __ap=0x00000004)
[20:23:37.760]        // -> [ACCESS_POINT_VAL <= 0x0079002F]
[20:23:37.760]      Message(0, "Current state of access point is: %x",ACCESS_POINT_VAL);
[20:23:37.762]      __ap = 0; //lets make sure we reset the access point selection
[20:23:37.762]        // -> [__ap <= 0x00000000]
[20:23:37.762]    </block>
[20:23:37.762]  </sequence>
[20:23:37.762]  
[20:23:37.782]  **********  Sequence "DebugDeviceUnlock"  (Context="Connect", Pname="", info="")
[20:23:37.782]  
[20:23:37.782]  <debugvars>
[20:23:37.783]    // Pre-defined
[20:23:37.783]    __protocol=0x00010002      (Protocol="SWD", SWJ-DP="True")
[20:23:37.783]    __connection=0x00000202    (Connection Type="Flash", Reset Type="System Reset")
[20:23:37.783]    __dp=0x00000000
[20:23:37.783]    __ap=0x00000000
[20:23:37.783]    __traceout=0x00000000      (Trace Disabled)
[20:23:37.783]    __errorcontrol=0x00000000  (Skip Errors="False")
[20:23:37.783]    __FlashAddr=0x00000000
[20:23:37.784]    __FlashLen=0x00000000
[20:23:37.784]    __FlashArg=0x00000000
[20:23:37.784]    __FlashOp=0x00000000
[20:23:37.784]    __Result=0x00000000
[20:23:37.784]  </debugvars>
[20:23:37.784]  
[20:23:37.784]  <sequence name="DebugDeviceUnlock" Pname="" disable="false" info="">
[20:23:37.785]    <block atomic="false" info="">
[20:23:37.785]      __var deviceID = 0;
[20:23:37.785]        // -> [deviceID <= 0x00000000]
[20:23:37.786]      __var version = 0;
[20:23:37.786]        // -> [version <= 0x00000000]
[20:23:37.786]      __var partNum = 0;
[20:23:37.786]        // -> [partNum <= 0x00000000]
[20:23:37.786]      __var manuf = 0;
[20:23:37.787]        // -> [manuf <= 0x00000000]
[20:23:37.787]      __var isMSPM0G1X0X_G3X0X = 0;
[20:23:37.787]        // -> [isMSPM0G1X0X_G3X0X <= 0x00000000]
[20:23:37.787]      __var isProduction = 0;
[20:23:37.787]        // -> [isProduction <= 0x00000000]
[20:23:37.787]      __var continueId = 0;
[20:23:37.787]        // -> [continueId <= 0x00000000]
[20:23:37.787]      deviceID =   Read32(0x41C40004);
[20:23:37.794]        // -> [Read32(0x41C40004) => 0x2BB8802F]   (__dp=0x00000000, __ap=0x00000000)
[20:23:37.794]        // -> [deviceID <= 0x2BB8802F]
[20:23:37.794]      version = deviceID >> 28;
[20:23:37.794]        // -> [version <= 0x00000002]
[20:23:37.795]      partNum = (deviceID & 0x0FFFF000) >> 12;
[20:23:37.795]        // -> [partNum <= 0x0000BB88]
[20:23:37.795]      manuf = (deviceID & 0x00000FFE) >> 1;
[20:23:37.795]        // -> [manuf <= 0x00000017]
[20:23:37.795]      isMSPM0G1X0X_G3X0X = (partNum == 0xBB88) && (manuf == 0x17);
[20:23:37.795]        // -> [isMSPM0G1X0X_G3X0X <= 0x00000001]
[20:23:37.795]      isProduction = (version > 0);
[20:23:37.796]        // -> [isProduction <= 0x00000001]
[20:23:37.796]    </block>
[20:23:37.796]    <control if="!isMSPM0G1X0X_G3X0X" while="" timeout="0" info="">
[20:23:37.796]      // if-block "!isMSPM0G1X0X_G3X0X"
[20:23:37.796]        // =>  FALSE
[20:23:37.796]      // skip if-block "!isMSPM0G1X0X_G3X0X"
[20:23:37.797]    </control>
[20:23:37.797]    <control if="continueId == 4" while="" timeout="0" info="">
[20:23:37.798]      // if-block "continueId == 4"
[20:23:37.798]        // =>  FALSE
[20:23:37.798]      // skip if-block "continueId == 4"
[20:23:37.798]    </control>
[20:23:37.798]    <control if="!isProduction" while="" timeout="0" info="">
[20:23:37.798]      // if-block "!isProduction"
[20:23:37.798]        // =>  FALSE
[20:23:37.799]      // skip if-block "!isProduction"
[20:23:37.799]    </control>
[20:23:37.799]  </sequence>
[20:23:37.799]  
[20:28:35.545]  **********  Sequence "DebugPortSetup"  (Context="Connect", Pname="", info="")
[20:28:35.545]  
[20:28:35.545]  <debugvars>
[20:28:35.547]    // Pre-defined
[20:28:35.547]    __protocol=0x00010002      (Protocol="SWD", SWJ-DP="True")
[20:28:35.547]    __connection=0x00000202    (Connection Type="Flash", Reset Type="System Reset")
[20:28:35.547]    __dp=0x00000000
[20:28:35.547]    __ap=0x00000000
[20:28:35.547]    __traceout=0x00000000      (Trace Disabled)
[20:28:35.547]    __errorcontrol=0x00000000  (Skip Errors="False")
[20:28:35.547]    __FlashAddr=0x00000000
[20:28:35.547]    __FlashLen=0x00000000
[20:28:35.547]    __FlashArg=0x00000000
[20:28:35.547]    __FlashOp=0x00000000
[20:28:35.548]    __Result=0x00000000
[20:28:35.548]  </debugvars>
[20:28:35.548]  
[20:28:35.548]  <sequence name="DebugPortSetup" Pname="" disable="false" info="">
[20:28:35.548]    <block atomic="false" info="">
[20:28:35.548]      __var isSWJ      = ((__protocol & 0x00010000) != 0);
[20:28:35.548]        // -> [isSWJ <= 0x00000001]
[20:28:35.548]      __var hasDormant = __protocol & 0x00020000;
[20:28:35.548]        // -> [hasDormant <= 0x00000000]
[20:28:35.548]      __var protType   = __protocol & 0x0000FFFF;
[20:28:35.548]        // -> [protType <= 0x00000002]
[20:28:35.548]    </block>
[20:28:35.548]    <control if="protType == 1" while="" timeout="0" info="">
[20:28:35.548]      // if-block "protType == 1"
[20:28:35.548]        // =>  FALSE
[20:28:35.548]      // skip if-block "protType == 1"
[20:28:35.548]    </control>
[20:28:35.548]    <control if="protType == 2" while="" timeout="0" info="">
[20:28:35.548]      // if-block "protType == 2"
[20:28:35.551]        // =>  TRUE
[20:28:35.551]      <control if="isSWJ" while="" timeout="0" info="">
[20:28:35.551]        // if-block "isSWJ"
[20:28:35.551]          // =>  TRUE
[20:28:35.551]        <control if="hasDormant" while="" timeout="0" info="">
[20:28:35.551]          // if-block "hasDormant"
[20:28:35.551]            // =>  FALSE
[20:28:35.551]          // skip if-block "hasDormant"
[20:28:35.551]        </control>
[20:28:35.552]        <control if="!hasDormant" while="" timeout="0" info="">
[20:28:35.552]          // if-block "!hasDormant"
[20:28:35.552]            // =>  TRUE
[20:28:35.552]          <block atomic="false" info="">
[20:28:35.552]            DAP_SWJ_Sequence(51, 0x0007FFFFFFFFFFFF); //lets put the JTAG line in a reset state
[20:28:35.554]              // -> [DAP_SWJ_Sequence(51, 0x0007FFFFFFFFFFFF)]
[20:28:35.554]            DAP_SWJ_Sequence(16,0xE73C); //SWD to JTAG, this is to ensure the state machine is initialized
[20:28:35.554]              // -> [DAP_SWJ_Sequence(16, 0x000000000000E73C)]
[20:28:35.554]            DAP_SWJ_Sequence(51, 0x0007FFFFFFFFFFFF); //Put it back in reset
[20:28:35.559]              // -> [DAP_SWJ_Sequence(51, 0x0007FFFFFFFFFFFF)]
[20:28:35.559]            DAP_SWJ_Sequence(16, 0xE79E); //JTAG to SWD switch
[20:28:35.561]              // -> [DAP_SWJ_Sequence(16, 0x000000000000E79E)]
[20:28:35.561]            DAP_SWJ_Sequence(51, 0x0007FFFFFFFFFFFF);  //Ensure the switch is successful 
[20:28:35.562]              // -> [DAP_SWJ_Sequence(51, 0x0007FFFFFFFFFFFF)]
[20:28:35.562]            DAP_SWJ_Sequence(7,  0x00); //Give the line some time to initialize
[20:28:35.562]              // -> [DAP_SWJ_Sequence(7, 0x0000000000000000)]
[20:28:35.562]          </block>
[20:28:35.562]          // end if-block "!hasDormant"
[20:28:35.562]        </control>
[20:28:35.562]        // end if-block "isSWJ"
[20:28:35.562]      </control>
[20:28:35.562]      <control if="!isSWJ" while="" timeout="0" info="">
[20:28:35.562]        // if-block "!isSWJ"
[20:28:35.562]          // =>  FALSE
[20:28:35.562]        // skip if-block "!isSWJ"
[20:28:35.562]      </control>
[20:28:35.562]      <block atomic="false" info="">
[20:28:35.562]        ReadDP(0x0);
[20:28:35.567]          // -> [ReadDP(0x00000000) => 0x6BA02477]   (__dp=0x00000000)
[20:28:35.567]      </block>
[20:28:35.567]      // end if-block "protType == 2"
[20:28:35.567]    </control>
[20:28:35.567]  </sequence>
[20:28:35.567]  
[20:28:35.574]  **********  Sequence "DebugPortStart"  (Context="Connect", Pname="", info="")
[20:28:35.574]  
[20:28:35.574]  <debugvars>
[20:28:35.574]    // Pre-defined
[20:28:35.574]    __protocol=0x00010002      (Protocol="SWD", SWJ-DP="True")
[20:28:35.574]    __connection=0x00000202    (Connection Type="Flash", Reset Type="System Reset")
[20:28:35.574]    __dp=0x00000000
[20:28:35.574]    __ap=0x00000000
[20:28:35.574]    __traceout=0x00000000      (Trace Disabled)
[20:28:35.575]    __errorcontrol=0x00000000  (Skip Errors="False")
[20:28:35.575]    __FlashAddr=0x00000000
[20:28:35.575]    __FlashLen=0x00000000
[20:28:35.575]    __FlashArg=0x00000000
[20:28:35.575]    __FlashOp=0x00000000
[20:28:35.575]    __Result=0x00000000
[20:28:35.575]  </debugvars>
[20:28:35.576]  
[20:28:35.576]  <sequence name="DebugPortStart" Pname="" disable="false" info="">
[20:28:35.576]    <block atomic="false" info="">
[20:28:35.576]      __var SW_DP_ABORT       = 0x0;
[20:28:35.576]        // -> [SW_DP_ABORT <= 0x00000000]
[20:28:35.576]      __var DP_CTRL_STAT      = 0x4;
[20:28:35.576]        // -> [DP_CTRL_STAT <= 0x00000004]
[20:28:35.576]      __var DP_SELECT         = 0x8;
[20:28:35.576]        // -> [DP_SELECT <= 0x00000008]
[20:28:35.577]      __var powered_down      = 0;
[20:28:35.577]        // -> [powered_down <= 0x00000000]
[20:28:35.577]      WriteDP(DP_SELECT, 0x00000000);
[20:28:35.578]        // -> [WriteDP(0x00000008, 0x00000000)]   (__dp=0x00000000)
[20:28:35.578]      powered_down = ((ReadDP(DP_CTRL_STAT) & 0xA0000000) != 0xA0000000);
[20:28:35.580]        // -> [ReadDP(0x00000004) => 0x00000040]   (__dp=0x00000000)
[20:28:35.580]        // -> [powered_down <= 0x00000001]
[20:28:35.581]    </block>
[20:28:35.581]    <control if="powered_down" while="" timeout="0" info="">
[20:28:35.581]      // if-block "powered_down"
[20:28:35.581]        // =>  TRUE
[20:28:35.581]      <block atomic="false" info="">
[20:28:35.581]        Message(0, "Debug/System power-up request sent");
[20:28:35.583]        WriteDP(DP_CTRL_STAT, 0x50000000);
[20:28:35.585]          // -> [WriteDP(0x00000004, 0x50000000)]   (__dp=0x00000000)
[20:28:35.586]      </block>
[20:28:35.586]      <control if="" while="(ReadDP(DP_CTRL_STAT) & 0xA0000000) != 0xA0000000" timeout="1000000" info="">
[20:28:35.586]        // while "(ReadDP(DP_CTRL_STAT) & 0xA0000000) != 0xA0000000"  (timeout="1000000")
[20:28:35.588]          // -> [ReadDP(0x00000004) => 0xF0000040]   (__dp=0x00000000)
[20:28:35.588]        // while-condition  =>  FALSE
[20:28:35.588]        // end while "(ReadDP(DP_CTRL_STAT) & 0xA0000000) != 0xA0000000"
[20:28:35.588]      </control>
[20:28:35.588]      <control if="(__protocol & 0xFFFF) == 1" while="" timeout="0" info="">
[20:28:35.588]        // if-block "(__protocol & 0xFFFF) == 1"
[20:28:35.588]          // =>  FALSE
[20:28:35.588]        // skip if-block "(__protocol & 0xFFFF) == 1"
[20:28:35.588]      </control>
[20:28:35.588]      <control if="(__protocol & 0xFFFF) == 2" while="" timeout="0" info="">
[20:28:35.588]        // if-block "(__protocol & 0xFFFF) == 2"
[20:28:35.588]          // =>  TRUE
[20:28:35.588]        <block atomic="false" info="">
[20:28:35.588]          Message(0, "executing SWD power up");
[20:28:35.591]          WriteDP(DP_CTRL_STAT, 0x50000F00);
[20:28:35.594]            // -> [WriteDP(0x00000004, 0x50000F00)]   (__dp=0x00000000)
[20:28:35.594]          WriteDP(SW_DP_ABORT, 0x0000001E);
[20:28:35.594]            // -> [WriteDP(0x00000000, 0x0000001E)]   (__dp=0x00000000)
[20:28:35.594]        </block>
[20:28:35.594]        // end if-block "(__protocol & 0xFFFF) == 2"
[20:28:35.594]      </control>
[20:28:35.594]      // end if-block "powered_down"
[20:28:35.594]    </control>
[20:28:35.596]    <block atomic="false" info="">
[20:28:35.596]      __var DEBUG_PORT_VAL    = 0;
[20:28:35.597]        // -> [DEBUG_PORT_VAL <= 0x00000000]
[20:28:35.597]      __var ACCESS_POINT_VAL  = 0;
[20:28:35.597]        // -> [ACCESS_POINT_VAL <= 0x00000000]
[20:28:35.597]      __ap = 1; 
[20:28:35.597]        // -> [__ap <= 0x00000001]
[20:28:35.597]      WriteAP(0x0C, 0x04); //lets use the mini pwr-ap as backup
[20:28:35.600]        // -> [WriteAP(0x0000000C, 0x00000004)]   (__dp=0x00000000, __ap=0x00000001)
[20:28:35.600]      __ap = 4;
[20:28:35.600]        // -> [__ap <= 0x00000004]
[20:28:35.600]      ACCESS_POINT_VAL = ReadAP(0x00);//Reading current state of access point
[20:28:35.606]        // -> [ReadAP(0x00000000) => 0x00080027]   (__dp=0x00000000, __ap=0x00000004)
[20:28:35.607]        // -> [ACCESS_POINT_VAL <= 0x00080027]
[20:28:35.607]      Message(0, "Current state of access point is: %x",ACCESS_POINT_VAL);
[20:28:35.608]    </block>
[20:28:35.608]    <block atomic="false" info="">
[20:28:35.608]      __var nReset = 0x80;
[20:28:35.608]        // -> [nReset <= 0x00000080]
[20:28:35.608]      __var canReadPins = 0;
[20:28:35.608]        // -> [canReadPins <= 0x00000000]
[20:28:35.608]      canReadPins = (DAP_SWJ_Pins(0x00, nReset, 0) != 0xFFFFFFFF);
[20:28:35.611]        // -> [DAP_SWJ_Pins(0x00, 0x80, 0) => 0x0F]   (Out: nRESET=0  =>  In: SWCLK/TCK=1, SWDIO/TMS=1, TDI=1, TDO=1, nTRST=0, nRESET=0)
[20:28:35.611]        // -> [canReadPins <= 0x00000001]
[20:28:35.611]    </block>
[20:28:35.612]    <control if="" while="1" timeout="200" info="">
[20:28:35.612]      // while "1"  (timeout="200")
[20:28:35.612]      // while-condition  =>  TRUE
[20:28:35.612]      // while "1"  (timeout="200")
[20:28:35.612]      // while-condition  =>  TRUE
[20:28:35.612]      // while "1"  (timeout="200")
[20:28:35.612]      // while-condition  =>  TRUE
[20:28:35.612]      // while "1"  (timeout="200")
[20:28:35.612]      // while-condition  =>  TRUE
[20:28:35.613]      // while "1"  (timeout="200")
[20:28:35.613]      // while-condition  =>  TRUE
[20:28:35.613]      // while "1"  (timeout="200")
[20:28:35.613]      // while-condition  =>  TRUE
[20:28:35.613]      // while "1"  (timeout="200")
[20:28:35.613]      // while-condition  =>  TRUE
[20:28:35.613]      // while "1"  (timeout="200")
[20:28:35.613]      // while-condition  =>  TRUE
[20:28:35.613]      // while "1"  (timeout="200")
[20:28:35.613]      // while-condition  =>  TRUE
[20:28:35.613]      // while "1"  (timeout="200")
[20:28:35.613]      // while-condition  =>  TRUE
[20:28:35.613]      // while "1"  (timeout="200")
[20:28:35.613]      // while-condition  =>  TRUE
[20:28:35.613]      // while "1"  (timeout="200")
[20:28:35.613]      // while-condition  =>  TRUE
[20:28:35.615]      // while "1"  (timeout="200")
[20:28:35.615]      // while-condition  =>  TRUE
[20:28:35.615]      // while "1"  (timeout="200")
[20:28:35.615]      // while-condition  =>  TRUE
[20:28:35.615]      // while "1"  (timeout="200")
[20:28:35.615]      // while-condition  =>  TRUE
[20:28:35.615]      // while "1"  (timeout="200")
[20:28:35.615]      // while-condition  =>  TRUE
[20:28:35.615]      // while "1"  (timeout="200")
[20:28:35.615]      // while-condition  =>  TRUE
[20:28:35.615]      // while "1"  (timeout="200")
[20:28:35.615]      // while-condition  =>  TRUE
[20:28:35.617]      // while "1"  (timeout="200")
[20:28:35.617]      // while-condition  =>  TRUE
[20:28:35.617]      // while "1"  (timeout="200")
[20:28:35.617]      // while-condition  =>  TRUE
[20:28:35.617]      // while "1"  (timeout="200")
[20:28:35.617]      // while-condition  =>  TRUE
[20:28:35.617]      // while "1"  (timeout="200")
[20:28:35.617]      // while  =>  TIMEOUT
[20:28:35.617]      // end while "1"
[20:28:35.618]    </control>
[20:28:35.618]    <control if="canReadPins" while="" timeout="0" info="">
[20:28:35.618]      // if-block "canReadPins"
[20:28:35.618]        // =>  TRUE
[20:28:35.618]      <control if="" while="(DAP_SWJ_Pins(nReset, nReset, 0) & nReset) == 0" timeout="1000000" info="">
[20:28:35.618]        // while "(DAP_SWJ_Pins(nReset, nReset, 0) & nReset) == 0"  (timeout="1000000")
[20:28:35.620]          // -> [DAP_SWJ_Pins(0x80, 0x80, 0) => 0x8F]   (Out: nRESET=1  =>  In: SWCLK/TCK=1, SWDIO/TMS=1, TDI=1, TDO=1, nTRST=0, nRESET=1)
[20:28:35.620]        // while-condition  =>  FALSE
[20:28:35.620]        // end while "(DAP_SWJ_Pins(nReset, nReset, 0) & nReset) == 0"
[20:28:35.620]      </control>
[20:28:35.620]      // end if-block "canReadPins"
[20:28:35.620]    </control>
[20:28:35.620]    <control if="!canReadPins" while="" timeout="0" info="">
[20:28:35.620]      // if-block "!canReadPins"
[20:28:35.620]        // =>  FALSE
[20:28:35.620]      // skip if-block "!canReadPins"
[20:28:35.620]    </control>
[20:28:35.620]    <control if="(ACCESS_POINT_VAL & 0x00E00000) == 0" while="" timeout="0" info="">
[20:28:35.620]      // if-block "(ACCESS_POINT_VAL & 0x00E00000) == 0"
[20:28:35.622]        // =>  TRUE
[20:28:35.622]      <block atomic="false" info="">
[20:28:35.622]        WriteAP(0x00, 0x190008);
[20:28:35.622]          // -> [WriteAP(0x00000000, 0x00190008)]   (__dp=0x00000000, __ap=0x00000004)
[20:28:35.622]        WriteAP(0xF0, 0x01);
[20:28:35.628]          // -> [WriteAP(0x000000F0, 0x00000001)]   (__dp=0x00000000, __ap=0x00000004)
[20:28:35.628]      </block>
[20:28:35.628]      // end if-block "(ACCESS_POINT_VAL & 0x00E00000) == 0"
[20:28:35.628]    </control>
[20:28:35.628]    <control if="(ACCESS_POINT_VAL & 0x00E00000) != 0" while="" timeout="0" info="">
[20:28:35.629]      // if-block "(ACCESS_POINT_VAL & 0x00E00000) != 0"
[20:28:35.629]        // =>  FALSE
[20:28:35.629]      // skip if-block "(ACCESS_POINT_VAL & 0x00E00000) != 0"
[20:28:35.629]    </control>
[20:28:35.629]    <block atomic="false" info="">
[20:28:35.629]      ACCESS_POINT_VAL = ReadAP(0x00);//Reading current state of access point
[20:28:35.633]        // -> [ReadAP(0x00000000) => 0x0079002F]   (__dp=0x00000000, __ap=0x00000004)
[20:28:35.633]        // -> [ACCESS_POINT_VAL <= 0x0079002F]
[20:28:35.633]      Message(0, "Current state of access point is: %x",ACCESS_POINT_VAL);
[20:28:35.635]      __ap = 0; //lets make sure we reset the access point selection
[20:28:35.635]        // -> [__ap <= 0x00000000]
[20:28:35.635]    </block>
[20:28:35.635]  </sequence>
[20:28:35.635]  
[20:28:35.656]  **********  Sequence "DebugDeviceUnlock"  (Context="Connect", Pname="", info="")
[20:28:35.656]  
[20:28:35.656]  <debugvars>
[20:28:35.656]    // Pre-defined
[20:28:35.656]    __protocol=0x00010002      (Protocol="SWD", SWJ-DP="True")
[20:28:35.656]    __connection=0x00000202    (Connection Type="Flash", Reset Type="System Reset")
[20:28:35.656]    __dp=0x00000000
[20:28:35.656]    __ap=0x00000000
[20:28:35.656]    __traceout=0x00000000      (Trace Disabled)
[20:28:35.656]    __errorcontrol=0x00000000  (Skip Errors="False")
[20:28:35.656]    __FlashAddr=0x00000000
[20:28:35.656]    __FlashLen=0x00000000
[20:28:35.656]    __FlashArg=0x00000000
[20:28:35.656]    __FlashOp=0x00000000
[20:28:35.656]    __Result=0x00000000
[20:28:35.656]  </debugvars>
[20:28:35.656]  
[20:28:35.656]  <sequence name="DebugDeviceUnlock" Pname="" disable="false" info="">
[20:28:35.656]    <block atomic="false" info="">
[20:28:35.656]      __var deviceID = 0;
[20:28:35.656]        // -> [deviceID <= 0x00000000]
[20:28:35.656]      __var version = 0;
[20:28:35.656]        // -> [version <= 0x00000000]
[20:28:35.656]      __var partNum = 0;
[20:28:35.656]        // -> [partNum <= 0x00000000]
[20:28:35.656]      __var manuf = 0;
[20:28:35.656]        // -> [manuf <= 0x00000000]
[20:28:35.656]      __var isMSPM0G1X0X_G3X0X = 0;
[20:28:35.656]        // -> [isMSPM0G1X0X_G3X0X <= 0x00000000]
[20:28:35.656]      __var isProduction = 0;
[20:28:35.656]        // -> [isProduction <= 0x00000000]
[20:28:35.656]      __var continueId = 0;
[20:28:35.661]        // -> [continueId <= 0x00000000]
[20:28:35.661]      deviceID =   Read32(0x41C40004);
[20:28:35.667]        // -> [Read32(0x41C40004) => 0x2BB8802F]   (__dp=0x00000000, __ap=0x00000000)
[20:28:35.667]        // -> [deviceID <= 0x2BB8802F]
[20:28:35.667]      version = deviceID >> 28;
[20:28:35.667]        // -> [version <= 0x00000002]
[20:28:35.667]      partNum = (deviceID & 0x0FFFF000) >> 12;
[20:28:35.667]        // -> [partNum <= 0x0000BB88]
[20:28:35.667]      manuf = (deviceID & 0x00000FFE) >> 1;
[20:28:35.667]        // -> [manuf <= 0x00000017]
[20:28:35.667]      isMSPM0G1X0X_G3X0X = (partNum == 0xBB88) && (manuf == 0x17);
[20:28:35.667]        // -> [isMSPM0G1X0X_G3X0X <= 0x00000001]
[20:28:35.667]      isProduction = (version > 0);
[20:28:35.667]        // -> [isProduction <= 0x00000001]
[20:28:35.667]    </block>
[20:28:35.667]    <control if="!isMSPM0G1X0X_G3X0X" while="" timeout="0" info="">
[20:28:35.667]      // if-block "!isMSPM0G1X0X_G3X0X"
[20:28:35.667]        // =>  FALSE
[20:28:35.667]      // skip if-block "!isMSPM0G1X0X_G3X0X"
[20:28:35.667]    </control>
[20:28:35.667]    <control if="continueId == 4" while="" timeout="0" info="">
[20:28:35.667]      // if-block "continueId == 4"
[20:28:35.667]        // =>  FALSE
[20:28:35.667]      // skip if-block "continueId == 4"
[20:28:35.667]    </control>
[20:28:35.667]    <control if="!isProduction" while="" timeout="0" info="">
[20:28:35.667]      // if-block "!isProduction"
[20:28:35.667]        // =>  FALSE
[20:28:35.667]      // skip if-block "!isProduction"
[20:28:35.667]    </control>
[20:28:35.667]  </sequence>
[20:28:35.672]  
[20:30:37.937]  **********  Sequence "DebugPortSetup"  (Context="Connect", Pname="", info="")
[20:30:37.937]  
[20:30:37.937]  <debugvars>
[20:30:37.937]    // Pre-defined
[20:30:37.937]    __protocol=0x00010002      (Protocol="SWD", SWJ-DP="True")
[20:30:37.937]    __connection=0x00000202    (Connection Type="Flash", Reset Type="System Reset")
[20:30:37.937]    __dp=0x00000000
[20:30:37.937]    __ap=0x00000000
[20:30:37.937]    __traceout=0x00000000      (Trace Disabled)
[20:30:37.937]    __errorcontrol=0x00000000  (Skip Errors="False")
[20:30:37.937]    __FlashAddr=0x00000000
[20:30:37.937]    __FlashLen=0x00000000
[20:30:37.937]    __FlashArg=0x00000000
[20:30:37.937]    __FlashOp=0x00000000
[20:30:37.937]    __Result=0x00000000
[20:30:37.937]  </debugvars>
[20:30:37.937]  
[20:30:37.937]  <sequence name="DebugPortSetup" Pname="" disable="false" info="">
[20:30:37.937]    <block atomic="false" info="">
[20:30:37.937]      __var isSWJ      = ((__protocol & 0x00010000) != 0);
[20:30:37.937]        // -> [isSWJ <= 0x00000001]
[20:30:37.937]      __var hasDormant = __protocol & 0x00020000;
[20:30:37.937]        // -> [hasDormant <= 0x00000000]
[20:30:37.937]      __var protType   = __protocol & 0x0000FFFF;
[20:30:37.937]        // -> [protType <= 0x00000002]
[20:30:37.937]    </block>
[20:30:37.942]    <control if="protType == 1" while="" timeout="0" info="">
[20:30:37.942]      // if-block "protType == 1"
[20:30:37.942]        // =>  FALSE
[20:30:37.942]      // skip if-block "protType == 1"
[20:30:37.942]    </control>
[20:30:37.942]    <control if="protType == 2" while="" timeout="0" info="">
[20:30:37.942]      // if-block "protType == 2"
[20:30:37.942]        // =>  TRUE
[20:30:37.942]      <control if="isSWJ" while="" timeout="0" info="">
[20:30:37.942]        // if-block "isSWJ"
[20:30:37.942]          // =>  TRUE
[20:30:37.942]        <control if="hasDormant" while="" timeout="0" info="">
[20:30:37.942]          // if-block "hasDormant"
[20:30:37.942]            // =>  FALSE
[20:30:37.942]          // skip if-block "hasDormant"
[20:30:37.942]        </control>
[20:30:37.942]        <control if="!hasDormant" while="" timeout="0" info="">
[20:30:37.942]          // if-block "!hasDormant"
[20:30:37.942]            // =>  TRUE
[20:30:37.942]          <block atomic="false" info="">
[20:30:37.942]            DAP_SWJ_Sequence(51, 0x0007FFFFFFFFFFFF); //lets put the JTAG line in a reset state
[20:30:37.942]              // -> [DAP_SWJ_Sequence(51, 0x0007FFFFFFFFFFFF)]
[20:30:37.947]            DAP_SWJ_Sequence(16,0xE73C); //SWD to JTAG, this is to ensure the state machine is initialized
[20:30:37.948]              // -> [DAP_SWJ_Sequence(16, 0x000000000000E73C)]
[20:30:37.948]            DAP_SWJ_Sequence(51, 0x0007FFFFFFFFFFFF); //Put it back in reset
[20:30:37.948]              // -> [DAP_SWJ_Sequence(51, 0x0007FFFFFFFFFFFF)]
[20:30:37.948]            DAP_SWJ_Sequence(16, 0xE79E); //JTAG to SWD switch
[20:30:37.953]              // -> [DAP_SWJ_Sequence(16, 0x000000000000E79E)]
[20:30:37.953]            DAP_SWJ_Sequence(51, 0x0007FFFFFFFFFFFF);  //Ensure the switch is successful 
[20:30:37.953]              // -> [DAP_SWJ_Sequence(51, 0x0007FFFFFFFFFFFF)]
[20:30:37.953]            DAP_SWJ_Sequence(7,  0x00); //Give the line some time to initialize
[20:30:37.953]              // -> [DAP_SWJ_Sequence(7, 0x0000000000000000)]
[20:30:37.953]          </block>
[20:30:37.953]          // end if-block "!hasDormant"
[20:30:37.958]        </control>
[20:30:37.958]        // end if-block "isSWJ"
[20:30:37.958]      </control>
[20:30:37.958]      <control if="!isSWJ" while="" timeout="0" info="">
[20:30:37.958]        // if-block "!isSWJ"
[20:30:37.958]          // =>  FALSE
[20:30:37.958]        // skip if-block "!isSWJ"
[20:30:37.958]      </control>
[20:30:37.958]      <block atomic="false" info="">
[20:30:37.958]        ReadDP(0x0);
[20:30:37.961]          // -> [ReadDP(0x00000000) => 0x6BA02477]   (__dp=0x00000000)
[20:30:37.961]      </block>
[20:30:37.961]      // end if-block "protType == 2"
[20:30:37.961]    </control>
[20:30:37.961]  </sequence>
[20:30:37.961]  
[20:30:37.963]  **********  Sequence "DebugPortStart"  (Context="Connect", Pname="", info="")
[20:30:37.963]  
[20:30:37.963]  <debugvars>
[20:30:37.963]    // Pre-defined
[20:30:37.963]    __protocol=0x00010002      (Protocol="SWD", SWJ-DP="True")
[20:30:37.963]    __connection=0x00000202    (Connection Type="Flash", Reset Type="System Reset")
[20:30:37.963]    __dp=0x00000000
[20:30:37.963]    __ap=0x00000000
[20:30:37.963]    __traceout=0x00000000      (Trace Disabled)
[20:30:37.963]    __errorcontrol=0x00000000  (Skip Errors="False")
[20:30:37.963]    __FlashAddr=0x00000000
[20:30:37.963]    __FlashLen=0x00000000
[20:30:37.963]    __FlashArg=0x00000000
[20:30:37.963]    __FlashOp=0x00000000
[20:30:37.968]    __Result=0x00000000
[20:30:37.968]  </debugvars>
[20:30:37.968]  
[20:30:37.968]  <sequence name="DebugPortStart" Pname="" disable="false" info="">
[20:30:37.968]    <block atomic="false" info="">
[20:30:37.968]      __var SW_DP_ABORT       = 0x0;
[20:30:37.968]        // -> [SW_DP_ABORT <= 0x00000000]
[20:30:37.968]      __var DP_CTRL_STAT      = 0x4;
[20:30:37.968]        // -> [DP_CTRL_STAT <= 0x00000004]
[20:30:37.968]      __var DP_SELECT         = 0x8;
[20:30:37.968]        // -> [DP_SELECT <= 0x00000008]
[20:30:37.968]      __var powered_down      = 0;
[20:30:37.968]        // -> [powered_down <= 0x00000000]
[20:30:37.968]      WriteDP(DP_SELECT, 0x00000000);
[20:30:37.968]        // -> [WriteDP(0x00000008, 0x00000000)]   (__dp=0x00000000)
[20:30:37.968]      powered_down = ((ReadDP(DP_CTRL_STAT) & 0xA0000000) != 0xA0000000);
[20:30:37.973]        // -> [ReadDP(0x00000004) => 0x00000040]   (__dp=0x00000000)
[20:30:37.973]        // -> [powered_down <= 0x00000001]
[20:30:37.973]    </block>
[20:30:37.973]    <control if="powered_down" while="" timeout="0" info="">
[20:30:37.974]      // if-block "powered_down"
[20:30:37.974]        // =>  TRUE
[20:30:37.974]      <block atomic="false" info="">
[20:30:37.974]        Message(0, "Debug/System power-up request sent");
[20:30:37.974]        WriteDP(DP_CTRL_STAT, 0x50000000);
[20:30:37.978]          // -> [WriteDP(0x00000004, 0x50000000)]   (__dp=0x00000000)
[20:30:37.978]      </block>
[20:30:37.978]      <control if="" while="(ReadDP(DP_CTRL_STAT) & 0xA0000000) != 0xA0000000" timeout="1000000" info="">
[20:30:37.978]        // while "(ReadDP(DP_CTRL_STAT) & 0xA0000000) != 0xA0000000"  (timeout="1000000")
[20:30:37.979]          // -> [ReadDP(0x00000004) => 0xF0000040]   (__dp=0x00000000)
[20:30:37.981]        // while-condition  =>  FALSE
[20:30:37.981]        // end while "(ReadDP(DP_CTRL_STAT) & 0xA0000000) != 0xA0000000"
[20:30:37.981]      </control>
[20:30:37.981]      <control if="(__protocol & 0xFFFF) == 1" while="" timeout="0" info="">
[20:30:37.981]        // if-block "(__protocol & 0xFFFF) == 1"
[20:30:37.981]          // =>  FALSE
[20:30:37.981]        // skip if-block "(__protocol & 0xFFFF) == 1"
[20:30:37.982]      </control>
[20:30:37.982]      <control if="(__protocol & 0xFFFF) == 2" while="" timeout="0" info="">
[20:30:37.982]        // if-block "(__protocol & 0xFFFF) == 2"
[20:30:37.982]          // =>  TRUE
[20:30:37.982]        <block atomic="false" info="">
[20:30:37.982]          Message(0, "executing SWD power up");
[20:30:37.983]          WriteDP(DP_CTRL_STAT, 0x50000F00);
[20:30:37.985]            // -> [WriteDP(0x00000004, 0x50000F00)]   (__dp=0x00000000)
[20:30:37.985]          WriteDP(SW_DP_ABORT, 0x0000001E);
[20:30:37.988]            // -> [WriteDP(0x00000000, 0x0000001E)]   (__dp=0x00000000)
[20:30:37.988]        </block>
[20:30:37.988]        // end if-block "(__protocol & 0xFFFF) == 2"
[20:30:37.988]      </control>
[20:30:37.988]      // end if-block "powered_down"
[20:30:37.988]    </control>
[20:30:37.989]    <block atomic="false" info="">
[20:30:37.989]      __var DEBUG_PORT_VAL    = 0;
[20:30:37.989]        // -> [DEBUG_PORT_VAL <= 0x00000000]
[20:30:37.989]      __var ACCESS_POINT_VAL  = 0;
[20:30:37.989]        // -> [ACCESS_POINT_VAL <= 0x00000000]
[20:30:37.989]      __ap = 1; 
[20:30:37.989]        // -> [__ap <= 0x00000001]
[20:30:37.989]      WriteAP(0x0C, 0x04); //lets use the mini pwr-ap as backup
[20:30:37.994]        // -> [WriteAP(0x0000000C, 0x00000004)]   (__dp=0x00000000, __ap=0x00000001)
[20:30:37.994]      __ap = 4;
[20:30:37.994]        // -> [__ap <= 0x00000004]
[20:30:37.994]      ACCESS_POINT_VAL = ReadAP(0x00);//Reading current state of access point
[20:30:37.997]        // -> [ReadAP(0x00000000) => 0x00080027]   (__dp=0x00000000, __ap=0x00000004)
[20:30:37.997]        // -> [ACCESS_POINT_VAL <= 0x00080027]
[20:30:37.997]      Message(0, "Current state of access point is: %x",ACCESS_POINT_VAL);
[20:30:37.997]    </block>
[20:30:37.997]    <block atomic="false" info="">
[20:30:37.997]      __var nReset = 0x80;
[20:30:37.997]        // -> [nReset <= 0x00000080]
[20:30:37.997]      __var canReadPins = 0;
[20:30:37.997]        // -> [canReadPins <= 0x00000000]
[20:30:37.997]      canReadPins = (DAP_SWJ_Pins(0x00, nReset, 0) != 0xFFFFFFFF);
[20:30:38.003]        // -> [DAP_SWJ_Pins(0x00, 0x80, 0) => 0x0F]   (Out: nRESET=0  =>  In: SWCLK/TCK=1, SWDIO/TMS=1, TDI=1, TDO=1, nTRST=0, nRESET=0)
[20:30:38.003]        // -> [canReadPins <= 0x00000001]
[20:30:38.003]    </block>
[20:30:38.003]    <control if="" while="1" timeout="200" info="">
[20:30:38.003]      // while "1"  (timeout="200")
[20:30:38.003]      // while-condition  =>  TRUE
[20:30:38.003]      // while "1"  (timeout="200")
[20:30:38.003]      // while-condition  =>  TRUE
[20:30:38.003]      // while "1"  (timeout="200")
[20:30:38.003]      // while-condition  =>  TRUE
[20:30:38.003]      // while "1"  (timeout="200")
[20:30:38.003]      // while-condition  =>  TRUE
[20:30:38.003]      // while "1"  (timeout="200")
[20:30:38.003]      // while-condition  =>  TRUE
[20:30:38.003]      // while "1"  (timeout="200")
[20:30:38.003]      // while-condition  =>  TRUE
[20:30:38.003]      // while "1"  (timeout="200")
[20:30:38.003]      // while-condition  =>  TRUE
[20:30:38.003]      // while "1"  (timeout="200")
[20:30:38.003]      // while-condition  =>  TRUE
[20:30:38.003]      // while "1"  (timeout="200")
[20:30:38.003]      // while-condition  =>  TRUE
[20:30:38.003]      // while "1"  (timeout="200")
[20:30:38.003]      // while-condition  =>  TRUE
[20:30:38.003]      // while "1"  (timeout="200")
[20:30:38.003]      // while-condition  =>  TRUE
[20:30:38.003]      // while "1"  (timeout="200")
[20:30:38.003]      // while-condition  =>  TRUE
[20:30:38.003]      // while "1"  (timeout="200")
[20:30:38.008]      // while-condition  =>  TRUE
[20:30:38.008]      // while "1"  (timeout="200")
[20:30:38.008]      // while-condition  =>  TRUE
[20:30:38.008]      // while "1"  (timeout="200")
[20:30:38.008]      // while-condition  =>  TRUE
[20:30:38.008]      // while "1"  (timeout="200")
[20:30:38.008]      // while-condition  =>  TRUE
[20:30:38.008]      // while "1"  (timeout="200")
[20:30:38.008]      // while-condition  =>  TRUE
[20:30:38.008]      // while "1"  (timeout="200")
[20:30:38.008]      // while-condition  =>  TRUE
[20:30:38.008]      // while "1"  (timeout="200")
[20:30:38.008]      // while-condition  =>  TRUE
[20:30:38.008]      // while "1"  (timeout="200")
[20:30:38.008]      // while-condition  =>  TRUE
[20:30:38.008]      // while "1"  (timeout="200")
[20:30:38.008]      // while-condition  =>  TRUE
[20:30:38.008]      // while "1"  (timeout="200")
[20:30:38.008]      // while-condition  =>  TRUE
[20:30:38.008]      // while "1"  (timeout="200")
[20:30:38.008]      // while-condition  =>  TRUE
[20:30:38.008]      // while "1"  (timeout="200")
[20:30:38.008]      // while-condition  =>  TRUE
[20:30:38.008]      // while "1"  (timeout="200")
[20:30:38.008]      // while-condition  =>  TRUE
[20:30:38.008]      // while "1"  (timeout="200")
[20:30:38.008]      // while-condition  =>  TRUE
[20:30:38.008]      // while "1"  (timeout="200")
[20:30:38.008]      // while-condition  =>  TRUE
[20:30:38.008]      // while "1"  (timeout="200")
[20:30:38.008]      // while-condition  =>  TRUE
[20:30:38.008]      // while "1"  (timeout="200")
[20:30:38.008]      // while-condition  =>  TRUE
[20:30:38.008]      // while "1"  (timeout="200")
[20:30:38.008]      // while-condition  =>  TRUE
[20:30:38.008]      // while "1"  (timeout="200")
[20:30:38.008]      // while-condition  =>  TRUE
[20:30:38.008]      // while "1"  (timeout="200")
[20:30:38.008]      // while-condition  =>  TRUE
[20:30:38.013]      // while "1"  (timeout="200")
[20:30:38.013]      // while  =>  TIMEOUT
[20:30:38.013]      // end while "1"
[20:30:38.013]    </control>
[20:30:38.013]    <control if="canReadPins" while="" timeout="0" info="">
[20:30:38.013]      // if-block "canReadPins"
[20:30:38.013]        // =>  TRUE
[20:30:38.013]      <control if="" while="(DAP_SWJ_Pins(nReset, nReset, 0) & nReset) == 0" timeout="1000000" info="">
[20:30:38.013]        // while "(DAP_SWJ_Pins(nReset, nReset, 0) & nReset) == 0"  (timeout="1000000")
[20:30:38.016]          // -> [DAP_SWJ_Pins(0x80, 0x80, 0) => 0x8F]   (Out: nRESET=1  =>  In: SWCLK/TCK=1, SWDIO/TMS=1, TDI=1, TDO=1, nTRST=0, nRESET=1)
[20:30:38.016]        // while-condition  =>  FALSE
[20:30:38.016]        // end while "(DAP_SWJ_Pins(nReset, nReset, 0) & nReset) == 0"
[20:30:38.016]      </control>
[20:30:38.016]      // end if-block "canReadPins"
[20:30:38.016]    </control>
[20:30:38.016]    <control if="!canReadPins" while="" timeout="0" info="">
[20:30:38.016]      // if-block "!canReadPins"
[20:30:38.016]        // =>  FALSE
[20:30:38.016]      // skip if-block "!canReadPins"
[20:30:38.016]    </control>
[20:30:38.017]    <control if="(ACCESS_POINT_VAL & 0x00E00000) == 0" while="" timeout="0" info="">
[20:30:38.017]      // if-block "(ACCESS_POINT_VAL & 0x00E00000) == 0"
[20:30:38.017]        // =>  TRUE
[20:30:38.017]      <block atomic="false" info="">
[20:30:38.017]        WriteAP(0x00, 0x190008);
[20:30:38.020]          // -> [WriteAP(0x00000000, 0x00190008)]   (__dp=0x00000000, __ap=0x00000004)
[20:30:38.020]        WriteAP(0xF0, 0x01);
[20:30:38.024]          // -> [WriteAP(0x000000F0, 0x00000001)]   (__dp=0x00000000, __ap=0x00000004)
[20:30:38.024]      </block>
[20:30:38.024]      // end if-block "(ACCESS_POINT_VAL & 0x00E00000) == 0"
[20:30:38.024]    </control>
[20:30:38.024]    <control if="(ACCESS_POINT_VAL & 0x00E00000) != 0" while="" timeout="0" info="">
[20:30:38.024]      // if-block "(ACCESS_POINT_VAL & 0x00E00000) != 0"
[20:30:38.024]        // =>  FALSE
[20:30:38.024]      // skip if-block "(ACCESS_POINT_VAL & 0x00E00000) != 0"
[20:30:38.024]    </control>
[20:30:38.024]    <block atomic="false" info="">
[20:30:38.024]      ACCESS_POINT_VAL = ReadAP(0x00);//Reading current state of access point
[20:30:38.029]        // -> [ReadAP(0x00000000) => 0x0079002F]   (__dp=0x00000000, __ap=0x00000004)
[20:30:38.029]        // -> [ACCESS_POINT_VAL <= 0x0079002F]
[20:30:38.029]      Message(0, "Current state of access point is: %x",ACCESS_POINT_VAL);
[20:30:38.029]      __ap = 0; //lets make sure we reset the access point selection
[20:30:38.029]        // -> [__ap <= 0x00000000]
[20:30:38.029]    </block>
[20:30:38.029]  </sequence>
[20:30:38.029]  
[20:30:38.050]  **********  Sequence "DebugDeviceUnlock"  (Context="Connect", Pname="", info="")
[20:30:38.050]  
[20:30:38.050]  <debugvars>
[20:30:38.050]    // Pre-defined
[20:30:38.050]    __protocol=0x00010002      (Protocol="SWD", SWJ-DP="True")
[20:30:38.050]    __connection=0x00000202    (Connection Type="Flash", Reset Type="System Reset")
[20:30:38.050]    __dp=0x00000000
[20:30:38.050]    __ap=0x00000000
[20:30:38.050]    __traceout=0x00000000      (Trace Disabled)
[20:30:38.050]    __errorcontrol=0x00000000  (Skip Errors="False")
[20:30:38.050]    __FlashAddr=0x00000000
[20:30:38.050]    __FlashLen=0x00000000
[20:30:38.050]    __FlashArg=0x00000000
[20:30:38.050]    __FlashOp=0x00000000
[20:30:38.050]    __Result=0x00000000
[20:30:38.050]  </debugvars>
[20:30:38.050]  
[20:30:38.050]  <sequence name="DebugDeviceUnlock" Pname="" disable="false" info="">
[20:30:38.050]    <block atomic="false" info="">
[20:30:38.050]      __var deviceID = 0;
[20:30:38.050]        // -> [deviceID <= 0x00000000]
[20:30:38.050]      __var version = 0;
[20:30:38.050]        // -> [version <= 0x00000000]
[20:30:38.050]      __var partNum = 0;
[20:30:38.050]        // -> [partNum <= 0x00000000]
[20:30:38.050]      __var manuf = 0;
[20:30:38.050]        // -> [manuf <= 0x00000000]
[20:30:38.050]      __var isMSPM0G1X0X_G3X0X = 0;
[20:30:38.050]        // -> [isMSPM0G1X0X_G3X0X <= 0x00000000]
[20:30:38.055]      __var isProduction = 0;
[20:30:38.055]        // -> [isProduction <= 0x00000000]
[20:30:38.055]      __var continueId = 0;
[20:30:38.055]        // -> [continueId <= 0x00000000]
[20:30:38.055]      deviceID =   Read32(0x41C40004);
[20:30:38.061]        // -> [Read32(0x41C40004) => 0x2BB8802F]   (__dp=0x00000000, __ap=0x00000000)
[20:30:38.061]        // -> [deviceID <= 0x2BB8802F]
[20:30:38.061]      version = deviceID >> 28;
[20:30:38.061]        // -> [version <= 0x00000002]
[20:30:38.061]      partNum = (deviceID & 0x0FFFF000) >> 12;
[20:30:38.061]        // -> [partNum <= 0x0000BB88]
[20:30:38.061]      manuf = (deviceID & 0x00000FFE) >> 1;
[20:30:38.061]        // -> [manuf <= 0x00000017]
[20:30:38.061]      isMSPM0G1X0X_G3X0X = (partNum == 0xBB88) && (manuf == 0x17);
[20:30:38.061]        // -> [isMSPM0G1X0X_G3X0X <= 0x00000001]
[20:30:38.061]      isProduction = (version > 0);
[20:30:38.061]        // -> [isProduction <= 0x00000001]
[20:30:38.061]    </block>
[20:30:38.061]    <control if="!isMSPM0G1X0X_G3X0X" while="" timeout="0" info="">
[20:30:38.061]      // if-block "!isMSPM0G1X0X_G3X0X"
[20:30:38.061]        // =>  FALSE
[20:30:38.061]      // skip if-block "!isMSPM0G1X0X_G3X0X"
[20:30:38.061]    </control>
[20:30:38.061]    <control if="continueId == 4" while="" timeout="0" info="">
[20:30:38.061]      // if-block "continueId == 4"
[20:30:38.061]        // =>  FALSE
[20:30:38.061]      // skip if-block "continueId == 4"
[20:30:38.061]    </control>
[20:30:38.061]    <control if="!isProduction" while="" timeout="0" info="">
[20:30:38.061]      // if-block "!isProduction"
[20:30:38.061]        // =>  FALSE
[20:30:38.061]      // skip if-block "!isProduction"
[20:30:38.061]    </control>
[20:30:38.061]  </sequence>
[20:30:38.061]  
[20:32:13.445]  **********  Sequence "DebugPortSetup"  (Context="Connect", Pname="", info="")
[20:32:13.445]  
[20:32:13.447]  <debugvars>
[20:32:13.447]    // Pre-defined
[20:32:13.447]    __protocol=0x00010002      (Protocol="SWD", SWJ-DP="True")
[20:32:13.447]    __connection=0x00000202    (Connection Type="Flash", Reset Type="System Reset")
[20:32:13.447]    __dp=0x00000000
[20:32:13.447]    __ap=0x00000000
[20:32:13.447]    __traceout=0x00000000      (Trace Disabled)
[20:32:13.447]    __errorcontrol=0x00000000  (Skip Errors="False")
[20:32:13.447]    __FlashAddr=0x00000000
[20:32:13.447]    __FlashLen=0x00000000
[20:32:13.447]    __FlashArg=0x00000000
[20:32:13.447]    __FlashOp=0x00000000
[20:32:13.447]    __Result=0x00000000
[20:32:13.447]  </debugvars>
[20:32:13.447]  
[20:32:13.447]  <sequence name="DebugPortSetup" Pname="" disable="false" info="">
[20:32:13.447]    <block atomic="false" info="">
[20:32:13.447]      __var isSWJ      = ((__protocol & 0x00010000) != 0);
[20:32:13.447]        // -> [isSWJ <= 0x00000001]
[20:32:13.447]      __var hasDormant = __protocol & 0x00020000;
[20:32:13.447]        // -> [hasDormant <= 0x00000000]
[20:32:13.447]      __var protType   = __protocol & 0x0000FFFF;
[20:32:13.447]        // -> [protType <= 0x00000002]
[20:32:13.447]    </block>
[20:32:13.447]    <control if="protType == 1" while="" timeout="0" info="">
[20:32:13.451]      // if-block "protType == 1"
[20:32:13.451]        // =>  FALSE
[20:32:13.451]      // skip if-block "protType == 1"
[20:32:13.451]    </control>
[20:32:13.451]    <control if="protType == 2" while="" timeout="0" info="">
[20:32:13.451]      // if-block "protType == 2"
[20:32:13.451]        // =>  TRUE
[20:32:13.451]      <control if="isSWJ" while="" timeout="0" info="">
[20:32:13.451]        // if-block "isSWJ"
[20:32:13.452]          // =>  TRUE
[20:32:13.452]        <control if="hasDormant" while="" timeout="0" info="">
[20:32:13.452]          // if-block "hasDormant"
[20:32:13.452]            // =>  FALSE
[20:32:13.452]          // skip if-block "hasDormant"
[20:32:13.452]        </control>
[20:32:13.452]        <control if="!hasDormant" while="" timeout="0" info="">
[20:32:13.452]          // if-block "!hasDormant"
[20:32:13.452]            // =>  TRUE
[20:32:13.452]          <block atomic="false" info="">
[20:32:13.452]            DAP_SWJ_Sequence(51, 0x0007FFFFFFFFFFFF); //lets put the JTAG line in a reset state
[20:32:13.454]              // -> [DAP_SWJ_Sequence(51, 0x0007FFFFFFFFFFFF)]
[20:32:13.456]            DAP_SWJ_Sequence(16,0xE73C); //SWD to JTAG, this is to ensure the state machine is initialized
[20:32:13.458]              // -> [DAP_SWJ_Sequence(16, 0x000000000000E73C)]
[20:32:13.458]            DAP_SWJ_Sequence(51, 0x0007FFFFFFFFFFFF); //Put it back in reset
[20:32:13.460]              // -> [DAP_SWJ_Sequence(51, 0x0007FFFFFFFFFFFF)]
[20:32:13.460]            DAP_SWJ_Sequence(16, 0xE79E); //JTAG to SWD switch
[20:32:13.460]              // -> [DAP_SWJ_Sequence(16, 0x000000000000E79E)]
[20:32:13.460]            DAP_SWJ_Sequence(51, 0x0007FFFFFFFFFFFF);  //Ensure the switch is successful 
[20:32:13.463]              // -> [DAP_SWJ_Sequence(51, 0x0007FFFFFFFFFFFF)]
[20:32:13.463]            DAP_SWJ_Sequence(7,  0x00); //Give the line some time to initialize
[20:32:13.463]              // -> [DAP_SWJ_Sequence(7, 0x0000000000000000)]
[20:32:13.463]          </block>
[20:32:13.463]          // end if-block "!hasDormant"
[20:32:13.463]        </control>
[20:32:13.463]        // end if-block "isSWJ"
[20:32:13.463]      </control>
[20:32:13.463]      <control if="!isSWJ" while="" timeout="0" info="">
[20:32:13.463]        // if-block "!isSWJ"
[20:32:13.463]          // =>  FALSE
[20:32:13.463]        // skip if-block "!isSWJ"
[20:32:13.463]      </control>
[20:32:13.463]      <block atomic="false" info="">
[20:32:13.463]        ReadDP(0x0);
[20:32:13.468]          // -> [ReadDP(0x00000000) => 0x6BA02477]   (__dp=0x00000000)
[20:32:13.470]      </block>
[20:32:13.470]      // end if-block "protType == 2"
[20:32:13.470]    </control>
[20:32:13.470]  </sequence>
[20:32:13.470]  
[20:32:13.473]  **********  Sequence "DebugPortStart"  (Context="Connect", Pname="", info="")
[20:32:13.473]  
[20:32:13.473]  <debugvars>
[20:32:13.473]    // Pre-defined
[20:32:13.476]    __protocol=0x00010002      (Protocol="SWD", SWJ-DP="True")
[20:32:13.476]    __connection=0x00000202    (Connection Type="Flash", Reset Type="System Reset")
[20:32:13.476]    __dp=0x00000000
[20:32:13.476]    __ap=0x00000000
[20:32:13.476]    __traceout=0x00000000      (Trace Disabled)
[20:32:13.476]    __errorcontrol=0x00000000  (Skip Errors="False")
[20:32:13.476]    __FlashAddr=0x00000000
[20:32:13.476]    __FlashLen=0x00000000
[20:32:13.476]    __FlashArg=0x00000000
[20:32:13.476]    __FlashOp=0x00000000
[20:32:13.477]    __Result=0x00000000
[20:32:13.477]  </debugvars>
[20:32:13.477]  
[20:32:13.477]  <sequence name="DebugPortStart" Pname="" disable="false" info="">
[20:32:13.477]    <block atomic="false" info="">
[20:32:13.477]      __var SW_DP_ABORT       = 0x0;
[20:32:13.477]        // -> [SW_DP_ABORT <= 0x00000000]
[20:32:13.477]      __var DP_CTRL_STAT      = 0x4;
[20:32:13.477]        // -> [DP_CTRL_STAT <= 0x00000004]
[20:32:13.477]      __var DP_SELECT         = 0x8;
[20:32:13.477]        // -> [DP_SELECT <= 0x00000008]
[20:32:13.477]      __var powered_down      = 0;
[20:32:13.477]        // -> [powered_down <= 0x00000000]
[20:32:13.477]      WriteDP(DP_SELECT, 0x00000000);
[20:32:13.478]        // -> [WriteDP(0x00000008, 0x00000000)]   (__dp=0x00000000)
[20:32:13.478]      powered_down = ((ReadDP(DP_CTRL_STAT) & 0xA0000000) != 0xA0000000);
[20:32:13.481]        // -> [ReadDP(0x00000004) => 0x00000040]   (__dp=0x00000000)
[20:32:13.481]        // -> [powered_down <= 0x00000001]
[20:32:13.481]    </block>
[20:32:13.481]    <control if="powered_down" while="" timeout="0" info="">
[20:32:13.481]      // if-block "powered_down"
[20:32:13.481]        // =>  TRUE
[20:32:13.481]      <block atomic="false" info="">
[20:32:13.481]        Message(0, "Debug/System power-up request sent");
[20:32:13.484]        WriteDP(DP_CTRL_STAT, 0x50000000);
[20:32:13.484]          // -> [WriteDP(0x00000004, 0x50000000)]   (__dp=0x00000000)
[20:32:13.486]      </block>
[20:32:13.486]      <control if="" while="(ReadDP(DP_CTRL_STAT) & 0xA0000000) != 0xA0000000" timeout="1000000" info="">
[20:32:13.486]        // while "(ReadDP(DP_CTRL_STAT) & 0xA0000000) != 0xA0000000"  (timeout="1000000")
[20:32:13.487]          // -> [ReadDP(0x00000004) => 0xF0000040]   (__dp=0x00000000)
[20:32:13.489]        // while-condition  =>  FALSE
[20:32:13.489]        // end while "(ReadDP(DP_CTRL_STAT) & 0xA0000000) != 0xA0000000"
[20:32:13.489]      </control>
[20:32:13.489]      <control if="(__protocol & 0xFFFF) == 1" while="" timeout="0" info="">
[20:32:13.489]        // if-block "(__protocol & 0xFFFF) == 1"
[20:32:13.489]          // =>  FALSE
[20:32:13.489]        // skip if-block "(__protocol & 0xFFFF) == 1"
[20:32:13.489]      </control>
[20:32:13.489]      <control if="(__protocol & 0xFFFF) == 2" while="" timeout="0" info="">
[20:32:13.489]        // if-block "(__protocol & 0xFFFF) == 2"
[20:32:13.489]          // =>  TRUE
[20:32:13.489]        <block atomic="false" info="">
[20:32:13.489]          Message(0, "executing SWD power up");
[20:32:13.491]          WriteDP(DP_CTRL_STAT, 0x50000F00);
[20:32:13.491]            // -> [WriteDP(0x00000004, 0x50000F00)]   (__dp=0x00000000)
[20:32:13.491]          WriteDP(SW_DP_ABORT, 0x0000001E);
[20:32:13.494]            // -> [WriteDP(0x00000000, 0x0000001E)]   (__dp=0x00000000)
[20:32:13.494]        </block>
[20:32:13.496]        // end if-block "(__protocol & 0xFFFF) == 2"
[20:32:13.496]      </control>
[20:32:13.496]      // end if-block "powered_down"
[20:32:13.496]    </control>
[20:32:13.496]    <block atomic="false" info="">
[20:32:13.496]      __var DEBUG_PORT_VAL    = 0;
[20:32:13.496]        // -> [DEBUG_PORT_VAL <= 0x00000000]
[20:32:13.496]      __var ACCESS_POINT_VAL  = 0;
[20:32:13.496]        // -> [ACCESS_POINT_VAL <= 0x00000000]
[20:32:13.496]      __ap = 1; 
[20:32:13.498]        // -> [__ap <= 0x00000001]
[20:32:13.498]      WriteAP(0x0C, 0x04); //lets use the mini pwr-ap as backup
[20:32:13.500]        // -> [WriteAP(0x0000000C, 0x00000004)]   (__dp=0x00000000, __ap=0x00000001)
[20:32:13.500]      __ap = 4;
[20:32:13.500]        // -> [__ap <= 0x00000004]
[20:32:13.500]      ACCESS_POINT_VAL = ReadAP(0x00);//Reading current state of access point
[20:32:13.505]        // -> [ReadAP(0x00000000) => 0x00080027]   (__dp=0x00000000, __ap=0x00000004)
[20:32:13.506]        // -> [ACCESS_POINT_VAL <= 0x00080027]
[20:32:13.506]      Message(0, "Current state of access point is: %x",ACCESS_POINT_VAL);
[20:32:13.507]    </block>
[20:32:13.508]    <block atomic="false" info="">
[20:32:13.508]      __var nReset = 0x80;
[20:32:13.508]        // -> [nReset <= 0x00000080]
[20:32:13.508]      __var canReadPins = 0;
[20:32:13.508]        // -> [canReadPins <= 0x00000000]
[20:32:13.508]      canReadPins = (DAP_SWJ_Pins(0x00, nReset, 0) != 0xFFFFFFFF);
[20:32:13.509]        // -> [DAP_SWJ_Pins(0x00, 0x80, 0) => 0x0F]   (Out: nRESET=0  =>  In: SWCLK/TCK=1, SWDIO/TMS=1, TDI=1, TDO=1, nTRST=0, nRESET=0)
[20:32:13.509]        // -> [canReadPins <= 0x00000001]
[20:32:13.509]    </block>
[20:32:13.510]    <control if="" while="1" timeout="200" info="">
[20:32:13.510]      // while "1"  (timeout="200")
[20:32:13.510]      // while-condition  =>  TRUE
[20:32:13.510]      // while "1"  (timeout="200")
[20:32:13.510]      // while-condition  =>  TRUE
[20:32:13.510]      // while "1"  (timeout="200")
[20:32:13.510]      // while-condition  =>  TRUE
[20:32:13.510]      // while "1"  (timeout="200")
[20:32:13.510]      // while-condition  =>  TRUE
[20:32:13.510]      // while "1"  (timeout="200")
[20:32:13.510]      // while-condition  =>  TRUE
[20:32:13.510]      // while "1"  (timeout="200")
[20:32:13.510]      // while-condition  =>  TRUE
[20:32:13.510]      // while "1"  (timeout="200")
[20:32:13.512]      // while-condition  =>  TRUE
[20:32:13.512]      // while "1"  (timeout="200")
[20:32:13.512]      // while-condition  =>  TRUE
[20:32:13.512]      // while "1"  (timeout="200")
[20:32:13.512]      // while-condition  =>  TRUE
[20:32:13.512]      // while "1"  (timeout="200")
[20:32:13.512]      // while-condition  =>  TRUE
[20:32:13.512]      // while "1"  (timeout="200")
[20:32:13.512]      // while-condition  =>  TRUE
[20:32:13.512]      // while "1"  (timeout="200")
[20:32:13.512]      // while-condition  =>  TRUE
[20:32:13.512]      // while "1"  (timeout="200")
[20:32:13.512]      // while-condition  =>  TRUE
[20:32:13.512]      // while "1"  (timeout="200")
[20:32:13.512]      // while-condition  =>  TRUE
[20:32:13.512]      // while "1"  (timeout="200")
[20:32:13.512]      // while-condition  =>  TRUE
[20:32:13.512]      // while "1"  (timeout="200")
[20:32:13.512]      // while-condition  =>  TRUE
[20:32:13.515]      // while "1"  (timeout="200")
[20:32:13.515]      // while-condition  =>  TRUE
[20:32:13.515]      // while "1"  (timeout="200")
[20:32:13.515]      // while-condition  =>  TRUE
[20:32:13.515]      // while "1"  (timeout="200")
[20:32:13.515]      // while-condition  =>  TRUE
[20:32:13.515]      // while "1"  (timeout="200")
[20:32:13.515]      // while-condition  =>  TRUE
[20:32:13.516]      // while "1"  (timeout="200")
[20:32:13.516]      // while-condition  =>  TRUE
[20:32:13.516]      // while "1"  (timeout="200")
[20:32:13.516]      // while-condition  =>  TRUE
[20:32:13.516]      // while "1"  (timeout="200")
[20:32:13.516]      // while-condition  =>  TRUE
[20:32:13.516]      // while "1"  (timeout="200")
[20:32:13.516]      // while-condition  =>  TRUE
[20:32:13.516]      // while "1"  (timeout="200")
[20:32:13.516]      // while-condition  =>  TRUE
[20:32:13.516]      // while "1"  (timeout="200")
[20:32:13.516]      // while-condition  =>  TRUE
[20:32:13.516]      // while "1"  (timeout="200")
[20:32:13.516]      // while-condition  =>  TRUE
[20:32:13.516]      // while "1"  (timeout="200")
[20:32:13.516]      // while-condition  =>  TRUE
[20:32:13.516]      // while "1"  (timeout="200")
[20:32:13.516]      // while-condition  =>  TRUE
[20:32:13.516]      // while "1"  (timeout="200")
[20:32:13.516]      // while-condition  =>  TRUE
[20:32:13.516]      // while "1"  (timeout="200")
[20:32:13.516]      // while-condition  =>  TRUE
[20:32:13.516]      // while "1"  (timeout="200")
[20:32:13.516]      // while-condition  =>  TRUE
[20:32:13.516]      // while "1"  (timeout="200")
[20:32:13.516]      // while-condition  =>  TRUE
[20:32:13.519]      // while "1"  (timeout="200")
[20:32:13.519]      // while-condition  =>  TRUE
[20:32:13.519]      // while "1"  (timeout="200")
[20:32:13.519]      // while-condition  =>  TRUE
[20:32:13.519]      // while "1"  (timeout="200")
[20:32:13.519]      // while-condition  =>  TRUE
[20:32:13.519]      // while "1"  (timeout="200")
[20:32:13.519]      // while-condition  =>  TRUE
[20:32:13.519]      // while "1"  (timeout="200")
[20:32:13.519]      // while-condition  =>  TRUE
[20:32:13.519]      // while "1"  (timeout="200")
[20:32:13.519]      // while-condition  =>  TRUE
[20:32:13.519]      // while "1"  (timeout="200")
[20:32:13.519]      // while-condition  =>  TRUE
[20:32:13.519]      // while "1"  (timeout="200")
[20:32:13.519]      // while-condition  =>  TRUE
[20:32:13.521]      // while "1"  (timeout="200")
[20:32:13.521]      // while-condition  =>  TRUE
[20:32:13.521]      // while "1"  (timeout="200")
[20:32:13.521]      // while-condition  =>  TRUE
[20:32:13.521]      // while "1"  (timeout="200")
[20:32:13.521]      // while-condition  =>  TRUE
[20:32:13.521]      // while "1"  (timeout="200")
[20:32:13.521]      // while-condition  =>  TRUE
[20:32:13.521]      // while "1"  (timeout="200")
[20:32:13.522]      // while-condition  =>  TRUE
[20:32:13.522]      // while "1"  (timeout="200")
[20:32:13.522]      // while-condition  =>  TRUE
[20:32:13.522]      // while "1"  (timeout="200")
[20:32:13.522]      // while-condition  =>  TRUE
[20:32:13.522]      // while "1"  (timeout="200")
[20:32:13.522]      // while-condition  =>  TRUE
[20:32:13.522]      // while "1"  (timeout="200")
[20:32:13.522]      // while-condition  =>  TRUE
[20:32:13.522]      // while "1"  (timeout="200")
[20:32:13.523]      // while-condition  =>  TRUE
[20:32:13.523]      // while "1"  (timeout="200")
[20:32:13.523]      // while-condition  =>  TRUE
[20:32:13.523]      // while "1"  (timeout="200")
[20:32:13.523]      // while-condition  =>  TRUE
[20:32:13.523]      // while "1"  (timeout="200")
[20:32:13.523]      // while-condition  =>  TRUE
[20:32:13.523]      // while "1"  (timeout="200")
[20:32:13.523]      // while-condition  =>  TRUE
[20:32:13.523]      // while "1"  (timeout="200")
[20:32:13.524]      // while-condition  =>  TRUE
[20:32:13.524]      // while "1"  (timeout="200")
[20:32:13.524]      // while  =>  TIMEOUT
[20:32:13.524]      // end while "1"
[20:32:13.524]    </control>
[20:32:13.524]    <control if="canReadPins" while="" timeout="0" info="">
[20:32:13.524]      // if-block "canReadPins"
[20:32:13.524]        // =>  TRUE
[20:32:13.524]      <control if="" while="(DAP_SWJ_Pins(nReset, nReset, 0) & nReset) == 0" timeout="1000000" info="">
[20:32:13.524]        // while "(DAP_SWJ_Pins(nReset, nReset, 0) & nReset) == 0"  (timeout="1000000")
[20:32:13.526]          // -> [DAP_SWJ_Pins(0x80, 0x80, 0) => 0x8F]   (Out: nRESET=1  =>  In: SWCLK/TCK=1, SWDIO/TMS=1, TDI=1, TDO=1, nTRST=0, nRESET=1)
[20:32:13.526]        // while-condition  =>  FALSE
[20:32:13.526]        // end while "(DAP_SWJ_Pins(nReset, nReset, 0) & nReset) == 0"
[20:32:13.526]      </control>
[20:32:13.526]      // end if-block "canReadPins"
[20:32:13.526]    </control>
[20:32:13.526]    <control if="!canReadPins" while="" timeout="0" info="">
[20:32:13.526]      // if-block "!canReadPins"
[20:32:13.526]        // =>  FALSE
[20:32:13.526]      // skip if-block "!canReadPins"
[20:32:13.526]    </control>
[20:32:13.526]    <control if="(ACCESS_POINT_VAL & 0x00E00000) == 0" while="" timeout="0" info="">
[20:32:13.526]      // if-block "(ACCESS_POINT_VAL & 0x00E00000) == 0"
[20:32:13.526]        // =>  TRUE
[20:32:13.526]      <block atomic="false" info="">
[20:32:13.526]        WriteAP(0x00, 0x190008);
[20:32:13.531]          // -> [WriteAP(0x00000000, 0x00190008)]   (__dp=0x00000000, __ap=0x00000004)
[20:32:13.531]        WriteAP(0xF0, 0x01);
[20:32:13.536]          // -> [WriteAP(0x000000F0, 0x00000001)]   (__dp=0x00000000, __ap=0x00000004)
[20:32:13.536]      </block>
[20:32:13.536]      // end if-block "(ACCESS_POINT_VAL & 0x00E00000) == 0"
[20:32:13.536]    </control>
[20:32:13.536]    <control if="(ACCESS_POINT_VAL & 0x00E00000) != 0" while="" timeout="0" info="">
[20:32:13.536]      // if-block "(ACCESS_POINT_VAL & 0x00E00000) != 0"
[20:32:13.537]        // =>  FALSE
[20:32:13.537]      // skip if-block "(ACCESS_POINT_VAL & 0x00E00000) != 0"
[20:32:13.537]    </control>
[20:32:13.537]    <block atomic="false" info="">
[20:32:13.537]      ACCESS_POINT_VAL = ReadAP(0x00);//Reading current state of access point
[20:32:13.538]        // -> [ReadAP(0x00000000) => 0x0079002F]   (__dp=0x00000000, __ap=0x00000004)
[20:32:13.542]        // -> [ACCESS_POINT_VAL <= 0x0079002F]
[20:32:13.542]      Message(0, "Current state of access point is: %x",ACCESS_POINT_VAL);
[20:32:13.542]      __ap = 0; //lets make sure we reset the access point selection
[20:32:13.542]        // -> [__ap <= 0x00000000]
[20:32:13.542]    </block>
[20:32:13.542]  </sequence>
[20:32:13.542]  
[20:32:13.562]  **********  Sequence "DebugDeviceUnlock"  (Context="Connect", Pname="", info="")
[20:32:13.562]  
[20:32:13.562]  <debugvars>
[20:32:13.562]    // Pre-defined
[20:32:13.562]    __protocol=0x00010002      (Protocol="SWD", SWJ-DP="True")
[20:32:13.562]    __connection=0x00000202    (Connection Type="Flash", Reset Type="System Reset")
[20:32:13.562]    __dp=0x00000000
[20:32:13.562]    __ap=0x00000000
[20:32:13.562]    __traceout=0x00000000      (Trace Disabled)
[20:32:13.562]    __errorcontrol=0x00000000  (Skip Errors="False")
[20:32:13.562]    __FlashAddr=0x00000000
[20:32:13.562]    __FlashLen=0x00000000
[20:32:13.562]    __FlashArg=0x00000000
[20:32:13.562]    __FlashOp=0x00000000
[20:32:13.562]    __Result=0x00000000
[20:32:13.562]  </debugvars>
[20:32:13.562]  
[20:32:13.562]  <sequence name="DebugDeviceUnlock" Pname="" disable="false" info="">
[20:32:13.562]    <block atomic="false" info="">
[20:32:13.562]      __var deviceID = 0;
[20:32:13.562]        // -> [deviceID <= 0x00000000]
[20:32:13.562]      __var version = 0;
[20:32:13.567]        // -> [version <= 0x00000000]
[20:32:13.567]      __var partNum = 0;
[20:32:13.567]        // -> [partNum <= 0x00000000]
[20:32:13.567]      __var manuf = 0;
[20:32:13.567]        // -> [manuf <= 0x00000000]
[20:32:13.567]      __var isMSPM0G1X0X_G3X0X = 0;
[20:32:13.567]        // -> [isMSPM0G1X0X_G3X0X <= 0x00000000]
[20:32:13.567]      __var isProduction = 0;
[20:32:13.567]        // -> [isProduction <= 0x00000000]
[20:32:13.567]      __var continueId = 0;
[20:32:13.567]        // -> [continueId <= 0x00000000]
[20:32:13.567]      deviceID =   Read32(0x41C40004);
[20:32:13.575]        // -> [Read32(0x41C40004) => 0x2BB8802F]   (__dp=0x00000000, __ap=0x00000000)
[20:32:13.575]        // -> [deviceID <= 0x2BB8802F]
[20:32:13.575]      version = deviceID >> 28;
[20:32:13.575]        // -> [version <= 0x00000002]
[20:32:13.575]      partNum = (deviceID & 0x0FFFF000) >> 12;
[20:32:13.575]        // -> [partNum <= 0x0000BB88]
[20:32:13.575]      manuf = (deviceID & 0x00000FFE) >> 1;
[20:32:13.575]        // -> [manuf <= 0x00000017]
[20:32:13.575]      isMSPM0G1X0X_G3X0X = (partNum == 0xBB88) && (manuf == 0x17);
[20:32:13.575]        // -> [isMSPM0G1X0X_G3X0X <= 0x00000001]
[20:32:13.575]      isProduction = (version > 0);
[20:32:13.575]        // -> [isProduction <= 0x00000001]
[20:32:13.575]    </block>
[20:32:13.575]    <control if="!isMSPM0G1X0X_G3X0X" while="" timeout="0" info="">
[20:32:13.575]      // if-block "!isMSPM0G1X0X_G3X0X"
[20:32:13.575]        // =>  FALSE
[20:32:13.575]      // skip if-block "!isMSPM0G1X0X_G3X0X"
[20:32:13.575]    </control>
[20:32:13.578]    <control if="continueId == 4" while="" timeout="0" info="">
[20:32:13.578]      // if-block "continueId == 4"
[20:32:13.578]        // =>  FALSE
[20:32:13.578]      // skip if-block "continueId == 4"
[20:32:13.578]    </control>
[20:32:13.578]    <control if="!isProduction" while="" timeout="0" info="">
[20:32:13.579]      // if-block "!isProduction"
[20:32:13.579]        // =>  FALSE
[20:32:13.579]      // skip if-block "!isProduction"
[20:32:13.580]    </control>
[20:32:13.580]  </sequence>
[20:32:13.580]  
[20:33:23.631]  **********  Sequence "DebugPortSetup"  (Context="Connect", Pname="", info="")
[20:33:23.631]  
[20:33:23.632]  <debugvars>
[20:33:23.632]    // Pre-defined
[20:33:23.632]    __protocol=0x00010002      (Protocol="SWD", SWJ-DP="True")
[20:33:23.632]    __connection=0x00000202    (Connection Type="Flash", Reset Type="System Reset")
[20:33:23.632]    __dp=0x00000000
[20:33:23.632]    __ap=0x00000000
[20:33:23.633]    __traceout=0x00000000      (Trace Disabled)
[20:33:23.633]    __errorcontrol=0x00000000  (Skip Errors="False")
[20:33:23.633]    __FlashAddr=0x00000000
[20:33:23.633]    __FlashLen=0x00000000
[20:33:23.633]    __FlashArg=0x00000000
[20:33:23.633]    __FlashOp=0x00000000
[20:33:23.633]    __Result=0x00000000
[20:33:23.633]  </debugvars>
[20:33:23.633]  
[20:33:23.633]  <sequence name="DebugPortSetup" Pname="" disable="false" info="">
[20:33:23.633]    <block atomic="false" info="">
[20:33:23.633]      __var isSWJ      = ((__protocol & 0x00010000) != 0);
[20:33:23.633]        // -> [isSWJ <= 0x00000001]
[20:33:23.633]      __var hasDormant = __protocol & 0x00020000;
[20:33:23.633]        // -> [hasDormant <= 0x00000000]
[20:33:23.633]      __var protType   = __protocol & 0x0000FFFF;
[20:33:23.633]        // -> [protType <= 0x00000002]
[20:33:23.633]    </block>
[20:33:23.633]    <control if="protType == 1" while="" timeout="0" info="">
[20:33:23.633]      // if-block "protType == 1"
[20:33:23.633]        // =>  FALSE
[20:33:23.633]      // skip if-block "protType == 1"
[20:33:23.633]    </control>
[20:33:23.633]    <control if="protType == 2" while="" timeout="0" info="">
[20:33:23.633]      // if-block "protType == 2"
[20:33:23.633]        // =>  TRUE
[20:33:23.633]      <control if="isSWJ" while="" timeout="0" info="">
[20:33:23.633]        // if-block "isSWJ"
[20:33:23.633]          // =>  TRUE
[20:33:23.637]        <control if="hasDormant" while="" timeout="0" info="">
[20:33:23.637]          // if-block "hasDormant"
[20:33:23.637]            // =>  FALSE
[20:33:23.637]          // skip if-block "hasDormant"
[20:33:23.637]        </control>
[20:33:23.637]        <control if="!hasDormant" while="" timeout="0" info="">
[20:33:23.637]          // if-block "!hasDormant"
[20:33:23.637]            // =>  TRUE
[20:33:23.637]          <block atomic="false" info="">
[20:33:23.637]            DAP_SWJ_Sequence(51, 0x0007FFFFFFFFFFFF); //lets put the JTAG line in a reset state
[20:33:23.637]              // -> [DAP_SWJ_Sequence(51, 0x0007FFFFFFFFFFFF)]
[20:33:23.637]            DAP_SWJ_Sequence(16,0xE73C); //SWD to JTAG, this is to ensure the state machine is initialized
[20:33:23.642]              // -> [DAP_SWJ_Sequence(16, 0x000000000000E73C)]
[20:33:23.642]            DAP_SWJ_Sequence(51, 0x0007FFFFFFFFFFFF); //Put it back in reset
[20:33:23.643]              // -> [DAP_SWJ_Sequence(51, 0x0007FFFFFFFFFFFF)]
[20:33:23.643]            DAP_SWJ_Sequence(16, 0xE79E); //JTAG to SWD switch
[20:33:23.646]              // -> [DAP_SWJ_Sequence(16, 0x000000000000E79E)]
[20:33:23.646]            DAP_SWJ_Sequence(51, 0x0007FFFFFFFFFFFF);  //Ensure the switch is successful 
[20:33:23.647]              // -> [DAP_SWJ_Sequence(51, 0x0007FFFFFFFFFFFF)]
[20:33:23.647]            DAP_SWJ_Sequence(7,  0x00); //Give the line some time to initialize
[20:33:23.647]              // -> [DAP_SWJ_Sequence(7, 0x0000000000000000)]
[20:33:23.647]          </block>
[20:33:23.647]          // end if-block "!hasDormant"
[20:33:23.647]        </control>
[20:33:23.647]        // end if-block "isSWJ"
[20:33:23.647]      </control>
[20:33:23.647]      <control if="!isSWJ" while="" timeout="0" info="">
[20:33:23.647]        // if-block "!isSWJ"
[20:33:23.653]          // =>  FALSE
[20:33:23.653]        // skip if-block "!isSWJ"
[20:33:23.653]      </control>
[20:33:23.653]      <block atomic="false" info="">
[20:33:23.653]        ReadDP(0x0);
[20:33:23.653]          // -> [ReadDP(0x00000000) => 0x6BA02477]   (__dp=0x00000000)
[20:33:23.653]      </block>
[20:33:23.653]      // end if-block "protType == 2"
[20:33:23.653]    </control>
[20:33:23.656]  </sequence>
[20:33:23.656]  
[20:33:23.659]  **********  Sequence "DebugPortStart"  (Context="Connect", Pname="", info="")
[20:33:23.659]  
[20:33:23.659]  <debugvars>
[20:33:23.659]    // Pre-defined
[20:33:23.659]    __protocol=0x00010002      (Protocol="SWD", SWJ-DP="True")
[20:33:23.659]    __connection=0x00000202    (Connection Type="Flash", Reset Type="System Reset")
[20:33:23.659]    __dp=0x00000000
[20:33:23.659]    __ap=0x00000000
[20:33:23.659]    __traceout=0x00000000      (Trace Disabled)
[20:33:23.659]    __errorcontrol=0x00000000  (Skip Errors="False")
[20:33:23.659]    __FlashAddr=0x00000000
[20:33:23.659]    __FlashLen=0x00000000
[20:33:23.659]    __FlashArg=0x00000000
[20:33:23.659]    __FlashOp=0x00000000
[20:33:23.659]    __Result=0x00000000
[20:33:23.659]  </debugvars>
[20:33:23.663]  
[20:33:23.663]  <sequence name="DebugPortStart" Pname="" disable="false" info="">
[20:33:23.663]    <block atomic="false" info="">
[20:33:23.663]      __var SW_DP_ABORT       = 0x0;
[20:33:23.663]        // -> [SW_DP_ABORT <= 0x00000000]
[20:33:23.663]      __var DP_CTRL_STAT      = 0x4;
[20:33:23.663]        // -> [DP_CTRL_STAT <= 0x00000004]
[20:33:23.663]      __var DP_SELECT         = 0x8;
[20:33:23.663]        // -> [DP_SELECT <= 0x00000008]
[20:33:23.663]      __var powered_down      = 0;
[20:33:23.663]        // -> [powered_down <= 0x00000000]
[20:33:23.663]      WriteDP(DP_SELECT, 0x00000000);
[20:33:23.665]        // -> [WriteDP(0x00000008, 0x00000000)]   (__dp=0x00000000)
[20:33:23.665]      powered_down = ((ReadDP(DP_CTRL_STAT) & 0xA0000000) != 0xA0000000);
[20:33:23.665]        // -> [ReadDP(0x00000004) => 0x00000040]   (__dp=0x00000000)
[20:33:23.668]        // -> [powered_down <= 0x00000001]
[20:33:23.668]    </block>
[20:33:23.668]    <control if="powered_down" while="" timeout="0" info="">
[20:33:23.668]      // if-block "powered_down"
[20:33:23.668]        // =>  TRUE
[20:33:23.668]      <block atomic="false" info="">
[20:33:23.668]        Message(0, "Debug/System power-up request sent");
[20:33:23.668]        WriteDP(DP_CTRL_STAT, 0x50000000);
[20:33:23.668]          // -> [WriteDP(0x00000004, 0x50000000)]   (__dp=0x00000000)
[20:33:23.668]      </block>
[20:33:23.673]      <control if="" while="(ReadDP(DP_CTRL_STAT) & 0xA0000000) != 0xA0000000" timeout="1000000" info="">
[20:33:23.673]        // while "(ReadDP(DP_CTRL_STAT) & 0xA0000000) != 0xA0000000"  (timeout="1000000")
[20:33:23.673]          // -> [ReadDP(0x00000004) => 0xF0000040]   (__dp=0x00000000)
[20:33:23.673]        // while-condition  =>  FALSE
[20:33:23.673]        // end while "(ReadDP(DP_CTRL_STAT) & 0xA0000000) != 0xA0000000"
[20:33:23.673]      </control>
[20:33:23.676]      <control if="(__protocol & 0xFFFF) == 1" while="" timeout="0" info="">
[20:33:23.676]        // if-block "(__protocol & 0xFFFF) == 1"
[20:33:23.676]          // =>  FALSE
[20:33:23.676]        // skip if-block "(__protocol & 0xFFFF) == 1"
[20:33:23.676]      </control>
[20:33:23.676]      <control if="(__protocol & 0xFFFF) == 2" while="" timeout="0" info="">
[20:33:23.676]        // if-block "(__protocol & 0xFFFF) == 2"
[20:33:23.676]          // =>  TRUE
[20:33:23.676]        <block atomic="false" info="">
[20:33:23.676]          Message(0, "executing SWD power up");
[20:33:23.678]          WriteDP(DP_CTRL_STAT, 0x50000F00);
[20:33:23.678]            // -> [WriteDP(0x00000004, 0x50000F00)]   (__dp=0x00000000)
[20:33:23.678]          WriteDP(SW_DP_ABORT, 0x0000001E);
[20:33:23.678]            // -> [WriteDP(0x00000000, 0x0000001E)]   (__dp=0x00000000)
[20:33:23.683]        </block>
[20:33:23.683]        // end if-block "(__protocol & 0xFFFF) == 2"
[20:33:23.683]      </control>
[20:33:23.683]      // end if-block "powered_down"
[20:33:23.683]    </control>
[20:33:23.683]    <block atomic="false" info="">
[20:33:23.683]      __var DEBUG_PORT_VAL    = 0;
[20:33:23.683]        // -> [DEBUG_PORT_VAL <= 0x00000000]
[20:33:23.683]      __var ACCESS_POINT_VAL  = 0;
[20:33:23.683]        // -> [ACCESS_POINT_VAL <= 0x00000000]
[20:33:23.683]      __ap = 1; 
[20:33:23.685]        // -> [__ap <= 0x00000001]
[20:33:23.685]      WriteAP(0x0C, 0x04); //lets use the mini pwr-ap as backup
[20:33:23.688]        // -> [WriteAP(0x0000000C, 0x00000004)]   (__dp=0x00000000, __ap=0x00000001)
[20:33:23.690]      __ap = 4;
[20:33:23.690]        // -> [__ap <= 0x00000004]
[20:33:23.690]      ACCESS_POINT_VAL = ReadAP(0x00);//Reading current state of access point
[20:33:23.693]        // -> [ReadAP(0x00000000) => 0x00080027]   (__dp=0x00000000, __ap=0x00000004)
[20:33:23.693]        // -> [ACCESS_POINT_VAL <= 0x00080027]
[20:33:23.693]      Message(0, "Current state of access point is: %x",ACCESS_POINT_VAL);
[20:33:23.693]    </block>
[20:33:23.693]    <block atomic="false" info="">
[20:33:23.693]      __var nReset = 0x80;
[20:33:23.693]        // -> [nReset <= 0x00000080]
[20:33:23.693]      __var canReadPins = 0;
[20:33:23.693]        // -> [canReadPins <= 0x00000000]
[20:33:23.693]      canReadPins = (DAP_SWJ_Pins(0x00, nReset, 0) != 0xFFFFFFFF);
[20:33:23.698]        // -> [DAP_SWJ_Pins(0x00, 0x80, 0) => 0x0F]   (Out: nRESET=0  =>  In: SWCLK/TCK=1, SWDIO/TMS=1, TDI=1, TDO=1, nTRST=0, nRESET=0)
[20:33:23.698]        // -> [canReadPins <= 0x00000001]
[20:33:23.698]    </block>
[20:33:23.698]    <control if="" while="1" timeout="200" info="">
[20:33:23.698]      // while "1"  (timeout="200")
[20:33:23.698]      // while-condition  =>  TRUE
[20:33:23.698]      // while "1"  (timeout="200")
[20:33:23.698]      // while-condition  =>  TRUE
[20:33:23.698]      // while "1"  (timeout="200")
[20:33:23.698]      // while-condition  =>  TRUE
[20:33:23.698]      // while "1"  (timeout="200")
[20:33:23.698]      // while-condition  =>  TRUE
[20:33:23.698]      // while "1"  (timeout="200")
[20:33:23.698]      // while-condition  =>  TRUE
[20:33:23.698]      // while "1"  (timeout="200")
[20:33:23.698]      // while-condition  =>  TRUE
[20:33:23.698]      // while "1"  (timeout="200")
[20:33:23.698]      // while-condition  =>  TRUE
[20:33:23.698]      // while "1"  (timeout="200")
[20:33:23.698]      // while-condition  =>  TRUE
[20:33:23.698]      // while "1"  (timeout="200")
[20:33:23.698]      // while-condition  =>  TRUE
[20:33:23.698]      // while "1"  (timeout="200")
[20:33:23.703]      // while-condition  =>  TRUE
[20:33:23.703]      // while "1"  (timeout="200")
[20:33:23.703]      // while-condition  =>  TRUE
[20:33:23.703]      // while "1"  (timeout="200")
[20:33:23.703]      // while-condition  =>  TRUE
[20:33:23.703]      // while "1"  (timeout="200")
[20:33:23.703]      // while-condition  =>  TRUE
[20:33:23.703]      // while "1"  (timeout="200")
[20:33:23.703]      // while-condition  =>  TRUE
[20:33:23.704]      // while "1"  (timeout="200")
[20:33:23.704]      // while-condition  =>  TRUE
[20:33:23.704]      // while "1"  (timeout="200")
[20:33:23.704]      // while-condition  =>  TRUE
[20:33:23.704]      // while "1"  (timeout="200")
[20:33:23.704]      // while-condition  =>  TRUE
[20:33:23.704]      // while "1"  (timeout="200")
[20:33:23.704]      // while-condition  =>  TRUE
[20:33:23.704]      // while "1"  (timeout="200")
[20:33:23.704]      // while-condition  =>  TRUE
[20:33:23.704]      // while "1"  (timeout="200")
[20:33:23.704]      // while-condition  =>  TRUE
[20:33:23.704]      // while "1"  (timeout="200")
[20:33:23.704]      // while-condition  =>  TRUE
[20:33:23.706]      // while "1"  (timeout="200")
[20:33:23.706]      // while-condition  =>  TRUE
[20:33:23.706]      // while "1"  (timeout="200")
[20:33:23.706]      // while-condition  =>  TRUE
[20:33:23.706]      // while "1"  (timeout="200")
[20:33:23.706]      // while-condition  =>  TRUE
[20:33:23.706]      // while "1"  (timeout="200")
[20:33:23.706]      // while-condition  =>  TRUE
[20:33:23.706]      // while "1"  (timeout="200")
[20:33:23.706]      // while-condition  =>  TRUE
[20:33:23.706]      // while "1"  (timeout="200")
[20:33:23.706]      // while-condition  =>  TRUE
[20:33:23.706]      // while "1"  (timeout="200")
[20:33:23.708]      // while-condition  =>  TRUE
[20:33:23.708]      // while "1"  (timeout="200")
[20:33:23.708]      // while-condition  =>  TRUE
[20:33:23.708]      // while "1"  (timeout="200")
[20:33:23.708]      // while-condition  =>  TRUE
[20:33:23.708]      // while "1"  (timeout="200")
[20:33:23.708]      // while-condition  =>  TRUE
[20:33:23.708]      // while "1"  (timeout="200")
[20:33:23.708]      // while-condition  =>  TRUE
[20:33:23.708]      // while "1"  (timeout="200")
[20:33:23.708]      // while-condition  =>  TRUE
[20:33:23.708]      // while "1"  (timeout="200")
[20:33:23.708]      // while-condition  =>  TRUE
[20:33:23.708]      // while "1"  (timeout="200")
[20:33:23.708]      // while-condition  =>  TRUE
[20:33:23.710]      // while "1"  (timeout="200")
[20:33:23.710]      // while-condition  =>  TRUE
[20:33:23.710]      // while "1"  (timeout="200")
[20:33:23.710]      // while-condition  =>  TRUE
[20:33:23.710]      // while "1"  (timeout="200")
[20:33:23.710]      // while-condition  =>  TRUE
[20:33:23.710]      // while "1"  (timeout="200")
[20:33:23.710]      // while-condition  =>  TRUE
[20:33:23.710]      // while "1"  (timeout="200")
[20:33:23.710]      // while-condition  =>  TRUE
[20:33:23.710]      // while "1"  (timeout="200")
[20:33:23.710]      // while-condition  =>  TRUE
[20:33:23.710]      // while "1"  (timeout="200")
[20:33:23.710]      // while-condition  =>  TRUE
[20:33:23.710]      // while "1"  (timeout="200")
[20:33:23.713]      // while-condition  =>  TRUE
[20:33:23.713]      // while "1"  (timeout="200")
[20:33:23.713]      // while  =>  TIMEOUT
[20:33:23.713]      // end while "1"
[20:33:23.713]    </control>
[20:33:23.713]    <control if="canReadPins" while="" timeout="0" info="">
[20:33:23.713]      // if-block "canReadPins"
[20:33:23.713]        // =>  TRUE
[20:33:23.713]      <control if="" while="(DAP_SWJ_Pins(nReset, nReset, 0) & nReset) == 0" timeout="1000000" info="">
[20:33:23.713]        // while "(DAP_SWJ_Pins(nReset, nReset, 0) & nReset) == 0"  (timeout="1000000")
[20:33:23.716]          // -> [DAP_SWJ_Pins(0x80, 0x80, 0) => 0x8F]   (Out: nRESET=1  =>  In: SWCLK/TCK=1, SWDIO/TMS=1, TDI=1, TDO=1, nTRST=0, nRESET=1)
[20:33:23.716]        // while-condition  =>  FALSE
[20:33:23.716]        // end while "(DAP_SWJ_Pins(nReset, nReset, 0) & nReset) == 0"
[20:33:23.716]      </control>
[20:33:23.716]      // end if-block "canReadPins"
[20:33:23.716]    </control>
[20:33:23.716]    <control if="!canReadPins" while="" timeout="0" info="">
[20:33:23.716]      // if-block "!canReadPins"
[20:33:23.716]        // =>  FALSE
[20:33:23.716]      // skip if-block "!canReadPins"
[20:33:23.716]    </control>
[20:33:23.716]    <control if="(ACCESS_POINT_VAL & 0x00E00000) == 0" while="" timeout="0" info="">
[20:33:23.716]      // if-block "(ACCESS_POINT_VAL & 0x00E00000) == 0"
[20:33:23.716]        // =>  TRUE
[20:33:23.718]      <block atomic="false" info="">
[20:33:23.718]        WriteAP(0x00, 0x190008);
[20:33:23.720]          // -> [WriteAP(0x00000000, 0x00190008)]   (__dp=0x00000000, __ap=0x00000004)
[20:33:23.720]        WriteAP(0xF0, 0x01);
[20:33:23.723]          // -> [WriteAP(0x000000F0, 0x00000001)]   (__dp=0x00000000, __ap=0x00000004)
[20:33:23.723]      </block>
[20:33:23.723]      // end if-block "(ACCESS_POINT_VAL & 0x00E00000) == 0"
[20:33:23.723]    </control>
[20:33:23.723]    <control if="(ACCESS_POINT_VAL & 0x00E00000) != 0" while="" timeout="0" info="">
[20:33:23.725]      // if-block "(ACCESS_POINT_VAL & 0x00E00000) != 0"
[20:33:23.725]        // =>  FALSE
[20:33:23.725]      // skip if-block "(ACCESS_POINT_VAL & 0x00E00000) != 0"
[20:33:23.725]    </control>
[20:33:23.725]    <block atomic="false" info="">
[20:33:23.725]      ACCESS_POINT_VAL = ReadAP(0x00);//Reading current state of access point
[20:33:23.730]        // -> [ReadAP(0x00000000) => 0x0079002F]   (__dp=0x00000000, __ap=0x00000004)
[20:33:23.730]        // -> [ACCESS_POINT_VAL <= 0x0079002F]
[20:33:23.730]      Message(0, "Current state of access point is: %x",ACCESS_POINT_VAL);
[20:33:23.733]      __ap = 0; //lets make sure we reset the access point selection
[20:33:23.733]        // -> [__ap <= 0x00000000]
[20:33:23.733]    </block>
[20:33:23.733]  </sequence>
[20:33:23.733]  
[20:33:23.754]  **********  Sequence "DebugDeviceUnlock"  (Context="Connect", Pname="", info="")
[20:33:23.754]  
[20:33:23.754]  <debugvars>
[20:33:23.754]    // Pre-defined
[20:33:23.754]    __protocol=0x00010002      (Protocol="SWD", SWJ-DP="True")
[20:33:23.754]    __connection=0x00000202    (Connection Type="Flash", Reset Type="System Reset")
[20:33:23.754]    __dp=0x00000000
[20:33:23.754]    __ap=0x00000000
[20:33:23.754]    __traceout=0x00000000      (Trace Disabled)
[20:33:23.754]    __errorcontrol=0x00000000  (Skip Errors="False")
[20:33:23.754]    __FlashAddr=0x00000000
[20:33:23.754]    __FlashLen=0x00000000
[20:33:23.754]    __FlashArg=0x00000000
[20:33:23.754]    __FlashOp=0x00000000
[20:33:23.754]    __Result=0x00000000
[20:33:23.754]  </debugvars>
[20:33:23.754]  
[20:33:23.754]  <sequence name="DebugDeviceUnlock" Pname="" disable="false" info="">
[20:33:23.754]    <block atomic="false" info="">
[20:33:23.754]      __var deviceID = 0;
[20:33:23.754]        // -> [deviceID <= 0x00000000]
[20:33:23.754]      __var version = 0;
[20:33:23.754]        // -> [version <= 0x00000000]
[20:33:23.754]      __var partNum = 0;
[20:33:23.754]        // -> [partNum <= 0x00000000]
[20:33:23.754]      __var manuf = 0;
[20:33:23.754]        // -> [manuf <= 0x00000000]
[20:33:23.754]      __var isMSPM0G1X0X_G3X0X = 0;
[20:33:23.758]        // -> [isMSPM0G1X0X_G3X0X <= 0x00000000]
[20:33:23.758]      __var isProduction = 0;
[20:33:23.758]        // -> [isProduction <= 0x00000000]
[20:33:23.758]      __var continueId = 0;
[20:33:23.758]        // -> [continueId <= 0x00000000]
[20:33:23.758]      deviceID =   Read32(0x41C40004);
[20:33:23.764]        // -> [Read32(0x41C40004) => 0x2BB8802F]   (__dp=0x00000000, __ap=0x00000000)
[20:33:23.764]        // -> [deviceID <= 0x2BB8802F]
[20:33:23.764]      version = deviceID >> 28;
[20:33:23.764]        // -> [version <= 0x00000002]
[20:33:23.764]      partNum = (deviceID & 0x0FFFF000) >> 12;
[20:33:23.764]        // -> [partNum <= 0x0000BB88]
[20:33:23.764]      manuf = (deviceID & 0x00000FFE) >> 1;
[20:33:23.764]        // -> [manuf <= 0x00000017]
[20:33:23.764]      isMSPM0G1X0X_G3X0X = (partNum == 0xBB88) && (manuf == 0x17);
[20:33:23.764]        // -> [isMSPM0G1X0X_G3X0X <= 0x00000001]
[20:33:23.764]      isProduction = (version > 0);
[20:33:23.764]        // -> [isProduction <= 0x00000001]
[20:33:23.764]    </block>
[20:33:23.764]    <control if="!isMSPM0G1X0X_G3X0X" while="" timeout="0" info="">
[20:33:23.764]      // if-block "!isMSPM0G1X0X_G3X0X"
[20:33:23.764]        // =>  FALSE
[20:33:23.764]      // skip if-block "!isMSPM0G1X0X_G3X0X"
[20:33:23.764]    </control>
[20:33:23.764]    <control if="continueId == 4" while="" timeout="0" info="">
[20:33:23.764]      // if-block "continueId == 4"
[20:33:23.764]        // =>  FALSE
[20:33:23.764]      // skip if-block "continueId == 4"
[20:33:23.764]    </control>
[20:33:23.769]    <control if="!isProduction" while="" timeout="0" info="">
[20:33:23.769]      // if-block "!isProduction"
[20:33:23.769]        // =>  FALSE
[20:33:23.769]      // skip if-block "!isProduction"
[20:33:23.770]    </control>
[20:33:23.770]  </sequence>
[20:33:23.770]  
[20:34:50.518]  **********  Sequence "DebugPortSetup"  (Context="Connect", Pname="", info="")
[20:34:50.518]  
[20:34:50.518]  <debugvars>
[20:34:50.518]    // Pre-defined
[20:34:50.518]    __protocol=0x00010002      (Protocol="SWD", SWJ-DP="True")
[20:34:50.518]    __connection=0x00000202    (Connection Type="Flash", Reset Type="System Reset")
[20:34:50.518]    __dp=0x00000000
[20:34:50.518]    __ap=0x00000000
[20:34:50.518]    __traceout=0x00000000      (Trace Disabled)
[20:34:50.518]    __errorcontrol=0x00000000  (Skip Errors="False")
[20:34:50.518]    __FlashAddr=0x00000000
[20:34:50.518]    __FlashLen=0x00000000
[20:34:50.518]    __FlashArg=0x00000000
[20:34:50.518]    __FlashOp=0x00000000
[20:34:50.518]    __Result=0x00000000
[20:34:50.518]  </debugvars>
[20:34:50.518]  
[20:34:50.522]  <sequence name="DebugPortSetup" Pname="" disable="false" info="">
[20:34:50.522]    <block atomic="false" info="">
[20:34:50.522]      __var isSWJ      = ((__protocol & 0x00010000) != 0);
[20:34:50.522]        // -> [isSWJ <= 0x00000001]
[20:34:50.522]      __var hasDormant = __protocol & 0x00020000;
[20:34:50.522]        // -> [hasDormant <= 0x00000000]
[20:34:50.522]      __var protType   = __protocol & 0x0000FFFF;
[20:34:50.522]        // -> [protType <= 0x00000002]
[20:34:50.522]    </block>
[20:34:50.522]    <control if="protType == 1" while="" timeout="0" info="">
[20:34:50.522]      // if-block "protType == 1"
[20:34:50.522]        // =>  FALSE
[20:34:50.522]      // skip if-block "protType == 1"
[20:34:50.523]    </control>
[20:34:50.523]    <control if="protType == 2" while="" timeout="0" info="">
[20:34:50.523]      // if-block "protType == 2"
[20:34:50.523]        // =>  TRUE
[20:34:50.523]      <control if="isSWJ" while="" timeout="0" info="">
[20:34:50.523]        // if-block "isSWJ"
[20:34:50.523]          // =>  TRUE
[20:34:50.523]        <control if="hasDormant" while="" timeout="0" info="">
[20:34:50.523]          // if-block "hasDormant"
[20:34:50.523]            // =>  FALSE
[20:34:50.523]          // skip if-block "hasDormant"
[20:34:50.523]        </control>
[20:34:50.523]        <control if="!hasDormant" while="" timeout="0" info="">
[20:34:50.525]          // if-block "!hasDormant"
[20:34:50.525]            // =>  TRUE
[20:34:50.525]          <block atomic="false" info="">
[20:34:50.525]            DAP_SWJ_Sequence(51, 0x0007FFFFFFFFFFFF); //lets put the JTAG line in a reset state
[20:34:50.527]              // -> [DAP_SWJ_Sequence(51, 0x0007FFFFFFFFFFFF)]
[20:34:50.528]            DAP_SWJ_Sequence(16,0xE73C); //SWD to JTAG, this is to ensure the state machine is initialized
[20:34:50.530]              // -> [DAP_SWJ_Sequence(16, 0x000000000000E73C)]
[20:34:50.530]            DAP_SWJ_Sequence(51, 0x0007FFFFFFFFFFFF); //Put it back in reset
[20:34:50.532]              // -> [DAP_SWJ_Sequence(51, 0x0007FFFFFFFFFFFF)]
[20:34:50.532]            DAP_SWJ_Sequence(16, 0xE79E); //JTAG to SWD switch
[20:34:50.534]              // -> [DAP_SWJ_Sequence(16, 0x000000000000E79E)]
[20:34:50.534]            DAP_SWJ_Sequence(51, 0x0007FFFFFFFFFFFF);  //Ensure the switch is successful 
[20:34:50.534]              // -> [DAP_SWJ_Sequence(51, 0x0007FFFFFFFFFFFF)]
[20:34:50.536]            DAP_SWJ_Sequence(7,  0x00); //Give the line some time to initialize
[20:34:50.538]              // -> [DAP_SWJ_Sequence(7, 0x0000000000000000)]
[20:34:50.538]          </block>
[20:34:50.538]          // end if-block "!hasDormant"
[20:34:50.539]        </control>
[20:34:50.539]        // end if-block "isSWJ"
[20:34:50.539]      </control>
[20:34:50.539]      <control if="!isSWJ" while="" timeout="0" info="">
[20:34:50.539]        // if-block "!isSWJ"
[20:34:50.539]          // =>  FALSE
[20:34:50.539]        // skip if-block "!isSWJ"
[20:34:50.539]      </control>
[20:34:50.539]      <block atomic="false" info="">
[20:34:50.539]        ReadDP(0x0);
[20:34:50.542]          // -> [ReadDP(0x00000000) => 0x6BA02477]   (__dp=0x00000000)
[20:34:50.542]      </block>
[20:34:50.542]      // end if-block "protType == 2"
[20:34:50.542]    </control>
[20:34:50.543]  </sequence>
[20:34:50.543]  
[20:34:50.544]  **********  Sequence "DebugPortStart"  (Context="Connect", Pname="", info="")
[20:34:50.544]  
[20:34:50.544]  <debugvars>
[20:34:50.544]    // Pre-defined
[20:34:50.544]    __protocol=0x00010002      (Protocol="SWD", SWJ-DP="True")
[20:34:50.544]    __connection=0x00000202    (Connection Type="Flash", Reset Type="System Reset")
[20:34:50.544]    __dp=0x00000000
[20:34:50.544]    __ap=0x00000000
[20:34:50.548]    __traceout=0x00000000      (Trace Disabled)
[20:34:50.548]    __errorcontrol=0x00000000  (Skip Errors="False")
[20:34:50.548]    __FlashAddr=0x00000000
[20:34:50.548]    __FlashLen=0x00000000
[20:34:50.548]    __FlashArg=0x00000000
[20:34:50.548]    __FlashOp=0x00000000
[20:34:50.548]    __Result=0x00000000
[20:34:50.548]  </debugvars>
[20:34:50.548]  
[20:34:50.548]  <sequence name="DebugPortStart" Pname="" disable="false" info="">
[20:34:50.548]    <block atomic="false" info="">
[20:34:50.548]      __var SW_DP_ABORT       = 0x0;
[20:34:50.550]        // -> [SW_DP_ABORT <= 0x00000000]
[20:34:50.550]      __var DP_CTRL_STAT      = 0x4;
[20:34:50.550]        // -> [DP_CTRL_STAT <= 0x00000004]
[20:34:50.550]      __var DP_SELECT         = 0x8;
[20:34:50.550]        // -> [DP_SELECT <= 0x00000008]
[20:34:50.550]      __var powered_down      = 0;
[20:34:50.550]        // -> [powered_down <= 0x00000000]
[20:34:50.550]      WriteDP(DP_SELECT, 0x00000000);
[20:34:50.553]        // -> [WriteDP(0x00000008, 0x00000000)]   (__dp=0x00000000)
[20:34:50.553]      powered_down = ((ReadDP(DP_CTRL_STAT) & 0xA0000000) != 0xA0000000);
[20:34:50.555]        // -> [ReadDP(0x00000004) => 0x00000040]   (__dp=0x00000000)
[20:34:50.555]        // -> [powered_down <= 0x00000001]
[20:34:50.555]    </block>
[20:34:50.555]    <control if="powered_down" while="" timeout="0" info="">
[20:34:50.555]      // if-block "powered_down"
[20:34:50.555]        // =>  TRUE
[20:34:50.555]      <block atomic="false" info="">
[20:34:50.555]        Message(0, "Debug/System power-up request sent");
[20:34:50.557]        WriteDP(DP_CTRL_STAT, 0x50000000);
[20:34:50.557]          // -> [WriteDP(0x00000004, 0x50000000)]   (__dp=0x00000000)
[20:34:50.560]      </block>
[20:34:50.560]      <control if="" while="(ReadDP(DP_CTRL_STAT) & 0xA0000000) != 0xA0000000" timeout="1000000" info="">
[20:34:50.560]        // while "(ReadDP(DP_CTRL_STAT) & 0xA0000000) != 0xA0000000"  (timeout="1000000")
[20:34:50.561]          // -> [ReadDP(0x00000004) => 0xF0000040]   (__dp=0x00000000)
[20:34:50.561]        // while-condition  =>  FALSE
[20:34:50.561]        // end while "(ReadDP(DP_CTRL_STAT) & 0xA0000000) != 0xA0000000"
[20:34:50.561]      </control>
[20:34:50.561]      <control if="(__protocol & 0xFFFF) == 1" while="" timeout="0" info="">
[20:34:50.561]        // if-block "(__protocol & 0xFFFF) == 1"
[20:34:50.561]          // =>  FALSE
[20:34:50.561]        // skip if-block "(__protocol & 0xFFFF) == 1"
[20:34:50.561]      </control>
[20:34:50.561]      <control if="(__protocol & 0xFFFF) == 2" while="" timeout="0" info="">
[20:34:50.561]        // if-block "(__protocol & 0xFFFF) == 2"
[20:34:50.561]          // =>  TRUE
[20:34:50.561]        <block atomic="false" info="">
[20:34:50.561]          Message(0, "executing SWD power up");
[20:34:50.566]          WriteDP(DP_CTRL_STAT, 0x50000F00);
[20:34:50.569]            // -> [WriteDP(0x00000004, 0x50000F00)]   (__dp=0x00000000)
[20:34:50.570]          WriteDP(SW_DP_ABORT, 0x0000001E);
[20:34:50.572]            // -> [WriteDP(0x00000000, 0x0000001E)]   (__dp=0x00000000)
[20:34:50.572]        </block>
[20:34:50.572]        // end if-block "(__protocol & 0xFFFF) == 2"
[20:34:50.572]      </control>
[20:34:50.572]      // end if-block "powered_down"
[20:34:50.572]    </control>
[20:34:50.572]    <block atomic="false" info="">
[20:34:50.572]      __var DEBUG_PORT_VAL    = 0;
[20:34:50.572]        // -> [DEBUG_PORT_VAL <= 0x00000000]
[20:34:50.572]      __var ACCESS_POINT_VAL  = 0;
[20:34:50.572]        // -> [ACCESS_POINT_VAL <= 0x00000000]
[20:34:50.574]      __ap = 1; 
[20:34:50.574]        // -> [__ap <= 0x00000001]
[20:34:50.574]      WriteAP(0x0C, 0x04); //lets use the mini pwr-ap as backup
[20:34:50.578]        // -> [WriteAP(0x0000000C, 0x00000004)]   (__dp=0x00000000, __ap=0x00000001)
[20:34:50.578]      __ap = 4;
[20:34:50.578]        // -> [__ap <= 0x00000004]
[20:34:50.578]      ACCESS_POINT_VAL = ReadAP(0x00);//Reading current state of access point
[20:34:50.582]        // -> [ReadAP(0x00000000) => 0x00080027]   (__dp=0x00000000, __ap=0x00000004)
[20:34:50.582]        // -> [ACCESS_POINT_VAL <= 0x00080027]
[20:34:50.585]      Message(0, "Current state of access point is: %x",ACCESS_POINT_VAL);
[20:34:50.585]    </block>
[20:34:50.585]    <block atomic="false" info="">
[20:34:50.585]      __var nReset = 0x80;
[20:34:50.587]        // -> [nReset <= 0x00000080]
[20:34:50.587]      __var canReadPins = 0;
[20:34:50.587]        // -> [canReadPins <= 0x00000000]
[20:34:50.587]      canReadPins = (DAP_SWJ_Pins(0x00, nReset, 0) != 0xFFFFFFFF);
[20:34:50.589]        // -> [DAP_SWJ_Pins(0x00, 0x80, 0) => 0x0F]   (Out: nRESET=0  =>  In: SWCLK/TCK=1, SWDIO/TMS=1, TDI=1, TDO=1, nTRST=0, nRESET=0)
[20:34:50.589]        // -> [canReadPins <= 0x00000001]
[20:34:50.589]    </block>
[20:34:50.589]    <control if="" while="1" timeout="200" info="">
[20:34:50.589]      // while "1"  (timeout="200")
[20:34:50.589]      // while-condition  =>  TRUE
[20:34:50.589]      // while "1"  (timeout="200")
[20:34:50.589]      // while-condition  =>  TRUE
[20:34:50.589]      // while "1"  (timeout="200")
[20:34:50.589]      // while-condition  =>  TRUE
[20:34:50.589]      // while "1"  (timeout="200")
[20:34:50.589]      // while-condition  =>  TRUE
[20:34:50.589]      // while "1"  (timeout="200")
[20:34:50.591]      // while-condition  =>  TRUE
[20:34:50.591]      // while "1"  (timeout="200")
[20:34:50.591]      // while-condition  =>  TRUE
[20:34:50.591]      // while "1"  (timeout="200")
[20:34:50.591]      // while-condition  =>  TRUE
[20:34:50.591]      // while "1"  (timeout="200")
[20:34:50.591]      // while-condition  =>  TRUE
[20:34:50.592]      // while "1"  (timeout="200")
[20:34:50.592]      // while-condition  =>  TRUE
[20:34:50.592]      // while "1"  (timeout="200")
[20:34:50.593]      // while-condition  =>  TRUE
[20:34:50.593]      // while "1"  (timeout="200")
[20:34:50.593]      // while-condition  =>  TRUE
[20:34:50.593]      // while "1"  (timeout="200")
[20:34:50.593]      // while-condition  =>  TRUE
[20:34:50.593]      // while "1"  (timeout="200")
[20:34:50.593]      // while-condition  =>  TRUE
[20:34:50.593]      // while "1"  (timeout="200")
[20:34:50.594]      // while-condition  =>  TRUE
[20:34:50.594]      // while "1"  (timeout="200")
[20:34:50.594]      // while-condition  =>  TRUE
[20:34:50.594]      // while "1"  (timeout="200")
[20:34:50.594]      // while-condition  =>  TRUE
[20:34:50.594]      // while "1"  (timeout="200")
[20:34:50.594]      // while-condition  =>  TRUE
[20:34:50.595]      // while "1"  (timeout="200")
[20:34:50.595]      // while-condition  =>  TRUE
[20:34:50.595]      // while "1"  (timeout="200")
[20:34:50.595]      // while-condition  =>  TRUE
[20:34:50.595]      // while "1"  (timeout="200")
[20:34:50.595]      // while-condition  =>  TRUE
[20:34:50.595]      // while "1"  (timeout="200")
[20:34:50.595]      // while-condition  =>  TRUE
[20:34:50.596]      // while "1"  (timeout="200")
[20:34:50.596]      // while-condition  =>  TRUE
[20:34:50.596]      // while "1"  (timeout="200")
[20:34:50.596]      // while-condition  =>  TRUE
[20:34:50.596]      // while "1"  (timeout="200")
[20:34:50.596]      // while-condition  =>  TRUE
[20:34:50.596]      // while "1"  (timeout="200")
[20:34:50.597]      // while-condition  =>  TRUE
[20:34:50.597]      // while "1"  (timeout="200")
[20:34:50.597]      // while-condition  =>  TRUE
[20:34:50.597]      // while "1"  (timeout="200")
[20:34:50.597]      // while-condition  =>  TRUE
[20:34:50.597]      // while "1"  (timeout="200")
[20:34:50.598]      // while-condition  =>  TRUE
[20:34:50.598]      // while "1"  (timeout="200")
[20:34:50.598]      // while-condition  =>  TRUE
[20:34:50.598]      // while "1"  (timeout="200")
[20:34:50.598]      // while-condition  =>  TRUE
[20:34:50.598]      // while "1"  (timeout="200")
[20:34:50.598]      // while-condition  =>  TRUE
[20:34:50.599]      // while "1"  (timeout="200")
[20:34:50.599]      // while-condition  =>  TRUE
[20:34:50.599]      // while "1"  (timeout="200")
[20:34:50.599]      // while-condition  =>  TRUE
[20:34:50.599]      // while "1"  (timeout="200")
[20:34:50.599]      // while-condition  =>  TRUE
[20:34:50.599]      // while "1"  (timeout="200")
[20:34:50.599]      // while-condition  =>  TRUE
[20:34:50.599]      // while "1"  (timeout="200")
[20:34:50.599]      // while-condition  =>  TRUE
[20:34:50.601]      // while "1"  (timeout="200")
[20:34:50.601]      // while-condition  =>  TRUE
[20:34:50.601]      // while "1"  (timeout="200")
[20:34:50.601]      // while-condition  =>  TRUE
[20:34:50.601]      // while "1"  (timeout="200")
[20:34:50.601]      // while-condition  =>  TRUE
[20:34:50.601]      // while "1"  (timeout="200")
[20:34:50.601]      // while-condition  =>  TRUE
[20:34:50.601]      // while "1"  (timeout="200")
[20:34:50.601]      // while-condition  =>  TRUE
[20:34:50.601]      // while "1"  (timeout="200")
[20:34:50.601]      // while-condition  =>  TRUE
[20:34:50.601]      // while "1"  (timeout="200")
[20:34:50.601]      // while-condition  =>  TRUE
[20:34:50.601]      // while "1"  (timeout="200")
[20:34:50.601]      // while-condition  =>  TRUE
[20:34:50.601]      // while "1"  (timeout="200")
[20:34:50.601]      // while-condition  =>  TRUE
[20:34:50.601]      // while "1"  (timeout="200")
[20:34:50.601]      // while-condition  =>  TRUE
[20:34:50.601]      // while "1"  (timeout="200")
[20:34:50.601]      // while-condition  =>  TRUE
[20:34:50.601]      // while "1"  (timeout="200")
[20:34:50.601]      // while-condition  =>  TRUE
[20:34:50.601]      // while "1"  (timeout="200")
[20:34:50.604]      // while-condition  =>  TRUE
[20:34:50.604]      // while "1"  (timeout="200")
[20:34:50.604]      // while  =>  TIMEOUT
[20:34:50.604]      // end while "1"
[20:34:50.604]    </control>
[20:34:50.604]    <control if="canReadPins" while="" timeout="0" info="">
[20:34:50.604]      // if-block "canReadPins"
[20:34:50.604]        // =>  TRUE
[20:34:50.604]      <control if="" while="(DAP_SWJ_Pins(nReset, nReset, 0) & nReset) == 0" timeout="1000000" info="">
[20:34:50.604]        // while "(DAP_SWJ_Pins(nReset, nReset, 0) & nReset) == 0"  (timeout="1000000")
[20:34:50.606]          // -> [DAP_SWJ_Pins(0x80, 0x80, 0) => 0x8F]   (Out: nRESET=1  =>  In: SWCLK/TCK=1, SWDIO/TMS=1, TDI=1, TDO=1, nTRST=0, nRESET=1)
[20:34:50.607]        // while-condition  =>  FALSE
[20:34:50.607]        // end while "(DAP_SWJ_Pins(nReset, nReset, 0) & nReset) == 0"
[20:34:50.607]      </control>
[20:34:50.607]      // end if-block "canReadPins"
[20:34:50.607]    </control>
[20:34:50.607]    <control if="!canReadPins" while="" timeout="0" info="">
[20:34:50.607]      // if-block "!canReadPins"
[20:34:50.607]        // =>  FALSE
[20:34:50.607]      // skip if-block "!canReadPins"
[20:34:50.607]    </control>
[20:34:50.607]    <control if="(ACCESS_POINT_VAL & 0x00E00000) == 0" while="" timeout="0" info="">
[20:34:50.607]      // if-block "(ACCESS_POINT_VAL & 0x00E00000) == 0"
[20:34:50.609]        // =>  TRUE
[20:34:50.609]      <block atomic="false" info="">
[20:34:50.609]        WriteAP(0x00, 0x190008);
[20:34:50.612]          // -> [WriteAP(0x00000000, 0x00190008)]   (__dp=0x00000000, __ap=0x00000004)
[20:34:50.612]        WriteAP(0xF0, 0x01);
[20:34:50.616]          // -> [WriteAP(0x000000F0, 0x00000001)]   (__dp=0x00000000, __ap=0x00000004)
[20:34:50.616]      </block>
[20:34:50.616]      // end if-block "(ACCESS_POINT_VAL & 0x00E00000) == 0"
[20:34:50.616]    </control>
[20:34:50.616]    <control if="(ACCESS_POINT_VAL & 0x00E00000) != 0" while="" timeout="0" info="">
[20:34:50.616]      // if-block "(ACCESS_POINT_VAL & 0x00E00000) != 0"
[20:34:50.616]        // =>  FALSE
[20:34:50.616]      // skip if-block "(ACCESS_POINT_VAL & 0x00E00000) != 0"
[20:34:50.617]    </control>
[20:34:50.617]    <block atomic="false" info="">
[20:34:50.617]      ACCESS_POINT_VAL = ReadAP(0x00);//Reading current state of access point
[20:34:50.617]        // -> [ReadAP(0x00000000) => 0x0079002F]   (__dp=0x00000000, __ap=0x00000004)
[20:34:50.621]        // -> [ACCESS_POINT_VAL <= 0x0079002F]
[20:34:50.621]      Message(0, "Current state of access point is: %x",ACCESS_POINT_VAL);
[20:34:50.624]      __ap = 0; //lets make sure we reset the access point selection
[20:34:50.624]        // -> [__ap <= 0x00000000]
[20:34:50.624]    </block>
[20:34:50.624]  </sequence>
[20:34:50.624]  
[20:34:50.644]  **********  Sequence "DebugDeviceUnlock"  (Context="Connect", Pname="", info="")
[20:34:50.644]  
[20:34:50.644]  <debugvars>
[20:34:50.644]    // Pre-defined
[20:34:50.644]    __protocol=0x00010002      (Protocol="SWD", SWJ-DP="True")
[20:34:50.644]    __connection=0x00000202    (Connection Type="Flash", Reset Type="System Reset")
[20:34:50.644]    __dp=0x00000000
[20:34:50.646]    __ap=0x00000000
[20:34:50.646]    __traceout=0x00000000      (Trace Disabled)
[20:34:50.646]    __errorcontrol=0x00000000  (Skip Errors="False")
[20:34:50.646]    __FlashAddr=0x00000000
[20:34:50.646]    __FlashLen=0x00000000
[20:34:50.646]    __FlashArg=0x00000000
[20:34:50.646]    __FlashOp=0x00000000
[20:34:50.646]    __Result=0x00000000
[20:34:50.646]  </debugvars>
[20:34:50.646]  
[20:34:50.646]  <sequence name="DebugDeviceUnlock" Pname="" disable="false" info="">
[20:34:50.646]    <block atomic="false" info="">
[20:34:50.646]      __var deviceID = 0;
[20:34:50.646]        // -> [deviceID <= 0x00000000]
[20:34:50.648]      __var version = 0;
[20:34:50.648]        // -> [version <= 0x00000000]
[20:34:50.648]      __var partNum = 0;
[20:34:50.648]        // -> [partNum <= 0x00000000]
[20:34:50.648]      __var manuf = 0;
[20:34:50.648]        // -> [manuf <= 0x00000000]
[20:34:50.648]      __var isMSPM0G1X0X_G3X0X = 0;
[20:34:50.648]        // -> [isMSPM0G1X0X_G3X0X <= 0x00000000]
[20:34:50.648]      __var isProduction = 0;
[20:34:50.648]        // -> [isProduction <= 0x00000000]
[20:34:50.648]      __var continueId = 0;
[20:34:50.648]        // -> [continueId <= 0x00000000]
[20:34:50.648]      deviceID =   Read32(0x41C40004);
[20:34:50.656]        // -> [Read32(0x41C40004) => 0x2BB8802F]   (__dp=0x00000000, __ap=0x00000000)
[20:34:50.656]        // -> [deviceID <= 0x2BB8802F]
[20:34:50.656]      version = deviceID >> 28;
[20:34:50.656]        // -> [version <= 0x00000002]
[20:34:50.656]      partNum = (deviceID & 0x0FFFF000) >> 12;
[20:34:50.656]        // -> [partNum <= 0x0000BB88]
[20:34:50.656]      manuf = (deviceID & 0x00000FFE) >> 1;
[20:34:50.656]        // -> [manuf <= 0x00000017]
[20:34:50.656]      isMSPM0G1X0X_G3X0X = (partNum == 0xBB88) && (manuf == 0x17);
[20:34:50.658]        // -> [isMSPM0G1X0X_G3X0X <= 0x00000001]
[20:34:50.658]      isProduction = (version > 0);
[20:34:50.658]        // -> [isProduction <= 0x00000001]
[20:34:50.658]    </block>
[20:34:50.658]    <control if="!isMSPM0G1X0X_G3X0X" while="" timeout="0" info="">
[20:34:50.658]      // if-block "!isMSPM0G1X0X_G3X0X"
[20:34:50.658]        // =>  FALSE
[20:34:50.659]      // skip if-block "!isMSPM0G1X0X_G3X0X"
[20:34:50.659]    </control>
[20:34:50.659]    <control if="continueId == 4" while="" timeout="0" info="">
[20:34:50.659]      // if-block "continueId == 4"
[20:34:50.659]        // =>  FALSE
[20:34:50.659]      // skip if-block "continueId == 4"
[20:34:50.659]    </control>
[20:34:50.659]    <control if="!isProduction" while="" timeout="0" info="">
[20:34:50.659]      // if-block "!isProduction"
[20:34:50.659]        // =>  FALSE
[20:34:50.659]      // skip if-block "!isProduction"
[20:34:50.659]    </control>
[20:34:50.659]  </sequence>
[20:34:50.659]  
[20:41:47.919]  **********  Sequence "DebugPortSetup"  (Context="Connect", Pname="", info="")
[20:41:47.919]  
[20:41:47.919]  <debugvars>
[20:41:47.919]    // Pre-defined
[20:41:47.919]    __protocol=0x00010002      (Protocol="SWD", SWJ-DP="True")
[20:41:47.919]    __connection=0x00000202    (Connection Type="Flash", Reset Type="System Reset")
[20:41:47.919]    __dp=0x00000000
[20:41:47.919]    __ap=0x00000000
[20:41:47.919]    __traceout=0x00000000      (Trace Disabled)
[20:41:47.919]    __errorcontrol=0x00000000  (Skip Errors="False")
[20:41:47.919]    __FlashAddr=0x00000000
[20:41:47.919]    __FlashLen=0x00000000
[20:41:47.919]    __FlashArg=0x00000000
[20:41:47.919]    __FlashOp=0x00000000
[20:41:47.919]    __Result=0x00000000
[20:41:47.919]  </debugvars>
[20:41:47.919]  
[20:41:47.919]  <sequence name="DebugPortSetup" Pname="" disable="false" info="">
[20:41:47.919]    <block atomic="false" info="">
[20:41:47.919]      __var isSWJ      = ((__protocol & 0x00010000) != 0);
[20:41:47.919]        // -> [isSWJ <= 0x00000001]
[20:41:47.919]      __var hasDormant = __protocol & 0x00020000;
[20:41:47.924]        // -> [hasDormant <= 0x00000000]
[20:41:47.924]      __var protType   = __protocol & 0x0000FFFF;
[20:41:47.924]        // -> [protType <= 0x00000002]
[20:41:47.924]    </block>
[20:41:47.926]    <control if="protType == 1" while="" timeout="0" info="">
[20:41:47.926]      // if-block "protType == 1"
[20:41:47.926]        // =>  FALSE
[20:41:47.926]      // skip if-block "protType == 1"
[20:41:47.926]    </control>
[20:41:47.926]    <control if="protType == 2" while="" timeout="0" info="">
[20:41:47.926]      // if-block "protType == 2"
[20:41:47.926]        // =>  TRUE
[20:41:47.926]      <control if="isSWJ" while="" timeout="0" info="">
[20:41:47.926]        // if-block "isSWJ"
[20:41:47.926]          // =>  TRUE
[20:41:47.926]        <control if="hasDormant" while="" timeout="0" info="">
[20:41:47.926]          // if-block "hasDormant"
[20:41:47.926]            // =>  FALSE
[20:41:47.926]          // skip if-block "hasDormant"
[20:41:47.926]        </control>
[20:41:47.926]        <control if="!hasDormant" while="" timeout="0" info="">
[20:41:47.926]          // if-block "!hasDormant"
[20:41:47.926]            // =>  TRUE
[20:41:47.926]          <block atomic="false" info="">
[20:41:47.926]            DAP_SWJ_Sequence(51, 0x0007FFFFFFFFFFFF); //lets put the JTAG line in a reset state
[20:41:47.929]              // -> [DAP_SWJ_Sequence(51, 0x0007FFFFFFFFFFFF)]
[20:41:47.929]            DAP_SWJ_Sequence(16,0xE73C); //SWD to JTAG, this is to ensure the state machine is initialized
[20:41:47.929]              // -> [DAP_SWJ_Sequence(16, 0x000000000000E73C)]
[20:41:47.929]            DAP_SWJ_Sequence(51, 0x0007FFFFFFFFFFFF); //Put it back in reset
[20:41:47.935]              // -> [DAP_SWJ_Sequence(51, 0x0007FFFFFFFFFFFF)]
[20:41:47.935]            DAP_SWJ_Sequence(16, 0xE79E); //JTAG to SWD switch
[20:41:47.935]              // -> [DAP_SWJ_Sequence(16, 0x000000000000E79E)]
[20:41:47.935]            DAP_SWJ_Sequence(51, 0x0007FFFFFFFFFFFF);  //Ensure the switch is successful 
[20:41:47.935]              // -> [DAP_SWJ_Sequence(51, 0x0007FFFFFFFFFFFF)]
[20:41:47.935]            DAP_SWJ_Sequence(7,  0x00); //Give the line some time to initialize
[20:41:47.940]              // -> [DAP_SWJ_Sequence(7, 0x0000000000000000)]
[20:41:47.940]          </block>
[20:41:47.940]          // end if-block "!hasDormant"
[20:41:47.940]        </control>
[20:41:47.940]        // end if-block "isSWJ"
[20:41:47.940]      </control>
[20:41:47.940]      <control if="!isSWJ" while="" timeout="0" info="">
[20:41:47.940]        // if-block "!isSWJ"
[20:41:47.940]          // =>  FALSE
[20:41:47.940]        // skip if-block "!isSWJ"
[20:41:47.940]      </control>
[20:41:47.940]      <block atomic="false" info="">
[20:41:47.940]        ReadDP(0x0);
[20:41:47.940]          // -> [ReadDP(0x00000000) => 0x6BA02477]   (__dp=0x00000000)
[20:41:47.945]      </block>
[20:41:47.945]      // end if-block "protType == 2"
[20:41:47.945]    </control>
[20:41:47.945]  </sequence>
[20:41:47.945]  
[20:41:47.950]  **********  Sequence "DebugPortStart"  (Context="Connect", Pname="", info="")
[20:41:47.950]  
[20:41:47.950]  <debugvars>
[20:41:47.950]    // Pre-defined
[20:41:47.950]    __protocol=0x00010002      (Protocol="SWD", SWJ-DP="True")
[20:41:47.950]    __connection=0x00000202    (Connection Type="Flash", Reset Type="System Reset")
[20:41:47.950]    __dp=0x00000000
[20:41:47.950]    __ap=0x00000000
[20:41:47.950]    __traceout=0x00000000      (Trace Disabled)
[20:41:47.950]    __errorcontrol=0x00000000  (Skip Errors="False")
[20:41:47.950]    __FlashAddr=0x00000000
[20:41:47.950]    __FlashLen=0x00000000
[20:41:47.950]    __FlashArg=0x00000000
[20:41:47.950]    __FlashOp=0x00000000
[20:41:47.950]    __Result=0x00000000
[20:41:47.950]  </debugvars>
[20:41:47.950]  
[20:41:47.950]  <sequence name="DebugPortStart" Pname="" disable="false" info="">
[20:41:47.950]    <block atomic="false" info="">
[20:41:47.950]      __var SW_DP_ABORT       = 0x0;
[20:41:47.950]        // -> [SW_DP_ABORT <= 0x00000000]
[20:41:47.950]      __var DP_CTRL_STAT      = 0x4;
[20:41:47.950]        // -> [DP_CTRL_STAT <= 0x00000004]
[20:41:47.950]      __var DP_SELECT         = 0x8;
[20:41:47.950]        // -> [DP_SELECT <= 0x00000008]
[20:41:47.950]      __var powered_down      = 0;
[20:41:47.950]        // -> [powered_down <= 0x00000000]
[20:41:47.950]      WriteDP(DP_SELECT, 0x00000000);
[20:41:47.956]        // -> [WriteDP(0x00000008, 0x00000000)]   (__dp=0x00000000)
[20:41:47.956]      powered_down = ((ReadDP(DP_CTRL_STAT) & 0xA0000000) != 0xA0000000);
[20:41:47.956]        // -> [ReadDP(0x00000004) => 0x00000040]   (__dp=0x00000000)
[20:41:47.956]        // -> [powered_down <= 0x00000001]
[20:41:47.956]    </block>
[20:41:47.956]    <control if="powered_down" while="" timeout="0" info="">
[20:41:47.956]      // if-block "powered_down"
[20:41:47.956]        // =>  TRUE
[20:41:47.956]      <block atomic="false" info="">
[20:41:47.956]        Message(0, "Debug/System power-up request sent");
[20:41:47.960]        WriteDP(DP_CTRL_STAT, 0x50000000);
[20:41:47.960]          // -> [WriteDP(0x00000004, 0x50000000)]   (__dp=0x00000000)
[20:41:47.960]      </block>
[20:41:47.960]      <control if="" while="(ReadDP(DP_CTRL_STAT) & 0xA0000000) != 0xA0000000" timeout="1000000" info="">
[20:41:47.960]        // while "(ReadDP(DP_CTRL_STAT) & 0xA0000000) != 0xA0000000"  (timeout="1000000")
[20:41:47.965]          // -> [ReadDP(0x00000004) => 0xF0000040]   (__dp=0x00000000)
[20:41:47.965]        // while-condition  =>  FALSE
[20:41:47.965]        // end while "(ReadDP(DP_CTRL_STAT) & 0xA0000000) != 0xA0000000"
[20:41:47.965]      </control>
[20:41:47.965]      <control if="(__protocol & 0xFFFF) == 1" while="" timeout="0" info="">
[20:41:47.965]        // if-block "(__protocol & 0xFFFF) == 1"
[20:41:47.965]          // =>  FALSE
[20:41:47.965]        // skip if-block "(__protocol & 0xFFFF) == 1"
[20:41:47.965]      </control>
[20:41:47.965]      <control if="(__protocol & 0xFFFF) == 2" while="" timeout="0" info="">
[20:41:47.965]        // if-block "(__protocol & 0xFFFF) == 2"
[20:41:47.965]          // =>  TRUE
[20:41:47.965]        <block atomic="false" info="">
[20:41:47.965]          Message(0, "executing SWD power up");
[20:41:47.965]          WriteDP(DP_CTRL_STAT, 0x50000F00);
[20:41:47.971]            // -> [WriteDP(0x00000004, 0x50000F00)]   (__dp=0x00000000)
[20:41:47.971]          WriteDP(SW_DP_ABORT, 0x0000001E);
[20:41:47.971]            // -> [WriteDP(0x00000000, 0x0000001E)]   (__dp=0x00000000)
[20:41:47.971]        </block>
[20:41:47.971]        // end if-block "(__protocol & 0xFFFF) == 2"
[20:41:47.971]      </control>
[20:41:47.971]      // end if-block "powered_down"
[20:41:47.971]    </control>
[20:41:47.971]    <block atomic="false" info="">
[20:41:47.971]      __var DEBUG_PORT_VAL    = 0;
[20:41:47.971]        // -> [DEBUG_PORT_VAL <= 0x00000000]
[20:41:47.971]      __var ACCESS_POINT_VAL  = 0;
[20:41:47.971]        // -> [ACCESS_POINT_VAL <= 0x00000000]
[20:41:47.971]      __ap = 1; 
[20:41:47.971]        // -> [__ap <= 0x00000001]
[20:41:47.976]      WriteAP(0x0C, 0x04); //lets use the mini pwr-ap as backup
[20:41:47.976]        // -> [WriteAP(0x0000000C, 0x00000004)]   (__dp=0x00000000, __ap=0x00000001)
[20:41:47.976]      __ap = 4;
[20:41:47.976]        // -> [__ap <= 0x00000004]
[20:41:47.976]      ACCESS_POINT_VAL = ReadAP(0x00);//Reading current state of access point
[20:41:47.981]        // -> [ReadAP(0x00000000) => 0x00080027]   (__dp=0x00000000, __ap=0x00000004)
[20:41:47.981]        // -> [ACCESS_POINT_VAL <= 0x00080027]
[20:41:47.981]      Message(0, "Current state of access point is: %x",ACCESS_POINT_VAL);
[20:41:47.986]    </block>
[20:41:47.986]    <block atomic="false" info="">
[20:41:47.986]      __var nReset = 0x80;
[20:41:47.986]        // -> [nReset <= 0x00000080]
[20:41:47.986]      __var canReadPins = 0;
[20:41:47.986]        // -> [canReadPins <= 0x00000000]
[20:41:47.986]      canReadPins = (DAP_SWJ_Pins(0x00, nReset, 0) != 0xFFFFFFFF);
[20:41:47.986]        // -> [DAP_SWJ_Pins(0x00, 0x80, 0) => 0x0F]   (Out: nRESET=0  =>  In: SWCLK/TCK=1, SWDIO/TMS=1, TDI=1, TDO=1, nTRST=0, nRESET=0)
[20:41:47.991]        // -> [canReadPins <= 0x00000001]
[20:41:47.991]    </block>
[20:41:47.991]    <control if="" while="1" timeout="200" info="">
[20:41:47.991]      // while "1"  (timeout="200")
[20:41:47.991]      // while-condition  =>  TRUE
[20:41:47.991]      // while "1"  (timeout="200")
[20:41:47.991]      // while-condition  =>  TRUE
[20:41:47.991]      // while "1"  (timeout="200")
[20:41:47.991]      // while-condition  =>  TRUE
[20:41:47.991]      // while "1"  (timeout="200")
[20:41:47.991]      // while-condition  =>  TRUE
[20:41:47.991]      // while "1"  (timeout="200")
[20:41:47.991]      // while-condition  =>  TRUE
[20:41:47.991]      // while "1"  (timeout="200")
[20:41:47.991]      // while-condition  =>  TRUE
[20:41:47.991]      // while "1"  (timeout="200")
[20:41:47.991]      // while-condition  =>  TRUE
[20:41:47.991]      // while "1"  (timeout="200")
[20:41:47.991]      // while-condition  =>  TRUE
[20:41:47.991]      // while "1"  (timeout="200")
[20:41:47.991]      // while-condition  =>  TRUE
[20:41:47.991]      // while "1"  (timeout="200")
[20:41:47.991]      // while-condition  =>  TRUE
[20:41:47.991]      // while "1"  (timeout="200")
[20:41:47.991]      // while-condition  =>  TRUE
[20:41:47.991]      // while "1"  (timeout="200")
[20:41:47.991]      // while-condition  =>  TRUE
[20:41:47.991]      // while "1"  (timeout="200")
[20:41:47.991]      // while-condition  =>  TRUE
[20:41:47.991]      // while "1"  (timeout="200")
[20:41:47.991]      // while-condition  =>  TRUE
[20:41:47.991]      // while "1"  (timeout="200")
[20:41:47.991]      // while-condition  =>  TRUE
[20:41:47.991]      // while "1"  (timeout="200")
[20:41:47.991]      // while-condition  =>  TRUE
[20:41:47.991]      // while "1"  (timeout="200")
[20:41:47.991]      // while-condition  =>  TRUE
[20:41:47.991]      // while "1"  (timeout="200")
[20:41:47.996]      // while-condition  =>  TRUE
[20:41:47.996]      // while "1"  (timeout="200")
[20:41:47.996]      // while  =>  TIMEOUT
[20:41:47.996]      // end while "1"
[20:41:47.996]    </control>
[20:41:47.996]    <control if="canReadPins" while="" timeout="0" info="">
[20:41:47.996]      // if-block "canReadPins"
[20:41:47.996]        // =>  TRUE
[20:41:47.996]      <control if="" while="(DAP_SWJ_Pins(nReset, nReset, 0) & nReset) == 0" timeout="1000000" info="">
[20:41:47.996]        // while "(DAP_SWJ_Pins(nReset, nReset, 0) & nReset) == 0"  (timeout="1000000")
[20:41:47.996]          // -> [DAP_SWJ_Pins(0x80, 0x80, 0) => 0x8F]   (Out: nRESET=1  =>  In: SWCLK/TCK=1, SWDIO/TMS=1, TDI=1, TDO=1, nTRST=0, nRESET=1)
[20:41:47.996]        // while-condition  =>  FALSE
[20:41:47.996]        // end while "(DAP_SWJ_Pins(nReset, nReset, 0) & nReset) == 0"
[20:41:47.996]      </control>
[20:41:47.996]      // end if-block "canReadPins"
[20:41:47.996]    </control>
[20:41:47.996]    <control if="!canReadPins" while="" timeout="0" info="">
[20:41:47.996]      // if-block "!canReadPins"
[20:41:47.996]        // =>  FALSE
[20:41:47.996]      // skip if-block "!canReadPins"
[20:41:47.996]    </control>
[20:41:47.996]    <control if="(ACCESS_POINT_VAL & 0x00E00000) == 0" while="" timeout="0" info="">
[20:41:47.996]      // if-block "(ACCESS_POINT_VAL & 0x00E00000) == 0"
[20:41:47.996]        // =>  TRUE
[20:41:47.996]      <block atomic="false" info="">
[20:41:47.996]        WriteAP(0x00, 0x190008);
[20:41:48.002]          // -> [WriteAP(0x00000000, 0x00190008)]   (__dp=0x00000000, __ap=0x00000004)
[20:41:48.002]        WriteAP(0xF0, 0x01);
[20:41:48.007]          // -> [WriteAP(0x000000F0, 0x00000001)]   (__dp=0x00000000, __ap=0x00000004)
[20:41:48.007]      </block>
[20:41:48.007]      // end if-block "(ACCESS_POINT_VAL & 0x00E00000) == 0"
[20:41:48.007]    </control>
[20:41:48.007]    <control if="(ACCESS_POINT_VAL & 0x00E00000) != 0" while="" timeout="0" info="">
[20:41:48.007]      // if-block "(ACCESS_POINT_VAL & 0x00E00000) != 0"
[20:41:48.007]        // =>  FALSE
[20:41:48.007]      // skip if-block "(ACCESS_POINT_VAL & 0x00E00000) != 0"
[20:41:48.007]    </control>
[20:41:48.007]    <block atomic="false" info="">
[20:41:48.007]      ACCESS_POINT_VAL = ReadAP(0x00);//Reading current state of access point
[20:41:48.013]        // -> [ReadAP(0x00000000) => 0x0079002F]   (__dp=0x00000000, __ap=0x00000004)
[20:41:48.014]        // -> [ACCESS_POINT_VAL <= 0x0079002F]
[20:41:48.014]      Message(0, "Current state of access point is: %x",ACCESS_POINT_VAL);
[20:41:48.015]      __ap = 0; //lets make sure we reset the access point selection
[20:41:48.015]        // -> [__ap <= 0x00000000]
[20:41:48.016]    </block>
[20:41:48.016]  </sequence>
[20:41:48.016]  
[20:41:48.032]  **********  Sequence "DebugDeviceUnlock"  (Context="Connect", Pname="", info="")
[20:41:48.032]  
[20:41:48.032]  <debugvars>
[20:41:48.032]    // Pre-defined
[20:41:48.037]    __protocol=0x00010002      (Protocol="SWD", SWJ-DP="True")
[20:41:48.037]    __connection=0x00000202    (Connection Type="Flash", Reset Type="System Reset")
[20:41:48.037]    __dp=0x00000000
[20:41:48.037]    __ap=0x00000000
[20:41:48.037]    __traceout=0x00000000      (Trace Disabled)
[20:41:48.037]    __errorcontrol=0x00000000  (Skip Errors="False")
[20:41:48.037]    __FlashAddr=0x00000000
[20:41:48.037]    __FlashLen=0x00000000
[20:41:48.037]    __FlashArg=0x00000000
[20:41:48.037]    __FlashOp=0x00000000
[20:41:48.037]    __Result=0x00000000
[20:41:48.037]  </debugvars>
[20:41:48.037]  
[20:41:48.037]  <sequence name="DebugDeviceUnlock" Pname="" disable="false" info="">
[20:41:48.037]    <block atomic="false" info="">
[20:41:48.037]      __var deviceID = 0;
[20:41:48.037]        // -> [deviceID <= 0x00000000]
[20:41:48.037]      __var version = 0;
[20:41:48.037]        // -> [version <= 0x00000000]
[20:41:48.037]      __var partNum = 0;
[20:41:48.037]        // -> [partNum <= 0x00000000]
[20:41:48.037]      __var manuf = 0;
[20:41:48.037]        // -> [manuf <= 0x00000000]
[20:41:48.037]      __var isMSPM0G1X0X_G3X0X = 0;
[20:41:48.037]        // -> [isMSPM0G1X0X_G3X0X <= 0x00000000]
[20:41:48.037]      __var isProduction = 0;
[20:41:48.037]        // -> [isProduction <= 0x00000000]
[20:41:48.037]      __var continueId = 0;
[20:41:48.037]        // -> [continueId <= 0x00000000]
[20:41:48.037]      deviceID =   Read32(0x41C40004);
[20:41:48.042]        // -> [Read32(0x41C40004) => 0x2BB8802F]   (__dp=0x00000000, __ap=0x00000000)
[20:41:48.047]        // -> [deviceID <= 0x2BB8802F]
[20:41:48.047]      version = deviceID >> 28;
[20:41:48.047]        // -> [version <= 0x00000002]
[20:41:48.047]      partNum = (deviceID & 0x0FFFF000) >> 12;
[20:41:48.047]        // -> [partNum <= 0x0000BB88]
[20:41:48.047]      manuf = (deviceID & 0x00000FFE) >> 1;
[20:41:48.047]        // -> [manuf <= 0x00000017]
[20:41:48.047]      isMSPM0G1X0X_G3X0X = (partNum == 0xBB88) && (manuf == 0x17);
[20:41:48.047]        // -> [isMSPM0G1X0X_G3X0X <= 0x00000001]
[20:41:48.047]      isProduction = (version > 0);
[20:41:48.047]        // -> [isProduction <= 0x00000001]
[20:41:48.047]    </block>
[20:41:48.047]    <control if="!isMSPM0G1X0X_G3X0X" while="" timeout="0" info="">
[20:41:48.047]      // if-block "!isMSPM0G1X0X_G3X0X"
[20:41:48.047]        // =>  FALSE
[20:41:48.047]      // skip if-block "!isMSPM0G1X0X_G3X0X"
[20:41:48.047]    </control>
[20:41:48.047]    <control if="continueId == 4" while="" timeout="0" info="">
[20:41:48.047]      // if-block "continueId == 4"
[20:41:48.047]        // =>  FALSE
[20:41:48.047]      // skip if-block "continueId == 4"
[20:41:48.047]    </control>
[20:41:48.047]    <control if="!isProduction" while="" timeout="0" info="">
[20:41:48.047]      // if-block "!isProduction"
[20:41:48.047]        // =>  FALSE
[20:41:48.047]      // skip if-block "!isProduction"
[20:41:48.047]    </control>
[20:41:48.047]  </sequence>
[20:41:48.047]  
[21:22:34.518]  **********  Sequence "DebugPortSetup"  (Context="Connect", Pname="", info="")
[21:22:34.518]  
[21:22:34.519]  <debugvars>
[21:22:34.519]    // Pre-defined
[21:22:34.519]    __protocol=0x00010002      (Protocol="SWD", SWJ-DP="True")
[21:22:34.519]    __connection=0x00000202    (Connection Type="Flash", Reset Type="System Reset")
[21:22:34.519]    __dp=0x00000000
[21:22:34.519]    __ap=0x00000000
[21:22:34.519]    __traceout=0x00000000      (Trace Disabled)
[21:22:34.519]    __errorcontrol=0x00000000  (Skip Errors="False")
[21:22:34.519]    __FlashAddr=0x00000000
[21:22:34.519]    __FlashLen=0x00000000
[21:22:34.521]    __FlashArg=0x00000000
[21:22:34.521]    __FlashOp=0x00000000
[21:22:34.521]    __Result=0x00000000
[21:22:34.521]  </debugvars>
[21:22:34.521]  
[21:22:34.521]  <sequence name="DebugPortSetup" Pname="" disable="false" info="">
[21:22:34.521]    <block atomic="false" info="">
[21:22:34.521]      __var isSWJ      = ((__protocol & 0x00010000) != 0);
[21:22:34.521]        // -> [isSWJ <= 0x00000001]
[21:22:34.521]      __var hasDormant = __protocol & 0x00020000;
[21:22:34.521]        // -> [hasDormant <= 0x00000000]
[21:22:34.521]      __var protType   = __protocol & 0x0000FFFF;
[21:22:34.521]        // -> [protType <= 0x00000002]
[21:22:34.521]    </block>
[21:22:34.521]    <control if="protType == 1" while="" timeout="0" info="">
[21:22:34.521]      // if-block "protType == 1"
[21:22:34.521]        // =>  FALSE
[21:22:34.521]      // skip if-block "protType == 1"
[21:22:34.521]    </control>
[21:22:34.521]    <control if="protType == 2" while="" timeout="0" info="">
[21:22:34.521]      // if-block "protType == 2"
[21:22:34.524]        // =>  TRUE
[21:22:34.524]      <control if="isSWJ" while="" timeout="0" info="">
[21:22:34.524]        // if-block "isSWJ"
[21:22:34.524]          // =>  TRUE
[21:22:34.524]        <control if="hasDormant" while="" timeout="0" info="">
[21:22:34.524]          // if-block "hasDormant"
[21:22:34.524]            // =>  FALSE
[21:22:34.524]          // skip if-block "hasDormant"
[21:22:34.524]        </control>
[21:22:34.524]        <control if="!hasDormant" while="" timeout="0" info="">
[21:22:34.524]          // if-block "!hasDormant"
[21:22:34.524]            // =>  TRUE
[21:22:34.524]          <block atomic="false" info="">
[21:22:34.524]            DAP_SWJ_Sequence(51, 0x0007FFFFFFFFFFFF); //lets put the JTAG line in a reset state
[21:22:34.527]              // -> [DAP_SWJ_Sequence(51, 0x0007FFFFFFFFFFFF)]
[21:22:34.527]            DAP_SWJ_Sequence(16,0xE73C); //SWD to JTAG, this is to ensure the state machine is initialized
[21:22:34.530]              // -> [DAP_SWJ_Sequence(16, 0x000000000000E73C)]
[21:22:34.530]            DAP_SWJ_Sequence(51, 0x0007FFFFFFFFFFFF); //Put it back in reset
[21:22:34.532]              // -> [DAP_SWJ_Sequence(51, 0x0007FFFFFFFFFFFF)]
[21:22:34.532]            DAP_SWJ_Sequence(16, 0xE79E); //JTAG to SWD switch
[21:22:34.532]              // -> [DAP_SWJ_Sequence(16, 0x000000000000E79E)]
[21:22:34.532]            DAP_SWJ_Sequence(51, 0x0007FFFFFFFFFFFF);  //Ensure the switch is successful 
[21:22:34.532]              // -> [DAP_SWJ_Sequence(51, 0x0007FFFFFFFFFFFF)]
[21:22:34.532]            DAP_SWJ_Sequence(7,  0x00); //Give the line some time to initialize
[21:22:34.537]              // -> [DAP_SWJ_Sequence(7, 0x0000000000000000)]
[21:22:34.537]          </block>
[21:22:34.539]          // end if-block "!hasDormant"
[21:22:34.539]        </control>
[21:22:34.539]        // end if-block "isSWJ"
[21:22:34.539]      </control>
[21:22:34.539]      <control if="!isSWJ" while="" timeout="0" info="">
[21:22:34.539]        // if-block "!isSWJ"
[21:22:34.539]          // =>  FALSE
[21:22:34.539]        // skip if-block "!isSWJ"
[21:22:34.539]      </control>
[21:22:34.539]      <block atomic="false" info="">
[21:22:34.539]        ReadDP(0x0);
[21:22:34.542]          // -> [ReadDP(0x00000000) => 0x6BA02477]   (__dp=0x00000000)
[21:22:34.542]      </block>
[21:22:34.542]      // end if-block "protType == 2"
[21:22:34.543]    </control>
[21:22:34.543]  </sequence>
[21:22:34.543]  
[21:22:34.547]  **********  Sequence "DebugPortStart"  (Context="Connect", Pname="", info="")
[21:22:34.547]  
[21:22:34.547]  <debugvars>
[21:22:34.547]    // Pre-defined
[21:22:34.547]    __protocol=0x00010002      (Protocol="SWD", SWJ-DP="True")
[21:22:34.547]    __connection=0x00000202    (Connection Type="Flash", Reset Type="System Reset")
[21:22:34.547]    __dp=0x00000000
[21:22:34.547]    __ap=0x00000000
[21:22:34.547]    __traceout=0x00000000      (Trace Disabled)
[21:22:34.548]    __errorcontrol=0x00000000  (Skip Errors="False")
[21:22:34.548]    __FlashAddr=0x00000000
[21:22:34.548]    __FlashLen=0x00000000
[21:22:34.548]    __FlashArg=0x00000000
[21:22:34.548]    __FlashOp=0x00000000
[21:22:34.548]    __Result=0x00000000
[21:22:34.548]  </debugvars>
[21:22:34.548]  
[21:22:34.548]  <sequence name="DebugPortStart" Pname="" disable="false" info="">
[21:22:34.548]    <block atomic="false" info="">
[21:22:34.548]      __var SW_DP_ABORT       = 0x0;
[21:22:34.548]        // -> [SW_DP_ABORT <= 0x00000000]
[21:22:34.548]      __var DP_CTRL_STAT      = 0x4;
[21:22:34.551]        // -> [DP_CTRL_STAT <= 0x00000004]
[21:22:34.551]      __var DP_SELECT         = 0x8;
[21:22:34.551]        // -> [DP_SELECT <= 0x00000008]
[21:22:34.551]      __var powered_down      = 0;
[21:22:34.551]        // -> [powered_down <= 0x00000000]
[21:22:34.551]      WriteDP(DP_SELECT, 0x00000000);
[21:22:34.552]        // -> [WriteDP(0x00000008, 0x00000000)]   (__dp=0x00000000)
[21:22:34.554]      powered_down = ((ReadDP(DP_CTRL_STAT) & 0xA0000000) != 0xA0000000);
[21:22:34.555]        // -> [ReadDP(0x00000004) => 0x00000040]   (__dp=0x00000000)
[21:22:34.555]        // -> [powered_down <= 0x00000001]
[21:22:34.555]    </block>
[21:22:34.555]    <control if="powered_down" while="" timeout="0" info="">
[21:22:34.555]      // if-block "powered_down"
[21:22:34.555]        // =>  TRUE
[21:22:34.555]      <block atomic="false" info="">
[21:22:34.555]        Message(0, "Debug/System power-up request sent");
[21:22:34.559]        WriteDP(DP_CTRL_STAT, 0x50000000);
[21:22:34.562]          // -> [WriteDP(0x00000004, 0x50000000)]   (__dp=0x00000000)
[21:22:34.562]      </block>
[21:22:34.562]      <control if="" while="(ReadDP(DP_CTRL_STAT) & 0xA0000000) != 0xA0000000" timeout="1000000" info="">
[21:22:34.562]        // while "(ReadDP(DP_CTRL_STAT) & 0xA0000000) != 0xA0000000"  (timeout="1000000")
[21:22:34.565]          // -> [ReadDP(0x00000004) => 0xF0000040]   (__dp=0x00000000)
[21:22:34.565]        // while-condition  =>  FALSE
[21:22:34.565]        // end while "(ReadDP(DP_CTRL_STAT) & 0xA0000000) != 0xA0000000"
[21:22:34.565]      </control>
[21:22:34.565]      <control if="(__protocol & 0xFFFF) == 1" while="" timeout="0" info="">
[21:22:34.565]        // if-block "(__protocol & 0xFFFF) == 1"
[21:22:34.565]          // =>  FALSE
[21:22:34.565]        // skip if-block "(__protocol & 0xFFFF) == 1"
[21:22:34.565]      </control>
[21:22:34.565]      <control if="(__protocol & 0xFFFF) == 2" while="" timeout="0" info="">
[21:22:34.565]        // if-block "(__protocol & 0xFFFF) == 2"
[21:22:34.565]          // =>  TRUE
[21:22:34.565]        <block atomic="false" info="">
[21:22:34.565]          Message(0, "executing SWD power up");
[21:22:34.570]          WriteDP(DP_CTRL_STAT, 0x50000F00);
[21:22:34.571]            // -> [WriteDP(0x00000004, 0x50000F00)]   (__dp=0x00000000)
[21:22:34.571]          WriteDP(SW_DP_ABORT, 0x0000001E);
[21:22:34.573]            // -> [WriteDP(0x00000000, 0x0000001E)]   (__dp=0x00000000)
[21:22:34.574]        </block>
[21:22:34.574]        // end if-block "(__protocol & 0xFFFF) == 2"
[21:22:34.574]      </control>
[21:22:34.574]      // end if-block "powered_down"
[21:22:34.574]    </control>
[21:22:34.574]    <block atomic="false" info="">
[21:22:34.574]      __var DEBUG_PORT_VAL    = 0;
[21:22:34.574]        // -> [DEBUG_PORT_VAL <= 0x00000000]
[21:22:34.574]      __var ACCESS_POINT_VAL  = 0;
[21:22:34.574]        // -> [ACCESS_POINT_VAL <= 0x00000000]
[21:22:34.574]      __ap = 1; 
[21:22:34.574]        // -> [__ap <= 0x00000001]
[21:22:34.574]      WriteAP(0x0C, 0x04); //lets use the mini pwr-ap as backup
[21:22:34.578]        // -> [WriteAP(0x0000000C, 0x00000004)]   (__dp=0x00000000, __ap=0x00000001)
[21:22:34.578]      __ap = 4;
[21:22:34.578]        // -> [__ap <= 0x00000004]
[21:22:34.578]      ACCESS_POINT_VAL = ReadAP(0x00);//Reading current state of access point
[21:22:34.583]        // -> [ReadAP(0x00000000) => 0x00080027]   (__dp=0x00000000, __ap=0x00000004)
[21:22:34.583]        // -> [ACCESS_POINT_VAL <= 0x00080027]
[21:22:34.583]      Message(0, "Current state of access point is: %x",ACCESS_POINT_VAL);
[21:22:34.585]    </block>
[21:22:34.585]    <block atomic="false" info="">
[21:22:34.585]      __var nReset = 0x80;
[21:22:34.585]        // -> [nReset <= 0x00000080]
[21:22:34.585]      __var canReadPins = 0;
[21:22:34.588]        // -> [canReadPins <= 0x00000000]
[21:22:34.588]      canReadPins = (DAP_SWJ_Pins(0x00, nReset, 0) != 0xFFFFFFFF);
[21:22:34.589]        // -> [DAP_SWJ_Pins(0x00, 0x80, 0) => 0x0F]   (Out: nRESET=0  =>  In: SWCLK/TCK=1, SWDIO/TMS=1, TDI=1, TDO=1, nTRST=0, nRESET=0)
[21:22:34.589]        // -> [canReadPins <= 0x00000001]
[21:22:34.591]    </block>
[21:22:34.591]    <control if="" while="1" timeout="200" info="">
[21:22:34.591]      // while "1"  (timeout="200")
[21:22:34.591]      // while-condition  =>  TRUE
[21:22:34.591]      // while "1"  (timeout="200")
[21:22:34.591]      // while-condition  =>  TRUE
[21:22:34.591]      // while "1"  (timeout="200")
[21:22:34.591]      // while-condition  =>  TRUE
[21:22:34.591]      // while "1"  (timeout="200")
[21:22:34.591]      // while-condition  =>  TRUE
[21:22:34.591]      // while "1"  (timeout="200")
[21:22:34.591]      // while-condition  =>  TRUE
[21:22:34.591]      // while "1"  (timeout="200")
[21:22:34.593]      // while-condition  =>  TRUE
[21:22:34.593]      // while "1"  (timeout="200")
[21:22:34.593]      // while-condition  =>  TRUE
[21:22:34.593]      // while "1"  (timeout="200")
[21:22:34.593]      // while-condition  =>  TRUE
[21:22:34.593]      // while "1"  (timeout="200")
[21:22:34.593]      // while-condition  =>  TRUE
[21:22:34.593]      // while "1"  (timeout="200")
[21:22:34.593]      // while-condition  =>  TRUE
[21:22:34.594]      // while "1"  (timeout="200")
[21:22:34.594]      // while-condition  =>  TRUE
[21:22:34.594]      // while "1"  (timeout="200")
[21:22:34.594]      // while-condition  =>  TRUE
[21:22:34.594]      // while "1"  (timeout="200")
[21:22:34.594]      // while-condition  =>  TRUE
[21:22:34.594]      // while "1"  (timeout="200")
[21:22:34.594]      // while-condition  =>  TRUE
[21:22:34.594]      // while "1"  (timeout="200")
[21:22:34.594]      // while-condition  =>  TRUE
[21:22:34.594]      // while "1"  (timeout="200")
[21:22:34.594]      // while-condition  =>  TRUE
[21:22:34.594]      // while "1"  (timeout="200")
[21:22:34.594]      // while-condition  =>  TRUE
[21:22:34.594]      // while "1"  (timeout="200")
[21:22:34.594]      // while-condition  =>  TRUE
[21:22:34.594]      // while "1"  (timeout="200")
[21:22:34.594]      // while-condition  =>  TRUE
[21:22:34.594]      // while "1"  (timeout="200")
[21:22:34.594]      // while-condition  =>  TRUE
[21:22:34.594]      // while "1"  (timeout="200")
[21:22:34.597]      // while-condition  =>  TRUE
[21:22:34.597]      // while "1"  (timeout="200")
[21:22:34.597]      // while-condition  =>  TRUE
[21:22:34.597]      // while "1"  (timeout="200")
[21:22:34.597]      // while-condition  =>  TRUE
[21:22:34.597]      // while "1"  (timeout="200")
[21:22:34.597]      // while-condition  =>  TRUE
[21:22:34.597]      // while "1"  (timeout="200")
[21:22:34.597]      // while-condition  =>  TRUE
[21:22:34.597]      // while "1"  (timeout="200")
[21:22:34.597]      // while-condition  =>  TRUE
[21:22:34.599]      // while "1"  (timeout="200")
[21:22:34.599]      // while-condition  =>  TRUE
[21:22:34.599]      // while "1"  (timeout="200")
[21:22:34.599]      // while-condition  =>  TRUE
[21:22:34.599]      // while "1"  (timeout="200")
[21:22:34.599]      // while-condition  =>  TRUE
[21:22:34.599]      // while "1"  (timeout="200")
[21:22:34.599]      // while-condition  =>  TRUE
[21:22:34.599]      // while "1"  (timeout="200")
[21:22:34.599]      // while-condition  =>  TRUE
[21:22:34.599]      // while "1"  (timeout="200")
[21:22:34.599]      // while-condition  =>  TRUE
[21:22:34.599]      // while "1"  (timeout="200")
[21:22:34.599]      // while-condition  =>  TRUE
[21:22:34.599]      // while "1"  (timeout="200")
[21:22:34.599]      // while-condition  =>  TRUE
[21:22:34.599]      // while "1"  (timeout="200")
[21:22:34.599]      // while-condition  =>  TRUE
[21:22:34.599]      // while "1"  (timeout="200")
[21:22:34.599]      // while-condition  =>  TRUE
[21:22:34.602]      // while "1"  (timeout="200")
[21:22:34.602]      // while  =>  TIMEOUT
[21:22:34.602]      // end while "1"
[21:22:34.602]    </control>
[21:22:34.602]    <control if="canReadPins" while="" timeout="0" info="">
[21:22:34.602]      // if-block "canReadPins"
[21:22:34.602]        // =>  TRUE
[21:22:34.602]      <control if="" while="(DAP_SWJ_Pins(nReset, nReset, 0) & nReset) == 0" timeout="1000000" info="">
[21:22:34.602]        // while "(DAP_SWJ_Pins(nReset, nReset, 0) & nReset) == 0"  (timeout="1000000")
[21:22:34.604]          // -> [DAP_SWJ_Pins(0x80, 0x80, 0) => 0x8F]   (Out: nRESET=1  =>  In: SWCLK/TCK=1, SWDIO/TMS=1, TDI=1, TDO=1, nTRST=0, nRESET=1)
[21:22:34.604]        // while-condition  =>  FALSE
[21:22:34.604]        // end while "(DAP_SWJ_Pins(nReset, nReset, 0) & nReset) == 0"
[21:22:34.604]      </control>
[21:22:34.604]      // end if-block "canReadPins"
[21:22:34.604]    </control>
[21:22:34.604]    <control if="!canReadPins" while="" timeout="0" info="">
[21:22:34.604]      // if-block "!canReadPins"
[21:22:34.604]        // =>  FALSE
[21:22:34.604]      // skip if-block "!canReadPins"
[21:22:34.604]    </control>
[21:22:34.604]    <control if="(ACCESS_POINT_VAL & 0x00E00000) == 0" while="" timeout="0" info="">
[21:22:34.606]      // if-block "(ACCESS_POINT_VAL & 0x00E00000) == 0"
[21:22:34.606]        // =>  TRUE
[21:22:34.606]      <block atomic="false" info="">
[21:22:34.606]        WriteAP(0x00, 0x190008);
[21:22:34.608]          // -> [WriteAP(0x00000000, 0x00190008)]   (__dp=0x00000000, __ap=0x00000004)
[21:22:34.608]        WriteAP(0xF0, 0x01);
[21:22:34.612]          // -> [WriteAP(0x000000F0, 0x00000001)]   (__dp=0x00000000, __ap=0x00000004)
[21:22:34.612]      </block>
[21:22:34.613]      // end if-block "(ACCESS_POINT_VAL & 0x00E00000) == 0"
[21:22:34.613]    </control>
[21:22:34.613]    <control if="(ACCESS_POINT_VAL & 0x00E00000) != 0" while="" timeout="0" info="">
[21:22:34.613]      // if-block "(ACCESS_POINT_VAL & 0x00E00000) != 0"
[21:22:34.613]        // =>  FALSE
[21:22:34.613]      // skip if-block "(ACCESS_POINT_VAL & 0x00E00000) != 0"
[21:22:34.613]    </control>
[21:22:34.613]    <block atomic="false" info="">
[21:22:34.613]      ACCESS_POINT_VAL = ReadAP(0x00);//Reading current state of access point
[21:22:34.617]        // -> [ReadAP(0x00000000) => 0x0079002F]   (__dp=0x00000000, __ap=0x00000004)
[21:22:34.618]        // -> [ACCESS_POINT_VAL <= 0x0079002F]
[21:22:34.618]      Message(0, "Current state of access point is: %x",ACCESS_POINT_VAL);
[21:22:34.620]      __ap = 0; //lets make sure we reset the access point selection
[21:22:34.620]        // -> [__ap <= 0x00000000]
[21:22:34.620]    </block>
[21:22:34.620]  </sequence>
[21:22:34.620]  
[21:22:34.639]  **********  Sequence "DebugDeviceUnlock"  (Context="Connect", Pname="", info="")
[21:22:34.641]  
[21:22:34.641]  <debugvars>
[21:22:34.641]    // Pre-defined
[21:22:34.641]    __protocol=0x00010002      (Protocol="SWD", SWJ-DP="True")
[21:22:34.641]    __connection=0x00000202    (Connection Type="Flash", Reset Type="System Reset")
[21:22:34.641]    __dp=0x00000000
[21:22:34.641]    __ap=0x00000000
[21:22:34.641]    __traceout=0x00000000      (Trace Disabled)
[21:22:34.642]    __errorcontrol=0x00000000  (Skip Errors="False")
[21:22:34.642]    __FlashAddr=0x00000000
[21:22:34.642]    __FlashLen=0x00000000
[21:22:34.642]    __FlashArg=0x00000000
[21:22:34.642]    __FlashOp=0x00000000
[21:22:34.642]    __Result=0x00000000
[21:22:34.642]  </debugvars>
[21:22:34.642]  
[21:22:34.642]  <sequence name="DebugDeviceUnlock" Pname="" disable="false" info="">
[21:22:34.642]    <block atomic="false" info="">
[21:22:34.642]      __var deviceID = 0;
[21:22:34.642]        // -> [deviceID <= 0x00000000]
[21:22:34.642]      __var version = 0;
[21:22:34.642]        // -> [version <= 0x00000000]
[21:22:34.642]      __var partNum = 0;
[21:22:34.642]        // -> [partNum <= 0x00000000]
[21:22:34.644]      __var manuf = 0;
[21:22:34.644]        // -> [manuf <= 0x00000000]
[21:22:34.644]      __var isMSPM0G1X0X_G3X0X = 0;
[21:22:34.644]        // -> [isMSPM0G1X0X_G3X0X <= 0x00000000]
[21:22:34.644]      __var isProduction = 0;
[21:22:34.644]        // -> [isProduction <= 0x00000000]
[21:22:34.644]      __var continueId = 0;
[21:22:34.644]        // -> [continueId <= 0x00000000]
[21:22:34.644]      deviceID =   Read32(0x41C40004);
[21:22:34.651]        // -> [Read32(0x41C40004) => 0x2BB8802F]   (__dp=0x00000000, __ap=0x00000000)
[21:22:34.651]        // -> [deviceID <= 0x2BB8802F]
[21:22:34.651]      version = deviceID >> 28;
[21:22:34.651]        // -> [version <= 0x00000002]
[21:22:34.651]      partNum = (deviceID & 0x0FFFF000) >> 12;
[21:22:34.651]        // -> [partNum <= 0x0000BB88]
[21:22:34.651]      manuf = (deviceID & 0x00000FFE) >> 1;
[21:22:34.651]        // -> [manuf <= 0x00000017]
[21:22:34.652]      isMSPM0G1X0X_G3X0X = (partNum == 0xBB88) && (manuf == 0x17);
[21:22:34.652]        // -> [isMSPM0G1X0X_G3X0X <= 0x00000001]
[21:22:34.652]      isProduction = (version > 0);
[21:22:34.652]        // -> [isProduction <= 0x00000001]
[21:22:34.652]    </block>
[21:22:34.652]    <control if="!isMSPM0G1X0X_G3X0X" while="" timeout="0" info="">
[21:22:34.652]      // if-block "!isMSPM0G1X0X_G3X0X"
[21:22:34.652]        // =>  FALSE
[21:22:34.652]      // skip if-block "!isMSPM0G1X0X_G3X0X"
[21:22:34.652]    </control>
[21:22:34.652]    <control if="continueId == 4" while="" timeout="0" info="">
[21:22:34.652]      // if-block "continueId == 4"
[21:22:34.652]        // =>  FALSE
[21:22:34.652]      // skip if-block "continueId == 4"
[21:22:34.652]    </control>
[21:22:34.652]    <control if="!isProduction" while="" timeout="0" info="">
[21:22:34.652]      // if-block "!isProduction"
[21:22:34.652]        // =>  FALSE
[21:22:34.652]      // skip if-block "!isProduction"
[21:22:34.654]    </control>
[21:22:34.654]  </sequence>
[21:22:34.654]  
[21:34:24.333]  **********  Sequence "DebugPortSetup"  (Context="Connect", Pname="", info="")
[21:34:24.333]  
[21:34:24.334]  <debugvars>
[21:34:24.334]    // Pre-defined
[21:34:24.334]    __protocol=0x00010002      (Protocol="SWD", SWJ-DP="True")
[21:34:24.334]    __connection=0x00000202    (Connection Type="Flash", Reset Type="System Reset")
[21:34:24.334]    __dp=0x00000000
[21:34:24.334]    __ap=0x00000000
[21:34:24.334]    __traceout=0x00000000      (Trace Disabled)
[21:34:24.334]    __errorcontrol=0x00000000  (Skip Errors="False")
[21:34:24.336]    __FlashAddr=0x00000000
[21:34:24.336]    __FlashLen=0x00000000
[21:34:24.336]    __FlashArg=0x00000000
[21:34:24.336]    __FlashOp=0x00000000
[21:34:24.336]    __Result=0x00000000
[21:34:24.336]  </debugvars>
[21:34:24.336]  
[21:34:24.336]  <sequence name="DebugPortSetup" Pname="" disable="false" info="">
[21:34:24.336]    <block atomic="false" info="">
[21:34:24.336]      __var isSWJ      = ((__protocol & 0x00010000) != 0);
[21:34:24.336]        // -> [isSWJ <= 0x00000001]
[21:34:24.336]      __var hasDormant = __protocol & 0x00020000;
[21:34:24.336]        // -> [hasDormant <= 0x00000000]
[21:34:24.336]      __var protType   = __protocol & 0x0000FFFF;
[21:34:24.336]        // -> [protType <= 0x00000002]
[21:34:24.336]    </block>
[21:34:24.338]    <control if="protType == 1" while="" timeout="0" info="">
[21:34:24.338]      // if-block "protType == 1"
[21:34:24.338]        // =>  FALSE
[21:34:24.338]      // skip if-block "protType == 1"
[21:34:24.338]    </control>
[21:34:24.338]    <control if="protType == 2" while="" timeout="0" info="">
[21:34:24.338]      // if-block "protType == 2"
[21:34:24.338]        // =>  TRUE
[21:34:24.339]      <control if="isSWJ" while="" timeout="0" info="">
[21:34:24.339]        // if-block "isSWJ"
[21:34:24.339]          // =>  TRUE
[21:34:24.339]        <control if="hasDormant" while="" timeout="0" info="">
[21:34:24.339]          // if-block "hasDormant"
[21:34:24.339]            // =>  FALSE
[21:34:24.339]          // skip if-block "hasDormant"
[21:34:24.339]        </control>
[21:34:24.339]        <control if="!hasDormant" while="" timeout="0" info="">
[21:34:24.339]          // if-block "!hasDormant"
[21:34:24.339]            // =>  TRUE
[21:34:24.341]          <block atomic="false" info="">
[21:34:24.341]            DAP_SWJ_Sequence(51, 0x0007FFFFFFFFFFFF); //lets put the JTAG line in a reset state
[21:34:24.343]              // -> [DAP_SWJ_Sequence(51, 0x0007FFFFFFFFFFFF)]
[21:34:24.343]            DAP_SWJ_Sequence(16,0xE73C); //SWD to JTAG, this is to ensure the state machine is initialized
[21:34:24.344]              // -> [DAP_SWJ_Sequence(16, 0x000000000000E73C)]
[21:34:24.344]            DAP_SWJ_Sequence(51, 0x0007FFFFFFFFFFFF); //Put it back in reset
[21:34:24.346]              // -> [DAP_SWJ_Sequence(51, 0x0007FFFFFFFFFFFF)]
[21:34:24.346]            DAP_SWJ_Sequence(16, 0xE79E); //JTAG to SWD switch
[21:34:24.349]              // -> [DAP_SWJ_Sequence(16, 0x000000000000E79E)]
[21:34:24.349]            DAP_SWJ_Sequence(51, 0x0007FFFFFFFFFFFF);  //Ensure the switch is successful 
[21:34:24.351]              // -> [DAP_SWJ_Sequence(51, 0x0007FFFFFFFFFFFF)]
[21:34:24.351]            DAP_SWJ_Sequence(7,  0x00); //Give the line some time to initialize
[21:34:24.353]              // -> [DAP_SWJ_Sequence(7, 0x0000000000000000)]
[21:34:24.353]          </block>
[21:34:24.353]          // end if-block "!hasDormant"
[21:34:24.353]        </control>
[21:34:24.354]        // end if-block "isSWJ"
[21:34:24.354]      </control>
[21:34:24.354]      <control if="!isSWJ" while="" timeout="0" info="">
[21:34:24.354]        // if-block "!isSWJ"
[21:34:24.354]          // =>  FALSE
[21:34:24.354]        // skip if-block "!isSWJ"
[21:34:24.354]      </control>
[21:34:24.354]      <block atomic="false" info="">
[21:34:24.354]        ReadDP(0x0);
[21:34:24.356]          // -> [ReadDP(0x00000000) => 0x6BA02477]   (__dp=0x00000000)
[21:34:24.356]      </block>
[21:34:24.356]      // end if-block "protType == 2"
[21:34:24.358]    </control>
[21:34:24.358]  </sequence>
[21:34:24.358]  
[21:34:24.361]  **********  Sequence "DebugPortStart"  (Context="Connect", Pname="", info="")
[21:34:24.361]  
[21:34:24.361]  <debugvars>
[21:34:24.361]    // Pre-defined
[21:34:24.361]    __protocol=0x00010002      (Protocol="SWD", SWJ-DP="True")
[21:34:24.363]    __connection=0x00000202    (Connection Type="Flash", Reset Type="System Reset")
[21:34:24.363]    __dp=0x00000000
[21:34:24.363]    __ap=0x00000000
[21:34:24.363]    __traceout=0x00000000      (Trace Disabled)
[21:34:24.363]    __errorcontrol=0x00000000  (Skip Errors="False")
[21:34:24.363]    __FlashAddr=0x00000000
[21:34:24.363]    __FlashLen=0x00000000
[21:34:24.363]    __FlashArg=0x00000000
[21:34:24.365]    __FlashOp=0x00000000
[21:34:24.365]    __Result=0x00000000
[21:34:24.365]  </debugvars>
[21:34:24.365]  
[21:34:24.365]  <sequence name="DebugPortStart" Pname="" disable="false" info="">
[21:34:24.365]    <block atomic="false" info="">
[21:34:24.365]      __var SW_DP_ABORT       = 0x0;
[21:34:24.365]        // -> [SW_DP_ABORT <= 0x00000000]
[21:34:24.365]      __var DP_CTRL_STAT      = 0x4;
[21:34:24.365]        // -> [DP_CTRL_STAT <= 0x00000004]
[21:34:24.365]      __var DP_SELECT         = 0x8;
[21:34:24.365]        // -> [DP_SELECT <= 0x00000008]
[21:34:24.365]      __var powered_down      = 0;
[21:34:24.367]        // -> [powered_down <= 0x00000000]
[21:34:24.367]      WriteDP(DP_SELECT, 0x00000000);
[21:34:24.368]        // -> [WriteDP(0x00000008, 0x00000000)]   (__dp=0x00000000)
[21:34:24.368]      powered_down = ((ReadDP(DP_CTRL_STAT) & 0xA0000000) != 0xA0000000);
[21:34:24.370]        // -> [ReadDP(0x00000004) => 0x00000040]   (__dp=0x00000000)
[21:34:24.370]        // -> [powered_down <= 0x00000001]
[21:34:24.370]    </block>
[21:34:24.370]    <control if="powered_down" while="" timeout="0" info="">
[21:34:24.370]      // if-block "powered_down"
[21:34:24.372]        // =>  TRUE
[21:34:24.372]      <block atomic="false" info="">
[21:34:24.372]        Message(0, "Debug/System power-up request sent");
[21:34:24.374]        WriteDP(DP_CTRL_STAT, 0x50000000);
[21:34:24.376]          // -> [WriteDP(0x00000004, 0x50000000)]   (__dp=0x00000000)
[21:34:24.376]      </block>
[21:34:24.376]      <control if="" while="(ReadDP(DP_CTRL_STAT) & 0xA0000000) != 0xA0000000" timeout="1000000" info="">
[21:34:24.376]        // while "(ReadDP(DP_CTRL_STAT) & 0xA0000000) != 0xA0000000"  (timeout="1000000")
[21:34:24.379]          // -> [ReadDP(0x00000004) => 0xF0000040]   (__dp=0x00000000)
[21:34:24.379]        // while-condition  =>  FALSE
[21:34:24.379]        // end while "(ReadDP(DP_CTRL_STAT) & 0xA0000000) != 0xA0000000"
[21:34:24.379]      </control>
[21:34:24.379]      <control if="(__protocol & 0xFFFF) == 1" while="" timeout="0" info="">
[21:34:24.379]        // if-block "(__protocol & 0xFFFF) == 1"
[21:34:24.380]          // =>  FALSE
[21:34:24.380]        // skip if-block "(__protocol & 0xFFFF) == 1"
[21:34:24.380]      </control>
[21:34:24.380]      <control if="(__protocol & 0xFFFF) == 2" while="" timeout="0" info="">
[21:34:24.380]        // if-block "(__protocol & 0xFFFF) == 2"
[21:34:24.380]          // =>  TRUE
[21:34:24.381]        <block atomic="false" info="">
[21:34:24.381]          Message(0, "executing SWD power up");
[21:34:24.384]          WriteDP(DP_CTRL_STAT, 0x50000F00);
[21:34:24.386]            // -> [WriteDP(0x00000004, 0x50000F00)]   (__dp=0x00000000)
[21:34:24.386]          WriteDP(SW_DP_ABORT, 0x0000001E);
[21:34:24.387]            // -> [WriteDP(0x00000000, 0x0000001E)]   (__dp=0x00000000)
[21:34:24.387]        </block>
[21:34:24.387]        // end if-block "(__protocol & 0xFFFF) == 2"
[21:34:24.387]      </control>
[21:34:24.387]      // end if-block "powered_down"
[21:34:24.389]    </control>
[21:34:24.389]    <block atomic="false" info="">
[21:34:24.389]      __var DEBUG_PORT_VAL    = 0;
[21:34:24.389]        // -> [DEBUG_PORT_VAL <= 0x00000000]
[21:34:24.389]      __var ACCESS_POINT_VAL  = 0;
[21:34:24.389]        // -> [ACCESS_POINT_VAL <= 0x00000000]
[21:34:24.389]      __ap = 1; 
[21:34:24.389]        // -> [__ap <= 0x00000001]
[21:34:24.389]      WriteAP(0x0C, 0x04); //lets use the mini pwr-ap as backup
[21:34:24.394]        // -> [WriteAP(0x0000000C, 0x00000004)]   (__dp=0x00000000, __ap=0x00000001)
[21:34:24.394]      __ap = 4;
[21:34:24.394]        // -> [__ap <= 0x00000004]
[21:34:24.394]      ACCESS_POINT_VAL = ReadAP(0x00);//Reading current state of access point
[21:34:24.398]        // -> [ReadAP(0x00000000) => 0x00080027]   (__dp=0x00000000, __ap=0x00000004)
[21:34:24.399]        // -> [ACCESS_POINT_VAL <= 0x00080027]
[21:34:24.399]      Message(0, "Current state of access point is: %x",ACCESS_POINT_VAL);
[21:34:24.399]    </block>
[21:34:24.401]    <block atomic="false" info="">
[21:34:24.401]      __var nReset = 0x80;
[21:34:24.401]        // -> [nReset <= 0x00000080]
[21:34:24.401]      __var canReadPins = 0;
[21:34:24.401]        // -> [canReadPins <= 0x00000000]
[21:34:24.401]      canReadPins = (DAP_SWJ_Pins(0x00, nReset, 0) != 0xFFFFFFFF);
[21:34:24.403]        // -> [DAP_SWJ_Pins(0x00, 0x80, 0) => 0x0F]   (Out: nRESET=0  =>  In: SWCLK/TCK=1, SWDIO/TMS=1, TDI=1, TDO=1, nTRST=0, nRESET=0)
[21:34:24.404]        // -> [canReadPins <= 0x00000001]
[21:34:24.404]    </block>
[21:34:24.404]    <control if="" while="1" timeout="200" info="">
[21:34:24.405]      // while "1"  (timeout="200")
[21:34:24.405]      // while-condition  =>  TRUE
[21:34:24.405]      // while "1"  (timeout="200")
[21:34:24.405]      // while-condition  =>  TRUE
[21:34:24.405]      // while "1"  (timeout="200")
[21:34:24.405]      // while-condition  =>  TRUE
[21:34:24.406]      // while "1"  (timeout="200")
[21:34:24.406]      // while-condition  =>  TRUE
[21:34:24.406]      // while "1"  (timeout="200")
[21:34:24.406]      // while-condition  =>  TRUE
[21:34:24.406]      // while "1"  (timeout="200")
[21:34:24.406]      // while-condition  =>  TRUE
[21:34:24.406]      // while "1"  (timeout="200")
[21:34:24.407]      // while-condition  =>  TRUE
[21:34:24.407]      // while "1"  (timeout="200")
[21:34:24.407]      // while-condition  =>  TRUE
[21:34:24.407]      // while "1"  (timeout="200")
[21:34:24.407]      // while-condition  =>  TRUE
[21:34:24.407]      // while "1"  (timeout="200")
[21:34:24.407]      // while-condition  =>  TRUE
[21:34:24.408]      // while "1"  (timeout="200")
[21:34:24.408]      // while-condition  =>  TRUE
[21:34:24.408]      // while "1"  (timeout="200")
[21:34:24.408]      // while-condition  =>  TRUE
[21:34:24.408]      // while "1"  (timeout="200")
[21:34:24.408]      // while-condition  =>  TRUE
[21:34:24.408]      // while "1"  (timeout="200")
[21:34:24.408]      // while-condition  =>  TRUE
[21:34:24.409]      // while "1"  (timeout="200")
[21:34:24.409]      // while-condition  =>  TRUE
[21:34:24.409]      // while "1"  (timeout="200")
[21:34:24.409]      // while-condition  =>  TRUE
[21:34:24.409]      // while "1"  (timeout="200")
[21:34:24.409]      // while-condition  =>  TRUE
[21:34:24.409]      // while "1"  (timeout="200")
[21:34:24.409]      // while-condition  =>  TRUE
[21:34:24.410]      // while "1"  (timeout="200")
[21:34:24.410]      // while-condition  =>  TRUE
[21:34:24.410]      // while "1"  (timeout="200")
[21:34:24.410]      // while-condition  =>  TRUE
[21:34:24.410]      // while "1"  (timeout="200")
[21:34:24.410]      // while-condition  =>  TRUE
[21:34:24.410]      // while "1"  (timeout="200")
[21:34:24.410]      // while-condition  =>  TRUE
[21:34:24.410]      // while "1"  (timeout="200")
[21:34:24.411]      // while-condition  =>  TRUE
[21:34:24.411]      // while "1"  (timeout="200")
[21:34:24.411]      // while-condition  =>  TRUE
[21:34:24.411]      // while "1"  (timeout="200")
[21:34:24.412]      // while-condition  =>  TRUE
[21:34:24.412]      // while "1"  (timeout="200")
[21:34:24.412]      // while-condition  =>  TRUE
[21:34:24.412]      // while "1"  (timeout="200")
[21:34:24.412]      // while-condition  =>  TRUE
[21:34:24.412]      // while "1"  (timeout="200")
[21:34:24.412]      // while-condition  =>  TRUE
[21:34:24.412]      // while "1"  (timeout="200")
[21:34:24.413]      // while-condition  =>  TRUE
[21:34:24.413]      // while "1"  (timeout="200")
[21:34:24.413]      // while-condition  =>  TRUE
[21:34:24.413]      // while "1"  (timeout="200")
[21:34:24.413]      // while-condition  =>  TRUE
[21:34:24.413]      // while "1"  (timeout="200")
[21:34:24.413]      // while-condition  =>  TRUE
[21:34:24.414]      // while "1"  (timeout="200")
[21:34:24.414]      // while-condition  =>  TRUE
[21:34:24.414]      // while "1"  (timeout="200")
[21:34:24.414]      // while-condition  =>  TRUE
[21:34:24.414]      // while "1"  (timeout="200")
[21:34:24.414]      // while-condition  =>  TRUE
[21:34:24.414]      // while "1"  (timeout="200")
[21:34:24.414]      // while  =>  TIMEOUT
[21:34:24.414]      // end while "1"
[21:34:24.414]    </control>
[21:34:24.415]    <control if="canReadPins" while="" timeout="0" info="">
[21:34:24.415]      // if-block "canReadPins"
[21:34:24.415]        // =>  TRUE
[21:34:24.415]      <control if="" while="(DAP_SWJ_Pins(nReset, nReset, 0) & nReset) == 0" timeout="1000000" info="">
[21:34:24.415]        // while "(DAP_SWJ_Pins(nReset, nReset, 0) & nReset) == 0"  (timeout="1000000")
[21:34:24.418]          // -> [DAP_SWJ_Pins(0x80, 0x80, 0) => 0x8F]   (Out: nRESET=1  =>  In: SWCLK/TCK=1, SWDIO/TMS=1, TDI=1, TDO=1, nTRST=0, nRESET=1)
[21:34:24.418]        // while-condition  =>  FALSE
[21:34:24.418]        // end while "(DAP_SWJ_Pins(nReset, nReset, 0) & nReset) == 0"
[21:34:24.418]      </control>
[21:34:24.418]      // end if-block "canReadPins"
[21:34:24.418]    </control>
[21:34:24.418]    <control if="!canReadPins" while="" timeout="0" info="">
[21:34:24.419]      // if-block "!canReadPins"
[21:34:24.419]        // =>  FALSE
[21:34:24.419]      // skip if-block "!canReadPins"
[21:34:24.419]    </control>
[21:34:24.419]    <control if="(ACCESS_POINT_VAL & 0x00E00000) == 0" while="" timeout="0" info="">
[21:34:24.419]      // if-block "(ACCESS_POINT_VAL & 0x00E00000) == 0"
[21:34:24.419]        // =>  TRUE
[21:34:24.419]      <block atomic="false" info="">
[21:34:24.419]        WriteAP(0x00, 0x190008);
[21:34:24.421]          // -> [WriteAP(0x00000000, 0x00190008)]   (__dp=0x00000000, __ap=0x00000004)
[21:34:24.421]        WriteAP(0xF0, 0x01);
[21:34:24.425]          // -> [WriteAP(0x000000F0, 0x00000001)]   (__dp=0x00000000, __ap=0x00000004)
[21:34:24.425]      </block>
[21:34:24.425]      // end if-block "(ACCESS_POINT_VAL & 0x00E00000) == 0"
[21:34:24.425]    </control>
[21:34:24.425]    <control if="(ACCESS_POINT_VAL & 0x00E00000) != 0" while="" timeout="0" info="">
[21:34:24.427]      // if-block "(ACCESS_POINT_VAL & 0x00E00000) != 0"
[21:34:24.427]        // =>  FALSE
[21:34:24.427]      // skip if-block "(ACCESS_POINT_VAL & 0x00E00000) != 0"
[21:34:24.427]    </control>
[21:34:24.427]    <block atomic="false" info="">
[21:34:24.427]      ACCESS_POINT_VAL = ReadAP(0x00);//Reading current state of access point
[21:34:24.430]        // -> [ReadAP(0x00000000) => 0x0079002F]   (__dp=0x00000000, __ap=0x00000004)
[21:34:24.430]        // -> [ACCESS_POINT_VAL <= 0x0079002F]
[21:34:24.430]      Message(0, "Current state of access point is: %x",ACCESS_POINT_VAL);
[21:34:24.430]      __ap = 0; //lets make sure we reset the access point selection
[21:34:24.430]        // -> [__ap <= 0x00000000]
[21:34:24.430]    </block>
[21:34:24.434]  </sequence>
[21:34:24.434]  
[21:34:24.453]  **********  Sequence "DebugDeviceUnlock"  (Context="Connect", Pname="", info="")
[21:34:24.453]  
[21:34:24.453]  <debugvars>
[21:34:24.453]    // Pre-defined
[21:34:24.454]    __protocol=0x00010002      (Protocol="SWD", SWJ-DP="True")
[21:34:24.454]    __connection=0x00000202    (Connection Type="Flash", Reset Type="System Reset")
[21:34:24.454]    __dp=0x00000000
[21:34:24.455]    __ap=0x00000000
[21:34:24.455]    __traceout=0x00000000      (Trace Disabled)
[21:34:24.455]    __errorcontrol=0x00000000  (Skip Errors="False")
[21:34:24.455]    __FlashAddr=0x00000000
[21:34:24.455]    __FlashLen=0x00000000
[21:34:24.455]    __FlashArg=0x00000000
[21:34:24.455]    __FlashOp=0x00000000
[21:34:24.455]    __Result=0x00000000
[21:34:24.455]  </debugvars>
[21:34:24.455]  
[21:34:24.457]  <sequence name="DebugDeviceUnlock" Pname="" disable="false" info="">
[21:34:24.457]    <block atomic="false" info="">
[21:34:24.457]      __var deviceID = 0;
[21:34:24.457]        // -> [deviceID <= 0x00000000]
[21:34:24.457]      __var version = 0;
[21:34:24.457]        // -> [version <= 0x00000000]
[21:34:24.457]      __var partNum = 0;
[21:34:24.457]        // -> [partNum <= 0x00000000]
[21:34:24.457]      __var manuf = 0;
[21:34:24.457]        // -> [manuf <= 0x00000000]
[21:34:24.457]      __var isMSPM0G1X0X_G3X0X = 0;
[21:34:24.457]        // -> [isMSPM0G1X0X_G3X0X <= 0x00000000]
[21:34:24.457]      __var isProduction = 0;
[21:34:24.457]        // -> [isProduction <= 0x00000000]
[21:34:24.459]      __var continueId = 0;
[21:34:24.459]        // -> [continueId <= 0x00000000]
[21:34:24.459]      deviceID =   Read32(0x41C40004);
[21:34:24.465]        // -> [Read32(0x41C40004) => 0x2BB8802F]   (__dp=0x00000000, __ap=0x00000000)
[21:34:24.465]        // -> [deviceID <= 0x2BB8802F]
[21:34:24.465]      version = deviceID >> 28;
[21:34:24.465]        // -> [version <= 0x00000002]
[21:34:24.465]      partNum = (deviceID & 0x0FFFF000) >> 12;
[21:34:24.465]        // -> [partNum <= 0x0000BB88]
[21:34:24.465]      manuf = (deviceID & 0x00000FFE) >> 1;
[21:34:24.465]        // -> [manuf <= 0x00000017]
[21:34:24.465]      isMSPM0G1X0X_G3X0X = (partNum == 0xBB88) && (manuf == 0x17);
[21:34:24.465]        // -> [isMSPM0G1X0X_G3X0X <= 0x00000001]
[21:34:24.467]      isProduction = (version > 0);
[21:34:24.467]        // -> [isProduction <= 0x00000001]
[21:34:24.467]    </block>
[21:34:24.467]    <control if="!isMSPM0G1X0X_G3X0X" while="" timeout="0" info="">
[21:34:24.467]      // if-block "!isMSPM0G1X0X_G3X0X"
[21:34:24.467]        // =>  FALSE
[21:34:24.467]      // skip if-block "!isMSPM0G1X0X_G3X0X"
[21:34:24.467]    </control>
[21:34:24.467]    <control if="continueId == 4" while="" timeout="0" info="">
[21:34:24.467]      // if-block "continueId == 4"
[21:34:24.467]        // =>  FALSE
[21:34:24.467]      // skip if-block "continueId == 4"
[21:34:24.467]    </control>
[21:34:24.467]    <control if="!isProduction" while="" timeout="0" info="">
[21:34:24.467]      // if-block "!isProduction"
[21:34:24.469]        // =>  FALSE
[21:34:24.469]      // skip if-block "!isProduction"
[21:34:24.469]    </control>
[21:34:24.469]  </sequence>
[21:34:24.469]  
[21:54:00.977]  **********  Sequence "DebugPortSetup"  (Context="Connect", Pname="", info="")
[21:54:00.977]  
[21:54:00.978]  <debugvars>
[21:54:00.978]    // Pre-defined
[21:54:00.978]    __protocol=0x00010002      (Protocol="SWD", SWJ-DP="True")
[21:54:00.978]    __connection=0x00000202    (Connection Type="Flash", Reset Type="System Reset")
[21:54:00.978]    __dp=0x00000000
[21:54:00.978]    __ap=0x00000000
[21:54:00.978]    __traceout=0x00000000      (Trace Disabled)
[21:54:00.978]    __errorcontrol=0x00000000  (Skip Errors="False")
[21:54:00.978]    __FlashAddr=0x00000000
[21:54:00.978]    __FlashLen=0x00000000
[21:54:00.978]    __FlashArg=0x00000000
[21:54:00.978]    __FlashOp=0x00000000
[21:54:00.978]    __Result=0x00000000
[21:54:00.978]  </debugvars>
[21:54:00.978]  
[21:54:00.978]  <sequence name="DebugPortSetup" Pname="" disable="false" info="">
[21:54:00.978]    <block atomic="false" info="">
[21:54:00.978]      __var isSWJ      = ((__protocol & 0x00010000) != 0);
[21:54:00.978]        // -> [isSWJ <= 0x00000001]
[21:54:00.978]      __var hasDormant = __protocol & 0x00020000;
[21:54:00.978]        // -> [hasDormant <= 0x00000000]
[21:54:00.978]      __var protType   = __protocol & 0x0000FFFF;
[21:54:00.978]        // -> [protType <= 0x00000002]
[21:54:00.978]    </block>
[21:54:00.978]    <control if="protType == 1" while="" timeout="0" info="">
[21:54:00.978]      // if-block "protType == 1"
[21:54:00.978]        // =>  FALSE
[21:54:00.978]      // skip if-block "protType == 1"
[21:54:00.978]    </control>
[21:54:00.978]    <control if="protType == 2" while="" timeout="0" info="">
[21:54:00.978]      // if-block "protType == 2"
[21:54:00.978]        // =>  TRUE
[21:54:00.978]      <control if="isSWJ" while="" timeout="0" info="">
[21:54:00.978]        // if-block "isSWJ"
[21:54:00.978]          // =>  TRUE
[21:54:00.978]        <control if="hasDormant" while="" timeout="0" info="">
[21:54:00.978]          // if-block "hasDormant"
[21:54:00.978]            // =>  FALSE
[21:54:00.983]          // skip if-block "hasDormant"
[21:54:00.983]        </control>
[21:54:00.983]        <control if="!hasDormant" while="" timeout="0" info="">
[21:54:00.983]          // if-block "!hasDormant"
[21:54:00.983]            // =>  TRUE
[21:54:00.983]          <block atomic="false" info="">
[21:54:00.983]            DAP_SWJ_Sequence(51, 0x0007FFFFFFFFFFFF); //lets put the JTAG line in a reset state
[21:54:00.983]              // -> [DAP_SWJ_Sequence(51, 0x0007FFFFFFFFFFFF)]
[21:54:00.983]            DAP_SWJ_Sequence(16,0xE73C); //SWD to JTAG, this is to ensure the state machine is initialized
[21:54:00.988]              // -> [DAP_SWJ_Sequence(16, 0x000000000000E73C)]
[21:54:00.988]            DAP_SWJ_Sequence(51, 0x0007FFFFFFFFFFFF); //Put it back in reset
[21:54:00.988]              // -> [DAP_SWJ_Sequence(51, 0x0007FFFFFFFFFFFF)]
[21:54:00.988]            DAP_SWJ_Sequence(16, 0xE79E); //JTAG to SWD switch
[21:54:00.988]              // -> [DAP_SWJ_Sequence(16, 0x000000000000E79E)]
[21:54:00.988]            DAP_SWJ_Sequence(51, 0x0007FFFFFFFFFFFF);  //Ensure the switch is successful 
[21:54:00.994]              // -> [DAP_SWJ_Sequence(51, 0x0007FFFFFFFFFFFF)]
[21:54:00.995]            DAP_SWJ_Sequence(7,  0x00); //Give the line some time to initialize
[21:54:00.995]              // -> [DAP_SWJ_Sequence(7, 0x0000000000000000)]
[21:54:00.995]          </block>
[21:54:00.995]          // end if-block "!hasDormant"
[21:54:00.995]        </control>
[21:54:00.995]        // end if-block "isSWJ"
[21:54:00.995]      </control>
[21:54:00.995]      <control if="!isSWJ" while="" timeout="0" info="">
[21:54:00.995]        // if-block "!isSWJ"
[21:54:00.995]          // =>  FALSE
[21:54:00.995]        // skip if-block "!isSWJ"
[21:54:00.995]      </control>
[21:54:00.995]      <block atomic="false" info="">
[21:54:00.995]        ReadDP(0x0);
[21:54:00.999]          // -> [ReadDP(0x00000000) => 0x6BA02477]   (__dp=0x00000000)
[21:54:00.999]      </block>
[21:54:00.999]      // end if-block "protType == 2"
[21:54:00.999]    </control>
[21:54:00.999]  </sequence>
[21:54:00.999]  
[21:54:01.004]  **********  Sequence "DebugPortStart"  (Context="Connect", Pname="", info="")
[21:54:01.004]  
[21:54:01.004]  <debugvars>
[21:54:01.004]    // Pre-defined
[21:54:01.004]    __protocol=0x00010002      (Protocol="SWD", SWJ-DP="True")
[21:54:01.006]    __connection=0x00000202    (Connection Type="Flash", Reset Type="System Reset")
[21:54:01.006]    __dp=0x00000000
[21:54:01.006]    __ap=0x00000000
[21:54:01.006]    __traceout=0x00000000      (Trace Disabled)
[21:54:01.006]    __errorcontrol=0x00000000  (Skip Errors="False")
[21:54:01.006]    __FlashAddr=0x00000000
[21:54:01.006]    __FlashLen=0x00000000
[21:54:01.006]    __FlashArg=0x00000000
[21:54:01.006]    __FlashOp=0x00000000
[21:54:01.008]    __Result=0x00000000
[21:54:01.008]  </debugvars>
[21:54:01.008]  
[21:54:01.008]  <sequence name="DebugPortStart" Pname="" disable="false" info="">
[21:54:01.008]    <block atomic="false" info="">
[21:54:01.008]      __var SW_DP_ABORT       = 0x0;
[21:54:01.008]        // -> [SW_DP_ABORT <= 0x00000000]
[21:54:01.008]      __var DP_CTRL_STAT      = 0x4;
[21:54:01.008]        // -> [DP_CTRL_STAT <= 0x00000004]
[21:54:01.009]      __var DP_SELECT         = 0x8;
[21:54:01.009]        // -> [DP_SELECT <= 0x00000008]
[21:54:01.009]      __var powered_down      = 0;
[21:54:01.009]        // -> [powered_down <= 0x00000000]
[21:54:01.009]      WriteDP(DP_SELECT, 0x00000000);
[21:54:01.010]        // -> [WriteDP(0x00000008, 0x00000000)]   (__dp=0x00000000)
[21:54:01.010]      powered_down = ((ReadDP(DP_CTRL_STAT) & 0xA0000000) != 0xA0000000);
[21:54:01.010]        // -> [ReadDP(0x00000004) => 0x00000040]   (__dp=0x00000000)
[21:54:01.014]        // -> [powered_down <= 0x00000001]
[21:54:01.014]    </block>
[21:54:01.014]    <control if="powered_down" while="" timeout="0" info="">
[21:54:01.014]      // if-block "powered_down"
[21:54:01.014]        // =>  TRUE
[21:54:01.014]      <block atomic="false" info="">
[21:54:01.014]        Message(0, "Debug/System power-up request sent");
[21:54:01.016]        WriteDP(DP_CTRL_STAT, 0x50000000);
[21:54:01.016]          // -> [WriteDP(0x00000004, 0x50000000)]   (__dp=0x00000000)
[21:54:01.016]      </block>
[21:54:01.019]      <control if="" while="(ReadDP(DP_CTRL_STAT) & 0xA0000000) != 0xA0000000" timeout="1000000" info="">
[21:54:01.019]        // while "(ReadDP(DP_CTRL_STAT) & 0xA0000000) != 0xA0000000"  (timeout="1000000")
[21:54:01.019]          // -> [ReadDP(0x00000004) => 0xF0000040]   (__dp=0x00000000)
[21:54:01.019]        // while-condition  =>  FALSE
[21:54:01.019]        // end while "(ReadDP(DP_CTRL_STAT) & 0xA0000000) != 0xA0000000"
[21:54:01.019]      </control>
[21:54:01.019]      <control if="(__protocol & 0xFFFF) == 1" while="" timeout="0" info="">
[21:54:01.019]        // if-block "(__protocol & 0xFFFF) == 1"
[21:54:01.019]          // =>  FALSE
[21:54:01.019]        // skip if-block "(__protocol & 0xFFFF) == 1"
[21:54:01.019]      </control>
[21:54:01.024]      <control if="(__protocol & 0xFFFF) == 2" while="" timeout="0" info="">
[21:54:01.024]        // if-block "(__protocol & 0xFFFF) == 2"
[21:54:01.024]          // =>  TRUE
[21:54:01.024]        <block atomic="false" info="">
[21:54:01.024]          Message(0, "executing SWD power up");
[21:54:01.024]          WriteDP(DP_CTRL_STAT, 0x50000F00);
[21:54:01.030]            // -> [WriteDP(0x00000004, 0x50000F00)]   (__dp=0x00000000)
[21:54:01.030]          WriteDP(SW_DP_ABORT, 0x0000001E);
[21:54:01.030]            // -> [WriteDP(0x00000000, 0x0000001E)]   (__dp=0x00000000)
[21:54:01.030]        </block>
[21:54:01.030]        // end if-block "(__protocol & 0xFFFF) == 2"
[21:54:01.030]      </control>
[21:54:01.030]      // end if-block "powered_down"
[21:54:01.030]    </control>
[21:54:01.030]    <block atomic="false" info="">
[21:54:01.030]      __var DEBUG_PORT_VAL    = 0;
[21:54:01.030]        // -> [DEBUG_PORT_VAL <= 0x00000000]
[21:54:01.030]      __var ACCESS_POINT_VAL  = 0;
[21:54:01.030]        // -> [ACCESS_POINT_VAL <= 0x00000000]
[21:54:01.030]      __ap = 1; 
[21:54:01.030]        // -> [__ap <= 0x00000001]
[21:54:01.030]      WriteAP(0x0C, 0x04); //lets use the mini pwr-ap as backup
[21:54:01.035]        // -> [WriteAP(0x0000000C, 0x00000004)]   (__dp=0x00000000, __ap=0x00000001)
[21:54:01.035]      __ap = 4;
[21:54:01.035]        // -> [__ap <= 0x00000004]
[21:54:01.035]      ACCESS_POINT_VAL = ReadAP(0x00);//Reading current state of access point
[21:54:01.040]        // -> [ReadAP(0x00000000) => 0x00080027]   (__dp=0x00000000, __ap=0x00000004)
[21:54:01.040]        // -> [ACCESS_POINT_VAL <= 0x00080027]
[21:54:01.040]      Message(0, "Current state of access point is: %x",ACCESS_POINT_VAL);
[21:54:01.040]    </block>
[21:54:01.040]    <block atomic="false" info="">
[21:54:01.040]      __var nReset = 0x80;
[21:54:01.040]        // -> [nReset <= 0x00000080]
[21:54:01.040]      __var canReadPins = 0;
[21:54:01.040]        // -> [canReadPins <= 0x00000000]
[21:54:01.040]      canReadPins = (DAP_SWJ_Pins(0x00, nReset, 0) != 0xFFFFFFFF);
[21:54:01.046]        // -> [DAP_SWJ_Pins(0x00, 0x80, 0) => 0x0F]   (Out: nRESET=0  =>  In: SWCLK/TCK=1, SWDIO/TMS=1, TDI=1, TDO=1, nTRST=0, nRESET=0)
[21:54:01.046]        // -> [canReadPins <= 0x00000001]
[21:54:01.046]    </block>
[21:54:01.046]    <control if="" while="1" timeout="200" info="">
[21:54:01.046]      // while "1"  (timeout="200")
[21:54:01.046]      // while-condition  =>  TRUE
[21:54:01.046]      // while "1"  (timeout="200")
[21:54:01.046]      // while-condition  =>  TRUE
[21:54:01.046]      // while "1"  (timeout="200")
[21:54:01.046]      // while-condition  =>  TRUE
[21:54:01.046]      // while "1"  (timeout="200")
[21:54:01.046]      // while-condition  =>  TRUE
[21:54:01.046]      // while "1"  (timeout="200")
[21:54:01.046]      // while-condition  =>  TRUE
[21:54:01.046]      // while "1"  (timeout="200")
[21:54:01.046]      // while-condition  =>  TRUE
[21:54:01.046]      // while "1"  (timeout="200")
[21:54:01.046]      // while-condition  =>  TRUE
[21:54:01.046]      // while "1"  (timeout="200")
[21:54:01.046]      // while-condition  =>  TRUE
[21:54:01.046]      // while "1"  (timeout="200")
[21:54:01.046]      // while-condition  =>  TRUE
[21:54:01.046]      // while "1"  (timeout="200")
[21:54:01.050]      // while-condition  =>  TRUE
[21:54:01.050]      // while "1"  (timeout="200")
[21:54:01.050]      // while-condition  =>  TRUE
[21:54:01.050]      // while "1"  (timeout="200")
[21:54:01.050]      // while-condition  =>  TRUE
[21:54:01.050]      // while "1"  (timeout="200")
[21:54:01.050]      // while-condition  =>  TRUE
[21:54:01.050]      // while "1"  (timeout="200")
[21:54:01.050]      // while-condition  =>  TRUE
[21:54:01.050]      // while "1"  (timeout="200")
[21:54:01.050]      // while-condition  =>  TRUE
[21:54:01.050]      // while "1"  (timeout="200")
[21:54:01.050]      // while-condition  =>  TRUE
[21:54:01.050]      // while "1"  (timeout="200")
[21:54:01.050]      // while-condition  =>  TRUE
[21:54:01.050]      // while "1"  (timeout="200")
[21:54:01.050]      // while-condition  =>  TRUE
[21:54:01.050]      // while "1"  (timeout="200")
[21:54:01.050]      // while-condition  =>  TRUE
[21:54:01.050]      // while "1"  (timeout="200")
[21:54:01.050]      // while-condition  =>  TRUE
[21:54:01.050]      // while "1"  (timeout="200")
[21:54:01.050]      // while-condition  =>  TRUE
[21:54:01.050]      // while "1"  (timeout="200")
[21:54:01.050]      // while-condition  =>  TRUE
[21:54:01.050]      // while "1"  (timeout="200")
[21:54:01.050]      // while-condition  =>  TRUE
[21:54:01.050]      // while "1"  (timeout="200")
[21:54:01.050]      // while-condition  =>  TRUE
[21:54:01.050]      // while "1"  (timeout="200")
[21:54:01.050]      // while-condition  =>  TRUE
[21:54:01.050]      // while "1"  (timeout="200")
[21:54:01.050]      // while-condition  =>  TRUE
[21:54:01.050]      // while "1"  (timeout="200")
[21:54:01.050]      // while-condition  =>  TRUE
[21:54:01.050]      // while "1"  (timeout="200")
[21:54:01.050]      // while-condition  =>  TRUE
[21:54:01.050]      // while "1"  (timeout="200")
[21:54:01.050]      // while-condition  =>  TRUE
[21:54:01.050]      // while "1"  (timeout="200")
[21:54:01.056]      // while-condition  =>  TRUE
[21:54:01.056]      // while "1"  (timeout="200")
[21:54:01.056]      // while  =>  TIMEOUT
[21:54:01.056]      // end while "1"
[21:54:01.056]    </control>
[21:54:01.056]    <control if="canReadPins" while="" timeout="0" info="">
[21:54:01.056]      // if-block "canReadPins"
[21:54:01.056]        // =>  TRUE
[21:54:01.056]      <control if="" while="(DAP_SWJ_Pins(nReset, nReset, 0) & nReset) == 0" timeout="1000000" info="">
[21:54:01.056]        // while "(DAP_SWJ_Pins(nReset, nReset, 0) & nReset) == 0"  (timeout="1000000")
[21:54:01.056]          // -> [DAP_SWJ_Pins(0x80, 0x80, 0) => 0x8F]   (Out: nRESET=1  =>  In: SWCLK/TCK=1, SWDIO/TMS=1, TDI=1, TDO=1, nTRST=0, nRESET=1)
[21:54:01.056]        // while-condition  =>  FALSE
[21:54:01.056]        // end while "(DAP_SWJ_Pins(nReset, nReset, 0) & nReset) == 0"
[21:54:01.056]      </control>
[21:54:01.056]      // end if-block "canReadPins"
[21:54:01.056]    </control>
[21:54:01.056]    <control if="!canReadPins" while="" timeout="0" info="">
[21:54:01.056]      // if-block "!canReadPins"
[21:54:01.056]        // =>  FALSE
[21:54:01.056]      // skip if-block "!canReadPins"
[21:54:01.056]    </control>
[21:54:01.061]    <control if="(ACCESS_POINT_VAL & 0x00E00000) == 0" while="" timeout="0" info="">
[21:54:01.061]      // if-block "(ACCESS_POINT_VAL & 0x00E00000) == 0"
[21:54:01.061]        // =>  TRUE
[21:54:01.062]      <block atomic="false" info="">
[21:54:01.062]        WriteAP(0x00, 0x190008);
[21:54:01.062]          // -> [WriteAP(0x00000000, 0x00190008)]   (__dp=0x00000000, __ap=0x00000004)
[21:54:01.062]        WriteAP(0xF0, 0x01);
[21:54:01.067]          // -> [WriteAP(0x000000F0, 0x00000001)]   (__dp=0x00000000, __ap=0x00000004)
[21:54:01.067]      </block>
[21:54:01.067]      // end if-block "(ACCESS_POINT_VAL & 0x00E00000) == 0"
[21:54:01.067]    </control>
[21:54:01.067]    <control if="(ACCESS_POINT_VAL & 0x00E00000) != 0" while="" timeout="0" info="">
[21:54:01.067]      // if-block "(ACCESS_POINT_VAL & 0x00E00000) != 0"
[21:54:01.067]        // =>  FALSE
[21:54:01.067]      // skip if-block "(ACCESS_POINT_VAL & 0x00E00000) != 0"
[21:54:01.067]    </control>
[21:54:01.067]    <block atomic="false" info="">
[21:54:01.067]      ACCESS_POINT_VAL = ReadAP(0x00);//Reading current state of access point
[21:54:01.072]        // -> [ReadAP(0x00000000) => 0x0079002F]   (__dp=0x00000000, __ap=0x00000004)
[21:54:01.072]        // -> [ACCESS_POINT_VAL <= 0x0079002F]
[21:54:01.072]      Message(0, "Current state of access point is: %x",ACCESS_POINT_VAL);
[21:54:01.072]      __ap = 0; //lets make sure we reset the access point selection
[21:54:01.072]        // -> [__ap <= 0x00000000]
[21:54:01.075]    </block>
[21:54:01.075]  </sequence>
[21:54:01.075]  
[21:54:01.092]  **********  Sequence "DebugDeviceUnlock"  (Context="Connect", Pname="", info="")
[21:54:01.092]  
[21:54:01.092]  <debugvars>
[21:54:01.092]    // Pre-defined
[21:54:01.092]    __protocol=0x00010002      (Protocol="SWD", SWJ-DP="True")
[21:54:01.092]    __connection=0x00000202    (Connection Type="Flash", Reset Type="System Reset")
[21:54:01.092]    __dp=0x00000000
[21:54:01.092]    __ap=0x00000000
[21:54:01.097]    __traceout=0x00000000      (Trace Disabled)
[21:54:01.097]    __errorcontrol=0x00000000  (Skip Errors="False")
[21:54:01.097]    __FlashAddr=0x00000000
[21:54:01.097]    __FlashLen=0x00000000
[21:54:01.097]    __FlashArg=0x00000000
[21:54:01.097]    __FlashOp=0x00000000
[21:54:01.097]    __Result=0x00000000
[21:54:01.097]  </debugvars>
[21:54:01.097]  
[21:54:01.097]  <sequence name="DebugDeviceUnlock" Pname="" disable="false" info="">
[21:54:01.097]    <block atomic="false" info="">
[21:54:01.097]      __var deviceID = 0;
[21:54:01.097]        // -> [deviceID <= 0x00000000]
[21:54:01.097]      __var version = 0;
[21:54:01.097]        // -> [version <= 0x00000000]
[21:54:01.097]      __var partNum = 0;
[21:54:01.097]        // -> [partNum <= 0x00000000]
[21:54:01.097]      __var manuf = 0;
[21:54:01.097]        // -> [manuf <= 0x00000000]
[21:54:01.097]      __var isMSPM0G1X0X_G3X0X = 0;
[21:54:01.097]        // -> [isMSPM0G1X0X_G3X0X <= 0x00000000]
[21:54:01.100]      __var isProduction = 0;
[21:54:01.100]        // -> [isProduction <= 0x00000000]
[21:54:01.100]      __var continueId = 0;
[21:54:01.100]        // -> [continueId <= 0x00000000]
[21:54:01.100]      deviceID =   Read32(0x41C40004);
[21:54:01.103]        // -> [Read32(0x41C40004) => 0x2BB8802F]   (__dp=0x00000000, __ap=0x00000000)
[21:54:01.103]        // -> [deviceID <= 0x2BB8802F]
[21:54:01.103]      version = deviceID >> 28;
[21:54:01.103]        // -> [version <= 0x00000002]
[21:54:01.103]      partNum = (deviceID & 0x0FFFF000) >> 12;
[21:54:01.108]        // -> [partNum <= 0x0000BB88]
[21:54:01.108]      manuf = (deviceID & 0x00000FFE) >> 1;
[21:54:01.108]        // -> [manuf <= 0x00000017]
[21:54:01.108]      isMSPM0G1X0X_G3X0X = (partNum == 0xBB88) && (manuf == 0x17);
[21:54:01.108]        // -> [isMSPM0G1X0X_G3X0X <= 0x00000001]
[21:54:01.108]      isProduction = (version > 0);
[21:54:01.108]        // -> [isProduction <= 0x00000001]
[21:54:01.108]    </block>
[21:54:01.108]    <control if="!isMSPM0G1X0X_G3X0X" while="" timeout="0" info="">
[21:54:01.108]      // if-block "!isMSPM0G1X0X_G3X0X"
[21:54:01.108]        // =>  FALSE
[21:54:01.108]      // skip if-block "!isMSPM0G1X0X_G3X0X"
[21:54:01.108]    </control>
[21:54:01.108]    <control if="continueId == 4" while="" timeout="0" info="">
[21:54:01.108]      // if-block "continueId == 4"
[21:54:01.108]        // =>  FALSE
[21:54:01.108]      // skip if-block "continueId == 4"
[21:54:01.108]    </control>
[21:54:01.108]    <control if="!isProduction" while="" timeout="0" info="">
[21:54:01.108]      // if-block "!isProduction"
[21:54:01.108]        // =>  FALSE
[21:54:01.108]      // skip if-block "!isProduction"
[21:54:01.108]    </control>
[21:54:01.108]  </sequence>
[21:54:01.108]  
[22:01:55.696]  **********  Sequence "DebugPortSetup"  (Context="Connect", Pname="", info="")
[22:01:55.696]  
[22:01:55.697]  <debugvars>
[22:01:55.697]    // Pre-defined
[22:01:55.698]    __protocol=0x00010002      (Protocol="SWD", SWJ-DP="True")
[22:01:55.698]    __connection=0x00000202    (Connection Type="Flash", Reset Type="System Reset")
[22:01:55.698]    __dp=0x00000000
[22:01:55.698]    __ap=0x00000000
[22:01:55.698]    __traceout=0x00000000      (Trace Disabled)
[22:01:55.698]    __errorcontrol=0x00000000  (Skip Errors="False")
[22:01:55.698]    __FlashAddr=0x00000000
[22:01:55.698]    __FlashLen=0x00000000
[22:01:55.698]    __FlashArg=0x00000000
[22:01:55.698]    __FlashOp=0x00000000
[22:01:55.698]    __Result=0x00000000
[22:01:55.698]  </debugvars>
[22:01:55.698]  
[22:01:55.698]  <sequence name="DebugPortSetup" Pname="" disable="false" info="">
[22:01:55.698]    <block atomic="false" info="">
[22:01:55.698]      __var isSWJ      = ((__protocol & 0x00010000) != 0);
[22:01:55.698]        // -> [isSWJ <= 0x00000001]
[22:01:55.700]      __var hasDormant = __protocol & 0x00020000;
[22:01:55.700]        // -> [hasDormant <= 0x00000000]
[22:01:55.700]      __var protType   = __protocol & 0x0000FFFF;
[22:01:55.701]        // -> [protType <= 0x00000002]
[22:01:55.701]    </block>
[22:01:55.701]    <control if="protType == 1" while="" timeout="0" info="">
[22:01:55.701]      // if-block "protType == 1"
[22:01:55.701]        // =>  FALSE
[22:01:55.701]      // skip if-block "protType == 1"
[22:01:55.701]    </control>
[22:01:55.701]    <control if="protType == 2" while="" timeout="0" info="">
[22:01:55.701]      // if-block "protType == 2"
[22:01:55.701]        // =>  TRUE
[22:01:55.701]      <control if="isSWJ" while="" timeout="0" info="">
[22:01:55.701]        // if-block "isSWJ"
[22:01:55.701]          // =>  TRUE
[22:01:55.701]        <control if="hasDormant" while="" timeout="0" info="">
[22:01:55.701]          // if-block "hasDormant"
[22:01:55.703]            // =>  FALSE
[22:01:55.703]          // skip if-block "hasDormant"
[22:01:55.703]        </control>
[22:01:55.703]        <control if="!hasDormant" while="" timeout="0" info="">
[22:01:55.703]          // if-block "!hasDormant"
[22:01:55.703]            // =>  TRUE
[22:01:55.703]          <block atomic="false" info="">
[22:01:55.703]            DAP_SWJ_Sequence(51, 0x0007FFFFFFFFFFFF); //lets put the JTAG line in a reset state
[22:01:55.704]              // -> [DAP_SWJ_Sequence(51, 0x0007FFFFFFFFFFFF)]
[22:01:55.704]            DAP_SWJ_Sequence(16,0xE73C); //SWD to JTAG, this is to ensure the state machine is initialized
[22:01:55.708]              // -> [DAP_SWJ_Sequence(16, 0x000000000000E73C)]
[22:01:55.708]            DAP_SWJ_Sequence(51, 0x0007FFFFFFFFFFFF); //Put it back in reset
[22:01:55.708]              // -> [DAP_SWJ_Sequence(51, 0x0007FFFFFFFFFFFF)]
[22:01:55.708]            DAP_SWJ_Sequence(16, 0xE79E); //JTAG to SWD switch
[22:01:55.711]              // -> [DAP_SWJ_Sequence(16, 0x000000000000E79E)]
[22:01:55.713]            DAP_SWJ_Sequence(51, 0x0007FFFFFFFFFFFF);  //Ensure the switch is successful 
[22:01:55.713]              // -> [DAP_SWJ_Sequence(51, 0x0007FFFFFFFFFFFF)]
[22:01:55.713]            DAP_SWJ_Sequence(7,  0x00); //Give the line some time to initialize
[22:01:55.713]              // -> [DAP_SWJ_Sequence(7, 0x0000000000000000)]
[22:01:55.713]          </block>
[22:01:55.713]          // end if-block "!hasDormant"
[22:01:55.713]        </control>
[22:01:55.713]        // end if-block "isSWJ"
[22:01:55.713]      </control>
[22:01:55.713]      <control if="!isSWJ" while="" timeout="0" info="">
[22:01:55.713]        // if-block "!isSWJ"
[22:01:55.718]          // =>  FALSE
[22:01:55.718]        // skip if-block "!isSWJ"
[22:01:55.718]      </control>
[22:01:55.718]      <block atomic="false" info="">
[22:01:55.718]        ReadDP(0x0);
[22:01:55.718]          // -> [ReadDP(0x00000000) => 0x6BA02477]   (__dp=0x00000000)
[22:01:55.721]      </block>
[22:01:55.721]      // end if-block "protType == 2"
[22:01:55.721]    </control>
[22:01:55.721]  </sequence>
[22:01:55.721]  
[22:01:55.723]  **********  Sequence "DebugPortStart"  (Context="Connect", Pname="", info="")
[22:01:55.723]  
[22:01:55.723]  <debugvars>
[22:01:55.726]    // Pre-defined
[22:01:55.726]    __protocol=0x00010002      (Protocol="SWD", SWJ-DP="True")
[22:01:55.726]    __connection=0x00000202    (Connection Type="Flash", Reset Type="System Reset")
[22:01:55.726]    __dp=0x00000000
[22:01:55.726]    __ap=0x00000000
[22:01:55.726]    __traceout=0x00000000      (Trace Disabled)
[22:01:55.726]    __errorcontrol=0x00000000  (Skip Errors="False")
[22:01:55.726]    __FlashAddr=0x00000000
[22:01:55.726]    __FlashLen=0x00000000
[22:01:55.726]    __FlashArg=0x00000000
[22:01:55.726]    __FlashOp=0x00000000
[22:01:55.726]    __Result=0x00000000
[22:01:55.726]  </debugvars>
[22:01:55.726]  
[22:01:55.726]  <sequence name="DebugPortStart" Pname="" disable="false" info="">
[22:01:55.726]    <block atomic="false" info="">
[22:01:55.726]      __var SW_DP_ABORT       = 0x0;
[22:01:55.726]        // -> [SW_DP_ABORT <= 0x00000000]
[22:01:55.726]      __var DP_CTRL_STAT      = 0x4;
[22:01:55.728]        // -> [DP_CTRL_STAT <= 0x00000004]
[22:01:55.728]      __var DP_SELECT         = 0x8;
[22:01:55.728]        // -> [DP_SELECT <= 0x00000008]
[22:01:55.728]      __var powered_down      = 0;
[22:01:55.728]        // -> [powered_down <= 0x00000000]
[22:01:55.728]      WriteDP(DP_SELECT, 0x00000000);
[22:01:55.731]        // -> [WriteDP(0x00000008, 0x00000000)]   (__dp=0x00000000)
[22:01:55.732]      powered_down = ((ReadDP(DP_CTRL_STAT) & 0xA0000000) != 0xA0000000);
[22:01:55.733]        // -> [ReadDP(0x00000004) => 0x00000040]   (__dp=0x00000000)
[22:01:55.733]        // -> [powered_down <= 0x00000001]
[22:01:55.734]    </block>
[22:01:55.734]    <control if="powered_down" while="" timeout="0" info="">
[22:01:55.734]      // if-block "powered_down"
[22:01:55.734]        // =>  TRUE
[22:01:55.734]      <block atomic="false" info="">
[22:01:55.734]        Message(0, "Debug/System power-up request sent");
[22:01:55.737]        WriteDP(DP_CTRL_STAT, 0x50000000);
[22:01:55.738]          // -> [WriteDP(0x00000004, 0x50000000)]   (__dp=0x00000000)
[22:01:55.738]      </block>
[22:01:55.739]      <control if="" while="(ReadDP(DP_CTRL_STAT) & 0xA0000000) != 0xA0000000" timeout="1000000" info="">
[22:01:55.739]        // while "(ReadDP(DP_CTRL_STAT) & 0xA0000000) != 0xA0000000"  (timeout="1000000")
[22:01:55.741]          // -> [ReadDP(0x00000004) => 0xF0000040]   (__dp=0x00000000)
[22:01:55.741]        // while-condition  =>  FALSE
[22:01:55.741]        // end while "(ReadDP(DP_CTRL_STAT) & 0xA0000000) != 0xA0000000"
[22:01:55.741]      </control>
[22:01:55.741]      <control if="(__protocol & 0xFFFF) == 1" while="" timeout="0" info="">
[22:01:55.741]        // if-block "(__protocol & 0xFFFF) == 1"
[22:01:55.741]          // =>  FALSE
[22:01:55.741]        // skip if-block "(__protocol & 0xFFFF) == 1"
[22:01:55.741]      </control>
[22:01:55.741]      <control if="(__protocol & 0xFFFF) == 2" while="" timeout="0" info="">
[22:01:55.741]        // if-block "(__protocol & 0xFFFF) == 2"
[22:01:55.741]          // =>  TRUE
[22:01:55.741]        <block atomic="false" info="">
[22:01:55.743]          Message(0, "executing SWD power up");
[22:01:55.743]          WriteDP(DP_CTRL_STAT, 0x50000F00);
[22:01:55.747]            // -> [WriteDP(0x00000004, 0x50000F00)]   (__dp=0x00000000)
[22:01:55.747]          WriteDP(SW_DP_ABORT, 0x0000001E);
[22:01:55.747]            // -> [WriteDP(0x00000000, 0x0000001E)]   (__dp=0x00000000)
[22:01:55.749]        </block>
[22:01:55.749]        // end if-block "(__protocol & 0xFFFF) == 2"
[22:01:55.749]      </control>
[22:01:55.749]      // end if-block "powered_down"
[22:01:55.749]    </control>
[22:01:55.749]    <block atomic="false" info="">
[22:01:55.749]      __var DEBUG_PORT_VAL    = 0;
[22:01:55.749]        // -> [DEBUG_PORT_VAL <= 0x00000000]
[22:01:55.749]      __var ACCESS_POINT_VAL  = 0;
[22:01:55.749]        // -> [ACCESS_POINT_VAL <= 0x00000000]
[22:01:55.749]      __ap = 1; 
[22:01:55.749]        // -> [__ap <= 0x00000001]
[22:01:55.749]      WriteAP(0x0C, 0x04); //lets use the mini pwr-ap as backup
[22:01:55.754]        // -> [WriteAP(0x0000000C, 0x00000004)]   (__dp=0x00000000, __ap=0x00000001)
[22:01:55.754]      __ap = 4;
[22:01:55.754]        // -> [__ap <= 0x00000004]
[22:01:55.754]      ACCESS_POINT_VAL = ReadAP(0x00);//Reading current state of access point
[22:01:55.760]        // -> [ReadAP(0x00000000) => 0x00080027]   (__dp=0x00000000, __ap=0x00000004)
[22:01:55.760]        // -> [ACCESS_POINT_VAL <= 0x00080027]
[22:01:55.760]      Message(0, "Current state of access point is: %x",ACCESS_POINT_VAL);
[22:01:55.761]    </block>
[22:01:55.761]    <block atomic="false" info="">
[22:01:55.761]      __var nReset = 0x80;
[22:01:55.761]        // -> [nReset <= 0x00000080]
[22:01:55.761]      __var canReadPins = 0;
[22:01:55.761]        // -> [canReadPins <= 0x00000000]
[22:01:55.761]      canReadPins = (DAP_SWJ_Pins(0x00, nReset, 0) != 0xFFFFFFFF);
[22:01:55.761]        // -> [DAP_SWJ_Pins(0x00, 0x80, 0) => 0x0F]   (Out: nRESET=0  =>  In: SWCLK/TCK=1, SWDIO/TMS=1, TDI=1, TDO=1, nTRST=0, nRESET=0)
[22:01:55.765]        // -> [canReadPins <= 0x00000001]
[22:01:55.765]    </block>
[22:01:55.765]    <control if="" while="1" timeout="200" info="">
[22:01:55.765]      // while "1"  (timeout="200")
[22:01:55.766]      // while-condition  =>  TRUE
[22:01:55.766]      // while "1"  (timeout="200")
[22:01:55.766]      // while-condition  =>  TRUE
[22:01:55.766]      // while "1"  (timeout="200")
[22:01:55.766]      // while-condition  =>  TRUE
[22:01:55.766]      // while "1"  (timeout="200")
[22:01:55.766]      // while-condition  =>  TRUE
[22:01:55.766]      // while "1"  (timeout="200")
[22:01:55.766]      // while-condition  =>  TRUE
[22:01:55.766]      // while "1"  (timeout="200")
[22:01:55.766]      // while-condition  =>  TRUE
[22:01:55.766]      // while "1"  (timeout="200")
[22:01:55.768]      // while-condition  =>  TRUE
[22:01:55.768]      // while "1"  (timeout="200")
[22:01:55.768]      // while-condition  =>  TRUE
[22:01:55.768]      // while "1"  (timeout="200")
[22:01:55.768]      // while-condition  =>  TRUE
[22:01:55.768]      // while "1"  (timeout="200")
[22:01:55.768]      // while-condition  =>  TRUE
[22:01:55.768]      // while "1"  (timeout="200")
[22:01:55.768]      // while-condition  =>  TRUE
[22:01:55.768]      // while "1"  (timeout="200")
[22:01:55.768]      // while-condition  =>  TRUE
[22:01:55.768]      // while "1"  (timeout="200")
[22:01:55.768]      // while-condition  =>  TRUE
[22:01:55.768]      // while "1"  (timeout="200")
[22:01:55.768]      // while-condition  =>  TRUE
[22:01:55.768]      // while "1"  (timeout="200")
[22:01:55.770]      // while-condition  =>  TRUE
[22:01:55.770]      // while "1"  (timeout="200")
[22:01:55.770]      // while-condition  =>  TRUE
[22:01:55.770]      // while "1"  (timeout="200")
[22:01:55.770]      // while-condition  =>  TRUE
[22:01:55.770]      // while "1"  (timeout="200")
[22:01:55.770]      // while-condition  =>  TRUE
[22:01:55.771]      // while "1"  (timeout="200")
[22:01:55.771]      // while-condition  =>  TRUE
[22:01:55.771]      // while "1"  (timeout="200")
[22:01:55.771]      // while-condition  =>  TRUE
[22:01:55.771]      // while "1"  (timeout="200")
[22:01:55.771]      // while-condition  =>  TRUE
[22:01:55.771]      // while "1"  (timeout="200")
[22:01:55.771]      // while-condition  =>  TRUE
[22:01:55.771]      // while "1"  (timeout="200")
[22:01:55.771]      // while-condition  =>  TRUE
[22:01:55.772]      // while "1"  (timeout="200")
[22:01:55.772]      // while-condition  =>  TRUE
[22:01:55.772]      // while "1"  (timeout="200")
[22:01:55.772]      // while-condition  =>  TRUE
[22:01:55.772]      // while "1"  (timeout="200")
[22:01:55.772]      // while-condition  =>  TRUE
[22:01:55.772]      // while "1"  (timeout="200")
[22:01:55.772]      // while-condition  =>  TRUE
[22:01:55.772]      // while "1"  (timeout="200")
[22:01:55.772]      // while-condition  =>  TRUE
[22:01:55.772]      // while "1"  (timeout="200")
[22:01:55.772]      // while-condition  =>  TRUE
[22:01:55.772]      // while "1"  (timeout="200")
[22:01:55.772]      // while-condition  =>  TRUE
[22:01:55.772]      // while "1"  (timeout="200")
[22:01:55.772]      // while-condition  =>  TRUE
[22:01:55.772]      // while "1"  (timeout="200")
[22:01:55.775]      // while-condition  =>  TRUE
[22:01:55.775]      // while "1"  (timeout="200")
[22:01:55.775]      // while  =>  TIMEOUT
[22:01:55.775]      // end while "1"
[22:01:55.775]    </control>
[22:01:55.775]    <control if="canReadPins" while="" timeout="0" info="">
[22:01:55.775]      // if-block "canReadPins"
[22:01:55.775]        // =>  TRUE
[22:01:55.775]      <control if="" while="(DAP_SWJ_Pins(nReset, nReset, 0) & nReset) == 0" timeout="1000000" info="">
[22:01:55.775]        // while "(DAP_SWJ_Pins(nReset, nReset, 0) & nReset) == 0"  (timeout="1000000")
[22:01:55.775]          // -> [DAP_SWJ_Pins(0x80, 0x80, 0) => 0x8F]   (Out: nRESET=1  =>  In: SWCLK/TCK=1, SWDIO/TMS=1, TDI=1, TDO=1, nTRST=0, nRESET=1)
[22:01:55.775]        // while-condition  =>  FALSE
[22:01:55.775]        // end while "(DAP_SWJ_Pins(nReset, nReset, 0) & nReset) == 0"
[22:01:55.775]      </control>
[22:01:55.775]      // end if-block "canReadPins"
[22:01:55.775]    </control>
[22:01:55.775]    <control if="!canReadPins" while="" timeout="0" info="">
[22:01:55.775]      // if-block "!canReadPins"
[22:01:55.775]        // =>  FALSE
[22:01:55.775]      // skip if-block "!canReadPins"
[22:01:55.780]    </control>
[22:01:55.780]    <control if="(ACCESS_POINT_VAL & 0x00E00000) == 0" while="" timeout="0" info="">
[22:01:55.780]      // if-block "(ACCESS_POINT_VAL & 0x00E00000) == 0"
[22:01:55.780]        // =>  TRUE
[22:01:55.780]      <block atomic="false" info="">
[22:01:55.780]        WriteAP(0x00, 0x190008);
[22:01:55.783]          // -> [WriteAP(0x00000000, 0x00190008)]   (__dp=0x00000000, __ap=0x00000004)
[22:01:55.783]        WriteAP(0xF0, 0x01);
[22:01:55.787]          // -> [WriteAP(0x000000F0, 0x00000001)]   (__dp=0x00000000, __ap=0x00000004)
[22:01:55.788]      </block>
[22:01:55.788]      // end if-block "(ACCESS_POINT_VAL & 0x00E00000) == 0"
[22:01:55.788]    </control>
[22:01:55.788]    <control if="(ACCESS_POINT_VAL & 0x00E00000) != 0" while="" timeout="0" info="">
[22:01:55.788]      // if-block "(ACCESS_POINT_VAL & 0x00E00000) != 0"
[22:01:55.788]        // =>  FALSE
[22:01:55.788]      // skip if-block "(ACCESS_POINT_VAL & 0x00E00000) != 0"
[22:01:55.788]    </control>
[22:01:55.789]    <block atomic="false" info="">
[22:01:55.789]      ACCESS_POINT_VAL = ReadAP(0x00);//Reading current state of access point
[22:01:55.794]        // -> [ReadAP(0x00000000) => 0x0079002F]   (__dp=0x00000000, __ap=0x00000004)
[22:01:55.794]        // -> [ACCESS_POINT_VAL <= 0x0079002F]
[22:01:55.794]      Message(0, "Current state of access point is: %x",ACCESS_POINT_VAL);
[22:01:55.795]      __ap = 0; //lets make sure we reset the access point selection
[22:01:55.795]        // -> [__ap <= 0x00000000]
[22:01:55.795]    </block>
[22:01:55.795]  </sequence>
[22:01:55.795]  
[22:01:55.815]  **********  Sequence "DebugDeviceUnlock"  (Context="Connect", Pname="", info="")
[22:01:55.815]  
[22:01:55.815]  <debugvars>
[22:01:55.819]    // Pre-defined
[22:01:55.819]    __protocol=0x00010002      (Protocol="SWD", SWJ-DP="True")
[22:01:55.819]    __connection=0x00000202    (Connection Type="Flash", Reset Type="System Reset")
[22:01:55.819]    __dp=0x00000000
[22:01:55.819]    __ap=0x00000000
[22:01:55.819]    __traceout=0x00000000      (Trace Disabled)
[22:01:55.819]    __errorcontrol=0x00000000  (Skip Errors="False")
[22:01:55.819]    __FlashAddr=0x00000000
[22:01:55.819]    __FlashLen=0x00000000
[22:01:55.819]    __FlashArg=0x00000000
[22:01:55.819]    __FlashOp=0x00000000
[22:01:55.819]    __Result=0x00000000
[22:01:55.819]  </debugvars>
[22:01:55.819]  
[22:01:55.821]  <sequence name="DebugDeviceUnlock" Pname="" disable="false" info="">
[22:01:55.821]    <block atomic="false" info="">
[22:01:55.821]      __var deviceID = 0;
[22:01:55.821]        // -> [deviceID <= 0x00000000]
[22:01:55.821]      __var version = 0;
[22:01:55.822]        // -> [version <= 0x00000000]
[22:01:55.822]      __var partNum = 0;
[22:01:55.822]        // -> [partNum <= 0x00000000]
[22:01:55.822]      __var manuf = 0;
[22:01:55.822]        // -> [manuf <= 0x00000000]
[22:01:55.822]      __var isMSPM0G1X0X_G3X0X = 0;
[22:01:55.822]        // -> [isMSPM0G1X0X_G3X0X <= 0x00000000]
[22:01:55.822]      __var isProduction = 0;
[22:01:55.822]        // -> [isProduction <= 0x00000000]
[22:01:55.822]      __var continueId = 0;
[22:01:55.822]        // -> [continueId <= 0x00000000]
[22:01:55.822]      deviceID =   Read32(0x41C40004);
[22:01:55.826]        // -> [Read32(0x41C40004) => 0x2BB8802F]   (__dp=0x00000000, __ap=0x00000000)
[22:01:55.830]        // -> [deviceID <= 0x2BB8802F]
[22:01:55.830]      version = deviceID >> 28;
[22:01:55.830]        // -> [version <= 0x00000002]
[22:01:55.830]      partNum = (deviceID & 0x0FFFF000) >> 12;
[22:01:55.830]        // -> [partNum <= 0x0000BB88]
[22:01:55.830]      manuf = (deviceID & 0x00000FFE) >> 1;
[22:01:55.831]        // -> [manuf <= 0x00000017]
[22:01:55.831]      isMSPM0G1X0X_G3X0X = (partNum == 0xBB88) && (manuf == 0x17);
[22:01:55.831]        // -> [isMSPM0G1X0X_G3X0X <= 0x00000001]
[22:01:55.831]      isProduction = (version > 0);
[22:01:55.831]        // -> [isProduction <= 0x00000001]
[22:01:55.831]    </block>
[22:01:55.831]    <control if="!isMSPM0G1X0X_G3X0X" while="" timeout="0" info="">
[22:01:55.831]      // if-block "!isMSPM0G1X0X_G3X0X"
[22:01:55.831]        // =>  FALSE
[22:01:55.831]      // skip if-block "!isMSPM0G1X0X_G3X0X"
[22:01:55.831]    </control>
[22:01:55.831]    <control if="continueId == 4" while="" timeout="0" info="">
[22:01:55.831]      // if-block "continueId == 4"
[22:01:55.831]        // =>  FALSE
[22:01:55.831]      // skip if-block "continueId == 4"
[22:01:55.831]    </control>
[22:01:55.831]    <control if="!isProduction" while="" timeout="0" info="">
[22:01:55.831]      // if-block "!isProduction"
[22:01:55.831]        // =>  FALSE
[22:01:55.831]      // skip if-block "!isProduction"
[22:01:55.831]    </control>
[22:01:55.831]  </sequence>
[22:01:55.831]  
[22:27:21.090]  **********  Sequence "DebugPortSetup"  (Context="Connect", Pname="", info="")
[22:27:21.090]  
[22:27:21.090]  <debugvars>
[22:27:21.090]    // Pre-defined
[22:27:21.090]    __protocol=0x00010002      (Protocol="SWD", SWJ-DP="True")
[22:27:21.090]    __connection=0x00000202    (Connection Type="Flash", Reset Type="System Reset")
[22:27:21.090]    __dp=0x00000000
[22:27:21.090]    __ap=0x00000000
[22:27:21.090]    __traceout=0x00000000      (Trace Disabled)
[22:27:21.090]    __errorcontrol=0x00000000  (Skip Errors="False")
[22:27:21.090]    __FlashAddr=0x00000000
[22:27:21.090]    __FlashLen=0x00000000
[22:27:21.090]    __FlashArg=0x00000000
[22:27:21.090]    __FlashOp=0x00000000
[22:27:21.090]    __Result=0x00000000
[22:27:21.090]  </debugvars>
[22:27:21.090]  
[22:27:21.090]  <sequence name="DebugPortSetup" Pname="" disable="false" info="">
[22:27:21.090]    <block atomic="false" info="">
[22:27:21.090]      __var isSWJ      = ((__protocol & 0x00010000) != 0);
[22:27:21.090]        // -> [isSWJ <= 0x00000001]
[22:27:21.090]      __var hasDormant = __protocol & 0x00020000;
[22:27:21.090]        // -> [hasDormant <= 0x00000000]
[22:27:21.090]      __var protType   = __protocol & 0x0000FFFF;
[22:27:21.090]        // -> [protType <= 0x00000002]
[22:27:21.090]    </block>
[22:27:21.090]    <control if="protType == 1" while="" timeout="0" info="">
[22:27:21.095]      // if-block "protType == 1"
[22:27:21.095]        // =>  FALSE
[22:27:21.095]      // skip if-block "protType == 1"
[22:27:21.095]    </control>
[22:27:21.095]    <control if="protType == 2" while="" timeout="0" info="">
[22:27:21.095]      // if-block "protType == 2"
[22:27:21.095]        // =>  TRUE
[22:27:21.095]      <control if="isSWJ" while="" timeout="0" info="">
[22:27:21.095]        // if-block "isSWJ"
[22:27:21.095]          // =>  TRUE
[22:27:21.095]        <control if="hasDormant" while="" timeout="0" info="">
[22:27:21.095]          // if-block "hasDormant"
[22:27:21.095]            // =>  FALSE
[22:27:21.095]          // skip if-block "hasDormant"
[22:27:21.095]        </control>
[22:27:21.095]        <control if="!hasDormant" while="" timeout="0" info="">
[22:27:21.095]          // if-block "!hasDormant"
[22:27:21.095]            // =>  TRUE
[22:27:21.095]          <block atomic="false" info="">
[22:27:21.095]            DAP_SWJ_Sequence(51, 0x0007FFFFFFFFFFFF); //lets put the JTAG line in a reset state
[22:27:21.095]              // -> [DAP_SWJ_Sequence(51, 0x0007FFFFFFFFFFFF)]
[22:27:21.095]            DAP_SWJ_Sequence(16,0xE73C); //SWD to JTAG, this is to ensure the state machine is initialized
[22:27:21.100]              // -> [DAP_SWJ_Sequence(16, 0x000000000000E73C)]
[22:27:21.100]            DAP_SWJ_Sequence(51, 0x0007FFFFFFFFFFFF); //Put it back in reset
[22:27:21.103]              // -> [DAP_SWJ_Sequence(51, 0x0007FFFFFFFFFFFF)]
[22:27:21.103]            DAP_SWJ_Sequence(16, 0xE79E); //JTAG to SWD switch
[22:27:21.105]              // -> [DAP_SWJ_Sequence(16, 0x000000000000E79E)]
[22:27:21.105]            DAP_SWJ_Sequence(51, 0x0007FFFFFFFFFFFF);  //Ensure the switch is successful 
[22:27:21.105]              // -> [DAP_SWJ_Sequence(51, 0x0007FFFFFFFFFFFF)]
[22:27:21.105]            DAP_SWJ_Sequence(7,  0x00); //Give the line some time to initialize
[22:27:21.111]              // -> [DAP_SWJ_Sequence(7, 0x0000000000000000)]
[22:27:21.111]          </block>
[22:27:21.111]          // end if-block "!hasDormant"
[22:27:21.111]        </control>
[22:27:21.111]        // end if-block "isSWJ"
[22:27:21.111]      </control>
[22:27:21.111]      <control if="!isSWJ" while="" timeout="0" info="">
[22:27:21.111]        // if-block "!isSWJ"
[22:27:21.111]          // =>  FALSE
[22:27:21.111]        // skip if-block "!isSWJ"
[22:27:21.111]      </control>
[22:27:21.111]      <block atomic="false" info="">
[22:27:21.111]        ReadDP(0x0);
[22:27:21.111]          // -> [ReadDP(0x00000000) => 0x6BA02477]   (__dp=0x00000000)
[22:27:21.111]      </block>
[22:27:21.111]      // end if-block "protType == 2"
[22:27:21.116]    </control>
[22:27:21.116]  </sequence>
[22:27:21.116]  
[22:27:21.121]  **********  Sequence "DebugPortStart"  (Context="Connect", Pname="", info="")
[22:27:21.121]  
[22:27:21.121]  <debugvars>
[22:27:21.121]    // Pre-defined
[22:27:21.121]    __protocol=0x00010002      (Protocol="SWD", SWJ-DP="True")
[22:27:21.121]    __connection=0x00000202    (Connection Type="Flash", Reset Type="System Reset")
[22:27:21.121]    __dp=0x00000000
[22:27:21.121]    __ap=0x00000000
[22:27:21.121]    __traceout=0x00000000      (Trace Disabled)
[22:27:21.122]    __errorcontrol=0x00000000  (Skip Errors="False")
[22:27:21.122]    __FlashAddr=0x00000000
[22:27:21.122]    __FlashLen=0x00000000
[22:27:21.122]    __FlashArg=0x00000000
[22:27:21.122]    __FlashOp=0x00000000
[22:27:21.122]    __Result=0x00000000
[22:27:21.122]  </debugvars>
[22:27:21.122]  
[22:27:21.122]  <sequence name="DebugPortStart" Pname="" disable="false" info="">
[22:27:21.123]    <block atomic="false" info="">
[22:27:21.123]      __var SW_DP_ABORT       = 0x0;
[22:27:21.123]        // -> [SW_DP_ABORT <= 0x00000000]
[22:27:21.123]      __var DP_CTRL_STAT      = 0x4;
[22:27:21.123]        // -> [DP_CTRL_STAT <= 0x00000004]
[22:27:21.123]      __var DP_SELECT         = 0x8;
[22:27:21.123]        // -> [DP_SELECT <= 0x00000008]
[22:27:21.123]      __var powered_down      = 0;
[22:27:21.123]        // -> [powered_down <= 0x00000000]
[22:27:21.124]      WriteDP(DP_SELECT, 0x00000000);
[22:27:21.125]        // -> [WriteDP(0x00000008, 0x00000000)]   (__dp=0x00000000)
[22:27:21.125]      powered_down = ((ReadDP(DP_CTRL_STAT) & 0xA0000000) != 0xA0000000);
[22:27:21.127]        // -> [ReadDP(0x00000004) => 0x00000040]   (__dp=0x00000000)
[22:27:21.127]        // -> [powered_down <= 0x00000001]
[22:27:21.127]    </block>
[22:27:21.127]    <control if="powered_down" while="" timeout="0" info="">
[22:27:21.128]      // if-block "powered_down"
[22:27:21.128]        // =>  TRUE
[22:27:21.128]      <block atomic="false" info="">
[22:27:21.129]        Message(0, "Debug/System power-up request sent");
[22:27:21.130]        WriteDP(DP_CTRL_STAT, 0x50000000);
[22:27:21.131]          // -> [WriteDP(0x00000004, 0x50000000)]   (__dp=0x00000000)
[22:27:21.131]      </block>
[22:27:21.131]      <control if="" while="(ReadDP(DP_CTRL_STAT) & 0xA0000000) != 0xA0000000" timeout="1000000" info="">
[22:27:21.131]        // while "(ReadDP(DP_CTRL_STAT) & 0xA0000000) != 0xA0000000"  (timeout="1000000")
[22:27:21.131]          // -> [ReadDP(0x00000004) => 0xF0000040]   (__dp=0x00000000)
[22:27:21.131]        // while-condition  =>  FALSE
[22:27:21.131]        // end while "(ReadDP(DP_CTRL_STAT) & 0xA0000000) != 0xA0000000"
[22:27:21.131]      </control>
[22:27:21.131]      <control if="(__protocol & 0xFFFF) == 1" while="" timeout="0" info="">
[22:27:21.131]        // if-block "(__protocol & 0xFFFF) == 1"
[22:27:21.131]          // =>  FALSE
[22:27:21.131]        // skip if-block "(__protocol & 0xFFFF) == 1"
[22:27:21.131]      </control>
[22:27:21.131]      <control if="(__protocol & 0xFFFF) == 2" while="" timeout="0" info="">
[22:27:21.136]        // if-block "(__protocol & 0xFFFF) == 2"
[22:27:21.136]          // =>  TRUE
[22:27:21.136]        <block atomic="false" info="">
[22:27:21.136]          Message(0, "executing SWD power up");
[22:27:21.136]          WriteDP(DP_CTRL_STAT, 0x50000F00);
[22:27:21.138]            // -> [WriteDP(0x00000004, 0x50000F00)]   (__dp=0x00000000)
[22:27:21.138]          WriteDP(SW_DP_ABORT, 0x0000001E);
[22:27:21.141]            // -> [WriteDP(0x00000000, 0x0000001E)]   (__dp=0x00000000)
[22:27:21.141]        </block>
[22:27:21.141]        // end if-block "(__protocol & 0xFFFF) == 2"
[22:27:21.141]      </control>
[22:27:21.141]      // end if-block "powered_down"
[22:27:21.141]    </control>
[22:27:21.141]    <block atomic="false" info="">
[22:27:21.141]      __var DEBUG_PORT_VAL    = 0;
[22:27:21.141]        // -> [DEBUG_PORT_VAL <= 0x00000000]
[22:27:21.141]      __var ACCESS_POINT_VAL  = 0;
[22:27:21.141]        // -> [ACCESS_POINT_VAL <= 0x00000000]
[22:27:21.143]      __ap = 1; 
[22:27:21.143]        // -> [__ap <= 0x00000001]
[22:27:21.143]      WriteAP(0x0C, 0x04); //lets use the mini pwr-ap as backup
[22:27:21.147]        // -> [WriteAP(0x0000000C, 0x00000004)]   (__dp=0x00000000, __ap=0x00000001)
[22:27:21.147]      __ap = 4;
[22:27:21.147]        // -> [__ap <= 0x00000004]
[22:27:21.147]      ACCESS_POINT_VAL = ReadAP(0x00);//Reading current state of access point
[22:27:21.152]        // -> [ReadAP(0x00000000) => 0x00080027]   (__dp=0x00000000, __ap=0x00000004)
[22:27:21.152]        // -> [ACCESS_POINT_VAL <= 0x00080027]
[22:27:21.152]      Message(0, "Current state of access point is: %x",ACCESS_POINT_VAL);
[22:27:21.155]    </block>
[22:27:21.155]    <block atomic="false" info="">
[22:27:21.155]      __var nReset = 0x80;
[22:27:21.155]        // -> [nReset <= 0x00000080]
[22:27:21.155]      __var canReadPins = 0;
[22:27:21.155]        // -> [canReadPins <= 0x00000000]
[22:27:21.155]      canReadPins = (DAP_SWJ_Pins(0x00, nReset, 0) != 0xFFFFFFFF);
[22:27:21.155]        // -> [DAP_SWJ_Pins(0x00, 0x80, 0) => 0x0F]   (Out: nRESET=0  =>  In: SWCLK/TCK=1, SWDIO/TMS=1, TDI=1, TDO=1, nTRST=0, nRESET=0)
[22:27:21.158]        // -> [canReadPins <= 0x00000001]
[22:27:21.158]    </block>
[22:27:21.158]    <control if="" while="1" timeout="200" info="">
[22:27:21.158]      // while "1"  (timeout="200")
[22:27:21.158]      // while-condition  =>  TRUE
[22:27:21.158]      // while "1"  (timeout="200")
[22:27:21.158]      // while-condition  =>  TRUE
[22:27:21.158]      // while "1"  (timeout="200")
[22:27:21.158]      // while-condition  =>  TRUE
[22:27:21.158]      // while "1"  (timeout="200")
[22:27:21.158]      // while-condition  =>  TRUE
[22:27:21.158]      // while "1"  (timeout="200")
[22:27:21.158]      // while-condition  =>  TRUE
[22:27:21.158]      // while "1"  (timeout="200")
[22:27:21.158]      // while-condition  =>  TRUE
[22:27:21.158]      // while "1"  (timeout="200")
[22:27:21.158]      // while-condition  =>  TRUE
[22:27:21.158]      // while "1"  (timeout="200")
[22:27:21.158]      // while-condition  =>  TRUE
[22:27:21.158]      // while "1"  (timeout="200")
[22:27:21.158]      // while-condition  =>  TRUE
[22:27:21.158]      // while "1"  (timeout="200")
[22:27:21.158]      // while-condition  =>  TRUE
[22:27:21.158]      // while "1"  (timeout="200")
[22:27:21.158]      // while-condition  =>  TRUE
[22:27:21.158]      // while "1"  (timeout="200")
[22:27:21.158]      // while-condition  =>  TRUE
[22:27:21.158]      // while "1"  (timeout="200")
[22:27:21.158]      // while-condition  =>  TRUE
[22:27:21.158]      // while "1"  (timeout="200")
[22:27:21.158]      // while-condition  =>  TRUE
[22:27:21.158]      // while "1"  (timeout="200")
[22:27:21.158]      // while-condition  =>  TRUE
[22:27:21.158]      // while "1"  (timeout="200")
[22:27:21.158]      // while-condition  =>  TRUE
[22:27:21.158]      // while "1"  (timeout="200")
[22:27:21.158]      // while-condition  =>  TRUE
[22:27:21.158]      // while "1"  (timeout="200")
[22:27:21.158]      // while-condition  =>  TRUE
[22:27:21.158]      // while "1"  (timeout="200")
[22:27:21.158]      // while-condition  =>  TRUE
[22:27:21.158]      // while "1"  (timeout="200")
[22:27:21.158]      // while-condition  =>  TRUE
[22:27:21.158]      // while "1"  (timeout="200")
[22:27:21.163]      // while-condition  =>  TRUE
[22:27:21.163]      // while "1"  (timeout="200")
[22:27:21.163]      // while-condition  =>  TRUE
[22:27:21.163]      // while "1"  (timeout="200")
[22:27:21.163]      // while-condition  =>  TRUE
[22:27:21.163]      // while "1"  (timeout="200")
[22:27:21.163]      // while-condition  =>  TRUE
[22:27:21.163]      // while "1"  (timeout="200")
[22:27:21.163]      // while-condition  =>  TRUE
[22:27:21.163]      // while "1"  (timeout="200")
[22:27:21.163]      // while-condition  =>  TRUE
[22:27:21.163]      // while "1"  (timeout="200")
[22:27:21.163]      // while-condition  =>  TRUE
[22:27:21.163]      // while "1"  (timeout="200")
[22:27:21.163]      // while-condition  =>  TRUE
[22:27:21.163]      // while "1"  (timeout="200")
[22:27:21.163]      // while-condition  =>  TRUE
[22:27:21.163]      // while "1"  (timeout="200")
[22:27:21.163]      // while-condition  =>  TRUE
[22:27:21.163]      // while "1"  (timeout="200")
[22:27:21.163]      // while-condition  =>  TRUE
[22:27:21.163]      // while "1"  (timeout="200")
[22:27:21.163]      // while-condition  =>  TRUE
[22:27:21.163]      // while "1"  (timeout="200")
[22:27:21.163]      // while-condition  =>  TRUE
[22:27:21.163]      // while "1"  (timeout="200")
[22:27:21.163]      // while-condition  =>  TRUE
[22:27:21.163]      // while "1"  (timeout="200")
[22:27:21.163]      // while-condition  =>  TRUE
[22:27:21.163]      // while "1"  (timeout="200")
[22:27:21.163]      // while-condition  =>  TRUE
[22:27:21.163]      // while "1"  (timeout="200")
[22:27:21.163]      // while-condition  =>  TRUE
[22:27:21.163]      // while "1"  (timeout="200")
[22:27:21.163]      // while-condition  =>  TRUE
[22:27:21.163]      // while "1"  (timeout="200")
[22:27:21.163]      // while-condition  =>  TRUE
[22:27:21.163]      // while "1"  (timeout="200")
[22:27:21.163]      // while-condition  =>  TRUE
[22:27:21.163]      // while "1"  (timeout="200")
[22:27:21.163]      // while-condition  =>  TRUE
[22:27:21.163]      // while "1"  (timeout="200")
[22:27:21.163]      // while-condition  =>  TRUE
[22:27:21.168]      // while "1"  (timeout="200")
[22:27:21.168]      // while  =>  TIMEOUT
[22:27:21.168]      // end while "1"
[22:27:21.168]    </control>
[22:27:21.168]    <control if="canReadPins" while="" timeout="0" info="">
[22:27:21.168]      // if-block "canReadPins"
[22:27:21.168]        // =>  TRUE
[22:27:21.168]      <control if="" while="(DAP_SWJ_Pins(nReset, nReset, 0) & nReset) == 0" timeout="1000000" info="">
[22:27:21.168]        // while "(DAP_SWJ_Pins(nReset, nReset, 0) & nReset) == 0"  (timeout="1000000")
[22:27:21.170]          // -> [DAP_SWJ_Pins(0x80, 0x80, 0) => 0x8F]   (Out: nRESET=1  =>  In: SWCLK/TCK=1, SWDIO/TMS=1, TDI=1, TDO=1, nTRST=0, nRESET=1)
[22:27:21.170]        // while-condition  =>  FALSE
[22:27:21.170]        // end while "(DAP_SWJ_Pins(nReset, nReset, 0) & nReset) == 0"
[22:27:21.172]      </control>
[22:27:21.172]      // end if-block "canReadPins"
[22:27:21.172]    </control>
[22:27:21.172]    <control if="!canReadPins" while="" timeout="0" info="">
[22:27:21.172]      // if-block "!canReadPins"
[22:27:21.172]        // =>  FALSE
[22:27:21.172]      // skip if-block "!canReadPins"
[22:27:21.172]    </control>
[22:27:21.172]    <control if="(ACCESS_POINT_VAL & 0x00E00000) == 0" while="" timeout="0" info="">
[22:27:21.172]      // if-block "(ACCESS_POINT_VAL & 0x00E00000) == 0"
[22:27:21.173]        // =>  TRUE
[22:27:21.173]      <block atomic="false" info="">
[22:27:21.173]        WriteAP(0x00, 0x190008);
[22:27:21.173]          // -> [WriteAP(0x00000000, 0x00190008)]   (__dp=0x00000000, __ap=0x00000004)
[22:27:21.173]        WriteAP(0xF0, 0x01);
[22:27:21.180]          // -> [WriteAP(0x000000F0, 0x00000001)]   (__dp=0x00000000, __ap=0x00000004)
[22:27:21.180]      </block>
[22:27:21.180]      // end if-block "(ACCESS_POINT_VAL & 0x00E00000) == 0"
[22:27:21.180]    </control>
[22:27:21.180]    <control if="(ACCESS_POINT_VAL & 0x00E00000) != 0" while="" timeout="0" info="">
[22:27:21.180]      // if-block "(ACCESS_POINT_VAL & 0x00E00000) != 0"
[22:27:21.180]        // =>  FALSE
[22:27:21.180]      // skip if-block "(ACCESS_POINT_VAL & 0x00E00000) != 0"
[22:27:21.180]    </control>
[22:27:21.180]    <block atomic="false" info="">
[22:27:21.180]      ACCESS_POINT_VAL = ReadAP(0x00);//Reading current state of access point
[22:27:21.183]        // -> [ReadAP(0x00000000) => 0x0079002F]   (__dp=0x00000000, __ap=0x00000004)
[22:27:21.183]        // -> [ACCESS_POINT_VAL <= 0x0079002F]
[22:27:21.183]      Message(0, "Current state of access point is: %x",ACCESS_POINT_VAL);
[22:27:21.183]      __ap = 0; //lets make sure we reset the access point selection
[22:27:21.183]        // -> [__ap <= 0x00000000]
[22:27:21.183]    </block>
[22:27:21.183]  </sequence>
[22:27:21.183]  
[22:27:21.205]  **********  Sequence "DebugDeviceUnlock"  (Context="Connect", Pname="", info="")
[22:27:21.205]  
[22:27:21.205]  <debugvars>
[22:27:21.205]    // Pre-defined
[22:27:21.205]    __protocol=0x00010002      (Protocol="SWD", SWJ-DP="True")
[22:27:21.205]    __connection=0x00000202    (Connection Type="Flash", Reset Type="System Reset")
[22:27:21.205]    __dp=0x00000000
[22:27:21.205]    __ap=0x00000000
[22:27:21.205]    __traceout=0x00000000      (Trace Disabled)
[22:27:21.205]    __errorcontrol=0x00000000  (Skip Errors="False")
[22:27:21.205]    __FlashAddr=0x00000000
[22:27:21.205]    __FlashLen=0x00000000
[22:27:21.205]    __FlashArg=0x00000000
[22:27:21.205]    __FlashOp=0x00000000
[22:27:21.205]    __Result=0x00000000
[22:27:21.205]  </debugvars>
[22:27:21.205]  
[22:27:21.205]  <sequence name="DebugDeviceUnlock" Pname="" disable="false" info="">
[22:27:21.205]    <block atomic="false" info="">
[22:27:21.209]      __var deviceID = 0;
[22:27:21.209]        // -> [deviceID <= 0x00000000]
[22:27:21.209]      __var version = 0;
[22:27:21.209]        // -> [version <= 0x00000000]
[22:27:21.209]      __var partNum = 0;
[22:27:21.209]        // -> [partNum <= 0x00000000]
[22:27:21.209]      __var manuf = 0;
[22:27:21.209]        // -> [manuf <= 0x00000000]
[22:27:21.209]      __var isMSPM0G1X0X_G3X0X = 0;
[22:27:21.209]        // -> [isMSPM0G1X0X_G3X0X <= 0x00000000]
[22:27:21.209]      __var isProduction = 0;
[22:27:21.209]        // -> [isProduction <= 0x00000000]
[22:27:21.209]      __var continueId = 0;
[22:27:21.209]        // -> [continueId <= 0x00000000]
[22:27:21.209]      deviceID =   Read32(0x41C40004);
[22:27:21.214]        // -> [Read32(0x41C40004) => 0x2BB8802F]   (__dp=0x00000000, __ap=0x00000000)
[22:27:21.214]        // -> [deviceID <= 0x2BB8802F]
[22:27:21.214]      version = deviceID >> 28;
[22:27:21.214]        // -> [version <= 0x00000002]
[22:27:21.214]      partNum = (deviceID & 0x0FFFF000) >> 12;
[22:27:21.214]        // -> [partNum <= 0x0000BB88]
[22:27:21.214]      manuf = (deviceID & 0x00000FFE) >> 1;
[22:27:21.214]        // -> [manuf <= 0x00000017]
[22:27:21.214]      isMSPM0G1X0X_G3X0X = (partNum == 0xBB88) && (manuf == 0x17);
[22:27:21.214]        // -> [isMSPM0G1X0X_G3X0X <= 0x00000001]
[22:27:21.214]      isProduction = (version > 0);
[22:27:21.214]        // -> [isProduction <= 0x00000001]
[22:27:21.214]    </block>
[22:27:21.214]    <control if="!isMSPM0G1X0X_G3X0X" while="" timeout="0" info="">
[22:27:21.214]      // if-block "!isMSPM0G1X0X_G3X0X"
[22:27:21.214]        // =>  FALSE
[22:27:21.214]      // skip if-block "!isMSPM0G1X0X_G3X0X"
[22:27:21.219]    </control>
[22:27:21.219]    <control if="continueId == 4" while="" timeout="0" info="">
[22:27:21.219]      // if-block "continueId == 4"
[22:27:21.219]        // =>  FALSE
[22:27:21.219]      // skip if-block "continueId == 4"
[22:27:21.219]    </control>
[22:27:21.219]    <control if="!isProduction" while="" timeout="0" info="">
[22:27:21.219]      // if-block "!isProduction"
[22:27:21.220]        // =>  FALSE
[22:27:21.220]      // skip if-block "!isProduction"
[22:27:21.220]    </control>
[22:27:21.220]  </sequence>
[22:27:21.220]  
[22:41:53.225]  **********  Sequence "DebugPortSetup"  (Context="Connect", Pname="", info="")
[22:41:53.225]  
[22:41:53.225]  <debugvars>
[22:41:53.225]    // Pre-defined
[22:41:53.225]    __protocol=0x00010002      (Protocol="SWD", SWJ-DP="True")
[22:41:53.225]    __connection=0x00000202    (Connection Type="Flash", Reset Type="System Reset")
[22:41:53.225]    __dp=0x00000000
[22:41:53.225]    __ap=0x00000000
[22:41:53.225]    __traceout=0x00000000      (Trace Disabled)
[22:41:53.225]    __errorcontrol=0x00000000  (Skip Errors="False")
[22:41:53.225]    __FlashAddr=0x00000000
[22:41:53.225]    __FlashLen=0x00000000
[22:41:53.225]    __FlashArg=0x00000000
[22:41:53.225]    __FlashOp=0x00000000
[22:41:53.225]    __Result=0x00000000
[22:41:53.225]  </debugvars>
[22:41:53.225]  
[22:41:53.225]  <sequence name="DebugPortSetup" Pname="" disable="false" info="">
[22:41:53.225]    <block atomic="false" info="">
[22:41:53.225]      __var isSWJ      = ((__protocol & 0x00010000) != 0);
[22:41:53.225]        // -> [isSWJ <= 0x00000001]
[22:41:53.225]      __var hasDormant = __protocol & 0x00020000;
[22:41:53.225]        // -> [hasDormant <= 0x00000000]
[22:41:53.225]      __var protType   = __protocol & 0x0000FFFF;
[22:41:53.225]        // -> [protType <= 0x00000002]
[22:41:53.225]    </block>
[22:41:53.225]    <control if="protType == 1" while="" timeout="0" info="">
[22:41:53.225]      // if-block "protType == 1"
[22:41:53.225]        // =>  FALSE
[22:41:53.225]      // skip if-block "protType == 1"
[22:41:53.225]    </control>
[22:41:53.225]    <control if="protType == 2" while="" timeout="0" info="">
[22:41:53.225]      // if-block "protType == 2"
[22:41:53.225]        // =>  TRUE
[22:41:53.225]      <control if="isSWJ" while="" timeout="0" info="">
[22:41:53.230]        // if-block "isSWJ"
[22:41:53.230]          // =>  TRUE
[22:41:53.230]        <control if="hasDormant" while="" timeout="0" info="">
[22:41:53.230]          // if-block "hasDormant"
[22:41:53.230]            // =>  FALSE
[22:41:53.230]          // skip if-block "hasDormant"
[22:41:53.230]        </control>
[22:41:53.231]        <control if="!hasDormant" while="" timeout="0" info="">
[22:41:53.231]          // if-block "!hasDormant"
[22:41:53.231]            // =>  TRUE
[22:41:53.231]          <block atomic="false" info="">
[22:41:53.231]            DAP_SWJ_Sequence(51, 0x0007FFFFFFFFFFFF); //lets put the JTAG line in a reset state
[22:41:53.232]              // -> [DAP_SWJ_Sequence(51, 0x0007FFFFFFFFFFFF)]
[22:41:53.232]            DAP_SWJ_Sequence(16,0xE73C); //SWD to JTAG, this is to ensure the state machine is initialized
[22:41:53.234]              // -> [DAP_SWJ_Sequence(16, 0x000000000000E73C)]
[22:41:53.234]            DAP_SWJ_Sequence(51, 0x0007FFFFFFFFFFFF); //Put it back in reset
[22:41:53.236]              // -> [DAP_SWJ_Sequence(51, 0x0007FFFFFFFFFFFF)]
[22:41:53.236]            DAP_SWJ_Sequence(16, 0xE79E); //JTAG to SWD switch
[22:41:53.239]              // -> [DAP_SWJ_Sequence(16, 0x000000000000E79E)]
[22:41:53.239]            DAP_SWJ_Sequence(51, 0x0007FFFFFFFFFFFF);  //Ensure the switch is successful 
[22:41:53.241]              // -> [DAP_SWJ_Sequence(51, 0x0007FFFFFFFFFFFF)]
[22:41:53.241]            DAP_SWJ_Sequence(7,  0x00); //Give the line some time to initialize
[22:41:53.244]              // -> [DAP_SWJ_Sequence(7, 0x0000000000000000)]
[22:41:53.244]          </block>
[22:41:53.244]          // end if-block "!hasDormant"
[22:41:53.244]        </control>
[22:41:53.244]        // end if-block "isSWJ"
[22:41:53.244]      </control>
[22:41:53.244]      <control if="!isSWJ" while="" timeout="0" info="">
[22:41:53.244]        // if-block "!isSWJ"
[22:41:53.244]          // =>  FALSE
[22:41:53.244]        // skip if-block "!isSWJ"
[22:41:53.244]      </control>
[22:41:53.244]      <block atomic="false" info="">
[22:41:53.244]        ReadDP(0x0);
[22:41:53.246]          // -> [ReadDP(0x00000000) => 0x6BA02477]   (__dp=0x00000000)
[22:41:53.248]      </block>
[22:41:53.248]      // end if-block "protType == 2"
[22:41:53.248]    </control>
[22:41:53.248]  </sequence>
[22:41:53.248]  
[22:41:53.253]  **********  Sequence "DebugPortStart"  (Context="Connect", Pname="", info="")
[22:41:53.253]  
[22:41:53.253]  <debugvars>
[22:41:53.253]    // Pre-defined
[22:41:53.253]    __protocol=0x00010002      (Protocol="SWD", SWJ-DP="True")
[22:41:53.253]    __connection=0x00000202    (Connection Type="Flash", Reset Type="System Reset")
[22:41:53.253]    __dp=0x00000000
[22:41:53.253]    __ap=0x00000000
[22:41:53.254]    __traceout=0x00000000      (Trace Disabled)
[22:41:53.254]    __errorcontrol=0x00000000  (Skip Errors="False")
[22:41:53.254]    __FlashAddr=0x00000000
[22:41:53.254]    __FlashLen=0x00000000
[22:41:53.254]    __FlashArg=0x00000000
[22:41:53.254]    __FlashOp=0x00000000
[22:41:53.254]    __Result=0x00000000
[22:41:53.254]  </debugvars>
[22:41:53.254]  
[22:41:53.254]  <sequence name="DebugPortStart" Pname="" disable="false" info="">
[22:41:53.254]    <block atomic="false" info="">
[22:41:53.254]      __var SW_DP_ABORT       = 0x0;
[22:41:53.254]        // -> [SW_DP_ABORT <= 0x00000000]
[22:41:53.254]      __var DP_CTRL_STAT      = 0x4;
[22:41:53.254]        // -> [DP_CTRL_STAT <= 0x00000004]
[22:41:53.254]      __var DP_SELECT         = 0x8;
[22:41:53.254]        // -> [DP_SELECT <= 0x00000008]
[22:41:53.254]      __var powered_down      = 0;
[22:41:53.256]        // -> [powered_down <= 0x00000000]
[22:41:53.256]      WriteDP(DP_SELECT, 0x00000000);
[22:41:53.258]        // -> [WriteDP(0x00000008, 0x00000000)]   (__dp=0x00000000)
[22:41:53.258]      powered_down = ((ReadDP(DP_CTRL_STAT) & 0xA0000000) != 0xA0000000);
[22:41:53.259]        // -> [ReadDP(0x00000004) => 0x00000040]   (__dp=0x00000000)
[22:41:53.260]        // -> [powered_down <= 0x00000001]
[22:41:53.260]    </block>
[22:41:53.260]    <control if="powered_down" while="" timeout="0" info="">
[22:41:53.260]      // if-block "powered_down"
[22:41:53.260]        // =>  TRUE
[22:41:53.260]      <block atomic="false" info="">
[22:41:53.260]        Message(0, "Debug/System power-up request sent");
[22:41:53.262]        WriteDP(DP_CTRL_STAT, 0x50000000);
[22:41:53.264]          // -> [WriteDP(0x00000004, 0x50000000)]   (__dp=0x00000000)
[22:41:53.264]      </block>
[22:41:53.264]      <control if="" while="(ReadDP(DP_CTRL_STAT) & 0xA0000000) != 0xA0000000" timeout="1000000" info="">
[22:41:53.264]        // while "(ReadDP(DP_CTRL_STAT) & 0xA0000000) != 0xA0000000"  (timeout="1000000")
[22:41:53.266]          // -> [ReadDP(0x00000004) => 0xF0000040]   (__dp=0x00000000)
[22:41:53.268]        // while-condition  =>  FALSE
[22:41:53.268]        // end while "(ReadDP(DP_CTRL_STAT) & 0xA0000000) != 0xA0000000"
[22:41:53.268]      </control>
[22:41:53.268]      <control if="(__protocol & 0xFFFF) == 1" while="" timeout="0" info="">
[22:41:53.268]        // if-block "(__protocol & 0xFFFF) == 1"
[22:41:53.268]          // =>  FALSE
[22:41:53.268]        // skip if-block "(__protocol & 0xFFFF) == 1"
[22:41:53.269]      </control>
[22:41:53.269]      <control if="(__protocol & 0xFFFF) == 2" while="" timeout="0" info="">
[22:41:53.269]        // if-block "(__protocol & 0xFFFF) == 2"
[22:41:53.269]          // =>  TRUE
[22:41:53.269]        <block atomic="false" info="">
[22:41:53.269]          Message(0, "executing SWD power up");
[22:41:53.271]          WriteDP(DP_CTRL_STAT, 0x50000F00);
[22:41:53.273]            // -> [WriteDP(0x00000004, 0x50000F00)]   (__dp=0x00000000)
[22:41:53.274]          WriteDP(SW_DP_ABORT, 0x0000001E);
[22:41:53.274]            // -> [WriteDP(0x00000000, 0x0000001E)]   (__dp=0x00000000)
[22:41:53.276]        </block>
[22:41:53.276]        // end if-block "(__protocol & 0xFFFF) == 2"
[22:41:53.276]      </control>
[22:41:53.276]      // end if-block "powered_down"
[22:41:53.276]    </control>
[22:41:53.276]    <block atomic="false" info="">
[22:41:53.276]      __var DEBUG_PORT_VAL    = 0;
[22:41:53.276]        // -> [DEBUG_PORT_VAL <= 0x00000000]
[22:41:53.276]      __var ACCESS_POINT_VAL  = 0;
[22:41:53.276]        // -> [ACCESS_POINT_VAL <= 0x00000000]
[22:41:53.276]      __ap = 1; 
[22:41:53.276]        // -> [__ap <= 0x00000001]
[22:41:53.276]      WriteAP(0x0C, 0x04); //lets use the mini pwr-ap as backup
[22:41:53.281]        // -> [WriteAP(0x0000000C, 0x00000004)]   (__dp=0x00000000, __ap=0x00000001)
[22:41:53.281]      __ap = 4;
[22:41:53.281]        // -> [__ap <= 0x00000004]
[22:41:53.281]      ACCESS_POINT_VAL = ReadAP(0x00);//Reading current state of access point
[22:41:53.286]        // -> [ReadAP(0x00000000) => 0x00080027]   (__dp=0x00000000, __ap=0x00000004)
[22:41:53.286]        // -> [ACCESS_POINT_VAL <= 0x00080027]
[22:41:53.286]      Message(0, "Current state of access point is: %x",ACCESS_POINT_VAL);
[22:41:53.288]    </block>
[22:41:53.288]    <block atomic="false" info="">
[22:41:53.288]      __var nReset = 0x80;
[22:41:53.289]        // -> [nReset <= 0x00000080]
[22:41:53.289]      __var canReadPins = 0;
[22:41:53.289]        // -> [canReadPins <= 0x00000000]
[22:41:53.289]      canReadPins = (DAP_SWJ_Pins(0x00, nReset, 0) != 0xFFFFFFFF);
[22:41:53.292]        // -> [DAP_SWJ_Pins(0x00, 0x80, 0) => 0x0F]   (Out: nRESET=0  =>  In: SWCLK/TCK=1, SWDIO/TMS=1, TDI=1, TDO=1, nTRST=0, nRESET=0)
[22:41:53.292]        // -> [canReadPins <= 0x00000001]
[22:41:53.292]    </block>
[22:41:53.292]    <control if="" while="1" timeout="200" info="">
[22:41:53.292]      // while "1"  (timeout="200")
[22:41:53.292]      // while-condition  =>  TRUE
[22:41:53.292]      // while "1"  (timeout="200")
[22:41:53.292]      // while-condition  =>  TRUE
[22:41:53.292]      // while "1"  (timeout="200")
[22:41:53.292]      // while-condition  =>  TRUE
[22:41:53.292]      // while "1"  (timeout="200")
[22:41:53.292]      // while-condition  =>  TRUE
[22:41:53.292]      // while "1"  (timeout="200")
[22:41:53.294]      // while-condition  =>  TRUE
[22:41:53.294]      // while "1"  (timeout="200")
[22:41:53.294]      // while-condition  =>  TRUE
[22:41:53.294]      // while "1"  (timeout="200")
[22:41:53.294]      // while-condition  =>  TRUE
[22:41:53.294]      // while "1"  (timeout="200")
[22:41:53.294]      // while-condition  =>  TRUE
[22:41:53.294]      // while "1"  (timeout="200")
[22:41:53.294]      // while-condition  =>  TRUE
[22:41:53.294]      // while "1"  (timeout="200")
[22:41:53.294]      // while-condition  =>  TRUE
[22:41:53.294]      // while "1"  (timeout="200")
[22:41:53.294]      // while-condition  =>  TRUE
[22:41:53.294]      // while "1"  (timeout="200")
[22:41:53.294]      // while-condition  =>  TRUE
[22:41:53.294]      // while "1"  (timeout="200")
[22:41:53.296]      // while-condition  =>  TRUE
[22:41:53.296]      // while "1"  (timeout="200")
[22:41:53.296]      // while-condition  =>  TRUE
[22:41:53.296]      // while "1"  (timeout="200")
[22:41:53.296]      // while-condition  =>  TRUE
[22:41:53.296]      // while "1"  (timeout="200")
[22:41:53.296]      // while-condition  =>  TRUE
[22:41:53.296]      // while "1"  (timeout="200")
[22:41:53.296]      // while-condition  =>  TRUE
[22:41:53.296]      // while "1"  (timeout="200")
[22:41:53.296]      // while-condition  =>  TRUE
[22:41:53.296]      // while "1"  (timeout="200")
[22:41:53.296]      // while-condition  =>  TRUE
[22:41:53.296]      // while "1"  (timeout="200")
[22:41:53.296]      // while-condition  =>  TRUE
[22:41:53.296]      // while "1"  (timeout="200")
[22:41:53.298]      // while-condition  =>  TRUE
[22:41:53.298]      // while "1"  (timeout="200")
[22:41:53.298]      // while-condition  =>  TRUE
[22:41:53.298]      // while "1"  (timeout="200")
[22:41:53.298]      // while-condition  =>  TRUE
[22:41:53.298]      // while "1"  (timeout="200")
[22:41:53.298]      // while-condition  =>  TRUE
[22:41:53.299]      // while "1"  (timeout="200")
[22:41:53.299]      // while-condition  =>  TRUE
[22:41:53.299]      // while "1"  (timeout="200")
[22:41:53.299]      // while-condition  =>  TRUE
[22:41:53.299]      // while "1"  (timeout="200")
[22:41:53.299]      // while-condition  =>  TRUE
[22:41:53.299]      // while "1"  (timeout="200")
[22:41:53.299]      // while-condition  =>  TRUE
[22:41:53.299]      // while "1"  (timeout="200")
[22:41:53.299]      // while-condition  =>  TRUE
[22:41:53.299]      // while "1"  (timeout="200")
[22:41:53.299]      // while-condition  =>  TRUE
[22:41:53.299]      // while "1"  (timeout="200")
[22:41:53.299]      // while-condition  =>  TRUE
[22:41:53.299]      // while "1"  (timeout="200")
[22:41:53.299]      // while-condition  =>  TRUE
[22:41:53.299]      // while "1"  (timeout="200")
[22:41:53.301]      // while-condition  =>  TRUE
[22:41:53.301]      // while "1"  (timeout="200")
[22:41:53.301]      // while-condition  =>  TRUE
[22:41:53.301]      // while "1"  (timeout="200")
[22:41:53.301]      // while-condition  =>  TRUE
[22:41:53.301]      // while "1"  (timeout="200")
[22:41:53.301]      // while-condition  =>  TRUE
[22:41:53.301]      // while "1"  (timeout="200")
[22:41:53.301]      // while-condition  =>  TRUE
[22:41:53.301]      // while "1"  (timeout="200")
[22:41:53.301]      // while-condition  =>  TRUE
[22:41:53.301]      // while "1"  (timeout="200")
[22:41:53.301]      // while-condition  =>  TRUE
[22:41:53.301]      // while "1"  (timeout="200")
[22:41:53.301]      // while-condition  =>  TRUE
[22:41:53.301]      // while "1"  (timeout="200")
[22:41:53.301]      // while-condition  =>  TRUE
[22:41:53.303]      // while "1"  (timeout="200")
[22:41:53.303]      // while-condition  =>  TRUE
[22:41:53.303]      // while "1"  (timeout="200")
[22:41:53.303]      // while-condition  =>  TRUE
[22:41:53.303]      // while "1"  (timeout="200")
[22:41:53.304]      // while-condition  =>  TRUE
[22:41:53.304]      // while "1"  (timeout="200")
[22:41:53.304]      // while-condition  =>  TRUE
[22:41:53.304]      // while "1"  (timeout="200")
[22:41:53.304]      // while-condition  =>  TRUE
[22:41:53.304]      // while "1"  (timeout="200")
[22:41:53.304]      // while-condition  =>  TRUE
[22:41:53.304]      // while "1"  (timeout="200")
[22:41:53.304]      // while-condition  =>  TRUE
[22:41:53.305]      // while "1"  (timeout="200")
[22:41:53.305]      // while  =>  TIMEOUT
[22:41:53.305]      // end while "1"
[22:41:53.305]    </control>
[22:41:53.305]    <control if="canReadPins" while="" timeout="0" info="">
[22:41:53.305]      // if-block "canReadPins"
[22:41:53.305]        // =>  TRUE
[22:41:53.305]      <control if="" while="(DAP_SWJ_Pins(nReset, nReset, 0) & nReset) == 0" timeout="1000000" info="">
[22:41:53.305]        // while "(DAP_SWJ_Pins(nReset, nReset, 0) & nReset) == 0"  (timeout="1000000")
[22:41:53.307]          // -> [DAP_SWJ_Pins(0x80, 0x80, 0) => 0x8F]   (Out: nRESET=1  =>  In: SWCLK/TCK=1, SWDIO/TMS=1, TDI=1, TDO=1, nTRST=0, nRESET=1)
[22:41:53.307]        // while-condition  =>  FALSE
[22:41:53.307]        // end while "(DAP_SWJ_Pins(nReset, nReset, 0) & nReset) == 0"
[22:41:53.307]      </control>
[22:41:53.307]      // end if-block "canReadPins"
[22:41:53.307]    </control>
[22:41:53.307]    <control if="!canReadPins" while="" timeout="0" info="">
[22:41:53.307]      // if-block "!canReadPins"
[22:41:53.307]        // =>  FALSE
[22:41:53.307]      // skip if-block "!canReadPins"
[22:41:53.307]    </control>
[22:41:53.307]    <control if="(ACCESS_POINT_VAL & 0x00E00000) == 0" while="" timeout="0" info="">
[22:41:53.307]      // if-block "(ACCESS_POINT_VAL & 0x00E00000) == 0"
[22:41:53.309]        // =>  TRUE
[22:41:53.309]      <block atomic="false" info="">
[22:41:53.309]        WriteAP(0x00, 0x190008);
[22:41:53.311]          // -> [WriteAP(0x00000000, 0x00190008)]   (__dp=0x00000000, __ap=0x00000004)
[22:41:53.311]        WriteAP(0xF0, 0x01);
[22:41:53.314]          // -> [WriteAP(0x000000F0, 0x00000001)]   (__dp=0x00000000, __ap=0x00000004)
[22:41:53.314]      </block>
[22:41:53.316]      // end if-block "(ACCESS_POINT_VAL & 0x00E00000) == 0"
[22:41:53.316]    </control>
[22:41:53.316]    <control if="(ACCESS_POINT_VAL & 0x00E00000) != 0" while="" timeout="0" info="">
[22:41:53.316]      // if-block "(ACCESS_POINT_VAL & 0x00E00000) != 0"
[22:41:53.316]        // =>  FALSE
[22:41:53.316]      // skip if-block "(ACCESS_POINT_VAL & 0x00E00000) != 0"
[22:41:53.316]    </control>
[22:41:53.316]    <block atomic="false" info="">
[22:41:53.316]      ACCESS_POINT_VAL = ReadAP(0x00);//Reading current state of access point
[22:41:53.321]        // -> [ReadAP(0x00000000) => 0x0079002F]   (__dp=0x00000000, __ap=0x00000004)
[22:41:53.321]        // -> [ACCESS_POINT_VAL <= 0x0079002F]
[22:41:53.321]      Message(0, "Current state of access point is: %x",ACCESS_POINT_VAL);
[22:41:53.323]      __ap = 0; //lets make sure we reset the access point selection
[22:41:53.323]        // -> [__ap <= 0x00000000]
[22:41:53.323]    </block>
[22:41:53.324]  </sequence>
[22:41:53.324]  
[22:41:53.344]  **********  Sequence "DebugDeviceUnlock"  (Context="Connect", Pname="", info="")
[22:41:53.344]  
[22:41:53.344]  <debugvars>
[22:41:53.344]    // Pre-defined
[22:41:53.344]    __protocol=0x00010002      (Protocol="SWD", SWJ-DP="True")
[22:41:53.344]    __connection=0x00000202    (Connection Type="Flash", Reset Type="System Reset")
[22:41:53.344]    __dp=0x00000000
[22:41:53.344]    __ap=0x00000000
[22:41:53.344]    __traceout=0x00000000      (Trace Disabled)
[22:41:53.344]    __errorcontrol=0x00000000  (Skip Errors="False")
[22:41:53.344]    __FlashAddr=0x00000000
[22:41:53.346]    __FlashLen=0x00000000
[22:41:53.346]    __FlashArg=0x00000000
[22:41:53.346]    __FlashOp=0x00000000
[22:41:53.346]    __Result=0x00000000
[22:41:53.346]  </debugvars>
[22:41:53.346]  
[22:41:53.346]  <sequence name="DebugDeviceUnlock" Pname="" disable="false" info="">
[22:41:53.348]    <block atomic="false" info="">
[22:41:53.348]      __var deviceID = 0;
[22:41:53.348]        // -> [deviceID <= 0x00000000]
[22:41:53.348]      __var version = 0;
[22:41:53.348]        // -> [version <= 0x00000000]
[22:41:53.348]      __var partNum = 0;
[22:41:53.349]        // -> [partNum <= 0x00000000]
[22:41:53.349]      __var manuf = 0;
[22:41:53.349]        // -> [manuf <= 0x00000000]
[22:41:53.349]      __var isMSPM0G1X0X_G3X0X = 0;
[22:41:53.349]        // -> [isMSPM0G1X0X_G3X0X <= 0x00000000]
[22:41:53.349]      __var isProduction = 0;
[22:41:53.349]        // -> [isProduction <= 0x00000000]
[22:41:53.349]      __var continueId = 0;
[22:41:53.349]        // -> [continueId <= 0x00000000]
[22:41:53.349]      deviceID =   Read32(0x41C40004);
[22:41:53.356]        // -> [Read32(0x41C40004) => 0x2BB8802F]   (__dp=0x00000000, __ap=0x00000000)
[22:41:53.356]        // -> [deviceID <= 0x2BB8802F]
[22:41:53.356]      version = deviceID >> 28;
[22:41:53.356]        // -> [version <= 0x00000002]
[22:41:53.356]      partNum = (deviceID & 0x0FFFF000) >> 12;
[22:41:53.356]        // -> [partNum <= 0x0000BB88]
[22:41:53.356]      manuf = (deviceID & 0x00000FFE) >> 1;
[22:41:53.356]        // -> [manuf <= 0x00000017]
[22:41:53.356]      isMSPM0G1X0X_G3X0X = (partNum == 0xBB88) && (manuf == 0x17);
[22:41:53.356]        // -> [isMSPM0G1X0X_G3X0X <= 0x00000001]
[22:41:53.356]      isProduction = (version > 0);
[22:41:53.356]        // -> [isProduction <= 0x00000001]
[22:41:53.356]    </block>
[22:41:53.358]    <control if="!isMSPM0G1X0X_G3X0X" while="" timeout="0" info="">
[22:41:53.358]      // if-block "!isMSPM0G1X0X_G3X0X"
[22:41:53.358]        // =>  FALSE
[22:41:53.358]      // skip if-block "!isMSPM0G1X0X_G3X0X"
[22:41:53.358]    </control>
[22:41:53.358]    <control if="continueId == 4" while="" timeout="0" info="">
[22:41:53.358]      // if-block "continueId == 4"
[22:41:53.359]        // =>  FALSE
[22:41:53.359]      // skip if-block "continueId == 4"
[22:41:53.359]    </control>
[22:41:53.359]    <control if="!isProduction" while="" timeout="0" info="">
[22:41:53.359]      // if-block "!isProduction"
[22:41:53.359]        // =>  FALSE
[22:41:53.359]      // skip if-block "!isProduction"
[22:41:53.359]    </control>
[22:41:53.359]  </sequence>
[22:41:53.359]  
[22:56:58.786]  **********  Sequence "DebugPortSetup"  (Context="Connect", Pname="", info="")
[22:56:58.786]  
[22:56:58.788]  <debugvars>
[22:56:58.788]    // Pre-defined
[22:56:58.788]    __protocol=0x00010002      (Protocol="SWD", SWJ-DP="True")
[22:56:58.788]    __connection=0x00000202    (Connection Type="Flash", Reset Type="System Reset")
[22:56:58.788]    __dp=0x00000000
[22:56:58.788]    __ap=0x00000000
[22:56:58.788]    __traceout=0x00000000      (Trace Disabled)
[22:56:58.788]    __errorcontrol=0x00000000  (Skip Errors="False")
[22:56:58.789]    __FlashAddr=0x00000000
[22:56:58.789]    __FlashLen=0x00000000
[22:56:58.789]    __FlashArg=0x00000000
[22:56:58.789]    __FlashOp=0x00000000
[22:56:58.789]    __Result=0x00000000
[22:56:58.789]  </debugvars>
[22:56:58.789]  
[22:56:58.789]  <sequence name="DebugPortSetup" Pname="" disable="false" info="">
[22:56:58.789]    <block atomic="false" info="">
[22:56:58.789]      __var isSWJ      = ((__protocol & 0x00010000) != 0);
[22:56:58.789]        // -> [isSWJ <= 0x00000001]
[22:56:58.789]      __var hasDormant = __protocol & 0x00020000;
[22:56:58.789]        // -> [hasDormant <= 0x00000000]
[22:56:58.789]      __var protType   = __protocol & 0x0000FFFF;
[22:56:58.789]        // -> [protType <= 0x00000002]
[22:56:58.789]    </block>
[22:56:58.789]    <control if="protType == 1" while="" timeout="0" info="">
[22:56:58.789]      // if-block "protType == 1"
[22:56:58.791]        // =>  FALSE
[22:56:58.791]      // skip if-block "protType == 1"
[22:56:58.791]    </control>
[22:56:58.791]    <control if="protType == 2" while="" timeout="0" info="">
[22:56:58.791]      // if-block "protType == 2"
[22:56:58.791]        // =>  TRUE
[22:56:58.791]      <control if="isSWJ" while="" timeout="0" info="">
[22:56:58.791]        // if-block "isSWJ"
[22:56:58.791]          // =>  TRUE
[22:56:58.793]        <control if="hasDormant" while="" timeout="0" info="">
[22:56:58.793]          // if-block "hasDormant"
[22:56:58.793]            // =>  FALSE
[22:56:58.793]          // skip if-block "hasDormant"
[22:56:58.793]        </control>
[22:56:58.793]        <control if="!hasDormant" while="" timeout="0" info="">
[22:56:58.793]          // if-block "!hasDormant"
[22:56:58.793]            // =>  TRUE
[22:56:58.793]          <block atomic="false" info="">
[22:56:58.793]            DAP_SWJ_Sequence(51, 0x0007FFFFFFFFFFFF); //lets put the JTAG line in a reset state
[22:56:58.796]              // -> [DAP_SWJ_Sequence(51, 0x0007FFFFFFFFFFFF)]
[22:56:58.796]            DAP_SWJ_Sequence(16,0xE73C); //SWD to JTAG, this is to ensure the state machine is initialized
[22:56:58.798]              // -> [DAP_SWJ_Sequence(16, 0x000000000000E73C)]
[22:56:58.798]            DAP_SWJ_Sequence(51, 0x0007FFFFFFFFFFFF); //Put it back in reset
[22:56:58.800]              // -> [DAP_SWJ_Sequence(51, 0x0007FFFFFFFFFFFF)]
[22:56:58.800]            DAP_SWJ_Sequence(16, 0xE79E); //JTAG to SWD switch
[22:56:58.804]              // -> [DAP_SWJ_Sequence(16, 0x000000000000E79E)]
[22:56:58.804]            DAP_SWJ_Sequence(51, 0x0007FFFFFFFFFFFF);  //Ensure the switch is successful 
[22:56:58.805]              // -> [DAP_SWJ_Sequence(51, 0x0007FFFFFFFFFFFF)]
[22:56:58.805]            DAP_SWJ_Sequence(7,  0x00); //Give the line some time to initialize
[22:56:58.807]              // -> [DAP_SWJ_Sequence(7, 0x0000000000000000)]
[22:56:58.807]          </block>
[22:56:58.807]          // end if-block "!hasDormant"
[22:56:58.807]        </control>
[22:56:58.807]        // end if-block "isSWJ"
[22:56:58.807]      </control>
[22:56:58.807]      <control if="!isSWJ" while="" timeout="0" info="">
[22:56:58.809]        // if-block "!isSWJ"
[22:56:58.809]          // =>  FALSE
[22:56:58.809]        // skip if-block "!isSWJ"
[22:56:58.809]      </control>
[22:56:58.809]      <block atomic="false" info="">
[22:56:58.809]        ReadDP(0x0);
[22:56:58.811]          // -> [ReadDP(0x00000000) => 0x6BA02477]   (__dp=0x00000000)
[22:56:58.811]      </block>
[22:56:58.811]      // end if-block "protType == 2"
[22:56:58.811]    </control>
[22:56:58.811]  </sequence>
[22:56:58.811]  
[22:56:58.815]  **********  Sequence "DebugPortStart"  (Context="Connect", Pname="", info="")
[22:56:58.815]  
[22:56:58.817]  <debugvars>
[22:56:58.817]    // Pre-defined
[22:56:58.817]    __protocol=0x00010002      (Protocol="SWD", SWJ-DP="True")
[22:56:58.817]    __connection=0x00000202    (Connection Type="Flash", Reset Type="System Reset")
[22:56:58.817]    __dp=0x00000000
[22:56:58.817]    __ap=0x00000000
[22:56:58.817]    __traceout=0x00000000      (Trace Disabled)
[22:56:58.817]    __errorcontrol=0x00000000  (Skip Errors="False")
[22:56:58.818]    __FlashAddr=0x00000000
[22:56:58.818]    __FlashLen=0x00000000
[22:56:58.818]    __FlashArg=0x00000000
[22:56:58.818]    __FlashOp=0x00000000
[22:56:58.818]    __Result=0x00000000
[22:56:58.818]  </debugvars>
[22:56:58.818]  
[22:56:58.818]  <sequence name="DebugPortStart" Pname="" disable="false" info="">
[22:56:58.818]    <block atomic="false" info="">
[22:56:58.818]      __var SW_DP_ABORT       = 0x0;
[22:56:58.818]        // -> [SW_DP_ABORT <= 0x00000000]
[22:56:58.818]      __var DP_CTRL_STAT      = 0x4;
[22:56:58.818]        // -> [DP_CTRL_STAT <= 0x00000004]
[22:56:58.818]      __var DP_SELECT         = 0x8;
[22:56:58.818]        // -> [DP_SELECT <= 0x00000008]
[22:56:58.818]      __var powered_down      = 0;
[22:56:58.818]        // -> [powered_down <= 0x00000000]
[22:56:58.818]      WriteDP(DP_SELECT, 0x00000000);
[22:56:58.818]        // -> [WriteDP(0x00000008, 0x00000000)]   (__dp=0x00000000)
[22:56:58.818]      powered_down = ((ReadDP(DP_CTRL_STAT) & 0xA0000000) != 0xA0000000);
[22:56:58.823]        // -> [ReadDP(0x00000004) => 0x00000040]   (__dp=0x00000000)
[22:56:58.823]        // -> [powered_down <= 0x00000001]
[22:56:58.823]    </block>
[22:56:58.823]    <control if="powered_down" while="" timeout="0" info="">
[22:56:58.823]      // if-block "powered_down"
[22:56:58.823]        // =>  TRUE
[22:56:58.823]      <block atomic="false" info="">
[22:56:58.823]        Message(0, "Debug/System power-up request sent");
[22:56:58.823]        WriteDP(DP_CTRL_STAT, 0x50000000);
[22:56:58.829]          // -> [WriteDP(0x00000004, 0x50000000)]   (__dp=0x00000000)
[22:56:58.829]      </block>
[22:56:58.829]      <control if="" while="(ReadDP(DP_CTRL_STAT) & 0xA0000000) != 0xA0000000" timeout="1000000" info="">
[22:56:58.829]        // while "(ReadDP(DP_CTRL_STAT) & 0xA0000000) != 0xA0000000"  (timeout="1000000")
[22:56:58.831]          // -> [ReadDP(0x00000004) => 0xF0000040]   (__dp=0x00000000)
[22:56:58.831]        // while-condition  =>  FALSE
[22:56:58.831]        // end while "(ReadDP(DP_CTRL_STAT) & 0xA0000000) != 0xA0000000"
[22:56:58.831]      </control>
[22:56:58.831]      <control if="(__protocol & 0xFFFF) == 1" while="" timeout="0" info="">
[22:56:58.831]        // if-block "(__protocol & 0xFFFF) == 1"
[22:56:58.831]          // =>  FALSE
[22:56:58.831]        // skip if-block "(__protocol & 0xFFFF) == 1"
[22:56:58.831]      </control>
[22:56:58.831]      <control if="(__protocol & 0xFFFF) == 2" while="" timeout="0" info="">
[22:56:58.834]        // if-block "(__protocol & 0xFFFF) == 2"
[22:56:58.834]          // =>  TRUE
[22:56:58.834]        <block atomic="false" info="">
[22:56:58.834]          Message(0, "executing SWD power up");
[22:56:58.834]          WriteDP(DP_CTRL_STAT, 0x50000F00);
[22:56:58.834]            // -> [WriteDP(0x00000004, 0x50000F00)]   (__dp=0x00000000)
[22:56:58.834]          WriteDP(SW_DP_ABORT, 0x0000001E);
[22:56:58.839]            // -> [WriteDP(0x00000000, 0x0000001E)]   (__dp=0x00000000)
[22:56:58.839]        </block>
[22:56:58.839]        // end if-block "(__protocol & 0xFFFF) == 2"
[22:56:58.839]      </control>
[22:56:58.839]      // end if-block "powered_down"
[22:56:58.839]    </control>
[22:56:58.839]    <block atomic="false" info="">
[22:56:58.839]      __var DEBUG_PORT_VAL    = 0;
[22:56:58.839]        // -> [DEBUG_PORT_VAL <= 0x00000000]
[22:56:58.839]      __var ACCESS_POINT_VAL  = 0;
[22:56:58.839]        // -> [ACCESS_POINT_VAL <= 0x00000000]
[22:56:58.839]      __ap = 1; 
[22:56:58.839]        // -> [__ap <= 0x00000001]
[22:56:58.839]      WriteAP(0x0C, 0x04); //lets use the mini pwr-ap as backup
[22:56:58.845]        // -> [WriteAP(0x0000000C, 0x00000004)]   (__dp=0x00000000, __ap=0x00000001)
[22:56:58.845]      __ap = 4;
[22:56:58.845]        // -> [__ap <= 0x00000004]
[22:56:58.845]      ACCESS_POINT_VAL = ReadAP(0x00);//Reading current state of access point
[22:56:58.850]        // -> [ReadAP(0x00000000) => 0x00080027]   (__dp=0x00000000, __ap=0x00000004)
[22:56:58.850]        // -> [ACCESS_POINT_VAL <= 0x00080027]
[22:56:58.850]      Message(0, "Current state of access point is: %x",ACCESS_POINT_VAL);
[22:56:58.850]    </block>
[22:56:58.850]    <block atomic="false" info="">
[22:56:58.850]      __var nReset = 0x80;
[22:56:58.850]        // -> [nReset <= 0x00000080]
[22:56:58.850]      __var canReadPins = 0;
[22:56:58.855]        // -> [canReadPins <= 0x00000000]
[22:56:58.855]      canReadPins = (DAP_SWJ_Pins(0x00, nReset, 0) != 0xFFFFFFFF);
[22:56:58.856]        // -> [DAP_SWJ_Pins(0x00, 0x80, 0) => 0x0F]   (Out: nRESET=0  =>  In: SWCLK/TCK=1, SWDIO/TMS=1, TDI=1, TDO=1, nTRST=0, nRESET=0)
[22:56:58.856]        // -> [canReadPins <= 0x00000001]
[22:56:58.856]    </block>
[22:56:58.856]    <control if="" while="1" timeout="200" info="">
[22:56:58.858]      // while "1"  (timeout="200")
[22:56:58.858]      // while-condition  =>  TRUE
[22:56:58.858]      // while "1"  (timeout="200")
[22:56:58.858]      // while-condition  =>  TRUE
[22:56:58.858]      // while "1"  (timeout="200")
[22:56:58.858]      // while-condition  =>  TRUE
[22:56:58.858]      // while "1"  (timeout="200")
[22:56:58.858]      // while-condition  =>  TRUE
[22:56:58.858]      // while "1"  (timeout="200")
[22:56:58.860]      // while-condition  =>  TRUE
[22:56:58.860]      // while "1"  (timeout="200")
[22:56:58.860]      // while-condition  =>  TRUE
[22:56:58.860]      // while "1"  (timeout="200")
[22:56:58.860]      // while-condition  =>  TRUE
[22:56:58.860]      // while "1"  (timeout="200")
[22:56:58.860]      // while-condition  =>  TRUE
[22:56:58.860]      // while "1"  (timeout="200")
[22:56:58.860]      // while-condition  =>  TRUE
[22:56:58.860]      // while "1"  (timeout="200")
[22:56:58.860]      // while-condition  =>  TRUE
[22:56:58.860]      // while "1"  (timeout="200")
[22:56:58.860]      // while-condition  =>  TRUE
[22:56:58.862]      // while "1"  (timeout="200")
[22:56:58.862]      // while-condition  =>  TRUE
[22:56:58.862]      // while "1"  (timeout="200")
[22:56:58.862]      // while-condition  =>  TRUE
[22:56:58.862]      // while "1"  (timeout="200")
[22:56:58.862]      // while-condition  =>  TRUE
[22:56:58.862]      // while "1"  (timeout="200")
[22:56:58.862]      // while-condition  =>  TRUE
[22:56:58.862]      // while "1"  (timeout="200")
[22:56:58.862]      // while-condition  =>  TRUE
[22:56:58.862]      // while "1"  (timeout="200")
[22:56:58.862]      // while-condition  =>  TRUE
[22:56:58.862]      // while "1"  (timeout="200")
[22:56:58.862]      // while-condition  =>  TRUE
[22:56:58.862]      // while "1"  (timeout="200")
[22:56:58.862]      // while-condition  =>  TRUE
[22:56:58.862]      // while "1"  (timeout="200")
[22:56:58.862]      // while-condition  =>  TRUE
[22:56:58.862]      // while "1"  (timeout="200")
[22:56:58.862]      // while-condition  =>  TRUE
[22:56:58.862]      // while "1"  (timeout="200")
[22:56:58.862]      // while-condition  =>  TRUE
[22:56:58.862]      // while "1"  (timeout="200")
[22:56:58.866]      // while-condition  =>  TRUE
[22:56:58.866]      // while "1"  (timeout="200")
[22:56:58.866]      // while-condition  =>  TRUE
[22:56:58.866]      // while "1"  (timeout="200")
[22:56:58.866]      // while-condition  =>  TRUE
[22:56:58.866]      // while "1"  (timeout="200")
[22:56:58.866]      // while-condition  =>  TRUE
[22:56:58.866]      // while "1"  (timeout="200")
[22:56:58.866]      // while-condition  =>  TRUE
[22:56:58.866]      // while "1"  (timeout="200")
[22:56:58.867]      // while-condition  =>  TRUE
[22:56:58.867]      // while "1"  (timeout="200")
[22:56:58.867]      // while  =>  TIMEOUT
[22:56:58.867]      // end while "1"
[22:56:58.867]    </control>
[22:56:58.867]    <control if="canReadPins" while="" timeout="0" info="">
[22:56:58.867]      // if-block "canReadPins"
[22:56:58.867]        // =>  TRUE
[22:56:58.867]      <control if="" while="(DAP_SWJ_Pins(nReset, nReset, 0) & nReset) == 0" timeout="1000000" info="">
[22:56:58.867]        // while "(DAP_SWJ_Pins(nReset, nReset, 0) & nReset) == 0"  (timeout="1000000")
[22:56:58.867]          // -> [DAP_SWJ_Pins(0x80, 0x80, 0) => 0x8F]   (Out: nRESET=1  =>  In: SWCLK/TCK=1, SWDIO/TMS=1, TDI=1, TDO=1, nTRST=0, nRESET=1)
[22:56:58.867]        // while-condition  =>  FALSE
[22:56:58.867]        // end while "(DAP_SWJ_Pins(nReset, nReset, 0) & nReset) == 0"
[22:56:58.867]      </control>
[22:56:58.871]      // end if-block "canReadPins"
[22:56:58.871]    </control>
[22:56:58.871]    <control if="!canReadPins" while="" timeout="0" info="">
[22:56:58.871]      // if-block "!canReadPins"
[22:56:58.871]        // =>  FALSE
[22:56:58.871]      // skip if-block "!canReadPins"
[22:56:58.871]    </control>
[22:56:58.871]    <control if="(ACCESS_POINT_VAL & 0x00E00000) == 0" while="" timeout="0" info="">
[22:56:58.871]      // if-block "(ACCESS_POINT_VAL & 0x00E00000) == 0"
[22:56:58.871]        // =>  TRUE
[22:56:58.871]      <block atomic="false" info="">
[22:56:58.871]        WriteAP(0x00, 0x190008);
[22:56:58.874]          // -> [WriteAP(0x00000000, 0x00190008)]   (__dp=0x00000000, __ap=0x00000004)
[22:56:58.876]        WriteAP(0xF0, 0x01);
[22:56:58.879]          // -> [WriteAP(0x000000F0, 0x00000001)]   (__dp=0x00000000, __ap=0x00000004)
[22:56:58.879]      </block>
[22:56:58.879]      // end if-block "(ACCESS_POINT_VAL & 0x00E00000) == 0"
[22:56:58.879]    </control>
[22:56:58.879]    <control if="(ACCESS_POINT_VAL & 0x00E00000) != 0" while="" timeout="0" info="">
[22:56:58.879]      // if-block "(ACCESS_POINT_VAL & 0x00E00000) != 0"
[22:56:58.879]        // =>  FALSE
[22:56:58.879]      // skip if-block "(ACCESS_POINT_VAL & 0x00E00000) != 0"
[22:56:58.881]    </control>
[22:56:58.881]    <block atomic="false" info="">
[22:56:58.881]      ACCESS_POINT_VAL = ReadAP(0x00);//Reading current state of access point
[22:56:58.883]        // -> [ReadAP(0x00000000) => 0x0079002F]   (__dp=0x00000000, __ap=0x00000004)
[22:56:58.883]        // -> [ACCESS_POINT_VAL <= 0x0079002F]
[22:56:58.886]      Message(0, "Current state of access point is: %x",ACCESS_POINT_VAL);
[22:56:58.889]      __ap = 0; //lets make sure we reset the access point selection
[22:56:58.889]        // -> [__ap <= 0x00000000]
[22:56:58.889]    </block>
[22:56:58.889]  </sequence>
[22:56:58.889]  
[22:56:58.909]  **********  Sequence "DebugDeviceUnlock"  (Context="Connect", Pname="", info="")
[22:56:58.909]  
[22:56:58.911]  <debugvars>
[22:56:58.911]    // Pre-defined
[22:56:58.911]    __protocol=0x00010002      (Protocol="SWD", SWJ-DP="True")
[22:56:58.911]    __connection=0x00000202    (Connection Type="Flash", Reset Type="System Reset")
[22:56:58.911]    __dp=0x00000000
[22:56:58.911]    __ap=0x00000000
[22:56:58.912]    __traceout=0x00000000      (Trace Disabled)
[22:56:58.912]    __errorcontrol=0x00000000  (Skip Errors="False")
[22:56:58.912]    __FlashAddr=0x00000000
[22:56:58.912]    __FlashLen=0x00000000
[22:56:58.912]    __FlashArg=0x00000000
[22:56:58.912]    __FlashOp=0x00000000
[22:56:58.912]    __Result=0x00000000
[22:56:58.912]  </debugvars>
[22:56:58.912]  
[22:56:58.912]  <sequence name="DebugDeviceUnlock" Pname="" disable="false" info="">
[22:56:58.912]    <block atomic="false" info="">
[22:56:58.912]      __var deviceID = 0;
[22:56:58.914]        // -> [deviceID <= 0x00000000]
[22:56:58.914]      __var version = 0;
[22:56:58.914]        // -> [version <= 0x00000000]
[22:56:58.914]      __var partNum = 0;
[22:56:58.914]        // -> [partNum <= 0x00000000]
[22:56:58.914]      __var manuf = 0;
[22:56:58.914]        // -> [manuf <= 0x00000000]
[22:56:58.914]      __var isMSPM0G1X0X_G3X0X = 0;
[22:56:58.914]        // -> [isMSPM0G1X0X_G3X0X <= 0x00000000]
[22:56:58.914]      __var isProduction = 0;
[22:56:58.914]        // -> [isProduction <= 0x00000000]
[22:56:58.914]      __var continueId = 0;
[22:56:58.914]        // -> [continueId <= 0x00000000]
[22:56:58.914]      deviceID =   Read32(0x41C40004);
[22:56:58.921]        // -> [Read32(0x41C40004) => 0x2BB8802F]   (__dp=0x00000000, __ap=0x00000000)
[22:56:58.921]        // -> [deviceID <= 0x2BB8802F]
[22:56:58.921]      version = deviceID >> 28;
[22:56:58.921]        // -> [version <= 0x00000002]
[22:56:58.921]      partNum = (deviceID & 0x0FFFF000) >> 12;
[22:56:58.921]        // -> [partNum <= 0x0000BB88]
[22:56:58.921]      manuf = (deviceID & 0x00000FFE) >> 1;
[22:56:58.921]        // -> [manuf <= 0x00000017]
[22:56:58.921]      isMSPM0G1X0X_G3X0X = (partNum == 0xBB88) && (manuf == 0x17);
[22:56:58.921]        // -> [isMSPM0G1X0X_G3X0X <= 0x00000001]
[22:56:58.921]      isProduction = (version > 0);
[22:56:58.923]        // -> [isProduction <= 0x00000001]
[22:56:58.923]    </block>
[22:56:58.923]    <control if="!isMSPM0G1X0X_G3X0X" while="" timeout="0" info="">
[22:56:58.923]      // if-block "!isMSPM0G1X0X_G3X0X"
[22:56:58.923]        // =>  FALSE
[22:56:58.923]      // skip if-block "!isMSPM0G1X0X_G3X0X"
[22:56:58.923]    </control>
[22:56:58.923]    <control if="continueId == 4" while="" timeout="0" info="">
[22:56:58.923]      // if-block "continueId == 4"
[22:56:58.923]        // =>  FALSE
[22:56:58.923]      // skip if-block "continueId == 4"
[22:56:58.923]    </control>
[22:56:58.923]    <control if="!isProduction" while="" timeout="0" info="">
[22:56:58.923]      // if-block "!isProduction"
[22:56:58.923]        // =>  FALSE
[22:56:58.923]      // skip if-block "!isProduction"
[22:56:58.925]    </control>
[22:56:58.925]  </sequence>
[22:56:58.925]  
