:020000040000FA
:10000000F0162020C1020000C5020000C702000057
:1000100000000000000000000000000000000000E0
:10002000000000000000000000000000C902000005
:100030000000000000000000CB020000CD02000024
:10004000CF020000C5320000213600003937000021
:10005000CF020000CF020000CF020000CF0200005C
:1000600000000000CF020000CF02000000000000EE
:10007000000000008D360000E9360000393600002F
:10008000E135000001360000C1350000D135000027
:1000900011360000F13500000000000000000000F3
:1000A000CF020000CF0200000000000000000000AE
:1000B000CF02000000000000CF020000CF020000CD
:1000C00000F002F800F0D1F812A030C80838241867
:1000D0002D18AC4201D100F0C8F80FCCA246AB46B7
:1000E0000CA730CF2D1B083F3F197C427F1E544484
:1000F0002D090426F441641EAC4201D300F0B5F88A
:100100000126334200D0FB1A3343984754465D46DC
:10011000DFE70000A49A0000C49A0000000000007D
:10012000103A02D378C878C1FAD8520701D330C840
:1001300030C101D504680C60704700000000000069
:100140007047000000000000002300240025002666
:10015000103A01D378C1FBD8520700D330C100D583
:100160000B60704710B56E2902D101F08FF910BDF8
:10017000702902D101F0C9FA10BD662902D108F038
:10018000E3FD10BD652902D108F0DEFD10BD672931
:1001900002D108F0D9FD10BD612902D108F0DCFDC3
:1001A00010BD03681B0A01D380231943692902D1BA
:1001B00001F036F910BD642902D101F031F910BD0A
:1001C000752902D101F02CF910BD6F2902D101F07F
:1001D00047FA10BD782902D101F084FA10BDE9294F
:1001E00002D101F0E3F910BDE42902D101F0DEF9FA
:1001F00010BDF52902D101F0D9F910BDEF2902D1C6
:1002000001F03AFA10BDF82902D101F079FA10BDD7
:100210000368DB0901D380231943632902D101F06C
:100220005CFF10BD732902D101F05FFF10BDE3290F
:1002300002D101F069FF10BDF32902D101F06CFF7A
:1002400010BD002010BD1FB502F04EF804000020C4
:10025000002108F07BFB401C60600020002108F0BA
:100260005FFBE0601FBD10B510BD02F015F8114630
:10027000FFF7E9FF05F0BEFC02F0AAFB03B4FFF7AD
:10028000F2FF03BC03F09AFA70B505460C46164619
:1002900002E00FCC0FC5103E102EFAD2082E02D36A
:1002A00003CC03C5083E042E07D301CC01C5361F7D
:1002B00003E021782970641C6D1C761EF9D270BD94
:1002C00006480047FEE7FEE7FEE7FEE7FEE7FEE73B
:1002D00003480449044A054B70470000C100000070
:1002E000F0022020F0162020F0062020F00620202A
:1002F0000FB41CB5084B06AA7B44694600900598CC
:1003000001F0DDF804460020694601F0EBF82046D4
:100310001CBC08BC04B01847E911000030B5441CEF
:1003200003E00178401C00290DD08107F9D10B4B67
:10033000DD0104C8D11A91432940FAD0001B0A06F6
:1003400003D0C01E30BD001B30BD0A0401D0801E8A
:1003500030BD0902FCD0401E30BD0000010101018A
:10036000F8B5042A2CD3830712D00B78491C0370EC
:10037000401C521E83070BD00B78491C0370401C95
:10038000521E830704D00B78491C0370401C521E78
:100390008B079B0F05D0C91ADF002023DE1B08C97D
:1003A0000AE0FFF771FFF8BD1D4608C9FD401C4675
:1003B000B4402C4310C0121F042AF5D2F308C91A06
:1003C000521EF0D40B78491C0370401C521EEAD414
:1003D0000B78491C0370401C012AE4D40978017091
:1003E000F8BD01E004C0091F0429FBD28B0701D529
:1003F0000280801CC90700D00270704700290BD012
:10040000C30702D00270401C491E022904D383078F
:1004100002D50280801C891EE3E70022EEE700225D
:10042000DFE70000024670B50A4392072AD11E4D4D
:10043000EE0104C808C9541B9443344017D0D0B20D
:10044000D9B2401A2106014310D190B299B2401A94
:10045000210401430AD110021902000A090A401AB4
:100460002102014302D1100E190E401A70BD9A42AA
:10047000DFD010BA19BA884201D9012070BD00201E
:10048000C04370BD02780B78401C491C002A09D07B
:100490009A4207D102780B78401C491C002A01D0EF
:1004A0009A42EFD0D01A70BD010101010022030968
:1004B0008B422CD3030A8B4211D300239C464EE07F
:1004C00003460B433CD4002243088B4231D303093B
:1004D0008B421CD3030A8B4201D394463FE0C309ED
:1004E0008B4201D3CB01C01A524183098B4201D305
:1004F0008B01C01A524143098B4201D34B01C01AF0
:10050000524103098B4201D30B01C01A5241C30867
:100510008B4201D3CB00C01A524183088B4201D3D6
:100520008B00C01A524143088B4201D34B00C01AC2
:100530005241411A00D201465241104670475DE0D7
:10054000CA0F00D04942031000D3404253409C469A
:10055000002203098B422DD3030A8B4212D3890157
:10056000FC2212BA030A8B420CD3890192118B42EE
:1005700008D3890192118B4204D389013AD0921198
:1005800000E08909C3098B4201D3CB01C01A524153
:1005900083098B4201D38B01C01A524143098B421C
:1005A00001D34B01C01A524103098B4201D30B0105
:1005B000C01A5241C3088B4201D3CB00C01A52412A
:1005C00083088B4201D38B00C01A5241D9D2430811
:1005D0008B4201D34B00C01A5241411A00D201464E
:1005E0005241104663465B1001D34042002B00D5B8
:1005F0004942704763465B1000D3404201B505494C
:10060000002802DC491C084000E00846C046C046FD
:1006100002BD00BFFFFFFF7F7047704770470000BB
:10062000F0B50C46871A9C410D46861A9D4103D2AF
:10063000C01BA141D21963410D0D1F0DC94EEC1B0A
:10064000AE435CD07F057F0D0026002F51D02D05D5
:10065000AC46A943DD020123ED0A1B051D432023FF
:100660001B1B24D41746E740381871412F46E7403A
:10067000CC199D402818314661410C0D27D16144A9
:100680009A4013D50023401C594152000ED1400816
:10069000400001224B005205D34207D305204007FA
:1006A000C14201D5B04900E0B0493046F0BD6B0011
:1006B000002A00D001229A181F23203C1B1B01D5C1
:1006C000002302E0E540281871410C0DD7D0012429
:1006D00024050919C407CD0740084908E40F284339
:1006E0006144002CD5D00024401C61419A40D0D1F7
:1006F000CDE76A05520DD9D1C90FC907D5E79C4D81
:100700004E00002801D0012400E0002434195F00CD
:10071000002A01D0012600E00026BE19954FAC4208
:100720000CD8AE420AD8B44206D001256D05EC4281
:10073000BCD010461946F0BD9942FCD00020394685
:10074000F0BDF0B51FB40C460F46811A9F412546F7
:10075000861A9D4106D20125ED076F40401ABC4123
:1007600052187B41210D1E0D8D1BAC467D4D8D43D6
:100770007ED075056D0D7CD00D05AE46AC431B03D8
:100780001B0B794D52429D41202366469B1B14D37F
:100790001746F740381800260090744160462F46EF
:1007A0000741E41900989D402818664116D4714607
:1007B00071189A4025D5012320E093182A466A41F2
:1007C0005200002B00D0521C1E23203E9B1B002BEE
:1007D00061DD3541EE1728186641E8D500187641ED
:1007E0005B1C9A4000D3401C4B05F3181524E340D2
:1007F00010D3002B52D071467118D30FC01802D3FA
:10080000491C05B0F0BD0123DB079A42F9D140082D
:100810004000F6E701225205B21801D1002853D05A
:100820000123CC0ADB029943891E002A08D1020C5D
:1008300003D0020C0004103902E0024600202039E7
:100840000023550B05D112020823550B01D152018B
:100850000D23550C01D112011B1DD50C01D19200A5
:100860009B1C150D01D152005B1C2025EE1A01E0E6
:100870002CE022E00546F54015439840CA1AE107EE
:1008800069181305C918002ABBDA032040070818A5
:10089000C10FC9070FE071466118B2E7F1074008C0
:1008A0000843711071444A000CD001235B059A4241
:1008B000A7D2C90FC9070020A3E74905490D26D1D2
:1008C000002001E00028F4D100219AE7284D6600BD
:1008D000002801D0012100E0002171185F00002AEA
:1008E00001D0012600E00026BE19224FA94210D8EF
:1008F000AE420ED8B14208D001256D05E94206D0BE
:100900001946A802414010467BE79C4201D021468F
:1009100077E70020394674E710B50C465C4005D5F2
:100920000124E4076340FFF70CFF10BDFFF778FEDA
:1009300010BD30B40C465C4004D50124E40763408C
:1009400030BC6DE630BCFCE670B50124E4076140C4
:100950000D465D4002D4FFF763FE70BD6340FFF7B4
:10096000F0FE70BDFF0700000000F0FF0000F07F08
:100970000000E0FF0000F87FF0B5F94D0C091E09FA
:100980002C402E402F468BB0A7437DD0B543FCD0E2
:10099000002E7AD0002CFCD00D465D40ED0F254393
:1009A000AC1BFF25AD0464190894C502440DC902AF
:1009B0002143500DDC0204430120C00701430443DE
:1009C000D2020191200C110C00958C4601042346A3
:1009D0008B430A9161460904E24D8A430991010A59
:1009E0007D4449198039097805464D4301266D1823
:1009F000F605751B6943C90C640B891C4C436418CC
:100A0000B5012C1B250C2E04B4434C434D43210C43
:100A1000691889090591009DE90701D00121C907DD
:100A200004912C4601996708CD072F434C08059D7A
:100A3000E10B4D432D0C29466646754302950D4644
:100A400045432E46029D7D1BB44100950D465D43F6
:100A500001942C0C2F040D465543AE462D0C3D43FE
:100A6000029503947546049C2D04641B049406D2DD
:100A7000029C039D641C002675410395029401AC01
:100A800070CC009F7D1B01E03EE162E1B4410904AE
:100A90000095079101940599A4086143090C0C463F
:100AA0004443650BE7040C4666467443A646640B54
:100AB0003C43039502947446049DE4042C1B049467
:100AC00006D2029C039D641C002675410395029486
:100AD00001AC70CC009F7D1BB44101940C465C437B
:100AE0000095650FE7000C465443A646640F3C434F
:100AF000039502947446049DE4002C1B049406D2D2
:100B0000029C039D641C002675410395029401AC70
:100B100070CC009F7D1BB441AE09AF06049DC90097
:100B2000AD092F43049DA406AD060495079D3443EB
:100B300069180791059DE10B4D432D0C294666462A
:100B4000754302950D4645432E46029D7D1BB441DB
:100B500000950D465D4301942C0C2F040D46554322
:100B6000AE462D0C3D43029503947546049C2D041E
:100B7000641B049406D2029C039D641C00267541EC
:100B80000395029401AC70CC009F7D1BB44101948D
:100B90008C050694079C890A611800950791019CB1
:100BA0000599A4086143090C0D464543680BEF0401
:100BB0000D46644665436C0B3C43049FED047D1B6E
:100BC000AC4602D20025641C6841009E019D371B83
:100BD00085410846584301950C46460FC5005443CD
:100BE000600F28436546E4002C1B02D20025401C00
:100BF0006E41019D3F1AB5412846BD098006284334
:100C00008446A009BF064E020699A406761807433B
:100C1000079D002068410A99079019430020099B0D
:100C200000906046FF1913434041E20F64003A43CD
:100C3000A4460446D71A8C41A04203D90120009053
:100C400020463A46C70F941840416246D20F2243CD
:100C5000644664000494009CBE466400D71AA4460F
:100C6000044602978C417746002F01D1A04204D957
:100C70006046401C8446029A2046C40FA64694183B
:100C80004041049A0546D20F224364466400D31AB9
:100C90008D417146002901D1A84202D928461A4641
:100CA000641C10430122002800D01643610200207A
:100CB000079B891904465C410223002C02DB49187A
:100CC00013466441089DCE0A2D145D194B05670536
:100CD000E10A2C050D1908993E43C9076940002B0C
:100CE00008D0934006D30022761C5141002B01D13D
:100CF000760876001C4A002D43DB154241D0AA43FA
:100D00003FD030460BB0F0BD06180D464D41174C94
:100D10007642AC411AD395181C465C41134A6D4289
:100D2000A24113D3012252054C00D4420AD15C00E7
:100D3000D4420BD04B4002D592021143E2E7490066
:100D40004908DFE75940C90FC90718E000200849E2
:100D5000D8E7054801420DD10342F7D0F2E7000081
:100D60000000FF07848300000000F07F0000E0FF28
:100D70000000F87F114859400143C0124140002053
:100D8000C0E70123089A9B069A4205DC032252071A
:100D90008918C90FC907B5E7052252078918074AFC
:100DA0001143D2125140ADE770B515461C460246BC
:100DB0000B4628462146FFF7DFFD70BDFFFFFF7F92
:100DC00030B50346CA02400D1043164D164C0A15A5
:100DD00002D02043002A06DBAA1A002A12DDD040E6
:100DE000FF2A0BDC30BD5205520D01D140004008F6
:100DF000AA1A07D4D0404042FF2A01DD002030BDAE
:100E00000028FCDD4A00002B01D0012000E000207A
:100E1000101801225205D042F0D8C817C0436040D4
:100E200030BD00001E040000000000801F22030CE3
:100E300002D10F22000402D0030E03D004E00020F0
:100E4000014670470002083A030F01D10001121F4A
:100E5000830F01D18000921E002801DB4000521E4A
:100E6000120551184205C012411810467047C10FB3
:100E7000C90700D04042012292071143D6E7012161
:100E80008907D3E7F0B58B4C0F09254689B0BD43E0
:100E90007BD01D092646AE43FAD00E465E40274061
:100EA000F60F3E43254071D024012142FBD0FF24A0
:100EB000AD19A4042D1B039501252D05DB02DB0ACA
:100EC000C9022B43C90A29431E010901040F130F4C
:100ED000050121431701880B820391432D098C469C
:100EE000A90B1E438A039543B30B9A0396433F090C
:100EF000BA0B9403A74302962E467E430497B64648
:100F00004E19D7190C460196544305977E43371B5B
:100F10007646BF1B3601B646BE0B3619009676469E
:100F2000BC043719009C01D3641C00946400002F9A
:100F300001D001263443029E049F754366467E43DA
:100F40000496760034196E0034190094029C019EB8
:100F50001C196643751BAE46069465464519059CEB
:100F600005956C43594375460891691A0191049E91
:100F700001465143A41B0491611A009C0791E106AC
:100F800005D061090122114302E072E06EE06109BF
:100F9000089D00272C0A2D066918049D7C412A0A09
:100FA0002D066918019D6241AC0DAD026D185441CA
:100FB000079A910D920255196141029A644658436D
:100FC0005443069B059A5A43121A131B9A0E9B010F
:100FD0005B187A41010B0005C3185141220A200613
:100FE00044195A419A4200D2491C012040028142D0
:100FF00003D315230226F64302E014230326F64307
:101000002020C51AA9401746AF40DA400A432046BF
:101010000399D8400914731819055118039A3843D5
:10102000D2075140AC4009D00122944006D300229F
:10103000401C5141002C01D1400840001E4A9342FF
:1010400012D3012203989206904207DB0520400745
:1010500009181A480143C012414004E00320400728
:101060000818C10FC907002009B0F0BD0020F10722
:10107000FAE705180C464C4111486D42A04115D3C2
:1010800094181A465A410E48644290410ED30120EA
:101090004A004005824209D35A00824206D3594091
:1010A000C90F084AC90700201143DDE7002006499F
:1010B000DAE700000000FF07FE070000FFFFFF7FE8
:1010C0000000E0FF0000F07F0000F87F0121C9056B
:1010D0000123411842001B06D3185B0E0AD0C11031
:1010E0000722D206891840075242D14201D5520048
:1010F00089187047090208D50146002A03D0C10F9C
:10110000C9070020704710467047420202D00020F5
:1011100002497047072109050143F4E70000F87F01
:10112000F0B5FF252D04C609C209FF2704462E404D
:101130000137CB093E4348402A402B400746002A4E
:101140006BD0002B69D0AA4267D0AB4265D0002893
:1011500000DA32460125ED0529432C43090220021D
:10116000090AD21A4B0C7F24E31A434C000A7C4430
:10117000E35C7D242404121914145B00A218884235
:1011800001D3521C00E0400049420C465C4324114C
:101190005C43DB016415E318040A5C43C502200DBF
:1011A0000C4644436419250A5D432303EC0C0D46A9
:1011B000654300030019EB184C42A34201D35B18AE
:1011C000401CD4052018002B07D05B00C91804D39D
:1011D000401C002901D1400840003F2189048A4277
:1011E00009D3002A08DC1106090F04D0032149079E
:1011F0004018C00FC007F0BD012241001206891837
:101200007F2252069142F6D205214907C84201D5F4
:101210009010F0BDFF20C005F0BD002F00DA32466F
:101220001648AA4207D2AB4205D21902090E17D0BE
:10123000F80FC007F0BDFF2563002D06AB42F9D8BB
:101240004900A942F6D8AB4201D1A942F2D0A94245
:1012500001D1002101E061004908D0050843F0BD3B
:101260001102090EFBD0FF200243D005F0BD0A4653
:101270000146104654E70000767C00000000C07F65
:1012800010B501469E240002CA15A307002A02D009
:101290001843002A04DBA21A002A0CDDD04010BD3E
:1012A0001206120E01D140004008A21A03D4D04009
:1012B00040420028F3DDFF2248001206904201D987
:1012C000002010BDC817C043584010BD0102C21510
:1012D00004D00123DB071943002A0ADB9E239A1A54
:1012E00002D40846D0407047FF22410012069142C6
:1012F00001D900207047C017C04370471F22030C5C
:1013000002D10F2200041CD0030E01D10002083AC2
:10131000030F01D10001121F830F01D18000921E23
:10132000002801DB4000521ED2055118021251184C
:101330001922904004D3491C002801D149084900D2
:1013400008467047C10FC90700D0404201229207EA
:101350001143D3E701218907D0E770B504468569B9
:101360000068C10601D5302600E02026C00707D05E
:1013700070BD62683046A1689047206A401C2062B8
:101380006D1EF6D570BD70B5044685690078C0073E
:1013900007D170BD6268A16820209047206A401C78
:1013A00020626D1EF6D570BD09684A0501D540B2B0
:1013B0007047C905FCD500B2704709684A0501D5D8
:1013C000C0B27047C905FCD580B2704770B50C46F5
:1013D0000546012A05D02878800600D5EA69002351
:1013E00002E0012305E05B1C934202D2E05C00288E
:1013F000F9D1A869E618C01AA861286AC01828623D
:101400002846FFF7AAFF04E06A682078A968641CF0
:101410009047B442F8D32846FFF7B5FF70BD0000EF
:10142000F7B5002575291068009914A611D0FFF7AB
:10143000BBFF002802DA404211A608E000990968C3
:101440008A0701D50FA602E0490704D50EA601259B
:1014500001E0FFF7B2FF009F0024243704E000F012
:1014600080FE30313955641C0028F8D12B463246B5
:101470002146009800F057FAFEBD00000000000071
:101480002D0000002B000000200000001168026801
:10149000006A530501D5087009E0D30501D508801D
:1014A00005E0130602D5C21705C100E0086001205F
:1014B0007047000001694A1C02610878704700B556
:1014C0008FB0029100210591054901937944039160
:1014D00011460490684600F025F90FB000BD0000E9
:1014E000E5FFFFFF0A681070521C0A607047000099
:1014F000F7B50446154686B02B487844002703C844
:101500003E460090019111E007986A467100415AE9
:1015100002A800F005FE411C07D02178890603D5FA
:10152000E269391891420ED83F18761C207880065F
:1015300002D5E069B84206DDAE42E5DB07987100EE
:10154000405A0028E0D1A069C01BA0612046FFF7E7
:1015500004FF154878445A3803C8009000200191D0
:1015600016E041006A460798415A02A800F0D8FDEB
:101570000590401C0AD0002505E0626802A8A16819
:10158000405D90476D1C05988542F6D30498401C39
:10159000B0420490E5DB206AC01920622046FFF7C4
:1015A000F2FE09B0F0BD00002A790000F7B5D21DA7
:1015B0000025D20815A6D200F52905CA11D0002AA7
:1015C00005DA00214042914111A60A4608E000993F
:1015D00009688B0701D50FA602E0490701D50EA6C1
:1015E00001251146009F0024243704E000F05EF935
:1015F00030323A55641C02460A43F7D12B46324634
:101600002146009800F08FF9FEBD000000000000A8
:101610002D0000002B0000002000000070B50446E3
:101620000021243408E05507D2086D0F3035655489
:101630005D072A43DB08491C15461D43F3D10468A6
:10164000002310A2250708D520252C400C4304D0E8
:10165000C46901230CA2641EC46100F064F970BD6A
:1016600010B5044621461068FFF7A7FE0023024686
:101670002046FFF7D3FF10BDD21DD108C9000CC909
:10168000CCE700000000000030000000F8B50F4675
:101690000188090502D5224C7C4402E0204C7C44A0
:1016A0000E3405460021243508E016071209360FCE
:1016B000A65D6E541E0732431B09491C16461E4385
:1016C000F3D1224604780023240705D5702F06D0D5
:1016D000002901D00223113200F025F9F8BD0123C1
:1016E0001032F9E770B504460D4621461068FFF741
:1016F00064FE0023024629462046FFF7C7FF70BD5F
:10170000D21DD308DB000CCBC0E730B40368202423
:101710001268234303600823C36130BC0023B5E78C
:1017200094770000F3B50446002081B02062204683
:10173000E1688847002872D0252802D06268A16835
:10174000ABE0594F00267F442046E16888472028B7
:10175000054608DB312D06D278192038007800289C
:1017600001D00643F0E7B00701D5042086430020EE
:10177000E0610746A0612A2D0AD0284607F0C9F883
:10178000002827D0B8000019303D0090856119E08D
:101790000298BA00121902C8916102902046E168CD
:1017A0008847012F054617D1E06900281FDA20205D
:1017B00086431CE000980A2180694843009940193B
:1017C000303888612046E1688847054607F0A1F86F
:1017D0000028EFD1012F0AD02E2D08D12046E16834
:1017E00088470546202006437F1C022FC3DBA069E3
:1017F000002803DA4042A06101200643F00701D02F
:10180000102086436C2D0BD0682D09D04C2D3CD078
:101810006A2D38D0742D38D07A2D36D016E040E0BD
:10182000E1682F4620468847B842054609D16C2F0B
:1018300029D001208002E1680643204688470546FA
:1018400004E06C2F1DD0FF2001300643002D28D06E
:1018500028464138192803D80120C0020643203504
:10186000204626602946029A1646FEF77BFC002891
:1018700010D001280BD0F61DF008C00008300290EF
:1018800055E74020E1E78020D5E70020D3E7361D6B
:1018900002964CE762682846A1689047206A401C7F
:1018A00044E7206AFEBD00000E7700000B4670B5CD
:1018B000024689078008084319469D08141AA94161
:1018C00025090807054308092C194841250A01067E
:1018D0000D43010A2C194141200C0D0428430D0C25
:1018E00000194D41002140194D41C00869070843C6
:1018F000E908840F8D002543840024184D412419E4
:101900006D41121BAB4107E00925ED432C11521923
:1019100063410024401C61411C460A250026551BDA
:10192000B441F1D270BDFFB504460D4681B02430FC
:1019300000902168880604D51022E0699143216057
:1019400000E00120A84201DD471B00E000270498C9
:10195000A1697A191018081AA0612078C00602D46B
:101960002046FFF7FAFC002608E003986268A168A9
:10197000805D9047206A401C761C20620498864255
:10198000F3DB2078C0060AD52046FFF7E6FC06E028
:101990006268A16830209047206A401C2062384667
:1019A0007F1E0028F4DC07E000986268A168405DB3
:1019B0009047206A401C206228466D1E0028F3DCF8
:1019C0002046FFF7E0FC2078000602D5022005B093
:1019D000F0BD0120FBE70000FFB50C461E468FB0AE
:1019E00003CA089009914F007D0D00D16D1E0021A2
:1019F00008460020C0460321099A89050840002AAC
:101A000003DA8200801840080840800D01280A90FF
:101A100002DD0020C0430A90089807430DD0F0482B
:101A2000F049281848430714189800281DD075421B
:101A3000291E1DDD0A9842421BE01898012802D099
:101A40000020302104E00020F24305E02154401C36
:101A5000B042FBDB30460022189B002121540F9935
:101A60008B600A60486013B0F0BDBD1B6D1CDFE7E2
:101A70000A9A002900DA69420BA800F07DFC0BAB42
:101A800007CB03AB07C30899099800F0E1FC6B464C
:101A900007C30146D4480918002D00910BDDD24937
:101AA00003980A9A49424018002303A90390684604
:101AB00000F03EFF08E003990A9A0023081803A9E2
:101AC0000390684600F0DEFE6B4607C30004000C7E
:101AD00003D00020C043410800E01046189A002AB5
:101AE00003D00022009215461EE0751E05D4FFF7B4
:101AF000DDFE303262556D1EF9D50122084307968E
:101B000002D000227F1C04E02078302801D100227E
:101B10007F1E002A069787D01EE0112D07DAFFF7F7
:101B2000C5FE303262556D1C02460A43F5D10843AA
:101B300003D00098002819D00EE00021681E05E0AF
:101B4000235C625C63542254401E491C8142F7DBD3
:101B5000A81B401E07950690079A18990020A054CC
:101B60000F98079B069A81600CC07CE71126002025
:101B7000189059E7D21DF0B50D460446D10893B030
:101B8000C90003C90C900D9106F05CFE02460D9849
:101B9000C00F01D02D2007E02068810701D52B2040
:101BA00002E04007C00F4001032A0F9001D0072A2E
:101BB00005DB03462946204600F09AFB0EE120781B
:101BC000800601D5E76900E006272846652D04D088
:101BD000662814D0672D69D12DE00020112F0090C8
:101BE00001DB112300E07B1C0CAA03A910A8FFF75E
:101BF000F3FE1199002610987D1C0E9142E0012001
:101C00003B460CAAC0070B900120009003A910A826
:101C1000FFF7E2FE119D12981099002600280E95FC
:101C200001D1781C0D18781B02D446427D1C761E0B
:101C3000E81B00903AE0012F00DA01270020112F65
:101C4000009001DD112300E03B460CAA03A910A877
:101C5000FFF7C2FE11993D46109800260E9121789B
:101C600009070BD40E99A94200DA0D4603A9012DEC
:101C700004DD4A19203AD27F302A06D0B84201DA70
:101C8000011D04DA012100910FE06D1EEFE700282D
:101C900002DC86192D1A03E0411CA94200DD0D4625
:101CA000801B401C00900120C0070B90207800078B
:101CB00005D40098A84202DB0020C043009069468A
:101CC0000020C8720B98012102AF0337C907884270
:101CD00025D0022010902B2011900B9800280BDAB1
:101CE00040420B902D20119006E00B9800F039FA3D
:101CF00030317F1E0B9039701099481E00291090CA
:101D0000F3DC0B980028F0D111987F1E38702088E2
:101D1000000501D5452000E065207F1E387001A830
:101D2000C01BC01D0B900F98002800D00120411946
:101D30000098C01709180B980818A169081A401EC6
:101D4000A0612078C00602D42046FFF706FB0F985A
:101D5000002805D06268A1689047206A401C206274
:101D60002078C00625D52046FFF7F7FA21E0002E9F
:101D700007DB0E98B04204DD03A86268805DA168AD
:101D800002E06268A16830209047206A761C401CFF
:101D900020620098401E002800900AD100F0A4FAAA
:101DA000C06862680168405CA1689047206A401C76
:101DB000206228466D1E0028D9DC07E0626838786A
:101DC000A1687F1C9047206A401C20620B99481E26
:101DD00000290B90F2DC2046FFF7D5FA032042E6FB
:101DE00001FCFFFF104D0000E1DFFFFFD21DF0B549
:101DF00004460D46D0088DB0C000466807683146DD
:101E0000384606F01FFD0246F00F01D02D2307E0F3
:101E10002068810701D52B2302E04007C00F430152
:101E20006846002B037001D0012000E00020032A47
:101E30000A9001D0072A04DB2946204600F058FA10
:101E40002DE12078800601D40D2500E0E5697000C1
:101E5000400D0D2D01904BDA300D00210B900846FE
:101E60000020C046032189050840002E05DA8200C3
:101E70008018C20F1018401008408015012801DD9D
:101E80000020C043A9000023182906D39C460A4617
:101E90000123183A1B07D34003E001221205CA4070
:101EA00094460C31202902D33A46203900E03246CC
:101EB0008A40002802DD002A06D119E0002817D147
:101EC0000121C9078A4213D3194663467F185E4130
:101ED000002806D10120C007824202D1084687436C
:101EE0009E430B98310D814202D00198401C019015
:101EF0002088000502D57149794402E06F49794490
:101F000019396B460A9830221A540A980A7C401CE8
:101F10001A54401C0A900198002801DC302000E08F
:101F200031201872019A0120002A02D0644BD21885
:101F300004E072003A4302D0614A521C0192002D23
:101F400002DC2278120703D56A462E205072022046
:101F50000022864694460CE032033601120F6D1EB5
:101F60008B5C02AA13546246521C401C9446052AFC
:101F700001DA002DF0DC002202AE08E03B0F3F0149
:101F8000CB5C521C6D1E3354401C082A01DA002D14
:101F9000F4DC23689A0601D511E0401E704504DD8B
:101FA0003218203AD27F302AF7D0002807DD3218C5
:101FB000203AD27F2E2A02D11A0700D4401E002DCB
:101FC00003DD3E223254401C6D1E497C3154019980
:101FD000401C002906DA2D21471C3154019840424B
:101FE000019003E02B21471C315401987D21C90049
:101FF000884206DBFEF764FA3030F0557F1C019111
:1020000001E0642808DB01986421FEF759FA3030BA
:10201000F0557F1C019101E00A2806DB01980A2196
:10202000FEF74EFA3030F0557F1C01980A21FEF77A
:1020300047FA3031F1550A98A1697F1C7A191018B6
:10204000081AA0612078C00602D42046FFF785F95F
:10205000216A6E460A980818206204E062683078A7
:10206000A168761C90470A98401E0A90401CF5D142
:102070002078C00602D52046FFF76FF902AE09E0CE
:102080003078761C3E280DD06268A1689047206A9F
:10209000401C20627F1EF3D22046FFF774F90DB07A
:1020A0000320F0BD206A4019206203E06268A16845
:1020B000302090476D1EEDD3F8E70000806F0000E0
:1020C00001FCFFFF10B54369002B02D0C046C0469B
:1020D00001E0FFF77BF9012010BD127801462431A1
:1020E0000A7000224A700122ECE711680022D243F4
:1020F000E8E710B54369002B02D0C046C04601E0B6
:10210000FFF7F6F9012010BD1288014624318284C0
:102110000022C2840122ECE711680022D243E8E7E2
:10212000F8B516460C46054600F0D6F80368FF20C1
:102130000230C05C012807D0FF2C0FD8185D0028A2
:102140000CD001202C70F8BDFF33324621460833F5
:102150001868C71828460023B847F8BD0020C043B8
:10216000F8BD01468008081A02091018020A101862
:10217000020C1018C008820012185200891A01E0DF
:10218000401C0A390A29FBD270470000F8B5264CDA
:102190004E00069DA6420AD8A64201D1002806D1CB
:1021A0005E00A64203D8A6420AD1002A08D00D2418
:1021B0002404254233D02946002000F011FCF8BD4C
:1021C0000C461C4311D4994207D0C81A02D3EFF32E
:1021D0000080F8BDEFF30080F8BD801A02D3EFF362
:1021E0000080F8BDEFF30080F8BD09242407E50066
:1021F0008B4207D0581A02D3EFF3008006E0EFF3CA
:10220000008007E0101A03D3EFF30080A04303E03F
:10221000EFF30080A043284380F30088F8BD0095C9
:1022200000F0F6FBF8BD00000000E0FF10B5FF2352
:102230001B0644009C421DD84C009C421AD8034601
:10224000124A0B4307D4401A02D3EFF3008010BDAB
:10225000EFF3008010BD081A03D3EFF30080904322
:1022600005E0EFF3008001219043C907084380F3A4
:10227000008810BD0D231B041A4204D01146002013
:1022800000F0AEFB10BD00F0CDFB10BD00000090D3
:1022900000487047E00020207546FFF7F9FFAE4682
:1022A000050069465346C008C000854618B020B5F1
:1022B000FEF70EF860BCB64600260027C0C5C0C5B4
:1022C000C0C5C0C5C0C5C0C5C0C5C0C5403D490822
:1022D00049008D467047000010B500F005F8001D5C
:1022E00010BD00BF69660000004870470001202053
:1022F000F8B51F46044601230068DB0203260146A9
:102300001840072A05DB002801D017A506E017A50D
:1023100004E0002801D016A500E016A51020814396
:102320002160A069C01E002FA06101D0401EA061E5
:102330002046FFF712F8002F09D038466268A168DE
:102340009047206A401C2062C01C206206E0206A80
:10235000FAE762682878A1686D1C9047761EF8D26B
:102360002046FFF710F8F8BD4E414E006E616E003A
:10237000494E4600696E6600F7B516468AB0334886
:1023800078446C4603467C33C06F5A689B680DC422
:102390002E487844763003AC0DC80DC43720C001F8
:1023A000081837211B30FEF78BF805460C46803D98
:1023B0001B3C02D56442012000E000200027099068
:1023C00010E0E0070CD00C202049784379443246D5
:1023D0004C3941186846012300F054FA6B4607C394
:1023E00064107F1C002CECD1184F7F442E3F16E068
:1023F000E80712D02001C0190EC806910893079271
:102400000068F04201D1981908903246012306A9CC
:1024100003A800F037FA03AB07C36D10641C002D4E
:10242000E6D10998002806D032466946012303A860
:1024300000F07EFA05E001233246694603A800F069
:1024400021FA0A9B07C30DB0F0BD00000C6B000021
:10245000034640000A4610B5400D0BD00121C907C4
:102460000F24A40200191C0364082143540D2143C6
:10247000D20207E000210120F2E7D40F49002143F6
:102480005200401E0029F8DADB0FDB07184310BDAD
:10249000FFB50D46144685B04868516806F0BAF994
:1024A00000910190A868A16806F0B4F90291039028
:1024B000A868616806F0AEF9029A12188242029288
:1024C00001D2012000E00020019A0B18D218002848
:1024D000019202D08A4202D903E08A4201D201204D
:1024E00000E000200099081800906868A16806F0D4
:1024F00091F9029A12188242029201D2012000E060
:102500000020019A0B18D2180028019202D08A42AA
:1025100002D903E08A4201D2012000E000200099A4
:1025200008180090286821684000490040084908C0
:102530004018FA49471814E001994000C90F0843B0
:102540000090019802994000C90F08430190029839
:1025500003994000C90F08430290039840007F1E72
:10256000039000980028E7DA0898002801D0EC4E84
:1025700000E00026B74201DA012000E00020002838
:1025800004902AD0F71BF806C00E15D0029B20211C
:10259000091A039A8B401A430392029A019BC24084
:1025A0008B401A430292019A009BC2408B400099D3
:1025B0001A430192C14000917B110DD06F46032058
:1025C000C11A03D500218200B95003E08A008100BE
:1025D000BA587A50401EF3D537460398029900281E
:1025E00000D00120014308980291002808460CD031
:1025F000002800D001200199019A490508430121D2
:10260000D20AC902D202019200E001210E9B0122EE
:10261000D207012B02D0002B03D013E0002807D1F2
:1026200020E0904204D890420CD1019B0B4209D08B
:10263000019B5918019105D10099491C009101D1C4
:102640007F1C009200280DD0102108460020C046B3
:102650000498002806D00F98002803D008210846C7
:102660000020C04628682168019B009A4840C10F9D
:102670000598C90739430EC009B0F0BDFFB587B052
:10268000099A08980899536892684068896896463C
:102690000022039317469446089A12685300099A39
:1026A0005B081268520052089A1A9E4BD4180A9A74
:1026B000002A01D0352200E04022069200220123A8
:1026C00015460492DB07059324E0002D05D17546DD
:1026D0000346039E4D1BB34109D375466646039BD3
:1026E000491B049D9841059B7519AC465F416346A3
:1026F0003B4308D0059B049EDD0776082E435B080C
:102700000496059301E0521E641EC50FED0749189B
:102710004041521C069B9A42D7DB002D04D17546DE
:10272000039A6B1A824101D203200CE0039A0B46F4
:102730006B404240134303D0014303D0012002E029
:10274000022000E0002061460191002100970291E3
:102750000A99002905D0614640020143704B01915E
:1027600002E08007002302909C4201DA012000E091
:10277000002007003AD01A1BD006C00E15D0029DCB
:102780002021019C091AC5408C402543029C8C40A5
:1027900000D001242543019C0295009DC4408D403A
:1027A00000992C430194C140009154111DD06D46F5
:1027B0000221002202290CD10320001B07E000287F
:1027C00004DB8600AE59002E00D00122401C0328F5
:1027D000F5DB081B02D588002A5004E08000285849
:1027E00010438A00A850491EE3D51C460A980028C9
:1027F00002980CD0002800D001200199019A4905C7
:1028000008430121D20AC902D202019200E001214B
:10281000109B0122D207012B02D0002B03D013E022
:10282000002807D11FE0904204D890420CD1019BB0
:102830000B4209D0019B5918019105D10099491CFF
:10284000009101D1641C009200280CD01021084690
:102850000020C046002F06D01198002803D0082180
:1028600008460020C04608980999019A009B006814
:1028700009684840C10F0798C907214382600AC010
:102880000BB0F0BD00B585B0019300920A46014639
:10289000002302A8FFF7FCFD02A807C805B000BD91
:1028A000FFB50A461F4685B00799019301230091A1
:1028B000014602A8FFF7ECFD02990398049ECA0F97
:1028C0004900D20700920F22490892028C1A002177
:1028D000002800DB0C46450013486D08844214D3E1
:1028E000079A002A04DA441E0026104DF64302E03F
:1028F00004460D460E46102108460020C046002F13
:1029000003D0042108460020C0462005E90A0843F8
:10291000009908436905F20A1143ADE602C0FFFFC2
:10292000013C0000FF3F0000FF070000FFFFFF7FAA
:1029300000B585B0019300920A460146002302A823
:10294000FFF79CFE02A807C8A8E7FFB50A461F4686
:1029500085B00799019301230091014602A8FFF772
:102960008DFE02990398049ECA0F4900D207009277
:102970000F22490892028C1A0021002800DB0C4625
:10298000450011486D08844214D3079A002A04DADE
:10299000441E00260D4DF64302E004460D460E4649
:1029A000102108460020C046002F03D0042108460D
:1029B0000020C0462005E90A08430099084369053C
:1029C000F20A114358E60000FF070000FFFFFF7FF7
:1029D00010B50446C046C0462046FDF74FFC10BD6A
:1029E000C80212D54803400F002804D0C803C043D2
:1029F000012188407047EFF30080000100090321A6
:102A00000907084380F300887047002070470000E2
:102A100010B500200249029A00F00CF810BD000029
:102A20000000F87F10B5024800F004F810BD000067
:102A30000000C07F10B50C461107090F092904D00A
:102A40000A290AD008290CD104E011460820FFF712
:102A5000C7FF06E0510606D501E0510601D5012069
:102A6000C007214610BDD10607D501010909CC08D0
:102A70004907000E0006044309E0410F2002490700
:102A8000000A0143200E00061D22D14101430846E1
:102A9000E7E7000081B0009000990120C20266487B
:102AA000885001B07047C04681B000900099674AD5
:102AB0006748885001B0704783B00290019100923E
:102AC00002980199084300990843A149086003B09E
:102AD0007047C0469E480068072108407047C046BE
:102AE00082B001900199881E001F00BFFCD20090A7
:102AF00002B0704784B0039002910192039800687D
:102B00000090009801998843009000980299019ADA
:102B1000114008430399086004B0704784B00390E3
:102B200002910192039800680090009801998843EF
:102B3000009000980299019A114008430399086097
:102B400004B0704784B0039002910192039800682A
:102B50000090009801998843009000980299019A8A
:102B6000114008430399086004B0704784B0039093
:102B7000029101920398006800900098019988439F
:102B8000009000980299019A114008430399086047
:102B900004B0704781B0009000990120C20226481D
:102BA000885001B07047C04681B000900099012064
:102BB000C2022148885001B07047C04610B584B0A9
:102BC000069C039002910192009302980199084398
:102BD000009908430699084303490843039989006B
:102BE000074A885004B010BD8100040081B00090F5
:102BF00000988100024A0020885001B07047C0460A
:102C00000480424081B000900099104A10488850DA
:102C100001B0704781B0009000990C4A0C48885070
:102C200001B0704781B0009000990120C2020248B3
:102C3000885001B07047C0460100002681B0009066
:102C40000099024A0248885001B070470408000009
:102C5000030000B180B584B0039002910192039902
:102C600002980143019801433F200204CE48FFF738
:102C70007DFF04B080BDC04680B586B0059000F0F1
:102C800087F8FFE700F0B8F801218903084088427F
:102C900001D0FFE7F6E70598417E2948039001221D
:102CA0000192FFF763FF05982021415C25480290BF
:102CB0000322FFF75BFFFFF70DFF01460198049128
:102CC00000210422FFF7F8FE02980599496A096875
:102CD0001D4A11600599496A49681C4A11600499A6
:102CE0001B4A11600599C9694906490C7F221202E5
:102CF000FFF73CFF0398059A11680907090B536811
:102D00001B039BB2C91893681B071B0DC918D36816
:102D100019431369194353691943127E11430D4A2C
:102D2000FFF724FF00F05CF8FFE700F065F80121F1
:102D300049020840884201D0FFE7F6E706B080BDAF
:102D400020010B4024010B4028010B402C010B40BB
:102D50000013404072FF0F007049086801221207FB
:102D6000904308607047C0465F490868012290435D
:102D7000086070475C49086801229043086070470A
:102D80005949086801221202904308607047C04602
:102D90005549086801221202904308607047C046F6
:102DA0005E49086801221207104308607047C04658
:102DB000A149086801221203104308607047C04609
:102DC0000249086810221043086070473C010B401C
:102DD0004549086801221202104308607047C04646
:102DE0004149086801221202104308607047C0463A
:102DF000034800687047C046014800687047C046F5
:102E000004020B4080B5FFF7F3FF0121490608409B
:102E1000400E80BD014800687047C04650010B401D
:102E200081B001466846017000780249086001B02F
:102E30007047C04608030B4080B582B001900199ED
:102E40001F2002065848FFF769FE02B080BDC04649
:102E500080B582B0014601A8018001880F200202DE
:102E60007548FFF75BFE02B080BDC04680B582B0FA
:102E7000014601A80170007801030F2002034A48AF
:102E8000FFF74CFE02B080BD80B586B005AB019364
:102E90001880049103A802900270FFF76BFF01985D
:102EA000008800F023F8049800F02EF802980E4AEB
:102EB00011680123194311600078C00700280DD064
:102EC000FFE7FFF76DFFFFE7FFF796FF012109021C
:102ED0000840884201D0FFE7F6E702E0FFF73CFF39
:102EE000FFE706B080BDC04608010B4080B582B048
:102EF000014601A801800188032002030748FFF76B
:102F000035FE02B080BDC04680B582B00190019907
:102F10000248FF22FFF72AFE02B080BD10010B40DD
:102F200081B001466846017000780249086001B02E
:102F30007047C0460C010B4080B582B001900199EA
:102F40000878C007C00D89784118FF2204320B4869
:102F5000FFF70CFE0A490B48086001984078C0074B
:102F6000002806D0FFE705490868102210430860D2
:102F7000FFE703490448086002B080BD14010B401C
:102F800014030B40010000910200009180B582B053
:102F9000014601A801800188012042020248FFF792
:102FA000BDFD02B080BDC04638010B4080B582B087
:102FB000014601A80170017802480322FFF7AEFD27
:102FC00002B080BD00010B4080B582B0014601A86F
:102FD0000170017818483022FFF7A0FD02B080BDD3
:102FE00001490248086070472C030B400100000EA5
:102FF00080B582B0014601A801700078FFF790FF0C
:10300000FFE7FFF7F9FE012149050840884201D09A
:10301000FFE7F6E708490868012212041043086038
:10302000FFE7FFF7E9FE10210840102801D0FFE775
:10303000F7E702B080BDC04604010B4009490868AB
:10304000052210430860704781B0009005490420B4
:1030500008600098401E0449086004490020086088
:1030600001B0704710E000E014E000E018E000E07C
:1030700081B0009000990120C2028748885001B0B9
:103080007047C04681B0009000998C4A41488850F2
:1030900001B0704782B00190009100980199024AF6
:1030A000885002B07047C0464810000081B00090C0
:1030B000009911200202885801239843885001B0DA
:1030C000704781B0009000991120020288580123B6
:1030D0001843885001B0704781B0009000990120DA
:1030E000C2026D48885001B07047C04681B0009060
:1030F0000098812149014058C0B201B070470000DA
:1031000080B582B0019000910198FFF7CFFF019840
:10311000112109024018009A118893781943928866
:103120001143084AFFF70EFD01982D494018009AF7
:103130009179D3791943127A11437E22FFF702FD68
:1031400002B080BD1867020081B000900098474926
:1031500040580121084001B07047C04681B000903E
:1031600000984249405804210840800801B0704747
:1031700081B00090009802494058C0B201B0704739
:103180002411000081B0009000994C4A01488850F9
:1031900001B07047030000B180B584B00390029184
:1031A000019203980B49401802990B4AFFF7A2FCC1
:1031B00003980A49401801993F22FFF79BFC0399A5
:1031C000074A8818895801221140FFF793FC04B080
:1031D00080BDC04610110000FFFF00001411000068
:1031E0000411000082B001900091009800780199CC
:1031F000044A8850009840780199012212038850AF
:1032000002B070470810000080B582B001900091B4
:10321000019811210902401800990322D203FFF7F7
:1032200069FC02B080BD82B00190684601700078F0
:10323000019989225201885002B0704782B00190F2
:103240000091009908784A78104349880843019909
:1032500011221202885000994868896809040843BD
:103260000199024A885002B07047C0460811000018
:1032700081B0009000990120C2020748885001B037
:103280007047C04681B0009000990120C2020248F8
:10329000885001B07047C0460100002681B0009000
:1032A0000099064A0648885001B0704781B00090E6
:1032B0000099024A0248885001B070470408000093
:1032C000010000B180B584B003A90020087002A9F4
:1032D00008703B48006881214901405801900198DD
:1032E000002830D0FFE70198411E03A80170007844
:1032F0000F280EDCFFE7324800683249405803A926
:1033000009780907C90EC8400321084002A90870BE
:103310000EE02B4800689D214901405803A9097817
:103320000907C90EC8400321084002A90870FFE739
:1033300003A8007883002448C25802A800782349D3
:10334000C95890473AE01E484068812149014058D9
:1033500001900198002830D0FFE70198411E03A892
:10336000017000780F280EDCFFE71548406815490A
:10337000405803A909780907C90EC840032108402D
:1033800002A908700EE00E4840689D21490140588E
:1033900003A909780907C90EC8400321084002A9FA
:1033A0000870FFE703A8007883000748C25802A806
:1033B00000780649C9589047FFE7FFE704B080BD91
:1033C0008000202090130000000020208001202099
:1033D00080B582B00920FFF709FC0A20FFF706FC40
:1033E0000720FFF703FC0820FFF700FC00210091F5
:1033F00001200204C3042720FFF7E0FB02B080BDD8
:1034000080B586B005A9002001900870FFF714FD73
:103410000198012211059204FFF71CFCFFF7E0FD63
:10342000FFE7FFF7EFFC002801D1FFE7F9E7FFF71F
:10343000F1FC03900120010542040020FFF70AFC83
:10344000FFF7CEFDFFE7FFF7DDFC002801D1FFE726
:10345000F9E7FFF7DFFC049003997D20C0004843A3
:103460000499FDF723F802900298FDF708FD002269
:103470000D4B05F008FA00280FD1FFE70298FDF781
:10348000FEFC0022D243094B05F0F2F9002804D1DA
:10349000FFE705A901200870FFE705A800780121D2
:1034A000084006B080BDC04600289F40FF579F409F
:1034B00080B582B000200090FFF7B2FC012001909F
:1034C0004002FFF7C5FC0098FFF770FDFFF74CFCCA
:1034D000FFF756FC019A032000030A21FFF7D4FCF2
:1034E0001648FFF7C9FBFFE7FFF78AFF00280FD157
:1034F000FFE7FFF745FCFFF76BFCFFE7FFF778FC02
:10350000012149020840884201D0FFE7F6E7EBE7D6
:103510001020FFF759FD0920FFF7A8FC0848FFF726
:103520000BFDFFF745FCFFF74BFC01204002FFF7C6
:103530002DFD0020FFF75CFD02B080BD94910000DE
:103540009091000080B55020FFF77EFDFFF776FDDB
:1035500080BD000080B502491848FFF76FFE80BDAE
:10356000BC91000080B500F009F8FFF731FFFFF7CC
:103570009FFFFFF7EFFFFFF7E5FF80BD80B584B049
:103580000C480190FFF746FB0B480290FFF742FB07
:103590000A480390FFF78AFE0198FFF705FB02989F
:1035A000FFF702FB0398FFF76DFE1020FFF798FA74
:1035B00004B080BD00000A4000200A400000034023
:1035C00080B51B4802681B4801680020904780BDF9
:1035D00080B517484268174841680020904780BD71
:1035E00080B513488268134881680020904780BDE9
:1035F00080B50F4882690F4881690020904780BDDF
:1036000080B50B48C2680B48C1680020904780BD58
:1036100080B507480269074801690020904780BDCE
:1036200080B503484269034841690020904780BD46
:103630008C0220208C00202080B582B01148FFF73A
:1036400055FD014601910B280BD0FFE701980C288E
:1036500010D1FFE74B4802684B48016802209047B1
:1036600009E048480268484801680120904701F095
:103670009BF900E0FFE7044801680248FFF70AFDF4
:1036800002B080BD008010403090104080B582B004
:103690001248FFF72BFD014601910B280BD0FFE7E5
:1036A00001980C2811D1FFE7364842683648416836
:1036B000022090470AE033484268334841680120BD
:1036C000904707480068804700E0FFE70548016829
:1036D0000248FFF7DFFC02B080BDC046000010408A
:1036E000D40020203010104080B582B01048FFF781
:1036F000FDFC014601910B280BD0FFE701980C2837
:103700000ED1FFE71F4882681F488168022090475A
:1037100007E01C4882681C4881680120904700E04F
:10372000FFE7044801680248FFF7B4FC02B080BD1F
:10373000002010403030104080B582B01048FFF7B4
:10374000D5FC014601910B280BD0FFE701980C280E
:103750000ED1FFE70B48C2680B48C16802209047B2
:1037600007E00848C2680848C1680120904700E0A7
:10377000FFE7064801680248FFF78CFC02B080BDF5
:1037800000005040AC002020B802202030105040F3
:1037900081B001466846017000214056002809D4D6
:1037A000FFE7684601781F20014001208840024958
:1037B0000860FFE701B0704700E100E081B00090D1
:1037C00001B0704710B58AB009AC207008A801702C
:1037D00007A90A7006A90B70007810280AD1FFE724
:1037E00008A8017806A8007801400120102902905D
:1037F00014D0FFE708A801780020002901900AD121
:10380000FFE708A8007806A9097808401038411E8B
:1038100088410190FFE701980290FFE7029801219B
:1038200008403A49E72201F06BF809A801784909F4
:1038300005AA117000781F21084004A9087007A884
:1038400000780390039832490843039006A8007853
:10385000401E009013284BD80098810001A04058CA
:103860008746C046B5380000BB380000BD380000B0
:10387000C9380000F1380000F1380000F1380000CC
:10388000F1380000F1380000F1380000F138000094
:10389000F1380000F1380000F1380000F138000084
:1038A000F1380000D5380000D7380000E3380000B8
:1038B000E5380000002003901AE019E00398012188
:1038C00009040843039013E00398012149040843C5
:1038D00003900DE00CE00398012149060843039092
:1038E00006E005E003980121490608430390FFE73D
:1038F000039805A90978490104AA12788A1805498C
:10390000895C8900044A88500AB010BDB59A00004D
:1039100080000400C89100000480424081B0009003
:10392000009900200860009948600099886000991B
:10393000C8600099086101B0704780B582B00190FD
:103940000198006800900198FFF7E8FF009801993E
:10395000086002B080BD000080B582B00190009187
:10396000FFE70098164904F0BCFF002806D1FFE7E6
:103970000098164905F064F80090F2E7FFE7009818
:10398000104904F098FF002806D1FFE700980E497F
:1039900005F056F80090F2E700980199096804F0E4
:1039A0007FFF002806D1FFE701990020C860019938
:1039B0008860FFE700980199086002B080BDC046AA
:1039C00000003443000034C30000B4430000B4C31B
:1039D00010B590B0159C149C139C129C0F900E91E6
:1039E0000D920C930F9800680E9905F045F90B9015
:1039F0000B9804F0E5FE0F9948600F9A0892506802
:103A00001599D268079205F0DFF8079905F018F8C4
:103A10000899C8600F98C068149901F0F0FD0F99DB
:103A2000C8600F994868896805F026F909901598CB
:103A30001D4904F056FF002803D1FFE715980690B2
:103A400002E01A480690FFE709980699FDF768FB1F
:103A50000A900F99486888600D9802900F99059117
:103A6000486801900C98C96805F0AEF801990246C3
:103A70000298039205F0A8F8039904F0E1FF04907E
:103A800012980A9905F0A0F8049904F0D9FF059955
:103A900008610F980069139901F0B1FD0F99086151
:103AA0000F98006910B010BD6F12833A0AD7233CFB
:103AB00081B000900099087800024978401800B25F
:103AC00001B0704780B5AEB02DA900200A900870F3
:103AD0002CA9087077490120099004F085FD099808
:103AE000754904F081FD0998744904F07DFD099A37
:103AF000222007901021112301F0F6FB099870494C
:103B000004F072FD7D200001089004F049FA079846
:103B10000A9901F0E7FC09986A4904F065FD0898E4
:103B200004F03EFA0798099901F0DCFC099866490F
:103B300004F05AFD089804F033FA4B20C101032029
:103B4000624A634B04F076FC0998624904F04CFD2C
:103B50000998614904F048FD0A982BA90880FFE7FD
:103B60002BA8008809280DDCFFE70320552104F06D
:103B70001DFD322004F014FAFFE72B98401C2BA9FE
:103B80000880EDE755490320069004F02DFD5449C7
:103B90000120059004F028FDC82004F001FA0598E2
:103BA000504904F021FD06984F4904F01DFD059889
:103BB0004E4904F019FD05984D4904F015FD06988D
:103BC0004C4904F011FD2BA900200880FFE72BA829
:103BD0000088C72842DCFFE703202DA904F0BAFCC7
:103BE00001462CA80170007800282ED0FFE70BA812
:103BF00003902DA80078049020280ADBFFE72DA869
:103C000000787E2805DCFFE700212DA840560290B1
:103C100002E03F200290FFE7049A0398029B40498C
:103C2000FCF766FB01200BA904F0DEFC2DA801784F
:103C30000320019004F0BAFC01980D2104F0B6FCB9
:103C400001980A2104F0B2FCFFE7322004F0A8F941
:103C5000FFE72B98401C2BA90880B8E726490120D4
:103C6000009004F0C1FC0098244904F0BDFC0098C9
:103C7000234904F0B9FC0098224904F0B5FC0098EF
:103C8000214904F0B1FC0098204904F0ADFC0098F3
:103C90001F4904F0A9FC00981E4904F0A5FC0098F7
:103CA0001D4904F0A1FC00981C4904F09DFC2EB0B5
:103CB00080BDC046A9970000DF930000F696000083
:103CC0003E9300001C930000099400002220030092
:103CD00023200300C6940000B2930000FF98000068
:103CE000DD920000839300002D97000006960000EF
:103CF0006093000040980000C2950000DA98000030
:103D00001995000074970000B696000039960000DF
:103D1000E49400003B970000599500009C9200003D
:103D2000C392000080B582B0FFE70320694604F02B
:103D300011FC002800D111E168460078312807D134
:103D4000FFE78A490020087001A90220087009E1F4
:103D500068460078302807D1FFE7844900200870C2
:103D600001A901200870FDE068460078682805D0A8
:103D7000FFE768460078482807D1FFE77B49002025
:103D8000087001A903200870ECE0684600787228EA
:103D900005D0FFE768460078522807D1FFE773494E
:103DA0000020087001A914200870DBE06846007844
:103DB000642805D0FFE768460078442807D1FFE76C
:103DC0006A490020087001A915200870CAE06846F9
:103DD00000783F2807D1FFE764490020087001A957
:103DE00016200870BEE0684600780D2805D0FFE771
:103DF000684600780A2846D1FFE75C48007800282A
:103E000001D1FFE791E7594A137859480021C1547D
:103E100011705849FCF706FB002804D1FFE701A9FF
:103E2000022008709EE052485349FCF7FBFA002834
:103E300004D1FFE701A90120087093E04C484F49E5
:103E4000FCF7F0FA002804D1FFE701A9142008705C
:103E500088E047484A49FCF7E5FA002804D1FFE723
:103E600001A9152008707DE041484649FCF7DAFABF
:103E7000002804D1FFE701A91620087072E042482B
:103E800000F091F869E0394800780E2860D8FFE723
:103E90006846007861280ADBFFE7684600787A28E0
:103EA00005DCFFE70098203869460870FFE7009AB4
:103EB0002E490B782E48C2540A78521C0A700A7890
:103EC000002181542B49FCF7ADFA002807D1FFE708
:103ED00026490020087001A90220087042E0244809
:103EE0002549FCF79FFA002807D1FFE71F4900206A
:103EF000087001A90120087034E01D481F49FCF733
:103F000091FA002807D1FFE718490020087001A99D
:103F10001420087026E016481949FCF783FA002897
:103F200007D1FFE711490020087001A9152008708A
:103F300018E00F481349FCF775FA002807D1FFE78E
:103F40000A490020087001A9162008700AE003E061
:103F5000064900200870FFE7FFE7E6E601A9002018
:103F60000870FFE701A8007802B080BD5001202052
:103F700040012020D09900008B920000C0990000E1
:103F8000D69900009A990000E497000080B582B0AD
:103F900001900199012004F027FB0199032004F00E
:103FA00023FB02B080BD80B582B001900199012051
:103FB00004F01AFB0199032004F016FB02B080BD47
:103FC0007B49002008707D490870704710B586B0A5
:103FD000059004910598774908600498764908602F
:103FE000734801210170774A00201070744A1070E4
:103FF000724A117003A90870FFE703A8007803282C
:104000002DDCFFE703A801900178AA48405C00215D
:10401000029101220092042301F066F9009B019AAB
:1040200002981178CC00BD490B551478E4000C19A6
:1040300063701378DB00CB1898701378DB00CB1813
:1040400098801378DB00CB1898711278D200891809
:10405000C871FFE70398401C03A90870CDE706B0BC
:1040600010BDC046524800787047C04650490120F4
:10407000087052490870704710B592B04C480078EB
:1040800000280AD0FFE74B480068002805D0FFE76A
:1040900049480068002801D1FFE787E045480168EA
:1040A000002005908847059811A90870FFE711A81E
:1040B0000078032876D8FFE7414800781199401826
:1040C0000AA9087009A900200870FFE709A800786C
:1040D00014280BD8FFE709A802780BA920208854E0
:1040E000FFE70998401C09A90870EFE70BA9002019
:1040F00048750AA80078072847D8FFE70AA801787A
:10410000CA00EC4989184968089107AA0021117072
:1041100006AA022111700178F54802783E2020237A
:1041200003939142049001D00398049004980BA942
:104130000870FFE7089807A9097841560020002970
:1041400002900DD0FFE706A801780120002200921E
:104150001529019001D30098019001980290FFE782
:104160000298C00700280FD0FFE7089807AA117827
:10417000405C06A90C780BAB18550798401C1070D2
:104180000698401C0870D5E7FFE70B4802681198B5
:104190004000C0B20BA99047FFE71198401C11A93D
:1041A000087084E7C24900200870FFE712B010BD14
:1041B0005C0220205802202060022020A80220203B
:1041C00004022020A902202080B584B0014603A863
:1041D00001700178CA005149891802910178354867
:1041E000405C01F067F8014601A80170007802996F
:1041F0000978884207D0FFE7019802990870029970
:10420000002088703AE002988078022835D8FFE7CD
:1042100002998878401C88700298807803282BD1F6
:10422000FFE70298407801A90978884223D0FFE788
:1042300001980299487001A80078002806D1FFE78C
:104240000299002088800299C87113E00298808842
:10425000632809D8FFE70298C079002804D1FFE756
:10426000029901208871FFE7029900208880029955
:10427000C871FFE7FFE7FFE7FFE7FFE70298407835
:10428000002814D1FFE70298808863280ED8FFE742
:1042900002998888401C888002988088642804D10C
:1042A000FFE702990120C871FFE7FFE7FFE704B0CD
:1042B00080BDC0468C91000082B001466846017006
:1042C0000078C10015484018C07901280BD1FFE7DC
:1042D00068460078C100114841180220C87101A940
:1042E0000120087003E001A900200870FFE701A881
:1042F000007802B07047C04682B001AA10701078F2
:10430000C000064908188379684603701278D20005
:104310008A1800219171007802B070471A0220209B
:1043200083B0014601A801700078012803D1FFE79E
:104330001548029023E0694600200870FFE76846B0
:104340000078072818D8FFE768460078C100594868
:10435000405C01A90978884208D1FFE768460078E7
:10436000C100544840184068029008E0FFE70098F8
:10437000401C69460870E2E702480290FFE7029895
:1043800003B07047839200008B92000080B584B028
:1043900002A900200870FFE702A8007803280ADCC1
:1043A000FFE702A80078FFF70FFFFFE70298401C25
:1043B00002A90870F0E70320FFF77EFF002806D16E
:1043C000FFE70320FFF798FF002806D0FFE7FFF77D
:1043D0004DFE03A90120087063E0344800780028EE
:1043E0000ED1FFE700200090FFF786FF0120FFF7C6
:1043F00083FF0220FFF780FF009803A9087050E0B8
:104400000020FFF779FF002814D0FFE73848007834
:10441000002804D1FFE736490720087004E034493A
:104420000878401E0870FFE700F046F82049012098
:104430000870FFE70120FFF75FFF002812D0FFE7B9
:104440002B480178491C01700078082804D3FFE745
:10445000274900200870FFE700F02EF814490120DA
:104460000870FFE70220FFF747FF00280DD0FFE7A5
:104470001F480078C1000F48405C01A90870FFF791
:104480009FFD019803A908700BE0094800780028F7
:1044900003D0FFE7FFF7F0FDFFE703A90020087056
:1044A000FFE703A8007804B080BDC0465C0220206E
:1044B000A80220204C9100000D4800780D49097891
:1044C000884205DAFFE70A4800780A4908700EE0DA
:1044D0000748007807490978091D884206D3FFE795
:1044E00003480078C01E03490870FFE7FFE77047E4
:1044F000A90220200402202080B584B003A90870FE
:10450000212000F035F90020019000F031F97F20E2
:1045100000F02EF9222000F02BF9019800F028F984
:10452000072000F025F99A48009003F02FFA009830
:10453000017A4906090E03F097F90098402103F02B
:1045400093F9019802A90880FFE702A800880A49A8
:1045500088420BDCFFE703A801788D4803F084F95B
:10456000FFE70298401C02A90880EEE7884803F0A4
:1045700079FA04B080BDC046FF03000080B584B066
:104580001C20009082483C210A221F2302F0AAFF2F
:10459000642003F005FDAE2000F0EAF8D52000F01D
:1045A000E7F8802000F0E4F8A82000F0E1F83F20D0
:1045B00000F0DEF8D32000F0DBF80020029000F0DD
:1045C000D7F84020039000F0D3F88D2000F0D0F809
:1045D000142000F0CDF8202000F0CAF8029800F076
:1045E000C7F8A12000F0C4F8C82000F0C1F8DA2014
:1045F00000F0BEF8122000F0BBF8812000F0B8F8FF
:104600007F2000F0B5F8D92000F0B2F8F12000F0DA
:10461000AFF8DB2000F0ACF8039800F0A9F8A42074
:1046200000F0A6F8A62000F0A3F8AF2000F0A0F854
:10463000AA20FFF761FF04B080BDC04680B58CB0F2
:104640000BAA059210700A9109A900200490087025
:1046500008A9087007A90870212000F089F80498BB
:1046600000F086F87F2000F083F8222000F080F828
:104670000598007800F07CF80598007800F078F84C
:104680004348069003F082F90698017A4906090E1C
:1046900003F0EAF80698402103F0E6F8FFE70A99EC
:1046A00000200956002903900DD0FFE709A80178E2
:1046B0000120002201927A29029001DB01980290E8
:1046C00002980390FFE70398C007002839D0FFE75E
:1046D0000A9800214056202806DBFFE70A980021AF
:1046E00040567F2804DBFFE708A90020087005E09A
:1046F0000A980078203808A90870FFE707A9002069
:104700000870FFE707A80078052816DCFFE708A86F
:104710000078062141431548401807A90978415CF3
:104720001B4803F0A1F80998401C09A90870FFE78D
:104730000798401C07A90870E4E70A98401C0A90F3
:10474000ADE7FFE709A800787F2809DCFFE71048FC
:10475000002103F089F80998401C09A90870F1E7C5
:104760000B4803F07FF90CB080BDC046248F0000D9
:1047700080B582B001A908706946002008700198D0
:1047800048700348022203F05BFA02B080BDC046C5
:104790007C02202080B582B0019000F00BF8FEF77B
:1047A000E1FE00F02BFF03F0F9FB00F081FE02B008
:1047B00080BD000080B592B040480090FEF722FA1C
:1047C0003F480190FEF71EFA0098FEF7E3F90198C2
:1047D000FEF7E0F93B480290FEF754FC3A4803909C
:1047E000FEF750FC0298FEF743FC0398FEF740FCEE
:1047F00036480490FEF746FC35480590FEF742FC2B
:1048000034480690FEF73EFC33480790FEF73AFC2A
:1048100032480890FEF736FC0498FEF729FC05980C
:10482000FEF726FC0698FEF723FC0798FEF720FC0F
:104830000898FEF71DFC2A480990FEF7A3FC2948BA
:104840000A90FEF79FFC28480B90FEF79BFC274838
:104850000C90FEF797FC0998FEF73EFC0A98FEF7CD
:104860003BFC0B98FEF738FC0C98FEF735FC204813
:104870000D90FEF7E3F91F480E90FEF7DFF90D9853
:10488000FEF7D0F90E98FEF7CDF9012080070F90C2
:10489000FEF70AF918481090FEF706F90F98FEF790
:1048A000F9F81098FEF7F6F814481190FEF7F6FCA8
:1048B0001198FEF7DDFC12B080BDC04600000A4032
:1048C00000200A400000864000208640004008404A
:1048D0000080864000A0864000000940000087401C
:1048E00000801040000010400020104000005040A8
:1048F0000080464000A046400020004000000340E9
:1049000080B584B003AB187002910192FFE703A851
:104910000078002805D1FFE710480078002801D171
:10492000FFE718E00E480078002802D0FFE7FFE715
:10493000FEE70B490878401C087000F04FFE00F0BD
:10494000EBF9FFE70299019A0648002300F03EF8D0
:1049500000F00AF8F6E704B080BDC046D800202079
:1049600051012020679A000082B000200190009041
:104970000190FFE70198FF2813D8FFE7002000907F
:10498000FFE70098000C002806D1FFE700BFFFE713
:104990000098401C0090F4E7FFE70198401C01904C
:1049A000E8E702B07047000080B582B00549019188
:1049B000002003F0CFFD01990348012200F0A6FA80
:1049C00002B080BD680120206901202070B5FFB0D1
:1049D000A5B0A390A291A192A0939EA900200880C7
:1049E0009DA908809CA9099108809BA908809AA983
:1049F0000880A298FBF792FC09990880BF480088BC
:104A0000002804D0FFE7BD4800698047FFE7BC48A5
:104A10000078002800D16DE1B8480088002800D156
:104A200045E1B6480890C3689AAA1188481C1080CE
:104A3000A39A00209847A2989F90A298FBF76EFC3B
:104A400008999CAA108048888979FBF72FFD9BA9BB
:104A50000880FFE79F98411C9F9100214056002845
:104A600001D0FFE7F6E79DA900200880FFE79DA899
:104A700001880020012907900DDCFFE70021059146
:104A80009CA8415E01200029069001DA0598069055
:104A900006980790FFE70798C00700281AD0FFE79D
:104AA0009F98401E9F909F98002140562F2806D027
:104AB000FFE79F98002140565C2805D1FFE79D98AD
:104AC000401C9DA90880FFE7FFE79C98401E9CA919
:104AD0000880CCE700219CA8405E002809D4FFE7AD
:104AE0009F98401C9F909F9A88495AA8FBF700FC0A
:104AF00011E09DA80088002806D1FFE79F9A84490D
:104B00005AA8FBF7F5FB05E09F9A80495AA8FBF7E6
:104B1000EFFBFFE7FFE79EA900200880FFE79EA8C4
:104B2000008804905AA8FBF7F9FB00229BA9895E34
:104B3000FBF7BCFC01460498491C884245D2FFE7BC
:104B40009DA900200880FFE79DA8008800229BA95E
:104B5000895E884224DAFFE75AA8FBF7DFFB9DA9AC
:104B600009889EAA138800249BAA125F5A438918B9
:104B7000884201D2FFE713E09DA908889EAA138806
:104B800000249BAA125F5A4382185AA8805C0A88A4
:104B90004AA98854FFE79D98401C9DA90880D3E747
:104BA0009DA801884AAA002050545449CB68CC796A
:104BB0009A994D1C9AAE3580614389B29847FFE7B8
:104BC0009E98401C9EA90880A9E7A19A51495AA81D
:104BD0000390FBF78DFB039A4848C368C1799A9804
:104BE000441C9AAD2C80484381B200209847A0987D
:104BF00000285BD0FFE79EA900200880FFE79EA861
:104C000000880290A098FBF789FB00229BA9895E8F
:104C1000FBF74CFC01460298491C884245D2FFE74D
:104C20009DA900200880FFE79DA8008800229BA97D
:104C3000895E884224DAFFE7A098FBF76FFB9DA905
:104C400009889EAA138800249BAA125F5A438918D8
:104C5000884201D2FFE713E0A0989DA90A889EAB85
:104C60001C8800259BAB5B5F6343D218805C0A887D
:104C70004AA98854FFE79D98401C9DA90880D3E766
:104C80009DA801884AAA002050541C49CB68CC79C1
:104C90009A994D1C9AAE3580614389B29847FFE7D7
:104CA0009E98401C9EA90880A9E7FFE721E001200B
:104CB00001020AA8FBF7B1FB10488168A398884756
:104CC000A098002809D0FFE7A29AA19BA098009085
:104CD0000D490AA8FBF70CFB06E0A29AA19B094923
:104CE0000AA8FBF705FBFFE7044881680AA8884784
:104CF000FFE7FFE77FB025B070BDC046540120201C
:104D0000EC022020249A0000399A0000749A0000D6
:104D10007D9A0000529A0000704782B00190009185
:104D200002B07047F0B589B0044608A8047007AC1B
:104D30002170069205930178490904AA117001783F
:104D40001F22114003AA01921170002102910078E4
:104D50000122042300F0C8FA0199059809788A0015
:104D6000394988500698002803D1FFE7374800905A
:104D700002E006980090FFE7009903A802789300EC
:104D8000334AD15000780F2820DCFFE704AB1878B5
:104D9000800030490858304A8058029003A80478AF
:104DA0002407E40E0325A540029CAC43029407AC03
:104DB000247800780007C00E8440029820430290B7
:104DC00002981B789B00C958885020E004AB1878E3
:104DD0008000204908589D2252018058029003A863
:104DE00004782407E40E0325A540029CAC430294FA
:104DF00007AC247800780007C00E84400298204356
:104E0000029002981B789B00C9588850FFE703ABBB
:104E10001978012007468F4004AA11788C000D49AB
:104E20000D590E4EAC593C43AC511B7804469C4086
:104E3000127892008A580A4BD1582143D15000F081
:104E4000C1FB09B0F0BDC046800120201B4D000011
:104E50000000202080002020901300004810000057
:104E60002810000010B585B004900391039A0499AE
:104E700002918B79C8790002C318087A0404487A31
:104E800000060019C0188018020E4A72020C0A723D
:104E90008871000AC871FFE7049901918A7CC87C77
:104EA00000028218087D0304487D0006C01880189F
:104EB0008B79CA791202D2180B7A1B04497A090637
:104EC000C918891888421FD8FFE7049900918A7C85
:104ED000C87C00028218087D0304487D0006C018C3
:104EE00082188B79C8790002C318087A0404487ABA
:104EF00000060019C018801A020E4A72020C0A72CB
:104F00008871000AC871C7E705B010BD10B592B02E
:104F1000119010910F921198411E8841E449B022DE
:104F2000FFF7EEFC0EA9002008700D90FFE7109827
:104F3000002804D1FFE70EA903200870B3E11198FF
:104F400000780521084204D0FFE70EA9042008706C
:104F5000A9E1119908780422104308700F9811995B
:104F60008B7BCA7B1202D2180B7C1B04497C09067E
:104F7000C9188918884200D98BE111990C918A7C53
:104F8000C87C00028218087D0304487D0006C01812
:104F900080188B79CA791202D2180B7A1B04497ACD
:104FA0000906C9188918401A0D900F980D99884262
:104FB00000D8E5E0119840780B90002809D0FFE771
:104FC0000B98012849D0FFE70B98022800D18DE00B
:104FD000D5E0119909918A78C87800028218087979
:104FE000030448790006C01880188B79CA79120228
:104FF000D2180B7A1B04497A0906C9188918401877
:1050000010990D9AFBF7ACF911980D99FFF72AFF4B
:1050100011990A918A78C8780002821808790304E5
:1050200048790006C01880188B79CA791202D21804
:105030000B7A1B04497A0906C91889184018109977
:105040000D9BC9180F9AD21AFBF78AF911980F997C
:105050000D9A891AFFF706FF91E0119907918A7856
:10506000C878000282180879030448790006C0183D
:1050700080188B79CA791202D2180B7A1B04497AEC
:105080000906C91889184900401810990D9A52004C
:10509000FBF766F911980D99FFF7E4FE1199089155
:1050A0008A78C878000282180879030448790006D3
:1050B000C01880188B79CA791202D2180B7A1B0497
:1050C000497A0906C91889184900401810990D9B9A
:1050D0005A0089180F9AD21A5200FBF741F9119819
:1050E0000F990D9A891AFFF7BDFE48E011990591B5
:1050F0008A78C87800028218087903044879000683
:10510000C01880188B79CA791202D2180B7A1B0446
:10511000497A0906C91889188900401810990D9A0A
:105120009200FBF71DF911980D99FFF79BFE11995D
:1051300006918A78C87800028218087903044879B1
:105140000006C01880188B79CA791202D2180B7A1F
:105150001B04497A0906C918891889004018109952
:105160000D9B9A0089180F9AD21A9200FBF78CF8BF
:1051700011980F990D9A891AFFF774FEFFE772E0F4
:10518000119840780490002808D0FFE7049801287F
:1051900024D0FFE70498022842D063E011990391DC
:1051A0008A78C878000282180879030448790006D2
:1051B000C01880188B79CA791202D2180B7A1B0496
:1051C000497A0906C9188918401810990F9AFBF7EF
:1051D000C7F811980F99FFF745FE43E01199029126
:1051E0008A78C87800028218087903044879000692
:1051F000C01880188B79CA791202D2180B7A1B0456
:10520000497A0906C91889184900401810990F9A57
:105210005200FBF7A5F811980F99FFF723FE21E044
:10522000119901918A78C8780002821808790304DC
:1052300048790006C01880188B79CA791202D218F2
:105240000B7A1B04497A0906C91889188900401885
:1052500010990F9A9200FBF783F811980F99FFF7B6
:1052600001FEFFE7FFE70F9A119900918B7BC87B46
:105270000002C318087C0404487C00060019C0180A
:10528000801A020E4A74020C0A748873000AC873EA
:1052900003E00EA905200870FFE711990878FB22AA
:1052A00010400870FFE70EA8007812B010BDC0468D
:1052B0008A9A000083B002A908700878420901A800
:1052C00002700A781F210A4069460A70007882003D
:1052D000BA4880582722D20180580978C840012155
:1052E000084003B07047C04610B58AB009AC2070C2
:1052F00008A8017007A90A7006A90B700078102889
:105300000AD1FFE708A8017806A80078014001202B
:105310001029029014D0FFE708A801780020002986
:1053200001900AD1FFE708A8007806A9097808408B
:105330001038411E88410190FFE701980290FFE775
:105340000298012108405249B522FFF7D9FA09A86D
:105350000178490905AA117000781F21084004A9A5
:1053600008700020039003984A490843039006A858
:105370000078401E009013284FD80098810001A0AB
:1053800040588746D5530000DB530000E55300002A
:10539000EF5300001B5400001B5400001B5400007E
:1053A0001B5400001B5400001B5400001B54000041
:1053B0001B5400001B5400001B5400001B54000031
:1053C0001B540000F9530000035400000D5400006A
:1053D0000F540000002003901FE0039801210843B0
:1053E00003901AE003982E490843039015E00398B0
:1053F0002A490843039010E00398012108430390D1
:105400000BE0039824490843039006E005E0039865
:105410000121490608430390FFE7039805A909788D
:10542000490104AA12788A181E49895C89001E4A1B
:10543000885008A80078102812D1FFE704A8017846
:105440000120884005A909788A005C498958174AD3
:10545000885009A8007807A9097800F043F8FFE709
:1054600006A80078032806D1FFE709A800780021E4
:1054700000F038F8FFE706A80078042806D1FFE717
:1054800009A80078012100F02DF8FFE70AB010BD4F
:10549000B59A000080000400010000020100020033
:1054A00001000100C891000004804240D0120000B9
:1054B00080B584B010210191002202921123039340
:1054C0001046FFF711FF0199029A039B0120FFF795
:1054D0000BFF0199029A039B0E20FFF705FF04B012
:1054E00080BD000084B00A4603A9087002A80270BB
:1054F0000A78520901AB1A7009781F2211406A46D6
:105500001170007800280ED0FFE76846007801236C
:10551000834001A80078810028484158284A8858CB
:10552000184388500EE0684600780123834001A8A4
:10553000007881002148415895204201885818433D
:105540008850FFE704B0704710B583B002A9087017
:105550000878420901A802700B781F2213406C469C
:105560002370007883001548C0582523DB01C058FC
:1055700009781140C840C00700280FD0FFE76846EF
:1055800000780123834001A8007881000B4841582E
:10559000952042018858184388500DE068460078ED
:1055A0000123834001A80078810004484158044A3F
:1055B000885818438850FFE703B010BD80002020B2
:1055C0009012000080B582B0014601A80170002150
:1055D0004056FEF7DDF802B080BD000006480068C6
:1055E000002802D1FFE772B6FFE703480168491CB3
:1055F000016000687047C04614022020704780B5E3
:1056000084B0029001910298019903F06AF9002890
:1056100003D1FFE70198039012E00298019901225B
:10562000D207514003F047F9002806D1FFE701985F
:105630000121C9074840039002E002980390FFE768
:10564000039804B080BD80B584B0029001910298A7
:10565000019903F046F9002803D1FFE70198039070
:1056600012E0029801990122D207514003F023F978
:10567000002806D1FFE701980121C907484003909F
:1056800002E002980390FFE7039804B080BD82B067
:10569000014601A801800021405E002805D5FFE7F2
:1056A0000198404200B2009004E0002101A8405E51
:1056B0000090FFE7009800B202B0704781B0009000
:1056C000009900200880009948800099087100998D
:1056D0004871009988710099C87100990872009A00
:1056E000F149D1600099086101B0704780B584B07C
:1056F000029001910298019903F0F3F8002803D178
:10570000FFE70198039012E0029801990122D20765
:10571000514003F0D0F8002806D1FFE7019801219D
:10572000C9074840039002E002980390FFE70398FE
:1057300004B080BD83B0034602A8037001910092BB
:105740000078012807D1FFE7019907480860009910
:10575000DA48086006E00199D848086000990248D4
:105760000860FFE703B07047000040C180B594B007
:10577000139012911192109312988078002834D1CE
:10578000FFE71398C079FE2805DCFFE71399C87975
:10579000401CC871FFE71398C079142818DCFFE794
:1057A00013990320087213980221405E002807D540
:1057B000FFE71199B94808601099B748086006E0FA
:1057C0001199B54808601099B4480860FFE708E0EF
:1057D000139904200872119900200860109908603C
:1057E000FFE713990020086153E113990020C87165
:1057F00012998988139A518012990978890700298A
:10580000099008D0FFE712980078C0210840414273
:1058100048410990FFE70998012108400DA9087047
:105820001298017800200906890F0029089008D0F5
:10583000FFE7129800780321084041424841089050
:10584000FFE70898012108400CA908700DA800780E
:1058500000280ED0FFE713980079FE2805DCFFE74B
:1058600013990879401C0871FFE7139900204871CB
:1058700019E00CA8007800280ED0FFE713984079B3
:10588000FE2805DCFFE713994879401C4871FFE7C3
:1058900013990020087105E01399002008711399ED
:1058A0004871FFE7FFE713980079022807DBFFE75D
:1058B0001399012008721399002088710CE0139845
:1058C0004079022807DBFFE7139902200872139939
:1058D00000208871FFE7FFE71398007A012805D0C0
:1058E000FFE71398007A022832D1FFE71298007878
:1058F000C006800F002814D0FFE713998879401C58
:1059000088711398807903280ADBFFE71399002038
:105910000872139988711298808813990880FFE79C
:1059200003E0139900208871FFE71398007A00289C
:105930000DD0FFE71398007A1199109AFFF7FAFE3D
:1059400013995E48C86013995D480861A1E003E0BF
:10595000139900200872FFE712988088139909882C
:10596000401A0FA90591088012980421405EFFF7A4
:105970008EFE01460598079100210691405EFFF7D3
:1059800086FEFBF7DFFC464903F01EF9FBF778FCC7
:1059900006990246079882180EA80280405EFBF71F
:1059A000D1FC404903F010F93F4903F049F80B904E
:1059B0000B983E4902F07FFF002803D1FFE73B48E8
:1059C0000B90FFE70B981399C96802F074FF002849
:1059D00004D1FFE70B981399C86015E01398049061
:1059E000C0687F21C90503F02BF80499C86013989B
:1059F000C0680B9902F075FF002804D1FFE70B98EF
:105A00001399C860FFE7FFE712980421405EFBF797
:105A100099FC0190002103910FA8405EFBF792FCD6
:105A2000234903F0D1F8014601980291214903F07E
:105A3000CBF8029903F004F80A900A981E49FFF780
:105A400055FE03990A900A9802F058FF00280CD1DD
:105A5000FFE71398C068119908601398C0680A9905
:105A600003F00AF9109908600BE01398C0680A99CE
:105A700002F0E6FF119908601398C0681099086059
:105A8000FFE712988088139908800A981399086193
:105A9000FFE714B080BDC0460000B041000020C147
:105AA000CDCCCC3DCDCCCCBD00008C420000F04133
:105AB000CDCC4C3EB81E053E00005C420000E041EB
:105AC0000000204280B584B03920102101910022CD
:105AD000039211230293FFF707FC0199029B039A9B
:105AE0003220FFF701FC0199029B039A3520FFF752
:105AF000FBFB039A362003231146FFF7F5FB04B0A6
:105B000080BD000080B586B0059002A90020088005
:105B1000059908700599487004A90870FFE704A862
:105B2000007807282EDCFFE704A8007800F048F88A
:105B3000052002F059FA3620FFF7BCFB411E48420F
:105B4000414103A801700078002815D0FFE704A8A0
:105B5000017801238B40059A117819431170059A39
:105B60005178491C5170007841001448415A0298FC
:105B7000401802A90880FFE7FFE70498401C04A929
:105B80000870CCE705994878421E904188700598C6
:105B9000807800280BD0FFE7002102A8405E05991D
:105BA00001914978FAF78CFC0199888003E0059906
:105BB00000208880FFE706B080BDC0460492000048
:105BC00080B582B0014601A8017001780120014032
:105BD0003920FFF787FC01988007C10F3220FFF7BB
:105BE00081FC01984007C10F3520FFF77BFC02B014
:105BF00080BD0000F0B5FFB0AAB000202E90A890A4
:105C0000A7A90870A6A90870A5A90870A4A908707A
:105C1000A3A90870A2A90880A1A90880A0909F90BC
:105C20009E909D909C909B909AA9088099A908802D
:105C300098909790779076907590749073907F215C
:105C4000C905729171A9087070A90870EF48FEF734
:105C5000A1FDE120410201202C90FE4AFE4B02F002
:105C6000E9FB4B20C1010320FC4AFD4B02F0E2FBA3
:105C7000FDF728FF2E9A302010212B9111232D9310
:105C8000FFF732FB2B992C9A2D9B0720FFF72CFB5B
:105C900002F01AFA02F034FD90A802F02FF889A859
:105CA00002F02CF8FFF70EFF82A8FFF707FD7DA892
:105CB000FDF734FE78A801F0F7F9FEF75FFC2E98A7
:105CC000FEF71AFC2E98E749FEF7B8FCE6490420D7
:105CD000FEF7B4FCE548FEF766F900F053FD6420DA
:105CE00002F05EF97D20800000F0E4FB00F0E0FDB2
:105CF000002804D0FFE7DE48FEF755F90BE0DD4849
:105D0000FEF751F9DC490220FEF798FCDB4904203C
:105D1000FEF794FCFFE774A873A972AA00F006FDD1
:105D20007498FBF7D3F9249025917398FBF7CEF97B
:105D3000269027917298FBF7C9F9249A259B04466F
:105D400026980D4627990395029401910090CC491D
:105D500030A82890FAF7CCFA2898FEF724F9072003
:105D6000299000212A91FFF7BDFBC82002F018F905
:105D700029980121FFF7B6FB2A98769076997DA89D
:105D8000FDF7EAFD2A98FEF7B7FB00F091FD002829
:105D900017D0FFE7BB490020FEF750FCBA490220AC
:105DA000FEF74CFCB9490420FEF748FCB849062030
:105DB000FEF744FCB748FEF7F6F8B748FEF7F3F8ED
:105DC00013E0B6490020FEF739FCB5490220FEF782
:105DD00035FCB4490420FEF731FCB3490620FEF738
:105DE0002DFCB248FEF7DFF8FFE7B148FEF7DBF81D
:105DF000B048FEF7D8F8B048FEF7D5F8002002F01A
:105E000073FC9E90012002F06FFC9D90AB48AC4962
:105E1000FEF7DCF8FEF730F9FFE70A2002F0C0F8E1
:105E2000A298401CA2A90880FEF7B0FAA3A90870A6
:105E3000FDF778FF0146A4A801700078002804D07F
:105E4000FFE7A498A3A90870FFE7A3A8007801289A
:105E50001DD1FFE7A5A900200870A1A9088098908E
:105E60009790759071A9087070A908707DA8FDF7CA
:105E700064FD90A801F07AFF89A801F077FF02F095
:105E80009DF9FEF7F3F88F48FEF78DF887E0A3A899
:105E9000007802282DD1FFE7A5A9012023900870E2
:105EA000A1A900202290088098909790759071A9E0
:105EB000087070A9087000F035FC769076997DA87E
:105EC000FDF74AFD90A801F051FF89A801F04EFFAF
:105ED000229802F009FC014623989E9102F004FCEE
:105EE0009D9002F06BF9FEF76BF87748FEF75BF8D0
:105EF00054E0A3A80078032834D1FFE700F0D8FCD1
:105F000000280DD1FFE771A90020087070A9087062
:105F100002F054F9FEF7AAF86C48FEF744F820E0C6
:105F2000A5A900200870A1A9088071AA01211170FB
:105F300070A9087000F0F6FB76907DA82190FDF71F
:105F4000FCFC21987699FDF707FD90A801F00EFF63
:105F500089A801F00BFFFEF733F85D48FEF723F840
:105F6000FFE71AE0A3A80078042815DBFFE7A3A841
:105F70000078092810DCFFE7A3A80078FEF7D0F925
:105F80000246544930A82090FAF7B2F92098FEF75B
:105F90000AF8FEF76BF8FFE7FFE7FFE7FFE7A4A8C3
:105FA000007814282CD1FFE7A5A900201E900870C6
:105FB000A1A9088071A9087070A90870989097909D
:105FC00090A801F0D3FE89A801F0D0FE02F0F6F807
:105FD0004148FDF7E8FF7D20800000F06BFA1E9835
:105FE00000F092FC1E9876907DA81F90FDF7A5FC0E
:105FF0001F987699FDF7B0FC3848FDF7D4FF7CE098
:10600000A4A8007815286DD102E0C04600B4C404ED
:1060100078A801F043F8FBF759F819901A9179988C
:10602000FBF754F81B901C917A98FBF74FF8199ADC
:106030001A9B04461B980D461C99039502940191E6
:106040000090274930A81D90FAF752F91D98FDF7E6
:10605000AAFF51E026200100272001002220030092
:1060600023200300DB990000409900001F940000EA
:1060700064960000619400005C9900007C99000027
:10608000A698000089990000159A00001C9900004C
:10609000C699000085960000969400009F99000024
:1060A0006B9900004E990000B09900008F95000098
:1060B000DA95000036940000D2970000F944000001
:1060C0003D4600000798000011980000319800003C
:1060D0001F980000C9980000F69700001E97000066
:1060E0007D980000A4A80078162804D1FFE7DF48B7
:1060F000FDF759FFFFE7FFE7FFE787A8FFF702FD7E
:10610000A5A80078002808D1FFE771A8007800282A
:1061100003D1FFE700F030FC02E000F0FDFDFFE7F7
:1061200000F000FB7790A5A8007800280CD0FFE7CE
:10613000A1A80088FF212C31884205DCFFE7A19847
:10614000401CA1A90880FFE771A80078002855D05D
:10615000FFE776997DA81890FDF7FEFB18987799D0
:10616000C34A0392412212060292C24A01920023BC
:106170000093C14AFDF72CFC75907E982F9070A873
:106180000078002813D1FFE72F98BC4902F0A9FB43
:10619000002807D1FFE72F98B94902F0AFFB00288C
:1061A00004D1FFE770A901200870FFE716E02F98DF
:1061B000B44902F096FB00280FD1FFE72F987F210A
:1061C000C90502F078FB002807D1FFE770A900207D
:1061D00008707DA8FDF7B1FBFFE7FFE770A8007826
:1061E000002803D1FFE700207590FFE77598012193
:1061F000C90748409890759897901AE0A5A800782C
:10620000002807D0FFE7A1A80088FF212C31884291
:1062100005DCFFE7002098909790759008E082A831
:1062200087A998AA97ABFFF7A1FA00207590FFE71E
:10623000FFE771A8007800280AD0FFE790A89349EB
:10624000179101F0A7FD179989A801F0A3FD09E0B6
:1062500090A88D49169101F09DFD169989A801F02D
:1062600099FDFFE7989990A801F0A7FD979989A853
:1062700001F0A3FDA2A80078C007002842D1FFE7E3
:106280000020139002F030FAA0900120159002F047
:106290002BFA9F90A0999E98401A9C909F989D9948
:1062A000401A9B90A0989E909F989D909C999B9A35
:1062B00078A800F009FF13989C9900907F20C305EF
:1062C000129390A8724A119201F0CCFD119A129B80
:1062D000014613989AAC149421809B99009089A848
:1062E00001F0C0FD0146139899AA1180999949427D
:1062F00009B201F03FFF139A14991598895E01F0D5
:1063000039FFFFE7A798411CA7A801700078322841
:1063100067DBFFE7A7A9002008703020FFF714F91A
:10632000FDF7A0FE00285BD1FFE79898FAF7A8FFD9
:106330000F909798FAF7A4FF0F9A0346554930A893
:106340001090F9F7D5FF10990020FEF777F97798AC
:10635000FAF7BCFE024610980B464F49F9F7C8FF02
:1063600010990220FEF76AF971A80078002810D071
:10637000FFE770A80078002805D0FFE74A4904200D
:10638000FEF75CF904E047490420FEF757F9FFE700
:106390000FE0A5A80078002805D0FFE740490420B9
:1063A000FEF74CF904E03D490420FEF747F9FFE70A
:1063B000FFE7A5A800780D90A1A800880A21FAF7A8
:1063C00075F80D9A034687A800780090374930A8E1
:1063D0000E90F9F78DFF0E990620FEF72FF9FFE7D3
:1063E000FFE7A698411CA6A80170007864283BDB53
:1063F000FFE7A6A900200870A5A80078002832D1E0
:10640000FFE771A8007800282DD1FFE700F066FAB9
:1064100009907798FAF75AFE0A900B9100F0AEF9BE
:10642000FAF754FE08900C4687A805780421465ECA
:1064300078A800F033FEFAF749FE089B099A074650
:106440000A9807910B990697059604950394029371
:1064500001910090164930A80C90F9F749FF0C986B
:10646000FDF794FDFFE7FFE7D7E4C046D2970000B1
:10647000A913503C00009041CDCC4C3F000020C0FF
:1064800000002040000080BF00007A440000164455
:1064900000002041FB990000099A000002990000C9
:1064A0000F9900003499000028990000EB99000032
:1064B0004D98000080B5A0B01FA9088000201E9054
:1064C0001D901C901B901A901990944800780028F9
:1064D00001D1FFE720E11FA80088002805D1FFE7D0
:1064E0007D2080001FA90880FFE714A900200880F4
:1064F000FFE714A800881FA9098888423EDAFFE751
:106500003B2015A90D910E2200F0A8FD0D98FDF776
:10651000CFFA02460D981E9989181E91801CFDF72E
:10652000C7FA02460D981D9989181D91001DFDF7A7
:10653000BFFA02460D981C9989181C910830FDF786
:10654000B7FA02460D981B9989181B910A30FDF77E
:10655000AFFA02460D981A9989181A910C30FDF776
:10656000A7FA0146199840181990042001F018FD67
:10657000FFE71498401C14A90880BAE71E98FAF7A0
:10658000E1FE06901FA808900088FAF7E3FE014696
:106590000698FAF7C5FD13901D98FAF7D3FE014649
:1065A000089807910088FAF7D5FE01460798FAF790
:1065B000B7FD12901C98FAF7C5FE0146089809919C
:1065C0000088FAF7C7FE01460998FAF7A9FD11906D
:1065D00013980A901299084602F0F6FA0A990B905D
:1065E000084602F0F1FA0B9902F02AFA0C90119980
:1065F000084602F0E9FA0C9902F022FA10908D2078
:10660000C0050F9010987F21C90502F06AF9002893
:1066100030D1FFE70EA900200870FFE70EA8007830
:10662000052814DCFFE70F9905911098FAF778FD1B
:106630000146059802F004FA3F21090602F0C4FA67
:106640000F90FFE70E98401C0EA90870E6E713981C
:106650000F99FAF765FD4649086012980F99FAF705
:106660005FFD4449086011980F99FAF759FD4249B6
:10667000086009E03E49002008603E4908603E4944
:106680007F20C0050860FFE71B98FAF75BFE0090CB
:106690001FA802900088FAF75DFE01460098FAF7FD
:1066A0003FFD1F490491FAF73BFD7C4908601A98A9
:1066B000FAF748FE0146029801910088FAF74AFE6F
:1066C00001460198FAF72CFD0499FAF729FD74495F
:1066D00008601998FAF736FE01460298039100887F
:1066E000FAF738FE01460398FAF71AFD0499FAF70B
:1066F00017FD6C4908609D49002008606A490860E0
:106700009C4908606949012008707349087000F0CD
:106710009FFC61490860FFE720B080BD190220207E
:1067200033338341914800687047C04683B002907C
:10673000019100920298002805D0FFE70C480068FC
:1067400002990860FFE70198002805D0FFE7094893
:10675000006801990860FFE70098002805D0FFE76E
:106760000548006800990860FFE703B07047C0461D
:106770006402202068022020880020204A48006807
:106780007047C04680B588B007A900200590087002
:106790000090404868210A22012300F0A3FE6420F3
:1067A00001F0FEFB059806A90870FFE706A800782F
:1067B00013281DDCFFE7752007A90491012200F0D2
:1067C0004DFC04980078682805D0FFE707A80078FA
:1067D000702801D1FFE70BE02E4801F043F91420A7
:1067E00001F0DEFBFFE70698401C06A90870DDE714
:1067F00007A8007868280DD0FFE707A80078702860
:1068000008D0FFE73F490020087033490870264947
:1068100008603CE06B200121039100F02FFC322046
:1068200001F0BEFB1920072100F028FC1A200321EB
:1068300000F024FC1B20182100F020FC1C2000216B
:10684000029100F01BFC03990620019001F012FD5B
:10685000019801F0C5FD00F0FBFB02990246039888
:106860000D4B1A60274A10701B4A11700B4A1160B9
:106870000B4A11600B4A11603C4A11603C4A11609E
:10688000094A11603B4A116008490870FFE708B0E7
:1068900080BDC0466C02202040022020080220203B
:1068A0000C0220201002202000022020A80020201E
:1068B00081B01448017800200029009006D0FFE73D
:1068C00005480078411E88410090FFE700980121AB
:1068D000084001B07047C0461802202080B582B041
:1068E00001A9FF200870F1480078002806D0FFE7D2
:1068F000752001A9012200F0B1FBFFE701A8007893
:1069000002B080BD1902202080B584B003900398A6
:10691000F74908600398F7490860F34900200860C8
:10692000FFE7F3480068F44901F0DBFF002809D1D4
:10693000FFE7EF4802900068F54902F081F80299FC
:106940000860EEE7FFE7EA480068EC4901F0B3FFB2
:10695000002809D1FFE7E64801900068EB4902F002
:106960006FF801990860EEE704B080BDE4022020D2
:10697000E80220203C02202080B5ACB0CB48007853
:10698000002801D1FFE78FE100F062FB1D90C848AD
:106990000078002807D0FFE7C549002008701D983F
:1069A000DC49086080E11D9800F0E0FA1E901E9816
:1069B000002101F08BFF002801D1FFE774E13B20AB
:1069C00028A913910E2200F049FB1398FDF770F8E7
:1069D000FAF7B8FC7121C905129102F0F5F80146E9
:1069E00013982791801CFDF763F8FAF7ABFC129916
:1069F00002F0EAF8014613982691001DFDF758F8B9
:106A0000FAF7A0FC129902F0DFF8014613982591DD
:106A10000830FDF74DF8FAF795FCA6491491FAF7FE
:106A20007FFB0146139824910A30FDF741F8FAF7ED
:106A300089FC1499FAF774FB0146139823910C30E2
:106A4000FDF736F8FAF77EFC1499FAF769FB229005
:106A500024989949096802F00FF99849159108603E
:106A600023989749096802F007F99649169108603A
:106A700022989549096802F0FFF815990246169880
:106A8000924B1A931A6009681891914909681791F5
:106A900000689049096802F097F81799024618981B
:106AA000199202F091F8199901F0CAFF01461A985B
:106AB0001B9100688849096802F086F81B9901F06B
:106AC000BFFF21902198854901F00BFF00280BD1D1
:106AD000FFE721987D21C90501F0EDFE002803D1D3
:106AE000FFE700202190FFE721987D49FEF7ABFDED
:106AF000219021987B4908607B480068002101F0C3
:106B0000CFFE00280DD0FFE77648119000681E994F
:106B100002F05AF801461198209100687249086005
:106B200015E071480F9000686E491091096801F0F6
:106B300087FF3F21090602F047F81E9902F044F84A
:106B40000F9902461098209200680860FFE720988D
:106B50006649FEF778FD2090209965480D90006801
:106B600001F06EFF0D9908602099FB480E900068B7
:106B700001F066FF0E990860FFE7F6480068F749E4
:106B800001F0AFFE002809D1FFE7F2480C90006841
:106B9000F54901F055FF0C990860EEE7FFE7ED4875
:106BA0000068EF4901F087FE002809D1FFE7E948B6
:106BB0000B900068EB4901F043FF0B990860EEE78A
:106BC000279808902699084601F0FEFF0899099039
:106BD000084601F0F9FF099901F032FF0A90259962
:106BE000084601F0F1FF0A9901F02AFF1F901F9853
:106BF000434901F025FF1C901C98002101F05BFE29
:106C0000002806D1FFE71C980121C90748401C90C5
:106C1000FFE73C480078002846D0FFE71C983A4937
:106C200001F049FE00283FD1FFE72198BF21090666
:106C300001F057FE002837D1FFE721983F210906D0
:106C400001F039FE00282FD1FFE72498B4490291C2
:106C50000968019102F010F8F649059101F0B4FFBE
:106C6000019901F0EDFE029908602398AE49049164
:106C70000968039102F000F8059901F0A5FF039956
:106C800001F0DEFE049908602298A949079109687D
:106C9000069101F0F1FF059901F096FF069901F0C8
:106CA000CFFE07990860FFE72CB080BD19022020B5
:106CB000A8002020333383410802202048022020EE
:106CC0000C0220204C022020100220205002202004
:106CD000640220206802202088002020000080BE5E
:106CE0000000FA43000220203C0220200000A040C7
:106CF000E4022020E802202000003443000034C3D6
:106D0000000080BF180220209A99993E0000B443E9
:106D10000000B4C34002202080B596B07D480078C2
:106D2000002801D1FFE7F2E000F092F910907A48D4
:106D30000078002807D0FFE77749002008701098F6
:106D4000B6490860E3E0109800F010F9119011982E
:106D5000002101F0BBFD002801D1FFE7D7E043206F
:106D600014A90791062200F079F90798FCF7A0FE14
:106D7000FAF7E8FA69490891FAF7D2F96849096817
:106D800001F07AFF01460798664A09921160801C5B
:106D9000FCF78EFEFAF7D6FA0899FAF7C1F96249BC
:106DA000096801F069FF01460798604A0A9211607C
:106DB000001DFCF77DFEFAF7C5FA0899FAF7B0F95D
:106DC0005B49096801F058FF099902460A98594B36
:106DD0000E931A6009680C91574909680B91006875
:106DE0005649096801F0F0FE0B9902460C980D9285
:106DF00001F0EAFE0D9901F023FE01460E980F9175
:106E000000684F49096801F0DFFE0F9901F018FE94
:106E1000139013984B4901F064FD00280BD1FFE754
:106E200013987D21C90501F046FD002803D1FFE735
:106E300000201390FFE713987C49FEF704FC1390A1
:106E400013984149086041480068002101F028FD7D
:106E500000280DD0FFE73C4806900068119901F02A
:106E6000B3FE01460698129100683849086015E0A3
:106E700036480490006834490591096801F0E0FD46
:106E80003F21090601F0A0FE119901F09DFE049931
:106E900002460598129200680860FFE712982C4994
:106EA000FEF7D1FB129012992A480290006801F077
:106EB000C7FD02990860129927480390006801F005
:106EC000BFFD03990860FFE722480068234901F0ED
:106ED00008FD002809D1FFE71E48019000682249FB
:106EE00001F0AEFD01990860EEE7FFE71948006880
:106EF0001B4901F0E0FC002809D1FFE7154800908C
:106F00000068184901F09CFD00990860EEE716B092
:106F100080BDC04619022020A800202033338341C1
:106F200008022020480220200C0220204C022020B1
:106F3000100220205002202064022020680220201D
:106F400088002020000080BE000220203C0220207B
:106F50000000A040E4022020E8022020000034438A
:106F6000000034C30000B4430000B4C380B584B053
:106F700002902A48006800280AD1FFE702982749B2
:106F800008602749002008602B490860039041E011
:106F9000029822490A68801A0190029808600198B4
:106FA0001F49086001981F49884208D3FFE70198EC
:106FB000FAF7D0F91C49FAF7B3F8009004E0019809
:106FC000FAF7C8F90090FFE70098184901F073FC40
:106FD000002806D1FFE718491B4808601B480390AA
:106FE00018E00098124901F07CFC002806D1FFE768
:106FF000114913480860134803900BE000980D49AD
:1070000001F0E2FD0C49086000980C4901F0DCFD3C
:107010000390FFE7039804B080BDC04640022020E3
:1070200054022020410D03000000A0420000FA435A
:10703000005043476F12833A44022020BD37863503
:1070400000004842CDCC4C3D000020410BD7233CF2
:10705000D64880690321C9024058704780B584B082
:10706000034603A80370029101920178029A019BE2
:10707000094800F07BFA04B080BDC04680B582B0FC
:107080000A4601A908706846027009780278024829
:1070900000F008FE02B080BD6C02202081B000909C
:1070A0000098006801B0704781B0009000990020FE
:1070B000086000994860009988600099C86000994C
:1070C000087401B07047000080B592B01190109123
:1070D0000F921098002806D5FFE710984042FAF763
:1070E00031F90A9004E01098FAF72CF90A90FFE7BA
:1070F0000A980C900F98002806D5FFE70F98404299
:10710000FAF720F9099004E00F98FAF71BF90990B3
:10711000FFE709980B900C982749019101F054FD65
:1071200001990E900B9801F04FFD0D900E9811995A
:107130000391496802912149069101F045FD0299A8
:1071400001F07EFC039A069950600D98119A059201
:107150009268049201F038FD049901F071FC0599E0
:1071600088600E980D9901F06BFC3F21090601F033
:107170002BFD0699119A08921268079201F024FDDE
:10718000079901F05DFC089908601198C0680C49E6
:1071900001F0A7FB00280CD1FFE711990868C96826
:1071A00001F0ACFB002804D1FFE71199012008741D
:1071B000FFE712B080BDC046D752AD3DCDCCCC3D2F
:1071C0000AD7233C82B00190009102B070470000C2
:1071D00010B592B0119010910F9211A841880F2014
:1071E00001400EA8029001700078032101F014F80C
:1071F000B54903916422FDF783FB0F99B14A012041
:10720000002304939142059001D3049805900399BB
:1072100005986622FDF774FB0298007800F0EAFFFB
:10722000119801040A0FC0B210211323FCF7CAFA07
:10723000029811998A0B3C210A40A44989580D9162
:107240000D9A5B4B2221D1505A490C9100780228AB
:1072500005D0FFE70EA80078052804D1FFE70C98B9
:1072600040080C90FFE70EA8007806280BD1FFE736
:107270000C981099F9F71AF90B9008A900200870DA
:1072800007A908702BE00C981099F9F70FF90B90EB
:107290000BA841880A910A99090A08AA1170008866
:1072A000002812D1FFE70AA8007800280DD1FFE7D7
:1072B0000898401E08A908700A980978491CF9F72F
:1072C000F5F8401E07A9087008E00A9808A909788F
:1072D000491CF9F7EBF807A90870FFE7FFE70B98DF
:1072E00008A900910978491CF9F7E0F807A901916C
:1072F0000978491CF9F7DAF8009902460198521EFC
:1073000009920D9B2C4C08221A5109780D9A0123E1
:107310001C03115100780D99284A885009980D993D
:107320006B4A885011980002000F069011980002D5
:10733000000F83400D99112002028858184388508D
:107340000698012813D8FFE7069A900551070843CD
:107350000D99D207520F8918194A88500D9806992D
:10736000C907490F4118194A1748885012E0069A70
:107370009005510708430D99D207520F8918104AFA
:1073800088500D980699C907490F41180D4A0E48B3
:107390008850FFE711980F9900F01AF80D99044AE8
:1073A000885801231843885012B010BD909B0000EC
:1073B0000418000000B4C404081000000C11000000
:1073C0003018000078180000010400007018000058
:1073D00080B58CB00B900A910A993A4A012000239B
:1073E00004939142059001D304980590059836497D
:1073F0003622FDF785FA0B98810B3C20014033487B
:107400004058099009983249405808900898F9F76F
:10741000A1FF03900A98F9F79DFF2E49F9F780FE26
:107420000146039801F0D0FBF9F750FF07900B9845
:107430000002000F06900698012815D8FFE707986C
:107440000899884204D1FFE70898401C029002E0A6
:1074500007980290FFE702980999069AD207520FFF
:1074600089181E4A885014E007980899884204D168
:10747000FFE70898401C019002E007980190FFE7A1
:1074800001980999069AD207520F8918124A885012
:10749000FFE70A98002809D1FFE7069801238340F7
:1074A00009990F4A88581843885008E00698012324
:1074B000834009990A4A885898438850FFE70CB0DE
:1074C00080BDC04611270000E09A0000909B00009C
:1074D0000818000000401C46181800001018000092
:1074E00004110000B0B58AB004460E98099408ACA7
:1074F0002170079206A901910B7005A902910870ED
:107500000998411E8841D7490091164AFDF7F8F9BC
:1075100000990198029A00781278801A421E9041D0
:10752000114AFDF7EDF9019802990278099B1A605A
:107530000978099A51600899099A11720799099A6C
:10754000D160007810210391012204921123FDF7EC
:10755000CBFE02980399049A00781223FDF7C4FE2B
:107560000AB0B0BDDE020000DF02000010B586B038
:10757000059004A801900170039202930598411EA2
:107580008841B84900911D4AFDF7BAF9009903985E
:10759000421E904101225202FDF7B2F9059800F017
:1075A000F5F90598017A4906090E00F05DF901998F
:1075B0000598097800F058F9059800F0E7F9059862
:1075C000017A4900491CC9B200F04EF9FFE7029860
:1075D000411E029100280BD0FFE7059802994A420C
:1075E000514100F00DF803994A1C03920870EEE730
:1075F000059800F037FA06B010BDC046FF01000044
:1076000080B58AB0099008A801700998411E884188
:10761000DB49C322FDF774F907A90020087006A909
:1076200008200870099800681F22014611400123B4
:107630008B4040098100D348415895204201885829
:10764000184388500998C0680590FFE70598411EC7
:107650000591002801D0FFE7F8E7099840681F224C
:107660000146114001238B4040098100C548415823
:10767000C54A885818438850FFE706AA1078411E6B
:107680001170002842D0FFE7099800681F220146C8
:10769000114001238B4040098100F048415895205A
:1076A00042018858184388500998C0680490FFE741
:1076B0000498411E0491002801D0FFE7F8E70998DB
:1076C00000681F220146114001238B4040098100C0
:1076D000E2484158E24A8858184388500998C068DF
:1076E0000390FFE70398411E0391002801D0FFE7B4
:1076F000F8E707984000019009980079FDF7DAFD56
:1077000001460198084307A90870B6E70998006880
:107710001F220146114001238B4040098100CF48C0
:107720004158952042018858184388500998C068EC
:107730000290FFE70298411E0291002801D0FFE766
:10774000F8E7099808A9097800F004F807A8007874
:107750000AB080BD70B586B0059004A80190017094
:107760000598411E8841F3496A22FDF7C9F801983E
:10777000059909681F230A461A40012494404909C3
:107780008A00ED498A5895214B01D1582143D150A7
:107790000078002810D0FFE7059840681F220146B6
:1077A000114001238B4040098100E3484158E34ADE
:1077B00088581843885010E0059840681F220146F9
:1077C000114001238B4040098100DB48415895203E
:1077D0004201885818438850FFE70598C068039015
:1077E000FFE70398411E0391002801D0FFE7F8E767
:1077F000059800681F220146114001238B40400973
:107800008100CD484158CD4A885818438850059882
:10781000C0680290FFE70298411E0291002801D043
:10782000FFE7F8E7059800681F240146214001237F
:107830001E468E4040098100BF48425895214D01A7
:10784000515931435151059949680A4622409340A4
:10785000490989004158F94A88581843885006B0A8
:1078600070BDC0460A9B000080B586B0059004A894
:1078700001700598411E8841EE49A822FDF740F8A5
:1078800003A980200870FFE703A8007800286FD0C4
:10789000FFE704A8007803A90978084210D0FFE7A1
:1078A000059840681F220146114001238B40400982
:1078B0008100E1484158E14A88581843885010E057
:1078C000059840681F220146114001238B40400962
:1078D0008100D94841589520420188581843885062
:1078E000FFE703A90878400808700598C0684008B9
:1078F0000290FFE70298411E0291002801D0FFE7A5
:10790000F8E7059800681F220146114001238B40CB
:1079100040098100C8484158C84A885818438850CF
:107920000598C0680190FFE70198411E0191002869
:1079300001D0FFE7F8E7059800681F2201461140D3
:1079400001238B4040098100BB48415895204201EA
:107950008858184388500598C06840080090FFE791
:107960000098411E0091002801D0FFE7F8E78BE75F
:10797000059800F0E5F8401E411E884106B080BD24
:107980000A9B0000800020209012000070B584B097
:1079900003900398411E8841D7494122FCF7B0FF6C
:1079A000039800681F250146294001231E468E408A
:1079B00040098100A0484458A04AA1583143A15031
:1079C000039949680C462C40A34049098900415855
:1079D0008858184388500398C0680290FFE70298BF
:1079E000411E0291002801D0FFE7F8E703984068A4
:1079F0001F220146114001238B40400981008E481F
:107A00004158952042018858184388500398C0680F
:107A10000190FFE70198411E0191002801D0FFE786
:107A2000F8E7039800681F220146114001238B40AC
:107A300040098100804841589520420188581843E8
:107A400088500398C0680090FFE70098411E00919D
:107A5000002801D0FFE7F8E704B070BD80002020C7
:107A60009012000070B584B003900398411E8841C5
:107A7000A1495522FCF744FF039840681F250146A1
:107A8000294001231E468E40400981006A4844581F
:107A900095214A01A1583143A150039909680C4628
:107AA0002C40A34049098900415888581843885000
:107AB0000398C0680290FFE70298411E02910028D7
:107AC00001D0FFE7F8E7039800681F220146114044
:107AD00001238B404009810057484158574A885834
:107AE000184388500398C0680190FFE70198411E31
:107AF0000191002801D0FFE7F8E7039840681F22B2
:107B00000146114001238B40400981004A484158F9
:107B10004A4A8858184388500398C0680090FFE785
:107B20000098411E0091002801D0FFE7F8E704B05B
:107B300070BDC0460A9B000080002020901200000B
:107B400070B586B005900598411E88416A49862225
:107B5000FCF7D6FE04A900200870059800681F24D1
:107B60000146214001231E468E40400981003248D3
:107B7000425895214D015159314351510599496858
:107B80000A46224093404909890041582B4A8858A7
:107B9000184388500598C0680390FFE70398411E7A
:107BA0000391002801D0FFE7F8E7059800681F223D
:107BB0000146114001238B40400981001E48415875
:107BC0001E4A8858184388500598C0680290FFE7FD
:107BD0000298411E0291002801D0FFE7F8E70598BE
:107BE0000079FDF767FB002804D0FFE704A9012016
:107BF0000870FFE7059800681F2201461140012325
:107C00008B40400981000C4841589520420188581A
:107C1000184388500598C0680190FFE70198411EFD
:107C20000191002801D0FFE7F8E704A8007806B02A
:107C300070BDC0460A9B000080002020901200000A
:107C400080B584B00390029101920398411E88414F
:107C500029490091FA22FCF753FE00990298421E2E
:107C60009041FB22FCF74CFE0398FFF78FFE039830
:107C7000017A4906090EFFF7F7FDFFE70198411E5B
:107C80000191002808D0FFE7039802994A1C02924C
:107C90000978FFF7E9FDF1E70398FFF7E3FE04B089
:107CA00080BDC04680B586B0059004A801900170E3
:107CB00003A8029002700598411E88410E49FF22D8
:107CC0003A32FCF71DFE0598FFF760FE0598017A31
:107CD0004906090EFFF7C8FD019905980978FFF7D5
:107CE000C3FD029905980978FFF7BEFD0598FFF7D7
:107CF000B9FE06B080BDC0460A9B000081B000906E
:107D000000990020086000994860009988600099F7
:107D1000C86000990861009948610099014888612C
:107D200001B0704700007A4480B582B001900091A4
:107D30000198009900F0D5FD002803D1FFE70098D5
:107D4000019010E0019800990122D207514000F003
:107D5000B2FD002806D1FFE700980121C90748407D
:107D60000190FFE7FFE7019802B080BD80B584B0C5
:107D7000039003980068029003988069019003982B
:107D8000FFF7BCFF02980399086001980399886186
:107D900004B080BD80B582B00190009100980021B0
:107DA00000F089FD002803D1FFE700200090FFE7E5
:107DB00000980199886102B080BD80B582B00190C1
:107DC00000910098002100F06BFD00281ED1FFE714
:107DD00001980068002100F084FD002807D1FFE72A
:107DE0000098002100F08AFD00280FD1FFE70198DC
:107DF0000068002100F05FFD00280BD1FFE700982C
:107E0000002100F06EFD002804D1FFE70198FFF784
:107E1000ADFFFFE700980199086002B080BD000047
:107E200080B582B000900098002100F05AFD002833
:107E300004D1FFE77F20C00501900DE000980021EC
:107E400000F039FD002803D1FFE70548019003E069
:107E5000FFE700200190FFE7019802B080BDC04617
:107E6000000080BF10B594B0169C12901191109232
:107E70000F931198F9F766FA454900F0A5FE4549B8
:107E8000F9F74EF91299486012990B914868896880
:107E90000A9100F0F1FE7D21C90500F095FE0A99D6
:107EA00000F0CEFD0B99886012980068002100F068
:107EB000F7FC002807D0FFE71298FFF757FF13A938
:107EC000002008805EE012990868896800F0D4FEFE
:107ED0000E90109801900E980490129905910969DE
:107EE000039100F0C9FE049900900F9800F06CFE19
:107EF000009902460198029200F066FE029900F095
:107F00009FFD0399079016980690084600F098FD8B
:107F10000146049800F0B0FE0599496900F090FD13
:107F20000146069800F050FE079900F089FD0D907B
:107F30001298C0680D9900F083FD17490991FFF769
:107F4000F3FE1299C8601299086948610E98129957
:107F5000086112980068FFF763FF129A9169D2686E
:107F6000089200F031FE089900F06AFD09990C9022
:107F70000C98FFF7D9FE0C900C98F9F781F913A92A
:107F80000880FFE7002113A8405E14B010BDC04672
:107F900000606A4700683F470000FA4570470000EC
:107FA00081B000901C490F4808601C4900200860FF
:107FB0001B4905200860FFE70098411E009100283A
:107FC0000ED0FFE7FFE716480068C003002801D481
:107FD000FFE7F8E712490868012210430860EBE761
:107FE00001B070478038010081B0009000995020A6
:107FF00048430949086009490020086008490520EC
:108000000860FFE706480068C003002801D4FFE7C6
:10801000F8E701B07047C04614E000E018E000E067
:1080200010E000E010B588B007AC207006A8017021
:10803000059204A80290038000210191405E00F0A7
:1080400071F80199024602980280405E01280EDB19
:10805000FFE707A800780121FDF744FA06A8007899
:108060000021FDF73FFA049803A9088024E00021CD
:1080700004A8405E00280FD5FFE707A8007800217C
:10808000FDF730FA06A800780121FDF72BFA0498D5
:10809000404203A908800EE007A800780021009163
:1080A000FDF720FA009906A80078FDF71BFA009862
:1080B00003A90880FFE7FFE7059803A90988FFF7F0
:1080C00087F908B010BD000080B584B033201021BE
:1080D00000910022039211230193FDF705F9009905
:1080E000019B039A3120FDF7FFF80099019B039A49
:1080F0000846FDF7F9F80099019B039A3820FDF72F
:10810000F3F8039A2C4806490291FFF761F80299A7
:10811000039A2848FFF75CF800F050F804B080BDDF
:10812000204E000081B00146684601800021405E7B
:108130000C49884204DBFFE769460D4808800BE0E4
:1081400000216846405E0849884204DCFFE7694632
:1081500006480880FFE7FFE700216846405E01B05F
:108160007047C04611270000EFD8FFFFF0D800008D
:108170001027000080B582B0024601A802706A464E
:1081800011800078002809D1FFE700216846435E8E
:1081900033203121084AFFF745FF08E000216846F7
:1081A000435E10203821034AFFF73CFFFFE702B08F
:1081B00080BDC0460D5012000C40020080B582B058
:1081C000002101910846FFF7D5FF01990120FFF733
:1081D000D1FF02B080BD000081B001466846017049
:1081E000007881008E4841580320C2020020885048
:1081F00001B0704781B00146684601700078810087
:1082000087484158034A885801231843885001B0D1
:108210007047C0460811000083B0024602A80270F1
:1082200001AA11706A460121117001781048405C62
:10823000002806D1FFE7019802A90A780C49885462
:1082400011E002A801780A48405C01A90978884237
:1082500004D1FFE769460120087003E06946002069
:108260000870FFE7FFE76846007803B07047C04634
:10827000AA02202080B58AB0024609A803900270A5
:1082800008AA0492117000780121FFF7C5FF4A493E
:10829000B222FCF735FB039801788A0060498958BF
:1082A00007910078FFF7A6FF0498079A5D4B2021FD
:1082B000D150079A414B4249D1504249069100782A
:1082C0000590012804D0FFE70598022823D044E058
:1082D00009A80078022805D0FFE709A8007805283A
:1082E00004D1FFE7069840080690FFE707990120B0
:1082F000029002030020885006983649F8F7D6F815
:1083000001460298491E079A304BD15009A90A78B4
:108310002F49885441E009A80078022805D0FFE7DA
:1083200009A80078052804D1FFE7069840080690C0
:10833000FFE7079901200203072088500698C0082C
:108340002149F8F7B3F8401E0799204A885009A838
:1083500002781F49022088541FE009A800780228EB
:1083600005D0FFE709A80078052804D1FFE70698A3
:1083700040080690FFE706981749F8F797F8401E5F
:1083800007990122120388500799104A002088504B
:1083900009A90A780E498854FFE707990F4A08206F
:1083A000885009A80190007800F02AF80198007818
:1083B000FFF712FF0AB080BD399B000008180000CB
:1083C000FFFF000000B4C40450C300000C11000003
:1083D000B102202040420F00005A62020810000043
:1083E00081B0014668460170007881000C48415810
:1083F0000C4A885801231843885001B07047C04682
:1084000081B00146684601700078810004484158F7
:10841000044A885801239843885001B07047C046E9
:10842000909B000004180000704782B001900091FA
:1084300002B0704710B592B011AC07942070109143
:108440000F920E930F9801040A0FC0B2102113234C
:10845000FBF7B8F90E9801040A0FC0B2002105918C
:108460000423FBF7AFF90798007881007548069060
:1084700040583249FAF7B6FE0698079909788900FC
:1084800040582F49FAF73CFE069807990978890069
:1084900040580121C903FAF7B7FE07980178294827
:1084A000294A08920329099001D00898099009984F
:1084B00001901098F8F7E3FC024605980B460199E5
:1084C000F8F75AFA059AFF239B05F8F7DBFC0D91A4
:1084D0000C900C980D99F8F773FC01460BA80490CA
:1084E00001800C9902910D9903910088F8F7BFFC67
:1084F000024602980B460399F8F71BFA059A134BAC
:10850000F8F7C0FC059A124BF8F706FAF8F758FC92
:108510000499079B044606980AAA14801B789B00BE
:10852000C05809881288FAF737FE07990698097823
:1085300089004058FAF7C5FD12B010BDAC9B000091
:10854000AE9B0000D0129341D012834100005040F6
:108550000000E03F80B584B003AA00921070029141
:108560000298411E884136499E22FCF7C9F90098BD
:1085700001AA002111700078810032484058FAF7B2
:10858000EDFD00280DD1FFE703A8007881002D48FC
:108590004058FAF7EDFD0299087001A90120087012
:1085A000FFE701A8007804B080BDC04680B582B066
:1085B00001AA107068460170FFE701A800788100E9
:1085C00020484058FAF7C0FD002801D0FFE7F4E743
:1085D00001A8007881001B48405869460978FAF7DD
:1085E00022FE02B080BDC04680B582B001AA1070E4
:1085F00000910098411E884111496C22FCF780F9D6
:10860000FFE700980078002818D0FFE7FFE701A8EF
:10861000007881000B484058FAF796FD002801D0F9
:10862000FFE7F4E701A80078810006484058009968
:108630004A1C00920978FAF7F6FDE2E702B080BD25
:10864000659B0000BC00202081B06A461070107845
:1086500083002A490020C8501178CB002049C85017
:108660001278D2008918486001B0704780B50020A8
:10867000FFF7EAFF0120FFF7E7FF80BDB0B588B044
:1086800007900691069805900598017804A8019036
:1086900001700178CA0012498A18059949788B003F
:1086A000D158491CD150007800F060F8019A03A914
:1086B000087010782C49085C83000398034302A8D3
:1086C000037003780748C556107884000B4B18597F
:1086D0004019185103981278885408B0B0BDC046AC
:1086E000D00220201492000081B00146684601703B
:1086F000007881000148405801B07047C80220202E
:1087000080B584B0164A0292164B009319200321BB
:108710000191FCF707FB00980199029A831C0E2037
:10872000FCF700FB00980199029A031D1A20FCF740
:10873000F9FA00980199029A831D1B20FCF7F2FABE
:10874000002000F013F8084903910870012000F0A0
:108750000DF803994870FFF789FF04B080BDC0464B
:108760007D860000CC002020E002202080B584B06F
:10877000014602A80170007800280ED1FFE71920F9
:10878000FCF798FD400001900E20FCF793FD014698
:108790000198084303A908700DE01A20FCF78AFD30
:1087A000400000901B20FCF785FD0146009808431F
:1087B00003A90870FFE703A8007804B080BD00009B
:1087C00080B582B00190FFE701980E4900F089F86A
:1087D000002806D1FFE701980D4900F031F901901A
:1087E000F2E7FFE70198084900F065F8002806D194
:1087F000FFE70198054900F023F90190F2E701989D
:1088000002B080BD00003443000034C30000B44314
:108810000000B4C3F8B5040C8BB2264682B25E43A6
:10882000104658430D0C370C3604002180191646AB
:1088300079416E43370C36048019264679416E43E0
:108840008919F8BD4900CA020243100000D0042073
:108850004A0D01D001221043044A490D914201D131
:1088600002210843012800D105207047FF070000BE
:1088700010B500F081F8EFF30080800001D50120F1
:1088800010BD002010BD10B500F0A8F8EFF3008077
:108890004000800F012801D0012010BD002010BD34
:1088A00010B500F013F9EFF30080400001D501206E
:1088B00010BD002010BD10B500F032F9EFF30080BC
:1088C000800001D5012010BD002010BD10B500F0C2
:1088D00027F9EFF300804000800F012800D000202E
:1088E00010BD10B500F046F9EFF300804000800F96
:1088F000012801D0012010BD002010BD10B500F0EE
:1089000039F9EFF30080800001D4012010BD002070
:1089100010BD30380A2801D201207047002070476E
:1089200010B500290AD00878002807D005487844F7
:10893000F7F778FD002801D0002010BD02487844E8
:1089400010BD0000AA120000A212000010B50029FC
:108950000AD00878002807D005487844F7F762FD68
:10896000002801D0002010BD0248784410BD00004E
:108970009A1200009212000070B501252D050C001E
:108980001C4310D4EC4206D4AC420AD4994200D025
:1089900070BD904270BDE94217D4EB4215D49942A4
:1089A00070BD894270BDEC4206D5AC42F9D58B4210
:1089B00000D070BD824270BD6D004C00EC4204D20C
:1089C0005C00EC4201D28B4270BD034C30B4F9F72D
:1089D000DDFB30BC70BD00BF1900130470B501256C
:1089E0002D050C001C4310D4EC4206D4AC420AD432
:1089F000994200D070BD904270BDE94217D4EB425D
:108A000015D4994270BD894270BDEC4206D5AC4286
:108A1000F9D58B4200D070BD824270BD6D004C0014
:108A2000EC4204D25C00EC4201D28B4270BD034C9C
:108A300030B4F9F7ABFB30BC70BD00BF19001604B1
:108A400070B50125ED0704004C4020D4441A01D232
:108A5000001B0919C60D4B00F2B2FF2A29D01B0ECC
:108A60002CD000020C0228432C43D31ADC400519F9
:108A700010D2280A02D3401C6D0611D0761EF605CE
:108A80008019FF2A00DA70BDC00DC00570BD6940B5
:108A900000F0F8F801200543C541521C761CE8E7B8
:108AA00064089C40C90161408900E7D10124A043CA
:108AB000E4E71B0E440200D0034870BD002AFCD13D
:108AC000C00FC00770BD00BF0000C07F0123DB05E1
:108AD00002000A430DD4DA4203D49A4207D48842F2
:108AE0007047D84214D4D94212D488427047804289
:108AF0007047DA4203D59A42F9D5814270475B004C
:108B00004200DA4204D24A00DA4201D2814270477E
:108B100010B5024AF9F78AFB10BD00BF0900120424
:108B20000123DB0502000A430DD4DA4203D49A4242
:108B300007D488427047D84214D4D94212D488420C
:108B4000704780427047DA4203D59A42F9D5814294
:108B500070475B004200DA4204D24A00DA4201D296
:108B60008142704710B5024AF9F760FB10BD00BFA3
:108B7000090013040123DB0502000A430DD4DA4285
:108B800003D49A4207D488427047D84214D4D942B9
:108B900012D48842704780427047DA4203D59A4225
:108BA000F9D5814270475B004200DA4204D24A00A4
:108BB000DA4201D28142704710B5024AF9F736FB1A
:108BC00010BD00BF0900160470B5420064414B009F
:108BD0005C41120E39D01B0E38D0FF2A3CD0FF2B3F
:108BE0003AD0D2187F3A40024902400A490A451851
:108BF000ED0106004E43000A090A48430104731AB6
:108C00004019190C4318990F04D05B08012149073A
:108C10005B1A521CD80904D3401CF50301D19D06F0
:108C200007D0FF2A08D2D50506D0E4072043401913
:108C300070BD0125A843F4E7002A01DCE00770BD00
:108C40002402FF202043C00570BD1B0EFF2A03D065
:108C5000FF2B01D0E00770BDFF2636064500B54268
:108C600006D84D00B54203D8D218FF2A00D0E7E756
:108C7000004870BD0000C07F70B50125ED070400FD
:108C80004C4022D4441A02D26C40001B0919C60D74
:108C90004B00F2B2FF2A4BD01B0E50D000020C0248
:108CA000A8432C43D31ADC40051B05D5AD0019D3CE
:108CB0006D08761E521E37D0F605280A01D280199B
:108CC00070BD70416D0603D070BD6940FFF7BEFEF8
:108CD0009C4009026140490001D0401E70BD012442
:108CE000A04370BD6D081DD001202B0C01D12D04B7
:108CF00010302B0E01D12D0208302B0F01D12D0188
:108D0000001DAB0F01D1AD00801CEB0F01D16D0038
:108D1000401C361A121A6D00680AF5054019012A1E
:108D200002DB70BD002070BDC036300AC00770BDC8
:108D30001B0E440201D1FF2B00D1024870BD002A56
:108D4000F0D070BD0000C07F03B402487844844670
:108D500003BC6047258EFFFF03B402487844844675
:108D600003BC60478D90FFFF80807F7E7D7C7B7A97
:108D70007978777676757473727171706F6E6E6DC7
:108D80006C6C6B6A6A69686867666665646463636D
:108D900062616160605F5F5E5E5D5D5C5C5B5B5AF3
:108DA0005A59595858575756565555555454535360
:108DB00052525251515050504F4F4F4E4E4D4D4DBB
:108DC0004C4C4C4B4B4B4A4A4A4949494848484706
:108DD0004747474646464545454444444443434344
:108DE0004342424242414141818283848586878851
:108DF000898B8C8D8E8F919293959697999A9C9D45
:108E00009FA0A2A3A5A7A8AAACAEB0B2B3B5B7B9AC
:108E1000BCBEC0C2C5C7C9CCCED1D4D7D9DCDFE275
:108E2000E6E9ECF0F3F7FAFE0000000000000000B5
:108E30003031323334353637383941424344454690
:108E4000403058003031323334353637383961628A
:108E5000636465664030780004000008000000008C
:108E6000000000020001000010303132333435368A
:108E70003738396162636465667870003031323347
:108E8000343536373839414243444546585000005E
:108E900002400000000000A00000000005400000AB
:108EA000000000C8000000000C4000000000409CD2
:108EB00000000000194000000020BCBE00000000BF
:108EC00034400000BFC91B8E00000004B540000004
:108ED000504BCFD06607E2CF010000006C4100008C
:108EE0003E8251AADFEEA73401000000D942000003
:108EF000DCB5A0E23A301F97FFFFFFFFB44500004A
:108F0000FD25A0C8E9A3C14FFFFFFFFFFF3F000001
:108F10000000008000000000FF3F00000000008013
:108F2000000000000000000000000000002F000012
:108F300000000700070000147F147F1400242A7F1C
:108F40002A1200626408132300364955225000009B
:108F50000503000000001C224100000041221C000B
:108F60000014083E08140008083E0808000000A08D
:108F70006000000808080808000060600000402049
:108F800010080402003E5149453E0000427F400067
:108F9000004261514946002141454B3100181412ED
:108FA0007F10002745454539003C4A4949300001BA
:108FB0007109050300364949493600064949291E09
:108FC000000036360000000056360000000814226B
:108FD000410000141414141400004122140800026B
:108FE0000151090600324959513E007C1211127C90
:108FF000007F49494936003E41414122007F4141BD
:10900000221C007F49494941007F09090901003EAE
:109010004149497A007F0808087F0000417F4100EC
:10902000002040413F01007F08142241007F404062
:109030004040007F020C027F007F0408107F003E4A
:109040004141413E007F09090906003E4151215E30
:10905000007F091929460046494949310001017F2D
:109060000101003F4040403F001F2040201F003FC3
:109070004038403F00631408146300070870080775
:1090800000615149454300007F414100020408103E
:109090002040000041417F00000402010204004022
:1090A0004040404000000102040000205454547825
:1090B000007F484444380038444444200038444445
:1090C000487F00385454541800087E0901020018E3
:1090D000A4A4A47C007F080404780000447D400020
:1090E000004080847D00007F102844000000417F04
:1090F0004000007C04180478007C080404780038E0
:109100004444443800FC242424180018242418FC67
:10911000007C0804040800485454542000043F44D0
:109120004020003C4040207C001C2040201C003C93
:109130004030403C004428102844001CA0A0A07CE3
:10914000004464544C441414141414140200000019
:1091500090920000030000007892000004000000DC
:10916000249200000500000032920000060000007A
:1091700040920000070000004E920000080000002E
:109180005C920000090000006A92000028292A2B46
:1091900001000300030000000000000000000000C8
:1091A00000000000000000001000000000010000AE
:1091B00007000000010000002C00C4410000000076
:1091C00000000000000000000001060708090A0D69
:1091D000121314152122232425262728292D2E3465
:1091E00035363A3B020304050B0C0E0F101116170F
:1091F00018191A1B1C1D1E1F202A2B2C2F30313230
:1092000033373839A2FE06FF6AFFCEFF32009600E0
:10921000FA005E0100FF0100010000FFFF000001F5
:109220000001FF00454D505459205441534B20300C
:109230003300454D505459205441534B2030340095
:10924000454D505459205441534B20303500454D25
:10925000505459205441534B20303600454D505402
:1092600059205441534B20303700454D505459201C
:109270005441534B20303800414E474C4520484F15
:109280004C4400554E4B4E4F574E0053544F5000D8
:109290004C494E4520464F4C4C4F57003D3D3D3DBF
:1092A0003D3D3D3D2042542053454C462D544553B1
:1092B0005420454E44203D3D3D3D3D3D3D3D0D0A44
:1092C0000D0A00202055415254313A2052583D3069
:1092D000782530325820272563270D0A0020205397
:1092E000656E74203130782027552720776974689F
:1092F0002035306D73206761702E2050686F6E6569
:109300002073686F756C642073656520275555550B
:1093100055555555555555272E0D0A0020205042BC
:10932000323D4C4F5720202873686F756C64206263
:1093300065207E302E3056292E2E2E0D0A0020203C
:109340005042323D48494748202873686F756C6425
:10935000206265207E332E3356292E2E2E0D0A00D4
:109360005B42542D544553545D2050686173652011
:10937000323A206563686F2028313073292E2E2EF3
:109380000D0A005B42542D544553545D20506861D2
:1093900073652031623A202748454C4C4F204843A2
:1093A0002D30352720617420393630302E2E2E0D89
:1093B0000A005B42542D544553545D20506861733C
:1093C0006520313A20736C6F7720627974652D6265
:1093D000792D627974652054582E2E2E0D0A005B6B
:1093E00042542D544553545D2050686173652030BC
:1093F0003A20504232204750494F20746F67676CC3
:10940000696E672E2E2E0D0A0020205042323D48F4
:1094100049474820616761696E2E2E2E0D0A004D66
:109420005055363035302F3635303020696E6974FE
:109430002E2E2E0D0A0055415254313D3131353218
:1094400030302C2048432D3035205541525433289C
:109450005042322F504233293D393630302E0D0ADA
:10946000004552524F5220494D55204E4F542046F0
:109470004F554E443A20636865636B2035562F473D
:109480004E442F5041312D53434C2F5041302D53DA
:1094900044412E0D0A00596177207363616C653D6C
:1094A000312E3030303B20726563616C69627261CD
:1094B000746520666F7220746865206E6577204938
:1094C0004D552E0D0A0020205042322072657374D3
:1094D0006F72656420746F2055415254335F545845
:1094E0002E0D0A002020202020202D3E20436865DC
:1094F000636B205042322074726163652066726F24
:109500006D204D435520746F2048432D3035205237
:1095100058207061642E0D0A0020205B205D2050D1
:109520004232204849474820776173207E332E33EA
:10953000563F204966206E6F74202D3E20504232E7
:109540002070696E206F722074726163652064619F
:109550006D616765642E0D0A002020202020202DDB
:109560003E204173796D6D657472696320485720A0
:109570006661756C743A2048432D3035205258206E
:1095800070696E2064616D616765642E0D0A004329
:109590006172207265616479207769746820494D31
:1095A00055206661756C743B2068656164696E67FF
:1095B00020686F6C642064697361626C65642E0D51
:1095C0000A0020204563686F2077696E646F7720FA
:1095D000636C6F7365642E0D0A005049443A207322
:1095E000706565645B31302C312C305D3B206C69DB
:1095F0006E652F616E676C65207365706172617452
:1096000065642E0D0A00202053656E742E20496675
:1096100020676172626C65642C2074727920333823
:109620003430302F31313532303020696E204154A2
:10963000206D6F64652E0D0A002020202020202D33
:109640003E20537761702048432D3035206D6F6484
:10965000756C6520696620617661696C61626C6514
:109660002E0D0A004D5055363035302F36353030FE
:109670002063616C6962726174696F6E20646F6EE1
:10968000652E0D0A00416E676C652D6C6F6F702042
:109690006361722072656164792E204D50553630B9
:1096A00035302F3635303020796177206163746929
:1096B00076652E0D0A002020202020202D3E2054EB
:1096C0007279204154206D6F64653A2070756C6C1E
:1096D0002048432D3035204B455920686967682C58
:1096E0002041542B554152543F20746F20636865CC
:1096F000636B2E0D0A0020204D6561737572652025
:1097000050423220767320474E4420776974682097
:109710006D756C74696D657465722E0D0A004F4B22
:109720002043414C205941573D300D0A0048454CDB
:109730004C4F2048432D30350D0A0020205B205D22
:10974000204563686F20776F726B733F20496620F6
:1097500070686F6E6520636D6420776F726B732025
:10976000627574206563686F20676172626C6564FE
:109770003A0D0A0020205B205D205068617365204F
:109780003120275555555555555555555527207355
:10979000686F7773206F6E2070686F6E653F204929
:1097A00066206E6F743A0D0A000D0A3D3D3D3D3D49
:1097B0003D3D3D2042542053454C462D5445535485
:1097C000205354415254203D3D3D3D3D3D3D3D0DD6
:1097D0000A00434D443A3120302068207220642032
:1097E0003F0D0A0045525220434D443B2073656EA5
:1097F00064203F0D0A0043414C204B454550205307
:1098000054494C4C0D0A004F4B2053544F500D0AF5
:10981000004F4B2053544152542033530D0A004FF4
:109820004B20484F4C443B20303D455849540D0A8D
:109830000045525220484F4C4420494D550D0A00D6
:109840004543484F2052454144590D0A0054207762
:109850003D2530325820793D252B2E316620723D32
:10986000252B2E3266206D3D2530325820653D2552
:1098700064206F646F3D252E31660D0A004F444F02
:1098800020746F74616C3D252E316620636D206CF1
:109890006566743D252E31662072696768743D25C2
:1098A0002E31660D0A00494D555F415849532078C5
:1098B0003D252B2E346620793D252B2E3466207ACB
:1098C0003D252B2E34660D0A00454D505459205429
:1098D00041534B3A2025730D0A005B42542D5445E9
:1098E00053545D20506861736520333A206861727B
:1098F000647761726520636865636B6C6973740D6E
:109900000A00414E474C3A204F4646202020004155
:109910004E474C3A204D4F4E20202000414E474CA0
:109920003A204D4F4E202000414E474C3A20434FA5
:1099300052522000414E474C3A2057414954200092
:109940004B454550205354494C4C2E2E2E00484F29
:109950004C442044495341424C454400494D553AFA
:10996000204E4F5420464F554E440057484F3A2002
:109970004E4F20524553504F4E53450043484543A8
:109980004B20574952494E470054492043415220E9
:10999000763220494D55204F4E0048454C500054DA
:1099A000492043415220494D55204552524F5200C3
:1099B000434845434B204D5055205749524553008D
:1099C00052455345540053454E44203120544F20B6
:1099D000535441525400444953540043414C49426A
:1099E000524154494E4720494D5500522575204457
:1099F00025303375204D25303258004C252B30331F
:109A0000642052252B303364005941573A20252BCE
:109A1000362E3166005941573A202020302E302012
:109A2000646567000D0A66696C65202573206C69A2
:109A30006E652025642E0D0A000D0A66696C65208E
:109A40002573206C696E652025643A2025732E0DE0
:109A50000A006C696E653A202564004C6F67206DC2
:109A60006573736167650041737365727420657215
:109A7000726F720066696C653A2025730066696CC6
:109A8000653A206D646B2F2573002E2E2F2E2E2FFE
:109A90006C69627261726965732F7A665F636F6D5C
:109AA0006D6F6E2F7A665F636F6D6D6F6E5F666947
:109AB000666F2E63002E2E2F2E2E2F6C6962726120
:109AC000726965732F7A665F6472697665722F7A40
:109AD000665F6472697665725F6770696F2E630096
:109AE0002E2E2F2E2E2F6C69627261726965732F74
:109AF0007A665F6472697665722F7A665F647269EE
:109B00007665725F70776D2E63002E2E2F2E2E2FAE
:109B10006C69627261726965732F7A665F647269DB
:109B20007665722F7A665F6472697665725F736FAD
:109B300066745F6969632E63002E2E2F2E2E2F6CA4
:109B400069627261726965732F7A665F64726976A1
:109B500065722F7A665F6472697665725F74696D8B
:109B600065722E63002E2E2F2E2E2F6C696272616D
:109B7000726965732F7A665F6472697665722F7A8F
:109B8000665F6472697665725F756172742E6300D8
:109B9000000086400020864000400840008086404B
:109BA00000A0864000000940000087400800000037
:109BB0001800000000300000089D00000000202078
:109BC000E000000020010000E89D0000E0002020EF
:109BD00010160000480100001C00000043000000B7
:109BE000F8FFFFFF0C0000000E0000000F00000057
:109BF0002E0000001001000043000000F8FFFFFFEE
:109C0000004040404040404040404141414141408F
:109C10004040404040404040404040404040404044
:109C200040050202020202020202020202020202D3
:109C300002202020202020202020200202020202D8
:109C40000202909090909090101010101010101030
:109C5000101010101010101010101010020202023C
:109C60000202888888888888080808080808080880
:109C7000080808080808080808080808020202027C
:109C80004000000000000000000000000000000094
:109C900000000000000000000000000000000000C4
:109CA00000000000000000000000000000000000B4
:109CB00000000000000000000000000000000000A4
:109CC0000000000000000000000000000000000094
:109CD0000000000000000000000000000000000084
:109CE0000000000000000000000000000000000074
:109CF0000000000000000000000000000000000064
:109D000000000000000000001B4D00001B4D000083
:109D10001B4D00001B4D00001B4D00001B4D0000A3
:109D20001B4D00001B4D00001B4D00001B4D000093
:109D30001B4D00001B4D00001B4D00001B4D000083
:109D40001B4D00001B4D00001B4D00001B4D000073
:109D50001B4D00001B4D00001B4D00001B4D000063
:109D60001B4D00001B4D00001B4D00001B4D000053
:109D70001B4D00001B4D00001B4D00001B4D000043
:109D80001B4D00001B4D000000000A4000200A404F
:109D90000000803FC5710000C5710000C571000062
:109DA000C5710000C5710000C5710000C5710000DB
:109DB000010000002B8400002B8400002B84000095
:109DC0002B84000000801040000010400020104054
:109DD0000000504000000001010001012984000042
:089DE00001000000000000007A
:04000005000000C136
:00000001FF
