:200000000080202027A60000DB5B0000DB5B000000000000000000000000000000000000E7
:20002000000000000000000000000000DB5B00000000000000000000DB5B0000DB5B00001E
:20004000DB5B00008994000009A30000359D0000DB5B0000DB5B0000DB5B0000DB5B0000F7
:2000600000000000DB5B0000DB5B00000000000000000000CD9C0000019D0000C1990000B3
:20008000A9A20000D9A2000079A2000091A20000F1A20000C1A20000000000000000000056
:2000A000DB5B0000DB5B00000000000000000000DB5B000000000000DB5B0000DB5B000032
:2000C00000B5E9B07D20C100159180001F9001202590F14F01E006F067FD0A2007F0EEFB44
:2000E0003868401C386003F07BFB002800D145E1054600243C82801E062826D878440079B8
:2001000040008744032A0303CB98A7000AF05CF9002822D100263046E04906F0FBFA02205B
:20012000DF4906F0F7FA1F9804F072F9304607F049FE0AF049F900280FD106F083FB00200E
:20014000D84906F0E7FA1598A3E0FB2D00D1B9E0FA2D02D106F076FB10E1FD74FC81BC8069
:200160004D203C5464203C5266203C547C63BC63FC633C647C64BC64BC65FC6538465830D5
:2001800004818472BC66FC6638466830847204811920000138180AF0D6F94E203C543C65DD
:2001A0000AF0F8F9F8625F2080003E1830460AF0DFF9F96A304607F0D5FE3846BC3009F057
:2001C000BFFA38467C30214605F05CFF38469830214605F057FF20460AF0EEF97867012046
:2001E0000AF0EAF9B86709F00BFC09F0E5FF0AF0C5F90246386800904F2080003818294648
:20020000234608F047FA0646204605F07BFA0020002E0CD0A44906F07DFA284609F040FFF6
:200220000146022006F076FA0620A04900E0A04906F070FAA2E006F005FB002420469749D5
:2002400006F068FA1F9804F0E3F8204607F0BAFD159830E0204605F055FA29AD2C729548F4
:200260002A90954829902046294606F053FA1920000138180AF0DBF909F002FC02460B462E
:2002800028468E4909F0CEFC0320294606F042FA8B4807F013FB05F063F96FE00024204690
:2002A00005F030FA2046874906F034FA0220864906F030FA824807F001FB09F0FDFD05F00F
:2002C0004FF95BE00AF05AF901463A684F208000381808F0B9FD002800D109E2FF203E3007
:2002E000385CF8740125BD73BC80386860217C5262217C54B866FC6638466C308480847197
:200300001920000138180AF01EF94E203C543C653E46BC36304609F013FA0AF02FF90AF095
:200320008BF807460068299078682A90B8682B90F8682C9065482D9065482E9029A930461E
:200340000AF065F838695449086278694862B869514FB86238467C30214605F093FE3846A3
:200360009830214605F08EFE20460AF025F9786728460AF021F9B86709F042FB387C3C6841
:20038000B9698C4201D3002100E001210028259800D00846002806D106F054FA4D484E4904
:2003A00009F014FE3C687D7C0A212046239109F047FB002D36D0002934D12398444300254D
:2003C00028460AF0F9F82690284629460AF086F824900126284631460AF080F82290284667
:2003E00009F0A6FD219030460AF0E6F82090304629460AF073F80546304631460AF06EF8D0
:200400000746304609F094FD21990091209901AAA2C2214F049020462699249A229B09F0DF
:200420004FFB3C68204606F033FB38682121C9007D18294607F02EFD0AF0A0F802463B68F6
:200440004F20840038192690294604F0AFFB2194385D73217A5C904200D17DE078540025F0
:20046000284605F04FF92198385C401E052873D87844007940008744023831436F460020EB
:20048000094906F047F9FF203E30385C09F008FE014602202FE0C046403820205DB0000071
:2004A000E0AF000030B0000096B0000071A900003FB00000455445524F444F4DC2B10000AC
:2004C000DC05000020B0000010B00000CDCC4C3E00009642DAB10000A4B000000020EF4979
:2004E00006F018F90220EE4934E00020ED4906F011F90220EC4906F00DF90620EB4929E07C
:200500000020EB4926E0BD7338467C30294605F0B9FD38469830294605F0B4FD28460AF04A
:200520004BF8786701200AF047F8B86709F068FA2846E04906F0EEF8052080013A5C29AD40
:200540002846DD4909F06EFB0220294606F0E2F80620DA4906F0DEF83E46B436304606F055
:2005600029FCB87B002805D0F87C1F2802D003F0EDFA01E002F03CFD0AF00CF83863B52045
:20058000385C042809D3B420395C0F200840421E90410F2903D8002502E0002501E0012568
:2005A00005406220C64F2490385C00282ED06424385BC449884200D18DE5411C39531F991B
:2005C000CA3989B2884200D985E519200001381822900AF02CF8BC4908F043FF002800D03F
:2005E00079E52498385CC11E02296CD3022800D188E00128B24F00D0B2E0385B0C2800D27C
:20060000AEE0002D00D08DE003228CE0B87B002800D1C0E0F87C022802D0052800D0A2E096
:20062000002D4CD06125785DFF2804D0411C7955002800D194E06020395C002950D01920EC
:2006400000013C18204609F0F2FFA04908F009FF002800D184E02294204609F0E8FF09F0BA
:200660000FFA02460B4629A8994909F0DBFA7020395C002906D1B96E002903D03968F9660F
:20068000012139540121209124983954642000243C5266203C547C55229809F054FF3846EE
:2006A0007C30214605F0EEFC38469830214605F0E9FC204609F080FF786720984BE06120A0
:2006C000002139544CE0002D28D066217C4F785CFF2800D1FFE4421C7A54002840D0FAE4D8
:2006E0000121395219200001381809F02CFF37E00024204605F006F82046764906F00AF8EE
:20070000022092E5002D6E4F2AD104202499785400253D5366203D5422980BE06620002196
:20072000674FCEE70222229824997A5400253D5366217D5409F007FF38467C30294605F04B
:20074000A1FC38469830294605F09CFC284609F033FF7867012009F02FFFB86709F050F999
:20076000B87B002817D0269C204609F045FE002804D0B888312801D8401CB880B87B002579
:20078000002809D0204609F037FE002804D0B888312800D980E00025397C38687A69643203
:2007A000904203D20022002903D103E00122002900D01546B96E4A1E9141002D00D12599FC
:2007C00070222292BA5C531E9A410029259B00D11346F97C002B07D1052905D801228A40EE
:2007E00034231A4200D0B86600202890269027902498385CC0B2424242412A40012A00D0E5
:2008000078E11F2900D175E1052900D972E10122104688403421084200D16BE11D92209555
:2008200009F0C4FE1E9009F0BBFE054609F0CCFD3C46074619200001201809F0F8FE27A990
:20084000039128A90291019000972046BC3031461E9A2B4601F0BCFE00266665CE20225C7E
:20086000E027E05D431E01469941002A259A00D00A46002A65D109F0A7FD00285FD01048FD
:20088000D549416509F08CFE0546002108F0D7FD002821D11D9922E001257DE796B1000036
:2008A00088B00000F8B1000031B1000071A90000D2B100007AB00000BAB10000B2B00000E1
:2008C00040382020FFFF00000000A0410080094492AE00004EB000001D99C80745408907DC
:2008E000284608F0ACFD002829D11E96BA48294607F0BEF8FA4908F021F90546F94908F01B
:20090000B9FD06462846F84C214608F098FD002800D12C46002EF34900D12146EC20F34AD9
:200920001058289D08F00AF90646294607F0A5F828902798314607F09BF827901E9EEB4822
:20094000C05D0028209D6DD02899279AE74FB965FA65042800D0CDE0BE7338467C303146A8
:2009600005F090FB38469830314605F08BFB1E96304609F021FE78670120269009F01CFEB4
:20098000B86709F03DF87C6BBB6BF96B3E6C1A195218921930D023984243444322944343A4
:2009A0004143464344257D5B249546257C5B219448257C5B20944A257C5B1D94C6257C5B88
:2009C0001C94CA27C94CE75BCC25655B45430897C64F0995009301910296249803902198CF
:2009E0000490209805901D9806901C98079029A8BF49229B09F016F95020395A5325785D92
:200A0000421E90410029259900D0014600291E9C03D106F007FE26987855FC7409F04CFABB
:200A2000FFF75BFBB148806D00271B90394608F006FD054628981C90394608F01BFD812150
:200A4000CC050028AB4E00D12646002D00D12646A648C06D1D90394608F0F1FC05462798C7
:200A60001E90394608F006FD0028A24800D12046002D00D120461A901B9D2846314606F064
:200A8000FCFF04461C9E3046214608F0F3FC07462846994906F0F1FF05463046294608F0E8
:200AA000CEFC002800D13546002F1E9E1A9900D12C468E4884651D9F384606F0DEFF054600
:200AC0003046294608F0D6FC1C9038468A4906F0D4FF07463046394608F0B1FC002800D1C1
:200AE00037461C98002800D13D46804FFD6528942795209DF87CC1B2081F424242412A4064
:200B0000012A0BD119200001381809F090FD7B4908F0A7FC002817D1F97C06E0002D269A07
:200B200013461446104600D1A5E0052901D0022957D1E020385C401EC1B2042920D2C006BA
:200B4000010E6F48C8401FE00022BA7371200121395472203A5428922792229D785D0028EA
:200B60000AD1B86E002813461446104600D182E03868F866795500221346144610467AE0BF
:200B8000CE20385C411E88414D217A5C4C23002AC2B202D0FC5CA2420CD054003C1944255E
:200BA000655B584EB54202D044346D1C2580F854012078547A44127952009744010F050993
:200BC000786B401C78630CE0F86B401CF86308E0386C401C386404E077120642B86B401C3D
:200BE000B863F87C1F2842D15F2080003C18F96A204607F0B7F9396B412000060025009584
:200C0000414A01920290414803902046404A2B4604F0E4FF22900320C0013E58FF7B012009
:200C20002090C0072690864330463A4908F019FC41424141002F259800D10846002825D08B
:200C4000002F0CD07F20C105304608F0F8FB002805D0264EF573204609F08AFCF77BF8B2E9
:200C60000028229900D10146204F269813E0279C289AF8690123397C002900D004462294A1
:200C8000209300D002462692234E08E0174F2098F873269822992291484026901F4E3D4695
:200CA0007C352846314609F0BFFA3C4698342046314609F0B9FA2498385C042839D8800008
:200CC00002A108582699229E8746C046370D00002D0D0000210D0000210D0000270D0000B1
:200CE000CDCC4C3E0000C0400000C0C04038202035AB000000004041000020C100001643FE
:200D000002020303FFFF0000000090410AD7233CCDCC4C3F0000204000007A44000016441E
:200D20007E4E314607E07E4E314604E07D4E314601E000210E462846269105F0A3F92046AE
:200D40002296314605F09EF93878C00700D00BE200201C9009F030FC07460120249009F098
:200D60002BFC7149496F704A926FCE1B821A1D926D494F676C4FB8671920000138183146A4
:200D800007F038FB3A6A7B6AB86A00902846314605F028FA1E903A6A7B6AB86A00902046A3
:200DA0001D9905F01FFA064684201B9038585F4908407F21CD05294608F041FB04465C4851
:200DC0001D96301880B25B49884201D31C982490A026B85955490840294608F030FB411E8E
:200DE000884124990840397C002C259A00D102464F4B1E9DEB189BB24E4CA34200D302462D
:200E000000290FD0002A0DD0B87C322803D2411CB974312808D105F015FD4748474909F085
:200E2000D5F8A1E10020B8741D98404201B20024204609F069F801201690294609F064F8BE
:200E4000387C002851D01C943C68239844431B9838581A902496B859199000262698314643
:200E600008F0E4FA474247412298314608F0DEFA4142414139432C4DB420285C1890B822B6
:200E8000A85E1790E023EB5C5B1EDEB2042E04D2DB061E0E2A4BF34003E0CE23EB5C5E1EFE
:200EA000B3416E6B2048876BC56B006C239A564357435543504308971B4F09950A90D8B289
:200EC000199A00921E9D01951D9B0293039118990491179905910690079620462699229AFB
:200EE0001A9B06F065F8249E1C9CF87C052802D0022800D038E14E20395C491CCAB2395479
:200F0000052A00D230E13C545021785AC2084B2A18D352201699395426E1C046000090C1B6
:200F200000004041000020C240382020FFFFFF7FB4E2000069C50000DAB100006CB00000AF
:200F4000020203032496421C7A5218254543386823994143E14841512698E14907F0EEFD79
:200F600004460021199108F07CFABF21090618913F21090600281C9100D11899204606F034
:200F80007CFD0646D74908F075FA2390C72004063046214608F053FA00281A9400D134461E
:200FA000204608F077FE23990029CA4900D10146CA484019239081802298C94907F0BEFDB1
:200FC0000446199908F04DFA00281C9900D11899204606F052FD0646C24908F04BFA0446EE
:200FE00030461A9D294608F02AFA002800D13546284608F04FFE002CB64900D10146239814
:20100000C1801B983858B64907F098FD0446199908F027FA00281C9900D11899204606F0F1
:201020002CFD0646AF4908F025FA044630461A9D294608F004FA002800D13546284608F076
:2010400029FE002CA34900D101462398018124983858A34907F072FD0446199908F001FA6F
:2010600000281C9900D11899204606F006FD06469C4908F0FFF9044630461A9D294608F0B3
:20108000DEF9002800D13546284608F003FE002C904900D10146239A51811E9890811D9876
:2010A000D081B820385A108209F07AFA8C4907F045FD0446199908F0D4F900281C9900D1F9
:2010C0001899204606F0D9FC0646864908F0D2F9044630461A9D294608F0B1F9002800D1CF
:2010E0003546284608F0D6FD002C7A4900D1014623984182786D7A4907F020FD04461999FF
:2011000008F0AFF9002801D118981C9020461C9906F0B3FC0646734908F0ACF904463046B4
:201120001A9D294608F08BF9002800D13546284608F0B0FD002C674900D10146239A9182C2
:20114000B420385C9075E020385C401EC1B2042904D2C006010E5E48C84003E0CE20385CD2
:20116000411E88412399C8757120385C00280BD07221785CFF2803D0421C7A54092803D392
:2011800005F012FDFEF7A9FF3889401C81B2132900D900203881F888401C81B2F88032298E
:2011A00004D30020F880302008F042FE7889401C81B27881322908D309F0E6F9002804D1A4
:2011C00000207881209802F035F9B889401C81B2B881C82901D2FEF780FF0020B8812198CB
:2011E000385C1E9005208001385C2490B420385C2390B820385E2190FF202030385C1D90D5
:2012000009204001385C1C9011200001385C1B9043208000385E1A9087204000385E19906A
:20122000269808F037FD2690229808F033FD2290842038582C4C214607F080FC08F02AFDD5
:201240001890A0203858214607F078FC08F022FD1790386B08F014FC04460E461920000183
:20126000381809F0E4F908F00BFC49229200BA582523DB00FB5813273F01174DEF590E94FC
:201280000F9610901191129213931497124F1E9B08932698099022980A9018980B90179818
:2012A0000C902498009023980190219802901D9803901C9804901B9805901A9806901998DE
:2012C000079029A80949209A08F0ACFCFEF705FF02020303FF7F0000403820200000202081
:2012E0000000204100FEFF460000C84280AA0000F0B5FFB08EB0049306920646929802904D
:201300000025E84305908C913468204609F022F921188B9503918C4200D3C2E0002087904E
:2013200087A908738890059889902F46049D2078002800D1B8E0252805D0641C3460069920
:20134000A8477F1CF3E78B97601C306087AC2046314600F0C1F88CAA2046314600F0DDF86A
:20136000306801787A2925D0682919D06A2908D06C290ED0742908D04C2922D187998022CD
:201380001BE087990122D20217E087990122520313E0427887996C2A6AD10122120205E0F2
:2013A00042788799682A66D10122520211438791801C05E08799012212030A438792401C0C
:2013C0000178441C346087A80173732913D06E291DD1879836490840411E02464A408A4216
:2013E0003DD900282DD04142014032484143C80E31A1085C26E087A80078400619D400956F
:2014000087A88CAA8BAB069900F046F92BE007AD87A98CAA284600F095F9024628460699FD
:20142000029B9847411C059D00D0C5198B9503991BE0009587A88CAA8BAB069900F0C9F84C
:2014400011E02020401F082809D8C0467844007940008744210404151C04150404008C9806
:2014600002C88C900F6003998B9D681C1BD052E7401C402201E0401C2022114387919FE77C
:20148000F8178C9904C98C9117605060EBE78C9802C88C900F70E6E78C9802C88C900F8046
:2014A000E1E72F4600E0059F38467FB00EB0F0BD603F000031B57C0700011C021D0E1803E6
:2014C0001E16140F191104081F1B0D17151310071A0C12060B050A0910B50A680124E3073B
:2014E0001AD01378302B0CD0232B0ED02B2B0AD02D2B04D00024202BF1D1042306E0012356
:2015000004E0102302E0022300E0082304681C430460521C0A60E1E710BDFEB516460D46A4
:201520000446086802782A2A10D13068011D316000686060002805D54042606020680121E5
:20154000014321602868471C2F6017E00021303A092A08D84218531C2B60435C6F467B5438
:201560005278491CF3E76A460023535412784718002A03D0684608F09BF9606038782E2802
:2015800026D1781C286079782A2908D13068011D31600068A0602868401C2860FEBD00201D
:2015A0003039092908D839188A1C2A604A786B461A548978401CF3E76A4600211154107859
:2015C000002804D0684608F073F9A060FEBDA160FEBDF0B587B01E460C9F13681C1D146073
:2015E0001D68002D3AD0049106908468002C04D4284608F06BFF844203D3284608F066FFDD
:20160000044606984068A042039000DC2046014630680191401805940399A142029630607A
:201620000EDD06980078C0070AD1059801990E1A0024B44204DA20200499B847641CF8E775
:201640000026049C069805998E420ADA2868010A18D12D1D2146B847761CF3E70020B84715
:2016600018E00599039A8A4214DD0078C00711D00198451A0024AC420CDA20200499B8478E
:20168000641CF8E70020C0430299086008F0BEFF5821016007B0F0BDF0B585B00C4606465A
:2016A0000A9D1068011D116000680490002844D00393B768002F04D4049808F04BFF8742E1
:2016C00003D3049808F046FF074602967268BA42114600DC3946039B186800914018019254
:2016E000BA4218600FDD02980078C0070BD10098C01B039000260398864204DA20202146C1
:20170000A847761CF7E70026BE4205DA0498805D2146A847761CF7E70198B84210DD02980C
:201720000078C0070CD00098C61B0027B74207DA20202146A8477F1CF8E700202146A8478E
:2017400005B0F0BDF0B58BB004920D460446FF210846FA302718686805900026099606917C
:20176000FE3120222046029208F06CFD7F20800021180A9103973E71287B0246613A172A9A
:2017800008952BD8012393402546C34C23422C4609D009A90AAA089D2846049B00F082F905
:2017A00000260796B9E0712423422C46089D22D1022A13D1049B1868021D1A600068C2B225
:2017C000534253410793069AFC32A2180A920870286802218843286000269EE0014645393B
:2017E000032908D3252800D180E0412803D058280796CED092E00194049A1068C01D07214B
:201800008843014608311160076846682D7B2C467B3C384631463A46334608F0D9FA00283D
:2018200000D021E10120C007314681439B48484038431FD0F60F002007902846413806280D
:201840003FD9613D062D019C00D922E1A80002A21058089D8746C046D91800001B190000D5
:201860001B1900001B1900001119000005190000F91800000022384631460792134607F0A7
:20188000B0FD1921CA436921049149216E254E2366274626944200D33E46039AD670019C21
:2018A00000D32B46937000D3049951703F21C90061180A910028089D14D02D2010700426CB
:2018C0002BE0019C089DC0467844007940008744032424241F1913000AAB38462A4603F025
:2018E0007FFA1AE02B201070032616E00020607025202070012086E00AAB38462A4603F0A9
:2019000075FB0AE00AAB38462A4607F015FE04E00AAB38462A4605F0CDFA287B012501466D
:201920006F39092904D801228A405D490A4201D158286AD1059B0595E5180A98089909788A
:20194000C907274609D10399091D091A089A52689142274601DC691A4F1C411C06984300E6
:2019600000263846324608F078FB0A900799002903D0411C0A91067000E00146A94206D84C
:20198000481E691A491C202208F05CFC2E70089D2878C00605D4391B2022204608F052FCA3
:2019A0002CE0A7422AD0391B30262046324608F049FC09984142414105980140012905D1EF
:2019C0002878400702D43846214604E03878611C2070781C3E702A7B412A0CD0582A05D03F
:2019E000612A08D0782A01D0702A07D12B781B0701D4612A02D142784A704670204608F01F
:201A0000A9FD079940180BB0F0BD002E09D0012E059B90D10120099008980168022008405C
:201A200007E0099A0898016802200840002A08D0059B0A994A1E0A922D220A70454245418A
:201A400079E70028059B08D1480700D473E70A98411E0A91029901706DE70A98411E0A9170
:201A60002B210170002566E71920C543612241216E234E20AC4200D31846039BD87000D33A
:201A80001146039A91700A925070002007900226019C089D41E7C04608C190000000F07FDE
:201AA00043020000F8B514460F4605468068002804D4286810218843286001E00120A86034
:201AC000287B1026582808D0782806D0702804D06F2801D1082600E00A262846194600F08F
:201AE00055F8AA68002A09D102460A4306D12878000749D52B7B0020024612E02B7B642B1D
:201B000003D16423002905D40AE0692B08D1002906D5692301223A60002240428A4100E075
:201B20000A4600941146324600F0CEF8A968884206DA401C21684A1E226030220A70F5E70A
:201B4000287B582803D0782801D070280FD1297809070CD5702800D1782021684A1E2260A0
:201B600008702068411E216030210170287B6F280AD12878000707D520684178302903D0BE
:201B8000411E216030210170F8BDC04610B5037B702B05D10868021D0A60006800227BE056
:201BA00002683E481040421E04465440944216D9002807D04242024039485043C00E39A260
:201BC000105C00E02020401F082808D878440079400087444C04041E38041E0404000022D4
:201BE0001846643814280DD801248440354804420AD12120044205D00868021D0A60006886
:201C0000C21749E0582B46D10868031D0B60006842E018466438142807D801228240294838
:201C2000024206D12120024203D10020582B024632D10868C21D0720824310460830086011
:201C40001068526828E0002218466438142807D8012484401B48044204D121200442CBD189
:201C6000582B18D10868031D0B60007814E0002218466438142807D80124844011480442D2
:201C800004D121200442B7D1582B04D10868031D0B60008800E01046114610BD603F00008C
:201CA00031B57C0700011C021D0E18031E16140F191104081F1B0D17151310071A0C1206EE
:201CC0000B050A0900081200FEB501920D460646582B01D0174800E0154800900898029030
:201CE0003046284305D1029A1068411E116030210170019C3046284313D0304629462246D9
:201D000000F01AF807460D46224608F083F9301A0099085C029B19684A1E1A6008703E4602
:201D2000E8E70298006808F015FC401EFEBDC0468EAF00009FAF000080B5102A06D0082AA8
:201D400009D1C0084A078018C90880BD00090A078018090980BD002904D1114607F070FE2F
:201D6000002180BD002308F071FB80BDF0B58DB0002800D184E215460F4606460B93002442
:201D80000029234622460C9012D00420385E07F0F1FEC14906F0D2FE2E462546044606200C
:201DA000385E07F0E7FE23462C4635460C9E0246307802282DD0012800D0FDE177780A2F9B
:201DC00000D19CE0012F00D0CBE00C36002D00D192E0B24D2B40412001061846174607F0D5
:201DE00037FB002800D187E03A462A40AC49104607F02EFB00287FD03068401C30602328B6
:201E000000D2D9E102200C9948700B9848608860E6E030467678012E20D106460C36002D7F
:201E20006AD03068401C3060052800D2C4E115460C980B998160994C23409A49184607F03C
:201E400010FB002800D0C6E028462040964907F008FB002800D0BEE00220BDE00121002D8E
:201E600000D1A4E00A920791CF07002118460C461D4607F0E4FA00280995089700D07D4008
:201E80008A49284607F0EDFA002800D098E0092E00D1AAE0022E00D08EE18249284607F082
:201EA000E0FA0028089F00D055E10A9CBC437E49204607F0D6FA002800D04CE106940C9E71
:201EC00031461531707D0028099C0B9100D1B4E02546BD437349284607F0C3FA002806D142
:201EE0007349069807F0BDFA002800D1BBE000200B9908706F4E42E1002434605CE1002D08
:201F000048D00A920120C1071846884367491F4607F0A7FA00283FD167483D46394605F070
:201F2000A7FD31460646487D0124E1078E43002800D1D8E061490A9807F093FA00280CD111
:201F40005F490A9807F084FA002806D15D49304607F087FA002800D1D9E000200C994875FB
:201F6000DDE0002D16D00A927068089001200790C5070993AB434D49184607F072FA0028F8
:201F80000AD1B0680B99081A80087C286FD903200C9E03E0012000E002200B99B0750B204D
:201FA000707071600024F4603461B48204E10C9841700B9941600024C46004618482FBE020
:201FC00002200C9988750B2048700B984860CC600C618C82F0E009200C9948700B984860C7
:201FE0000024346074603481E6E041200106284607F02EFA0C9E35460C35002800D1B5E0F1
:202000000A9C089884432A49204607F021FA002800D1ABE006942868401C28602828099C41
:20202000089F00D2A6E0022070700B987060002028606860288115360B962546BD4341205B
:202040000106284607F004FA1A4E002800D196E01D49069807F0FCF90028079C00D18FE044
:202060000B9804700C9E002434753461A4E0B81E0628099A00D99FE00B9B08995F1A4000BA
:20208000784480884000874421005A0120013B01FD007C019601C046CDCCCC3DFFFFFF7F63
:2020A0000000A041000010410000F0410000D24200004041CDCC4C40000048C20000704148
:2020C000000096C2000020410000A040192F00D2D5E103200C9948704B600020C8600861BB
:2020E0008882FC4C68E0FC490A9807F0B1F9002815D0FA490A9807F0B4F900280FD0F849E0
:20210000304607F0A5F9002809D00C984475FE490A9807F09DF900280AD1FC4C4CE0412008
:202120000106304607F09DF9002803D1F84B02E0F84C41E0F84B0C9801D1F84900E0F849F4
:202140000C220492F84A0392EE4A029201910093FD492A462CE009200C9E70700B9870600B
:202160000020F0603061B082099C03E000202860099C089F002070752546BD43F64E079C59
:2021800041200106284607F06CF9002801D0F54800E0F34801D0F54900E0F3491422A307B1
:2021A0000091019002960393049200210C98099A0A9B03F0DBFD0446DA4D2046294607F024
:2021C0003EF907468120C6052046314607F052F9002800D12646002F2C4600D134460C98FB
:2021E000C4612046294607F02AF9002800D1254600272846394607F022F90121CC072E46D8
:20220000002800D06640EE49304607F018F9002834D17F20C105304607F01AF900280ED152
:20222000DC49304607F014F900280DD1DC49304605F023FCDE4906F081FCE4490CE0E1496D
:20224000304606F07BFC09E0DF49304605F015FCD74906F073FCDB4905F00FFC3F210906F6
:2022600005F00BFC06460021284607F003F9002800D16640304607F00DFD07460C98078303
:202280000DB0F0BD1E2F0C9E51D3B049104607F0DFF80446BA490A9807F0DAF82043411E22
:2022A00088417C2F079900D80021084301280B993DD10720707071600020F0603061B082E0
:2022C0000120C0070A9C8443FBE0B749104607F0C8F8002800D196E0142F00D293E00124A5
:2022E000E1070A9888439B4907F0B2F8411E88411B2F00D80024204300D087E0AB4C5BE7C3
:20230000A5491046144605F0B8FB0121C9078843A24907F09DF800280C9900D180E006201F
:2023200048700B9848600020C8600861888291490A9807F09FF8002863D19A4C3CE7954C8F
:202340000F2F00D238E73F200106104607F089F80646401E864181490A9C204607F081F863
:202360000546401E854135407A49204607F079F8411E88412843874C402F00D990E00021A9
:202380008FE07D49104607F063F80A9CAC43002800D195E07949204607F05AF800280C9E1A
:2023A00000D18EE0082070700B9870600020F0603061B08272E08149104605F05EFB6C4DB7
:2023C0002840634907F044F80C9E34460C34002862D00A9805405D49284607F039F80028AD
:2023E0005AD02068401C20601428099F00D293E50A2070700B9870600020206060602081A3
:202400008AE5674CD8E61C2F00D277E705200C9948700B9848600020C86008618882099C34
:202420006349204607F00BF8002808D0032081070A9807F00DF8002801D0564CBCE65D4964
:202440000A9807F00EF8564C002800D0B4E65A49099807F006F8002806D050490A9807F040
:2024600000F8002800D0A7E60120C1070A988843444906F0F6FF002858D1444B57E00C20CE
:2024800004904348039043480290404801903748009000210C988BE600202060099F3BE5A7
:2024A00001210843012800D086E604200C9948700B9848600020C860086188823B4C7BE6DB
:2024C0000C9E3049204606F0CCFF00280AD12F4809E0C0460000404000004041000070C216
:2024E0000000104128480A9B0C21049128490391284902911D490091019027493046099A9A
:2025000057E6C046000040400000F0C1CDCC4CBE0AD7233D9A99993EEC51383D295C0F3DD6
:202520006F12033D000080C066662640164B0C98099A0C21049116490391164902910B49C5
:20254000009101931D4933E6000048C200004041000010410000F0419A9979400000A040FE
:20256000295C0F3D6F12033D0AD7233DEC51383DFFFFFF7F0000A041000020C200007042E5
:202580000000C8C20000BE42A69BC43CBC74933C6666264000004040000048C20000204154
:2025A000000040C0CDCCCCBF00002842CDCC0CC0000020420000B4420000184200004842EC
:2025C000CDCCCC3C0000A042000080BF00002043F0B58BB00D4607467648398B814201D040
:2025E000491C3983139A129909913C462434A97800291ED0119E0021F9713972AB88049307
:202600007B802B78802B0793089201D0012B39D1397BFF2908D0002904D1FA89824201D06C
:20262000501CF881491C3973388A88422BD2398229E0FE79FF2E00D18BE008921099002E06
:2026400004D17A89824201D0501C7881751CFD71002900D1FBE10120C00783435649184628
:2026600006F008FF002800D1F1E1022E089A00D9EEE10320207000250998056015600520A0
:20268000387205E2397305950A97607806904B49304606F0E6FE00281FD0494D474F3046B7
:2026A000294605F0EAF90646394606F0DAFE002813D03046294605F0E0F90646394606F0BB
:2026C000D0FE002809D03046294605F0D6F90646394606F0C6FE0028E1D100273046394607
:2026E00006F0ADFE00281ED0FA4D3046294605F0C4F90646002106F0A2FE002813D03046C1
:20270000294605F0BAF90646002106F098FE002809D03046294605F0B0F90646002106F0C2
:202720008EFE0028E1D1EC49304606F088FE002812D1EA49304606F082FE002801D00127C1
:202740000AE0E749304606F07AFE002803D1032702E035467CE10227069B9F42079A1CD162
:202760006770032010403F2A0AD8002808D00A9F3879FF2801D0401C3871002078712EE056
:20278000402A0A9F29D3002827D17879FF2801D0401C78710020387121E0B80001A1085858
:2027A0008746C046C52700001D2A0000E9290000032A0000FFFF000000004842CD8C194496
:2027C000CD8C19C4032BCBD1C649304606F052FE079A0028C4D00327C2E70020B88020780E
:2027E000411E012910D8D106890F00D1EAE0B979491CCAB2B971052A00D2E5E000202070AB
:20280000B871049A3A8002E000202070049A3888101A03B211B2C9134A40541A0693D9134C
:202820004840401A00B207F0A5F9B24906F086F907F030FA20187C6B05B2284607F09AF910
:20284000AD4906F07BF9214605F017F904465A2D06DBBF6B2046394606F00CFE002800D1F2
:2028600027460A98817C0491002906D0866B3846314606F0FFFD002800D13E460A98C76B8F
:202880003046394606F0DBFD002800D137460A98846A3846214606F0D2FD064601200390C5
:2028A0008107204605F0E9F80446394606F0E2FD0028384600D12046002E00D107460A9EE5
:2028C000B762306C029005988088079000B207F051F90546746C069807F04CF901462046D0
:2028E000019106F02BF9044602980595294606F025F9214605F0C1F80446B56C294606F046
:20290000B9FD06900398C6076E402046314606F096FD002800D126460698002800D1354678
:20292000049800283ED075490A9881627449019806F004F904467349059806F0FFF8214642
:2029400005F09BF80746412005063846294606F091FD0446C12006063846314606F06FFD37
:20296000002800D13E46002C00D135460A9F386B654906F0E3F8294605F07FF806465F49C8
:2029800005F07BF809990860B86A314605F070F808990860079838803046314605F06DF828
:2029A000054675E000210A9C2163284606F059FD002840D12846394605F05FF809990860F6
:2029C000A06A3EE00021B9710128504950480A4600D00246034600D00B4609990A600899AB
:2029E0000B60B8624B4D53E0012B00D0B8E63F49304606F024FD079A002800D1B0E6012780
:202A0000AEE6022B00D0ABE63749304606F017FD079A002800D1A3E60227A1E6002B00D0C6
:202A20009EE63349304606F00AFD079A002800D196E6002794E609980760A06A294605F0F6
:202A400017F82746089908600798208020E0089A387A002808D0401E38720320207000257E
:202A600009980560156013E0052D14D81346002020700220385E00282B4A2C48114600D4CD
:202A8000014600D410461A46099B196010600025FD620BB0F0BD232D0AD8134603202070AE
:202AA0000220385E00281E4A1E481146E8D5E8E7412D0AD81346032020700220385E002849
:202AC000154A16481146DBD5DBE70420207000210846D9E7CD8C194400001643CD8C994349
:202AE000CD8CE443CD4C1844CD0CE743CD0C9C4300001B43CDCCCC3DEC5138BE0000B442FD
:202B0000CDCC4C3D0AD7233DE17A9641000040C100004842000078420000A0C100000C422C
:202B20000000A04100005C420000344200007042F0B583B015460E460446411E8841FD49AF
:202B4000B02205F06FFF002E06D021780520014205D0042003B0F0BD032003B0F0BD0296C7
:202B6000A71C0422114321703A7B7B7B1B029A18BB7B1B042E46FD7B2D06EB189A1896420C
:202B800000D930E23546387C797C09020818B97C0904FA7C12065118091838797A791202E9
:202BA0001018BA791204FB791B069A1810180E1A6178B5423AD9022900D1D9E001296FD00C
:202BC000002900D0FBE139787A7812025118BA781204FB781B069A185118081802993246D6
:202BE00007F018FD3879797909020818B9790904FA7912065118081801968119387C7A7CCD
:202C000012021018BA7C1204FB7C1B069A1812185342914200D28FE1881A59188A4200D956
:202C20008BE1801A811A5018F3D386E1022900D1D1E0012969D0002900D0C0E1A178E27841
:202C4000120251182279120463791B069A185118081802992A4607F0DDFC38797979090285
:202C60000818B9790904FA791206511808184119387C7A7C12021018BA7C1204FB7C1B06BD
:202C80009A1812185342914200D290E1881A59188A4200D98CE1801A811A5018F3D387E1BD
:202CA000A178E278120251182279120463791B069A1851184000081872000299009207F065
:202CC000A9FC3879797909020818B9790904FA7912065118081801968119387C7A7C12023F
:202CE0001018BA7C1204FB7C1B069A1812185342914200D2A2E0881A59188A4200D99EE0FA
:202D0000801A811A5018F3D399E0A178E278120251182279120463791B069A1851184000DE
:202D200008186A00029907F075FC3879797909020818B9790904FA7912065118081841198B
:202D4000387C7A7C12021018BA7C1204FB7C1B069A1812185342914200D228E1881A591877
:202D60008A4200D924E1801A811A5018F3D31FE1A178E278120251182279120463791B06A8
:202D80009A18511880000818B2000299009207F041FC3879797909020818B9790904FA79E5
:202DA00012065118081801968119387C7A7C12021018BA7C1204FB7C1B069A181218534206
:202DC00091427AD3881A59188A4277D8801A811A5018F5D372E0A178E27812025118227963
:202DE000120463791B069A18511880000818AA00029907F00FFC3879797909020818B979BE
:202E00000904FA791206511808184119387C7A7C12021018BA7C1204FB7C1B069A18121891
:202E20005342914200D2C2E0881A59188A4200D9BEE0801A811A5018F3D3B9E0084638716D
:202E4000010EF971010CB971010A797139787A7812025118BA781204FB781B069A185118B6
:202E6000400008180299009A8918019AAE1A720007F0D0FB3879797909020818B979090478
:202E8000FA791206511808188119387C7A7C12021018BA7C1204FB7C1B069A181218534249
:202EA000914200D283E0881A59188A4200D97FE0801A811A5018F3D37AE008463871010E30
:202EC000F971010CB971010A797139787A7812025118BA781204FB781B069A1851188000C5
:202EE00008180299009A8918019AAE1AB20007F091FB3879797909020818B9790904FA79C4
:202F00001206511808188119387C7A7C12021018BA7C1204FB7C1B069A1812185342914268
:202F200045D3881A59188A4242D8801A811A5018F5D33DE0E7AD000008463871010EF971FA
:202F4000010CB971010A797139787A7812025118BA781204FB781B069A1851180818019A73
:202F600002998918AE1A324607F054FB3879797909020818B9790904FA791206511808186E
:202F80008119387C7A7C12021018BA7C1204FB7C1B069A1812185342914208D3881A59189B
:202FA0008A4205D8801A811A5018F5D300E008463871010EF971010CB971000A7871387BD6
:202FC000797B09020818B97B0904FA7B120651180818401B3873010CB973010EF973000AB7
:202FE000787321780020FB220A40227003B0F0BDF0B591B0E4480078012800D0B0E1E34895
:2030000080690321C9024058E1490A78002A1DD0E0490A68002A1DD0841A0860DE4804603B
:20302000204606F0ADFF0646DC4905F053FE0546DB48844200D83546DA4928460C9106F026
:20304000FEF900280ED0D84CD84814E001220A70D04984E10860D04800210160D84801609D
:2030600011B0F0BDD249284606F004FA002800D178E1D04CD048D24908600894D2483B214A
:203080000DAE0E23324603F003FA0D9800027178401800B206F06EFD7121CF05394605F007
:2030A0004DFD0B90B0780002F178401800B206F061FD394605F042FD09900E98000271795C
:2030C000401800B206F056FD394605F037FD0A900F980002717A401800B206F04BFDBB4D77
:2030E000294605F0F7FD0446B07A0002F17A401800B206F03FFD294605F0ECFD0746109819
:203100000002717B401800B206F034FD294605F0E1FD0546AE4801682046049104F0A8FC11
:203120000446AC480460AC4801683846059104F09FFC0746A9480760A948016828460691E9
:2031400004F096FC0646A7480660A74800680790A64801680297384605F0F0FC054601942B
:203160002046079905F0EAFC294604F086FC04469F4801680396304605F0E0FC214604F0B4
:203180007CFC05460120C107284688437D21C90506F055F900260028344600D12C46204629
:2031A000804906F067F90746924D2046294606F046F9002800D12546002F00D10C958E48DF
:2031C0000C9F07608D4804682046314606F02EF905462046394604F050FC3F21090607912B
:2031E00005F0ACFC002D00D107460898394605F0A5FC0C99814A1160814905F09FFC0446AD
:20320000804E314606F036F907467F4D2046294606F015F9002800D12546002F00D12E467A
:203220007A4C2068314604F028FC05462060784F3868314604F021FC38607649284606F03C
:2032400019F9002820D0744E724F2846314604F014FC0546394606F00DF9002813D0284699
:20326000314604F00AFC0546394606F003F9002809D02846314604F000FC0546394606F08B
:20328000F9F80028E1D125606449284606F0D7F8002820D0624E614F2846314604F0EDFBC5
:2032A0000546394606F0CBF8002813D02846314604F0E3FB0546394606F0C1F8002809D04F
:2032C0002846314604F0D9FB0546394606F0B7F80028E1D125600998014605F02FFC044621
:2032E0000B98014605F02AFC214604F0C6FB04460A98014605F022FC214604F0BEFB4949C1
:2033000004F0BBFB484C204048490D78484906F096F8002824D0002D22D00C982040079905
:2033200006F08DF800281BD0244C0198214605F005FC049904F0A1FB254908600298214695
:2033400005F0FCFB059904F098FB234908600398214605F0F3FB069904F08FFB20490860B5
:2033600011B0F0BD1549284605F0E8FB144908601449284605F0E2FB0446002106F068F818
:203380000028EDD179E6C046723D202004AF0000743D20203C3D2020503D20200000A042E7
:2033A000400D03000000FA430BD7233C0000204100504347CDCC4C3D000048426F12833A1A
:2033C000403D2020BD378635203B202033338341283D2020443D20202C3D2020483D2020E8
:2033E000303D20204C3D2020543D2020583D20205C3D20200000FAC3243D2020383D2020C5
:203400001904963F0000A0400000A0C0643D2020683D2020000034430000B4C3000034C3CF
:203420000000B443000080BFFFFFFF7F713D20209A99993EF0B58FB00646D54FF87C0628EC
:2034400001D3002200E00122831E591E8B41441F611E8C417021795C234200D0DDE000295F
:2034600000D1DAE00126B86EF96E081A06F088FDC94905F063FBC94905F02CFC06F000FBEB
:2034800002460B46C64908AD284606F0CBFB0020039002F037F9287804900224CE4D07E074
:2034A000284604F027FE03240798C00700D16DE107960EA9039F0F702120487002262846D5
:2034C000324604F0ABFB0EA90F704F702846324604F0A4FB0EA90F707F20487028463246F9
:2034E00004F09CFB0EA90F70222048702846324604F094FB0EA90F704C702846324604F0DC
:203500008DFB0EA90F704C702846324604F086FB284604F08BFD287A4006010E284602F095
:20352000C3F940212846069102F0BEF90498002857D00024049805942E4601467F39C9B28E
:20354000A129059D01D32038054660080627394606F076FAE8B27843A04A1018405C07996B
:20356000C90716D0012101404A008307DB0F9D00AA18DB00D2184307DB0F1D0152195B0137
:20358000D218C308C000069D28401018DA01024315E0C106C90F4A008306DB0F9D0052190A
:2035A000DB00D2184306DB0F1D0152195B01D2184308069D2B40D318802202401A430A4372
:2035C000D1B23546304602F06FF9671C0C21384606F036FA08A9762C03D8085C00283C468D
:2035E000AAD100262846314602F05EF9781C40B2002800D554E70021284602F055F9B81C9B
:2036000040B2002800D54BE70021284602F04CF9FF1C78B20028E4D542E704280ED10796CC
:20362000BA6E0026002A304628D0481E0D4685413B680020934214D2044613E03F231840B0
:203640003423C3401A4009D0B86E00294ED0FA6E002A4BD0002849D0101A51E04D49002071
:2036600061E001242543012D08D1002900D0FB6E981A06F085FC484905F060FA474905F085
:2036800029FB06F0FDF902460B464D4908AD284606F0C8FA3046294603F03CF819200001CA
:2036A000381806F0C4FF06F0EBF902460B464548009601904449284606F0B4FA02202946AA
:2036C00003F028F8B620385C002801D0404A00E03E4A079C3F49284606F0A4FA04202946C2
:2036E00003F018F8002C42D1324C41E04A1E9141424242410A4301D0002001E03968081AC6
:2037000006F03EFC244905F019FA244905F0E2FA06F0B6F902460B46214908AD284606F005
:2037200081FA0020294602F0F5FFFA7C4F2080003B5C1C4908AD284606F074FA0220294620
:2037400002F0E8FFFF202030385C002801D0174A00E0154A112000013B5C1549284606F069
:2037600061FA0420294602F0D5FF002EBCD0124C386B06F085F90090019110492846224615
:2037800006F050FA0620294602F0C4FF0FB0F0BD4038202019B100000000204100007A4492
:2037A000A8B10000F3B0000020B2000028B200000DB1000017B2000024B2000055B10000FE
:2037C00049B1000000C0624000B000000DB200002BB20000CAB10000003B202040A6000065
:2037E000F0B581B001242D2006F07AFCCD4D297888421AD1A97802291AD84A1CAA70697806
:20380000431A59425941032A224600D10A46002A0ED16870002800D1EAE0287A002801D120
:203820000120A8710020A88002E028700020A8706878002809D1A888632806D8401CA88055
:20384000642802D10120E8712872372006F048FCA97A88421AD1297B02291AD84A1C2A73C8
:20386000E97A431A59425941032A224600D10A46002A0ED1E872002800D1BDE0A87C002858
:2038800001D1012028740020E88102E0A87200202873E87A002809D1E889632806D8401CBF
:2038A000E881642802D101206874A8743A2006F017FC297D88421AD1A97D02291AD84A1CC0
:2038C000AA75697D431A59425941032A224600D10A46002A0ED16875002800D190E0287FA5
:2038E000002801D10120A8760020288302E028750020A875687D002809D1288B632806D805
:20390000401C2883642802D10120E87628773B2006F0E6FBA97F88421CD120216A5C022ADF
:203920001CD8521C6A54E97F431A59425941032A224600D10A46002A10D1E877002863D0F2
:203940002620285C002802D12420012129540020688403E0A877202000212954E87F002844
:203960000BD1688C632808D8401C6884642804D12520012129542620295425216A5C002090
:203980006854002A05D12422AB5C0021A954002B14D065490A78012A06D108706449087022
:2039A00064490C7001B0F0BD604A147008706049087060480470FA2001B0F0BD5B4800780A
:2039C00000280ED0584F3978A8790026AE7101291FD100282CD05C480178002926D0491E42
:2039E00025E0A87EA97600281BD0FB2001B0F0BD0020A88028721BE70020E881A87448E739
:203A000000202883287775E70020688426216854A4E7002840D048480078002825D0431E88
:203A200024E0A9712974084601B0F0BD03210170287C00262E74002805D043480178491CB8
:203A400003220A400270A87EAE7600285AD0384908783D4A12783B4B1A700E7033490E704F
:203A60003E7034490E7001B0F0BD072333480078D9B281420A4600D30246171D81422E48FC
:203A8000037001D38F4204D88F4200D8DA1E2B48027028480470244F287C2E7400281AD0FD
:203AA00025490878401C072303402448027893421F4600D31746381D93420B7002D3C1B212
:203AC000994205D8C0B2984200D8DF1E1B48077018480470144FA87EAE76002814D0164848
:203AE0000078C0001649085C062812D801218140742211420DD00E4908701248007812490E
:203B000008703C700B48047001F02AFD304601B0F0BD0021054A11703970064A117001B0B2
:203B2000F0BDC046A43A20208B3B2020803B2020833B2020853B20208A3B20207C3B2020B9
:203B400078AC00006D3D2020733D2020F0B585B0AA480078012800D04EE1A94880690321FD
:203B6000C9024058A7490A78002A1DD0A6490A68002A1FD0841A0860A4480460204606F02D
:203B8000FFF90646A24905F0A5F80546A148844200D83546A04C2846214605F050FC0028ED
:203BA00010D09E4D9E4816E001220A709649086005B0F0BD08609548002101609D4801600B
:203BC00005B0F0BD9749284605F054FC002800D101E1954D95489749086001950294974803
:203BE000432103AF06233A4602F052FC039800027978401800B205F0BDFF914C214605F044
:203C000069F89049096803F033FF06468E480660B8780002F978401800B205F0ABFF214699
:203C200005F058F88949096803F022FF054688480560049800027979401800B205F09AFF40
:203C4000214605F047F88349096803F011FF0746814807608148046881480168284604F043
:203C60006DFF05463046214604F068FF294603F004FF04467B480168384604F05FFF214643
:203C800003F0FBFE07460120C107384688437D21C90505F0D4FB002500282E4600D13E4673
:203CA00030465D4905F0E6FB04466F4F3046394605F0C5FB002800D13746002C00D1029754
:203CC0006A48029F07606A4E34682046294605F0ADFB05462046394603F0CFFE3F21090605
:203CE00004F02CFF002D394600D10146019804F025FF37605F4904F021FF04465E4D294679
:203D000005F0B8FB07465D4E2046314605F097FB002800D12646002F00D13546584F386878
:203D2000294603F0AAFE04463860564E3068294603F0A3FE30605449204605F09BFB002812
:203D400020D0524D504E2046294603F096FE0446314605F08FFB002813D02046294603F0C7
:203D60008CFE0446314605F085FB002809D02046294603F082FE0446314605F07BFB0028E6
:203D8000E1D13C604249204605F059FB002833D0404D3F4E2046294603F06FFE0446314660
:203DA00005F04DFB002813D02046294603F065FE0446314605F043FB002809D020462946C6
:203DC00003F05BFE0446314605F039FB0028E1D13C6005B0F0BD1649284604F0AFFE154909
:203DE00008601549284604F0A9FE0546002105F02FFB002800D1F0E605B0F0BD723D202049
:203E000004AF0000743D20203C3D2020503D20200000A042400D03000000FA430BD7233CC8
:203E20000000204100504347CDCC4C3D000048426F12833A403D2020BD378635203B202056
:203E400033338341283D2020443D20202C3D2020483D2020303D20204C3D2020543D20201D
:203E6000583D20205C3D20200000FAC3243D2020383D20201904963F0000A0400000A0C04F
:203E8000643D2020683D2020000034430000B4C3000034C30000B443F0B591B00F900125D5
:203EA00048000D90400D5C00670D59401095EE070E40AB494D1E44198C4200D203E17C19AA
:203EC0008C4200D2FFE0049610990C05611E00910B400025E9430E91A449019423430C933D
:203EE000C01B40180290401C0390D0020A90500DD9020B9247189E48C41B38462946224654
:203F00002B4606F087F84842294622462B4606F081F84900C00F4418204629463A462B4640
:203F200006F078F84A42204629462B4606F072F84900C00F4418204629463A462B4606F0B9
:203F400069F84A42204629462B4606F063F84900C00F4018441E3846294622462B4606F04F
:203F600059F806460F460A98294622462B4606F051F870186F411099081A0A902A46BA411E
:203F8000204629462B4606F045F8C20F49008918099146000A98294622462B4606F03AF8FB
:203FA0004A00C00F8018CF0F341809994F41E13C0994AF410F9AD00F0D9909180691520012
:203FC00008920E98401E0D902E46AE4108463040034607902046294606F01CF80A9106988D
:203FE000C043614AD1430143521A05922C466C4109982946234606F00DF806900991384677
:204000002946089A079B06F005F80890079138462946059A234605F0FDFF05900A9A069B0A
:20402000D0182B466B41079F3E400D9C089A224082185E41059838186941099A80186941F5
:20404000841969410E98401C4748684181424BD2002201988142109800D310460F9B01D332
:20406000039A029281401F2242406708D7400F4384405E05204639460B9A0C9B05F0CAFF9D
:2040800040428E4102994A1E3449491E8A423EDC012A48DB00990F401205C10F73005B18FF
:2040A00040001099214040183A4304990A430021651C51410B9E301A0C98984100D3254615
:2040C00044D3114642E0002F28D024498F4204D0002823D0884200D0F5E6224806430025AF
:2040E0003146284611B0F0BD6008CA0784184F080F980605204639460B9A0C9B05F08AFFE0
:2041000040428E41039A1549491E8A42C0DD1548049901430025284611B0F0BD00252946B0
:20412000284611B0F0BD002A13D10E994C400E494F4027430DD1019A56403043294605D14B
:20414000049911430025284611B0F0BD284611B0F0BD2946284611B0F0BDC046FF0700003A
:2041600002F8FFFF0000F07FFFFF1F00FE03000033F30475F0B5D9B01C4603920F4602900F
:2041800058A80026068057A8068056AD2E8055A8068054A80680084605F070FF28808F4D02
:2041A0002888002802D08E48006880478D480078002800D10DE1288800283CD08A480368FB
:2041C00054A801884A1C02803046029A9847384605F054FF56A90880844800888449097892
:2041E00005F02EFC55A90880384605F047FF381857A90E800988012913D9421C56A8805FA1
:20420000002827D4521C2AE05799491C57AA11805699491E56AA118057A90988401E02291B
:20422000EBD256A9895F0029E7D401785C29EBD02F29E9D0ECE70120010214A806F009F882
:20424000704E316802988847002C00D1B8E000946D49B6E057A80088002800D1BBE0654960
:2042600014A805F0DFFC58A80680058814E057A8008804AA16545C480368604800785499F0
:204280004D1C54AF3D80484381B2304698475898401C58A908800D8814A805F0EFFE55A9DC
:2042A000895F05F0CDFB401CA84228D957A80680008855A9895F8842D9DA14A805F0DEFE15
:2042C00057A9098858AA128855AB9B5F534359188842CCD357A90A8858AB1B8855AFBD5FEF
:2042E0005D4314AB5B199A5C0B8804ADEA54579A521C0A800988BA5F9142E1DBB7E740492A
:2043000014AE3046039A05F08DFC374803683B48007854994A1C54AD2A80484381B2002584
:20432000284632469847002C53D058A80580068814E057A8008804AA15542B4803682F486F
:20434000007854994E1C54AF3E80484381B2284698475898401C58A908800E88204605F0FC
:204360008DFE55A9495F05F06BFB401CB04230D957A80580008855A9495F8842D9DA2046C5
:2043800005F07CFE57A9098858AA128855AB5B5F534359188842CCD357A90A8858AB1B881F
:2043A00055AE775F5F43E3199A5C0B8804AFFA54579A521C0A800988725F9142E2DBB8E782
:2043C000124914A83A46039B05F02CFC316814A8884759B0F0BD084942E7C046783B20203E
:2043E0004C3B2020763D2020483B2020FE3A20207A3B20209FB10000BFB000007B3B20201E
:20440000B1B10000443B202020AF000052AF0000F0B58BB093490978012900D01FE100284C
:2044200001D17D20800002900027059706973C463E463D46049703963B2107AE0E238A48CA
:20444000324602F025F8079800027178401800B2049909180491B0780002F178401800B251
:20446000059909180591089800027179401800B206990918069109980002717A401800B262
:204480003F18B07A0002F17A401800B22D180A980002717B039E401800B23618042003F03F
:2044A0000DFA641CA0B202998842C4D301970395049805F05FFB0446029805F061FD05468A
:2044C0002046294604F006FC0746059805F052FB294604F0FFFB0446069805F04BFB0695CA
:2044E000294604F0F7FB054620460494214604F025FB044638460597394604F01FFB21464B
:2045000003F0BBFA04462846294604F017FB214603F0B3FA07467F20C4053846214604F031
:20452000A9FF00285DD07120C105384604F006FB8D21C90503F0A1FA3F210C06214604F0DD
:20454000FDFA029505463846294604F0C3FB0146284603F092FA214604F0F0FA05463846A1
:20456000294604F0B7FB0146284603F086FA214604F0E4FA05463846294604F0ABFB0146AC
:20458000284603F07AFA214604F0D8FA05463846294604F09FFB0146284603F06EFA2146DC
:2045A00004F0CCFA05463846294604F093FB0146284603F062FA214604F0C0FA0446059887
:2045C000214604F087FB294908600498214604F081FB274908600298214604F07BFB044624
:2045E00004E022480021016021480160039D019820490C6005F0BEFA069F394604F06AFBE9
:204600001D4C214604F066FB1C490860284605F0B1FA394604F05EFB214604F05BFB1849BC
:204620000860304605F0A6FA394604F053FB214604F050FB134908601348002101601348A4
:2046400001601348016013480170134801210170124880690321C9024058114908600BB03C
:20466000F0BDC046723D2020203B2020543D2020583D20205C3D202033338341283D2020AF
:204680002C3D2020303D2020643D2020243D2020383D2020743D2020713D202004AF0000FB
:2046A0003C3D2020F0B587B09C4C69208100204605F0CFFD9A487F210391C9052062616223
:2046C000274603F0DBFD04F065F94F208000201805F04AFE302010240025112621462A4635
:2046E000334602F05BFD07200490012205922146334602F053FD04F0B7F804F001F9384651
:204700007C3005F06DFE3846983005F069FE04F03FFC3846BC3005F013F85F208000381803
:2047200005F0FCFE19200001381805F005FF00F0FFF81C2000907B4E3C210A221F2330464A
:2047400004F088FD642003F0B9F806A90D70AE204870022730463A4603F060FA06A90D706E
:20476000D520487030463A4603F058FA06A90D708020487030463A4603F050FA06A90D706E
:20478000A820487030463A4603F048FA06A90D703F20487030463A4603F040FA06A90D70DC
:2047A000D320487030463A4603F038FA06A90D704D7030463A4603F031FA06A90D704020AA
:2047C0000290487030463A4603F028FA06A90D708D20487030463A4603F020FA06A90D70C4
:2047E0001420487030463A4603F018FA06A90D702020487030463A4603F010FA06A90D708F
:204800004D7030463A4603F009FA06A90D70A120487030463A4603F001FA06A90D70C8244E
:204820004C7030463A4603F0F9F906A90D70DA20487030463A4603F0F1F906A90D701220D2
:20484000487030463A4603F0E9F906A90D708120487030463A4603F0E1F906A90D700398C6
:20486000487030463A4603F0D9F906A90D70D920487030463A4603F0D1F906A90D70F120F8
:20488000487030463A4603F0C9F906A90D70DB20487030463A4603F0C1F906A90D7002986D
:2048A000487030463A4603F0B9F906A90D70A420487030463A4603F0B1F906A90D70A62078
:2048C000487030463A4603F0A9F906A90D70AF20487030463A4603F0A1F9284600F012FFF0
:2048E0001148124903F030F9049E3046294605F0F7FA204602F0E2FF3046059C214605F0CF
:20490000EFFA284605F058FE044D6867204605F053FEA86700F024FE07B0F0BD40382020EC
:2049200000004041003B20200557000015670000F0B583B002A80027077000978E4D682188
:204940000A220123284604F085FC642002F0B6FF752102AE012428463246234601F098FDB9
:204960003078682800D1B6E0702800D1B3E0284603F0C0FB142002F0A1FF752102AE012350
:204980002846324601F084FD3078682800D1A2E0702800D19FE0284603F0ACFB142002F01E
:2049A0008DFF752102AE01232846324601F070FD3078682800D18EE0702800D18BE0284604
:2049C00003F098FB142002F079FF752102AE01232846324601F05CFD307868287BD07028FE
:2049E00079D0284603F086FB142002F067FF752102AE01232846324601F04AFD3078682840
:204A000069D0702867D0284603F074FB142002F055FF752102AE01232846324601F038FDCE
:204A20003078682857D0702855D0284603F062FB142002F043FF752102AE012328463246E4
:204A400001F026FD3078682845D0702843D0284603F050FB142002F031FF752102AE0123DE
:204A60002846324601F014FD3078682833D0702831D0284603F03EFB142002F01FFF752106
:204A800002AE01232846324601F002FD3078682821D070281FD0284603F02CFB142002F00E
:204AA0000DFF752102AE01232846324601F0F0FC307868280FD070280DD0284603F01AFBBB
:204AC000142002F0FBFE38460A300A2F074600D23EE702A80078682801D0702842D1264EE0
:204AE0006B213046224604F027FF322002F0E6FE19210722304604F01FFF1A210327304644
:204B00003A4604F019FF1B211822304604F014FF1C21002530462A4604F00EFF062630462B
:204B2000214603F049FB304605F070FB13488069F9024058124908601248047012480570CA
:204B400012480560124805601248056012480560124805601248056012480560124805704D
:204B600003B0F0BD074800210170074801700C48016003B0F0BDC046203B202004AF0000CB
:204B80003C3D2020723D2020713D2020283D20202C3D2020303D2020643D2020683D2020BE
:204BA000243D2020383D2020743D2020F0B585B00492002800D111E10F46002900D10DE116
:204BC0001C4605460126184601F098F9297AB87D002902D0E97988420BD001212972E87131
:204BE000387C6978884204D1787CE978461A701E86412878401E042800D9BDE078440079A2
:204C00004000874402B91C2F2B00002E07D1787D402804D1B87C002801D101206871687917
:204C200000282DD06878801F0226F143884203D305F064FC002823D02E70EC609CE0002ED0
:204C400005D1787D412802D1B87C002851D0E868201A1E2800D28FE00B208AE0687803281F
:204C600000D089E0002E2BD1787D432822D0442826D1387D002800D10C20287106201EE085
:204C8000A869201A322877D3287F02282FD86978EA781E202B5E0A2060430026049F009716
:204CA00001960290302004F069FEAC61287F401C287761E06878032802D06C6105202870C9
:204CC0006878811F0222D243914242D30392397E0022002914D03978814211D17878E97811
:204CE00088420DD17889972809D3002208E00A203FE00120A87104202870EC603CE001229C
:204D00002E462036304639462346FDF72FF8304605F0AFFB002807D03620285C1430287185
:204D20000620039A287014E03820285E214602F0BDF968780328039A0BD12878042808D10E
:204D4000304605F09FFB039A002802D06C610520E8E76878801F904207D305F0C7FB0028EC
:204D600003D01E20287106202870F87D002803D11F202871062028702878411EC9B202291F
:204D80000FD86978891F0222D243914214D305F0ADFB002804D01E2028710620287002E0A0
:204DA0002878062806D104F059FF2846203005F0BCFB2878002811D0A969611A14290DD345
:204DC0006978EA781E23EB5E0A266643049F009701900296332004F0D1FDAC6105B0F0BD46
:204DE000F0B5A5B0059308920D46074600260A967A4C3246234604F0FDFA002800D12C4624
:204E0000354600D13D46284621463246334604F0DFFA46424641002807D10AAA2846214698
:204E200004F0A8FA0A98401E0A900898007B0BAF412801D06B4800E06948099008988068CE
:204E400001903020049038700022284621460292134604F0C6FA0121002801D0C80744402F
:204E60000391781C0790002E0DD024AA2846214604F080FA249801210A1A2846214602F08E
:204E8000AFFC05460C462846214604F081FC0646079904F025FB0690304604F0E1FF02465C
:204EA0000B462846214600F0CFFD04460D460198471C20D3079806994618002220462946F1
:204EC000134604F085FA002848D1002220462946454B05F097FB04460D4604F059FC09992F
:204EE000095C771C317004F0BBFF05F070FB04460D463E46E1E70BA806994618002F16D05D
:204F00007F1E002220462946374B05F07BFB04460D4604F03DFC0999095C3246761C517074
:204F200004F09EFF05F053FB04460D46E6E73178099C204605F0B8FA001B08280EDB01960D
:204F4000741E089D029F099E2178304605F0ACFA801B0E2805DD2770641EF5E7089D029F3A
:204F600004E00999081840782070019E37700A98297B4129059C01D0702100E05021069E55
:204F8000079F224604F0B2FBAA68501C04D1384605F0E0FA421EAA6038463146234604F006
:204FA0002FFFA8680028039A02D128680007C20F38463146234604F053F8287B412801D039
:204FC000782000E0582021684A1E226008702068411E21600499017025B0F0BD0000F0FF0F
:204FE0008EAF00009FAF000000003040F0B5A3B01E460F46044603929168002903D0002908
:2050000004D5062100E001210398816007910AA83021089101700022204639460992134672
:2050200004F0DFF901210028049101D0C8074740634D20463946614A2B4604F0EDF90028EB
:205040000BD00022204639465F4B05F0D7FA04460F460998401C0990EBE7002520463946ED
:205060002A462B4604F0B4F9002813D1002220463946544B04F0B5F900280BD000222046CF
:205080003946514B05F0BEFA04460F460998401E0990E3E702960AA8461C2046394604F0C2
:2050A00077FB0596314604F01BFA07998842019004DD481C0AA90B18085C20E0C9430E18B7
:2050C0000AA90B180793581C06902046394604F05FFB04F0C5FE02460B462046394600F0FE
:2050E000B3FC0022384B05F08DFA04460F4604F04FFB069B303007994870761CE2D3C0B2F1
:205100003528029E039F0DD3581E0178491CCAB201703A2A03D330210170401EF5E70AA9E6
:20512000884241D0099801990C181D700220C043844202DBB868844207DD601E397B891E3D
:20514000C9B2324604F0D2FA0124059805F002FA401E0499A0421ADB0028089A01D4059AD9
:20516000125C1346303B5D1EAB41C9431943C90705D13978090702D40025049905E03168B1
:205180004B1E33600A7001250021401EE2E73868082202402A43501E824105982146334604
:2051A00003F05EFF23B0F0BD581E00210170099801990818441C0AA80590B7E70000C0FFB8
:2051C000FFFFDF410000F03F00002440F0B58DB007920890002201260B9149004F0D590028
:2051E000490D0C91694C651E09977919A142314600D31146F7070A971F460B9847400C98FC
:205200004519A542344600D314465F4D0A980740214301290AD10C98002800D184E0A842B9
:205220007BD0099800287FD0A84276D00096069700260125079A500DD90208180590D002FC
:2052400003903146089C2246334604F0E3FE049007910195EF0705980743384631462246EE
:20526000334604F0D7FE089005910B98C0434949CA4302438A1A02923446744103983146BB
:20528000234604F0C7FE05460B913846049F3146029A234604F0BEFE3F4A17401540079AE2
:2052A000AA18334673410B9C20187141059C00197141089C121958417141099B0C9CE318A1
:2052C000CC0221D4354C1B19C40F490009194000D40F0019FC0F520012197D002A4C641EDF
:2052E000A342069F19DC019C2405002B21DD641E21401B050B43194639436B420A9C234658
:20530000934126D2401C2AE0244C1B195B1C1E4C3D46641EA342069FE5DD1D4807430026B0
:20532000394630460DB0F0BD0026314630460DB0F0BD1B4D6940C043002A15DB0843002BED
:20534000009916D0002817D0009800283146E8D117E06240154303D1019A024080187141E3
:20536000064630460DB0F0BD01960843002B0099E8D101990028E7D1009100980028314660
:20538000CFD12743CBE7C046FF07000002F8FFFF0000F07FFFFF0F0000F8FFFF01FCFFFFE0
:2053A000FFFF1F00F0B587B002910546411E88416849C32203F036FB28681F224109059282
:2053C000104001242246824088006349085895214B01C15811430193C150E8680690069802
:2053E000411E0691002809D00698411E0691002804D00698411E06910028F0D1686841098F
:20540000059A104022468240880053490858534BC1581143C1500026072003940DE0B10051
:2054200044000C43287904F05BFE064626430499881EC9B20129039C68D0049029684A09FF
:2054400005980140204688409100434A5158434A89180A6902430A61EA680692069B5F1E20
:205460000697002B09D0069B5F1E0697002B04D0069B5F1E0697002BF0D10B6803430B6006
:2054800006920698411E0691002809D00698411E0691002804D00698411E06910028F0D1D2
:2054A000287904F01DFE2A68530905990A40214691409A00284B9A58284BD21813690B4308
:2054C0001361EB680693069F7C1E0694002F09D0069C671E0697002C04D0069C671E069703
:2054E000002CF0D114680C431460069306994A1E0692002993D006994A1E069200298ED096
:2055000006994A1E06920029F0D188E72868059901408C40400980000F490858019A815863
:2055200021438150E86806900698411E0691002809D00698411E0691002804D00698411E2E
:2055400006910028F0D12846029902F0F7FEF0B207B0F0BD61AD0000F83C202090120000B1
:20556000F0B587B057480078574E31780140C843564909684A424A410243554F3868434269
:2055800043411343D80700D084E000242046884750480078012824D13A6853490020904762
:2055A00052480078800052490B58524A01AD18262846314604F036F93A68022029469047C1
:2055C0004D4803784D4A2846314604F02BF93A68042029463C4E90473A6849490620904760
:2055E00057E03D480078072853D83C490978884201D0202300E03E23C000394908184068EE
:205600000090384A01AD1821284604F00BF93A6800202946904730480078401CC0B2072836
:2056200037D82E490978884201D0202300E03E23C0002B490818406800902A4A01AD18215D
:20564000284604F0EFF83A6802202946904722480078801CC0B207281BD820490978884231
:2056600001D0202300E03E23C0001D490818406800901C4A01AD1821284604F0D3F83A683B
:2056800004202946904714480078C01CC0B2072802D9347007B0F0BD10490978884201D0F7
:2056A000202300E03E23C0000D490818406800900C4A01AD1821284604F0B4F83A680620E5
:2056C00029468CE7803B2020853B20203C3B2020743B20208B3B20207C3B20208A3B202045
:2056E00078AC000003B20000D9B00000733D2020D0AF000008B20000833B2020E2B100008E
:2057000067AF0000F0B587B0044601A900270F7021204870624D02262846324602F07EFADD
:2057200002A90F704F702846324602F077FA03A90F707F2048702846324602F06FFA04A9C7
:205740000F70222048702846324602F067FA05A90F704F702846324602F060FA06A90F704B
:20576000072048702846324602F058FA284602F05DFC287A4006010E284600F095F8402124
:20578000284600F091F82846214600F08DF82846214600F089F82846214600F085F82846E2
:2057A000214600F081F82846214600F07DF82846214600F079F82846214600F075F8284609
:2057C000214600F071F82846214600F06DF82846214600F069F82846214600F065F8284629
:2057E000214600F061F82846214600F05DF82846214600F059F82846214600F055F8284649
:20580000214600F051F82846214600F04DF82846214600F049F82846214600F045F8284668
:20582000214600F041F82846214600F03DF82846214600F039F82846214600F035F8284688
:20584000214600F031F82846214600F02DF82846214600F029F82846214600F025F82846A8
:20586000214600F021F82846214600F01DF82846214600F019F82846214600F015F81F26F1
:205880003E432846214600F00FF820370548864200D278E7024802F02DFC07B0F0BDC0464F
:2058A000003B2020FF030000F0B587B001910646411E88416249A82203F0B4F8802000963F
:2058C00002E0800800D1B1E00199084201D05B4901E05A491031029073681F225D09134077
:2058E000012703979F40AB005648C3585D583D435D50F5686B08069306994F1E0697002986
:2059000009D006994F1E0697002904D006994F1E06970029F0D131684E091140039F8F40C3
:20592000B100484846584548311834583C4334500595059C651E0595002C09D0059C651EA2
:205940000595002C04D0059C651E0595002CF0D10C693C430C610493029804994B1E0493D3
:20596000002909D004994B1E0493002904D004994B1E04930029F0D14408009E73685909DD
:20598000890030484158019D2C4201D02B4D01E02A4D10351340039C9C404B5923434B5107
:2059A000F5686B08069306994C1E0694002909D006994C1E0694002904D006994C1E069496
:2059C0000029F0D131680A40039F9740490989001C4842581948111814583C431450059535
:2059E000059A541E0594002A09D0059A541E0594002A04D0059A541E0594002AF0D10A694A
:205A00003A430A610493029804994A1E0492002900D156E704994A1E0492002900D150E7CF
:205A200004994A1E04920029EED14AE7304601F02BFC0399484007B0F0BDC04690120000F4
:205A400061AD0000F83C2020FCB40124E407634002E0FCB40124E40708B41D03ED08D60D0B
:205A6000354356025F007F0D06D12C00344300D0AEE001B0FCBC7047A4082543072424020E
:205A8000FF34A74205D10020190D090501B0FCBC7047002B03D50024A61BAC4125000B0398
:205AA000DB08C20D134342024800400D07D11C00144300D08CE00EBC1000F0BC704701241C
:205AC0006407234307242402FF34A04205D10020090D090501B0FCBC7047002903D5002430
:205AE000A21A9C412300C11B08D51C002B0025001400320026000024611A3800362925D529
:205B000002B4393949420C00203C03D22F008F40374301E03700A740002F01D040210E436C
:205B200002BC20290BD500290ED04C42203420B4A5402C0020BC0D41CE40361904E000291C
:205B40002E000D4120390E4192196B411C0014433ED00024002B04D5012400218A1A99415D
:205B60000B00401E52005B41FBD50121890215000D400CD0521800277B4101D3401C0BE0AB
:205B80000721C90115000D4001D189008A43072109028A4352005B41801C19DD07210902D6
:205BA000FF31884209D30EBC0020C90F0902FF31C900C91D0905F0BC7047190B0005014385
:205BC000E40721431805120B104301B0FCBC70470021002001B0FCBC7047FEE7F0B587B0A7
:205BE000039304920690006801F042FF0746594903F040FC00281FD0574C564D38462146E9
:205C000001F03BFF0746294603F034FC002813D03846214601F031FF0746294603F02AFC94
:205C2000002809D03846214601F027FF0746294603F020FC0028E1D10F9D0E98059047494B
:205C4000384603F0FCFB00281FD0454C434E3846214601F012FF0746314603F0F0FB0028F2
:205C600013D03846214601F008FF0746314603F0E6FB002809D03846214601F0FEFE0746AC
:205C8000314603F0DCFB0028E1D106984760C46838460295294602F051FF214601F0EDFE6F
:205CA0000646059C214603F0E5FB05460120C007019044403046214603F0C1FB002800D1F0
:205CC0003446002D059E00D126460D9805900C9800900698C6608168384601F0C9FE0546A1
:205CE0002049029C204603F0C5FB002800D11E4C2846214602F0EEFF054606988760039802
:205D0000314602F01BFF06460498394602F016FF314601F0B2FE06460098294602F00EFF28
:205D2000314601F0AAFE0546059F394603F0A2FB0646019C7C402846214603F080FB002845
:205D400000D12C46002E00D1274606980761384607B0F0BD000034430000B4C3000034C3C7
:205D60000000B4436F12833A0AD7233CF0B587B01C4606900E9D0C9805900D9E08461146A6
:205D800001F076FE074630460494214602F0D6FE064605980597394602F0D0FE314601F0EA
:205DA00067FE064601200190C0072C46029044403046214603F043FB07463046294603F0FE
:205DC00059FB0028039500D13546002F00D12C46474E059D2846304041210F06394603F0F3
:205DE00040FB00282DD0049806403046394603F02FFB002825D0109F2846214602F09EFE20
:205E0000002103F037FB411E8841069A117D00291ED0002819D00498294602F08FFE002113
:205E200003F028FB069A002807D08120C105304603F017FB069A002807D11069401C1061E5
:205E40000FE0069A107D00282DD0002010752BE0002828D01069401C1061B84225D301995F
:205E60001175C01B04F08CF8224902F067FE05460021059803F0FEFA002819D01E492846AD
:205E800001F0FBFD05462046294603F0F3FA0028039E0AD12846314603F0ECFA002800D1BE
:205EA0002E46344601E000201061204607B0F0BD0F98294601F0E1FD0746002103F0BFFAB9
:205EC00006463846039D294603F0D4FA002800D13D46002E02D10298454000E0029D2046A7
:205EE000294603F0ACFA0028DFD12C46DDE7C046FFFFFF7FCCCCCC3CCDCC0C40F0B587B0A9
:205F0000029052480078524E3178401A8006000F7ED003A8801D01904E4C09E0781C08401F
:205F200030704A4800783178401A8006000F6FD03078235C3078401C3F210840205C3278E7
:205F4000921C0A40A25C3578ED1C0D40655D3778012BE3D16B2DE1D13B1D0B4033703E49E0
:205F60000A709F2ADDD0022A2DD13C4A1168491C116000223A490A703A490978814201D17A
:205F800038490A7038490978F32837D1012935D13748039003A9374888800198C2708270AF
:205FA0004270027002274F816B20087301200D2201F0E0F9FD202B49087002982E49086022
:205FC0002E49086021E02E4A1168491C116024490978FF2906D04A1C214B1A70012901D8CF
:205FE000002100E001211F4A1278824202D100201C4A1070002994D0042706E0FD2890D1CA
:2060000002298ED11948028003271748077088E714480178002916D017490968029A511AE8
:206020000C2910D30021017015480168491C01600B490878FF2803D0421C0A70022802D385
:2060400009480421017007B0F0BDC046873B2020893B2020643A20207D3B2020383B202060
:20606000353B2020823B20208C3B2020363B202001FD00001E6400006C3B2020603B202079
:20608000503B2020F0B585B00C46054600260846314603F0CBF900282ED104942C680027A2
:2060A0002046394603F0E6F9411E88410390049839462746049C03F0C2F9002805D000217A
:2060C000384603F0D7F9002816D13C4600272046394603F0B4F9411E88410290049839466D
:2060E0002746049C03F0C6F900280DD00021384603F0A5F9002807D06E60AE60EE602E61F4
:206100006E612C6005B0F0BD0021384603F0A9F90121CE07002800D177407F20C105384604
:20612000019103F0A7F90028EBD00021204603F098F90028214601D121467140384601F064
:2061400097FC07463F200106384603F08AF90028D7D00096412006063846314603F081F9D1
:206160008121C905002800D0314601D0194E00E0174E384602F0E2FC0746314603F07AF94B
:20618000002800D13E4602980028019900D10099EF680398002800D00F490846314602F0C3
:2061A000CDFC394601F069FC07460C4903F062F903900B4E3846314603F041F9002800D14A
:2061C0003E4603980028054800D13046E86098E70000204200002043000080BF00A00C4627
:2061E00000A00CC6F0B585B0039304920446084603F0C0FC4D4902F0A1FC4D4902F06AFDCC
:206200006060A568294601F033FC7D21C90502F095FC294601F031FC0746A06025680026A6
:206220002846314603F002F9002806D0201D066046608660C660066175E00A9801900295B2
:206240002846394601F014FC05462669314601F00FFC00900398294602F070FC0746049822
:20626000009902F06BFC394601F007FC074630460396314601F001FC01460495284601F0B9
:20628000F7FB616901F0F9FB0146019802F056FC394601F0F2FB0146E06801F0EEFB064627
:2062A000244903F0E7F80746234D3046294603F0C6F8002800D13546002F1E4900D1294602
:2062C0000191E16004982061039860610026029D2846314603F0CEF807462846314603F0EA
:2062E000AEF8002800D01548002F124E01D07F20C005114FA16902F021FC019901F0BDFB23
:206300000446314603F0B6F805462046394603F096F8002800D12746002D00D13E4630460C
:2063200003F0B8FC0646304605B0F0BD00606A4700683F4700A00C4600A00CC6000080BFF0
:20634000F0B585B01446019104900003060F0321304603F04DFF4549642202F063FB002767
:206360000125434803948442284600D3384666223E4902F057FB304603F02CFF0499C8B252
:2063800009040A0F1021132302F01EFCB00039490C583949112222206050022E374803462F
:2063A00000D0374B12022903052E00D01846324BE3180293A51861180091019903F040FB4E
:2063C000062E3E4613D0020C070E0190000205D0791C104603F034FB064607E07F1EF8B210
:2063E000411C104603F02CFB0646FF360198FFB2791C03F025FBF6B2711C03F021FB401EBB
:206400000821009A91601760EE60029F78600498010D0F2008400126324682402B6813431F
:206420002B60012808D88121890541438200A218154BD15013490BE080054A078018314031
:206440008A00A218104BD0500E4A083208461146611880000D4A0A500498039902F074F806
:2064600038683043386005B0F0BDC04668AE00001127000004AF000004180000005A62022E
:2064800000B4C404701800003018000001040000F0B587B01C46164606910546411E884107
:2064A0004C494D4F3A4602F0BDFA711E04968E417A1C3046474902F0B5FA284601F0B6FD3B
:2064C000287A4006010E2846FFF7EEF928460699FFF7EAF9284601F0A9FD287A4000401C51
:2064E000C1B22846FFF7E0F92A46002C6CD01546601E032103F0A4FA491C0020032900D005
:20650000084602D12746049932E0614203910121091A029140420190022600942746049857
:2065200080190590811E069103988419601E414241412846FEF736FF0599491E069A10707F
:2065400002988019022811D0BF1E0691614261412846FEF727FF06990870B61C01988019A0
:206560000228DCD104988019811E00E07F1E009C032C2A4628D3B81E0690781E0590F81E10
:206580000490002603978D190598801B0F464142414110461446FEF705FFB8550698801B80
:2065A000414241412046FEF7FDFE68700498801B414241412046FEF7F5FE22463946A8701F
:2065C000039FF61CB742DED1104601F093FD07B0F0BDC04661AD0000FF010000F0B585B036
:2065E0001D46164630210290009101700024104619462246234602F0F4FE002802D001204E
:20660000C00745400B9801900A9804903E4F304629463C4A3B4602F0FFFE002809D0002239
:20662000304629463A4B03F0E9FF06460D46641CEDE70027304629463A463B4602F0C8FE5D
:20664000002811D1002230462946304B02F0C9FE002809D00022304629462D4B03F0D2FFB1
:2066600006460D46641EE5E70298401C03900498001904903046294603F08AF8039902F073
:206680002FFF039909180019019A10600498441C012C1ADB04913046294603F079F803F0FC
:2066A000DFFB02460B4630462946FFF7CDF90022174B03F0A7FF06460D4603F069F8303056
:2066C000049A511C1070641EE4D1481E0278352A0DD3891E009C0A78521CD3B20A703A2B42
:2066E00002D30C70491EF6E7029A914203D00770039805B0F0BD077001990868401C08600A
:206700000298F6E70000C0FFFFFFDF410000F03F00002440F0B587B00091044601A900260B
:206720000E7021204870454D022728463A4601F075FA02A90E704E7028463A4601F06EFAAB
:2067400003A90E707F20487028463A4601F066FA04A90E702220487028463A4601F05EFA1D
:2067600005A90E704C7028463A4601F057FA06A90E704C7028463A4601F050FA284601F090
:2067800055FC287A4006010E2846FFF78DF840212846FFF789F800990878002830D04D1CD8
:2067A0000027264C009701467F39C9B2A129009901D320380146C8B206214143204846186E
:2067C000415C2046FFF770F871782046FFF76CF8B1782046FFF768F8F1782046FFF764F8A9
:2067E00031792046FFF760F871792046FFF75CF8BE1D2878002803D06D1C742F3746D2D3DD
:206800000E4C00212046FFF74FF8701C40B200280FD400212046FFF747F8B01C40B200282F
:2068200007D400212046FFF73FF8F61C70B20028E7D5024801F05EFC07B0F0BD003B20203D
:2068400040A60000F0B5CBB0484E5020305A129032684F20800030180124214603F04AF86E
:206860007020315C002905D1B16E002902D03168F16634540024B4737120345472203454EC
:2068800030467C302146FFF7FDFB304698302146FFF7F8FB204603F08FFE70670120119074
:2068A00003F08AFEB06703F0ABF8706BB36BF16B376C1A185218D21930D00A256A436843AA
:2068C00010906B4369436F434420305A0F904620305A0E904820305A0D904A20305A0C90D2
:2068E000C620305A0B90CA20305A0A90CC20305A68430A9D089509900093019102970F981C
:2069000003900E9804900D9805900C9806900B980790174913A8109B03F084F912980028F4
:2069200007D05325705D002803D100F07BFE119870554D203454B48062203454642034522B
:2069400066203454F47334747474B474F4747463B463F46334647464B4645F20800030188E
:2069600003F006FE03F0A8FA4BB0F0BD4038202035AB0000B0B50324002873D0002A71D0E9
:206980000378072B6BD8C0467B441B795B009F44033F191F084653270024AA2962D10121E2
:2069A0005AE0C17082794A40384B9A5C827115295AD3AA394A424A410270002141718171DF
:2069C0002046B0BD4170314A515C817103214CE0817082794A402D49895C8171042144E0BD
:2069E00083798B4244D14178117081785170C37893700179D170121DC11D044610461A46BF
:206A000003F008FE002020706071A0710120B0BD0024AA2926D0552933D102211CE001715D
:206A200082794A401949895C817100244471C178002910D006210FE042798318521CD5B21C
:206A40004271D97182794A401049895C8171C17800248D4206D3072101702046B0BD1B21D7
:206A600003F0F7FB2046B0BD052101700020B0BDAA394A424A4102700021417181710220E7
:206A8000B0BD002404702046B0BDC04680A90000F0B58DB00246354F3878354E317888429B
:206AA00001D10DB0F0BD012508E035490868401C08602246387831788842F2D01446387883
:206AC0002C49095C3878401C7F2202403A7007AA2948FFF74FFF032827D00228E5D00128B3
:206AE0002246E7D107A80078022820D12548057025490868401C08602448026007A803A987
:206B0000164602F0E0FA002816D006980599049A039B1F4C23606260A160E0601D4806600B
:206B20001D4805703246124EC4E71449BEE713490868401C0860BDE707A801A902F0BAFBC2
:206B400000280CD001A90522144803F063FD07A84178134A1170C0781249087003E007492D
:206B60000868401C08602246014EA3E7883B2020863B2020E4392020CC3A2020543B20202A
:206B8000403B2020813B2020683B20205C3B2020103B2020583B2020FD3A2020303B202004
:206BA0007F3B20207E3B2020F0B5CBB03E4E7020325C3168002A05D1B26E002A02D0F1660C
:206BC000012232540024B4734F208000301803F062FC712034547220345430467C3021467D
:206BE000FFF750FA304698302146FFF74BFA204603F0E2FC70670120129003F0DDFCB067C1
:206C000002F0FEFE622034546420345266203454706BB36BF16B376C1A185218D21930D0E5
:206C20000A256A43684311906B4369436F434420305A10904620305A0F904820305A0E9073
:206C40004A20305A0D90C620305A0C90CA20305A0B90CC20305A68430B9D089509900093F6
:206C600001910297109803900F9804900E9805900D9806900C9807900C4913A8119B02F014
:206C8000D1FF5020305A002807D05325705D002803D100F0C7FC12987055B480F4732046C7
:206CA000FCF7C8FB4BB0F0BD4038202035AB0000F0B585B01C4600910746D0B211040A0F14
:206CC0001021132301F080FFE0B221040A0F00210423029101F078FFB8002E490C58112006
:206CE0000602A5192C49204603F0BAFB2B49204602F074FDA0590321C903884301210391A4
:206D0000C903401804960194A051032F01D0254F00E0234F009803F06BF902460B46029C40
:206D20002046394603F06AFCFF229305224603F069FC07460E4602F02BFD009003F058F90D
:206D400002460B4638463146FEF77EFE164B224603F058FC154B2246FEF77BFE02F018FDE7
:206D60002969134A0A4000995118296169693F2291431040081868616868039A1040696880
:206D80009143081868600499019B58581043585005B0F0BDC0AF00002EB200008CB1000065
:206DA000D0129341D0128341000050400000E03F0000FFFF70B50446002606802E2003F06E
:206DC0008FF9012807D120780121014321706078401C6070364E212003F082F9012807D163
:206DE00020780221014321706078401C6070FA3E2025284603F074F9012807D120780421F6
:206E0000014321706078401C6070963E1E2003F067F9012807D120780821014321706078C5
:206E2000401C6070323E362003F05AF9012807D120781021014321706078401C607032360F
:206E4000352003F04DF9012806D12078284320706078401C60709636322003F041F9012899
:206E600007D120784021014321706078401C6070FA36392003F034F9012809D12078802183
:206E8000014321706078401C6070AF20400036186178481E0A468241A270002904D030B279
:206EA00002F0CEFBA08070BD0020A08070BDC046A2FE0000F0B59FB003930E4605460492F8
:206EC0009168002902D506210498816002910024344F2846314622463B4602F08BFA00286E
:206EE00000D13746264600D12E46304639462246234602F06DFA002820D100242A4D03F0CD
:206F000073FB02F06EFA002809D0002230463946264B03F077FB06460F46641EEFE7234D52
:206F200003F062FB02F06FFA002807D003F05CFB03F064FB06460F46641CF1E7029905A8CA
:206F40000091019006A832463B46FFF747FB0646059F022F049D08D1641C304603F0FAFAB8
:206F60003018401E002101700127297B2046039C224602F0BBFBAA6830463946234602F096
:206F80003FFF304603F0E6FA874203D128680007C20F00E0012230463946234602F060F8BA
:206FA0001FB0F0BD0000F0FF0000F03F00002440F0B5E1B015460E4602463A480178491C46
:206FC0000170090A6BD11C46709925916F9924916E9923916D9921916C991F916B991E9138
:206FE0006A992791699926916899229167992091669F002101703046289202F041FD1D9014
:207000001C91284602F03CFD1B901A91204602F037FD19901891384602F032FD1790169109
:207020003046214600F024FD02F02AFD04460E462846394600F01CFD02F022FD1E9A10924A
:207040001F9A1192219A1292239A1392249A1492259A1592209A0892229A09AB54C30C90D2
:207060000D9126980E9027980F901D9800901C9801901B9802901A980390199804901898AF
:2070800005901798069016980790074929AC2046289A02F0C7FD0320214602F0FDFA61B04A
:2070A000F0BDC046843B202028AC0000F0B585B00246334803780020032B5FD1314D2B7893
:2070C000002B5BD1304B1B68CB1A042B56D3C723DB439A4200DC1A46C82A00DBC8222B4BD1
:2070E0001C88131B002C0CD026B214467443284C08D4D7177A40D21BF7177E40F61BB24217
:2071000000D3244C22781CB29442144600DC1C4623B25242934200DB224613042ED000912F
:2071200016B230B2C01331464140081A01A901240C70FD274F700022002E234600DC13469C
:207140008B70CA701E230B7164234B718A71CA71030A0B7248728A72CA726B2008730D2213
:20716000204600F007F92046084A1188891911802F700949009A0A6003490A6005B0F0BD28
:207180008C3B2020823B2020603B2020363B20206C3D2020703D20206C3B2020F0B581B0CC
:2071A0001C4600920E4607462D4D08461038414241411020184002090A4070427041104392
:2071C0002849B52201F02EFC78091F213940621E132A19D87A4412795200974410091214AF
:2071E000151515151515151515151515090B150E6D1C09E01C4A551C06E01B4D04E00025BC
:2072000002E01B4D00E0194D1A4A43011A4FFB185B5C9B00194FDD51102E10D101238B40C4
:207220008500174E7559174EAB51009E002E01D0164601E016461036AF591F43AF51032C20
:2072400003D0042C02D001B0F0BD103201238B4080000B49085881581943815001B0F0BD32
:207260008000040012AE000080000402810006008100050090120000B8AC0000048042402B
:20728000F83C2020D0120000F0B585B00446411E88413549862201F0C5FB20681F2642095D
:2072A00030400125294681409000304B1858304A82181069084310616768384630400095F2
:2072C00085400197780980001858294FC3592B43C351E36804930498451E0495002809D04F
:2072E0000498451E0495002804D00498451E04950028F0D110680843106003930398411EB6
:207300000391002809D00398411E0391002804D00398411E03910028F0D10198C0B202F0DA
:20732000DFFE21680E40009DB540490989000F4A5158952252018B582B438B50E168029118
:2073400002994A1E0292002909D002994A1E0292002904D002994A1E02920029F0D1411E20
:20736000884105B0F0BDC04661AD0000F83C20209012000070B514460D460646491E2846C5
:2073800088413349592201F04DFB002C38D0B0003049085830494618601E032102F050FB81
:2073A000481C0021032800D0014601D1204625E00022204606E09D1C5B78B361801E921C6F
:2073C0008A421BD02B463568ED0705D03568ED0702D03568ED07F6D11D78B561012515433B
:2073E0008D4209D03568ED07E5D03568ED07E2D03568ED07F6D1DEE75D1C401E032C05D262
:2074000070BDCD1C8978B161C01EF9D029463268D20705D03268D20702D03268D207F6D166
:207420000A78B2613268D20705D03268D20702D03268D207F6D14A78B2613268D207E0D0F8
:207440003268D207DDD03268D207F6D1D9E7C0463DAE0000C0AF000008110000F0B583B0C1
:20746000314F324D012466023148002101602A1F10680F210191090288438019029210608F
:207480002846083801680322D3430B4003602868A043286028683840286010030A212246BB
:2074A00001F044FE234800F02DF901F091F9002822D0029F38681021009108432021884329
:2074C0003860286B01990903884309210903401828631A4801F08EFE386821030143396077
:2074E000686B009908436863286B30432863002002F0BCF903B0F0BD0F4F03E001F068F9BF
:207500000028D6D12868084908402860286821020143296038683042F0D138683042EDD1C8
:2075200038683042F6D0E9E7FFFEFFFF08010B4008030B40BCAE000004020B4075AC000022
:20754000B0B505294ED8C0467944097949008F44023A1D2B0F4F81002E4A51582E4A8B5832
:207560000124E402A3438B502D490A5CEF2336E08100284A5158284A8B580124A5021D431E
:207580008D5027490A5C22430A543EE08100214A5158214A8B580124E502AB438B508B58BC
:2075A000A402A3438B501EE081001A4A51581A4A8B580124E4021C438C5019490A5C102350
:2075C00013430B5421E08100124A5158124A8B580124A402A3438B5011490A5CFE23134070
:2075E0000B5400D0B0BD0D49085602F089FDB0BD8100084A5158084A8B580124E5021D4339
:207600008D508B58A4021C438C500449085602F0B7FEB0BDC0AF0000281000001CB2000095
:20762000603D2020F0B5BBB0314D5027EA5B52202B5C642000902F4913A802F0F3FAE85BC1
:2076400000284DD02C4E1736002430461738006812901220C043305E11901020C043305E06
:2076600010900E20C043305E0F900C20C043305E0E900A20C043305E0D900820C043305EA0
:207680000C90701E00780B900620C043335E31782A460425ED43755F38460227FF43F75F6E
:2076A0000891099515460A97074611980090109801900F9802900E9803900D9804900C9889
:2076C00005900B980690079313A80C492246129B02F0A8FA641CEA5B18369442B5D300E038
:2076E0000022074913A802F09DFA3BB0F0BDC046403820202DAD000000002020F4AC0000C4
:2077000039AF0000F0B584B03049314A0125AC0316682B0203939E4316600E68264205D193
:207720000E68264202D10E682642F6D06C02467E9769AF432E40BD1995612025455DD66970
:207740000327BE433D407519D561224D2E680727374005262E60466A33681362736853620A
:207760002F60C3695B065B0CD5697F263602B543EB18D361E8C800970768019747680297A6
:207780001B071B0B2D03ADB2ED1833071B0D007A009E35431D43019B1D43029B1D4305437A
:2077A00090690D4B03400D482840C01890611068039B184310600868204205D10868204254
:2077C00002D108682042F6D004B0F0BD04020B4008010B40001340408D00F0FF72FF0F00A9
:2077E000F8B515460C462B4E0A0D771C3A402A4B9A4213D0002A1AD10122D2079143014335
:2078000045D00022254B214602F0FCFE0C4624498D4209DC234A244B214635E021460246F4
:207820002346FEF716F931E0220D3A40363A5119B1420ADD02F0EAFE222101600120C00707
:2078400004401D482418002021E0012904DB174A1440090564181AE03522D24391420ADCBB
:2078600002F0D4FE2221016012488542E6DA0120C0070440E7E70D4A144009051B22520578
:207880008918214300220A4B02F0BCFE0C462146F8BDC046FE070000FF07000000005043AE
:2078A000AF3CFFFF59F3F8C21F6EA501FFFF0F800000903C51C300000000F07FF0B581B0F4
:2078C000334D344969600024AC6005212960002834D0012637040090401E032102F0B0F8C9
:2078E000481C032800D00446009B184624D00021184606E0801E2A6832432A60891CA142D6
:207900001AD02A683A4205D12A683A4202D12A683A42F6D02A6832432A600A463243A242AA
:2079200009D02A683A42E5D12A683A42E2D12A683A42F6D0DEE7401E032B07D201B0F0BD8D
:20794000C01E2968314329600028F7D02968394205D12968394202D129683942F6D02968A8
:20796000314329602968394205D12968394202D129683942F6D029683143296029683942DD
:20798000DED129683942DBD129683942F6D0D7E710E000E08038010070B5214A21485060BE
:2079A000214B5860214911601960214A5060214B586011601960204A5060204B5860204C7D
:2079C0006060204D6860204E7060116019602160296031601D4A50601D4B58601D4C60608F
:2079E0001D4D686011601960216029601B4A50601B4B5860116019601A4A50601A4B586013
:207A000011601960801E194A5060116002F027FC01F0EFFB01F037FD01F01AF970BDC0460E
:207A200000080A40030000B100280A4001000026000886400028864000480840008886400D
:207A400000A88640000809400008874000881040000810400028104000085040008846404A
:207A600000A84640000800400028004000080340FCB40127FF07794002E0FCB40127FF0786
:207A80000C024D002D0E03D1002C52D1FCBC70473C43FF2D50D0A408002900D5644202029F
:207AA00043001B0E04D1002A43D10800FCBC70473A43FF2B41D09208002800D552425E1B74
:207AC00004D5170022003C0076422B00192E06D527003741D2191C27F71B7F42BC40002A8D
:207AE00027D002D55242012700E00027013B5200FCD51500802635400FD0150020263540B7
:207B00002C43803208D21500402635402C4304D101263602B24300E05B1C5200023308DD1F
:207B2000FF2B0BD2500ADB051843FF073843FCBC70470020FCBC70470800C70FFF07FF2027
:207B4000C0053843FCBC7047F0B581B02A4A10602A4801602A48012404702A4800250570D2
:207B6000294805702948057029480470294805702D2704230093384629462246FFF70EFB0C
:207B8000254E358135607560384602F0A9FA307074703727384629462246009BFFF7FEFA7F
:207BA00075823582F581B5817581384602F098FAB072F4723A27384629462246009BFFF7A4
:207BC000EDFAB5837561B561384602F089FA307574753B27384629462246009BFFF7DEFAF9
:207BE000F584B58475843584F583384602F078FAB077F47701B0F0BD3C3B2020743B202031
:207C0000803B20208B3B20208A3B20207C3B2020853B2020833B2020A43A2020F0B585B071
:207C200014460D460646411E8841304FFA22394600F0F8FE691E28468841FB22394600F0D9
:207C4000F1FE304600F0F2F9307A4006010E3046FDF72AFE002C43D0671E0321384601F0FC
:207C6000EFFE481C00210391032800D0039003D12746032C23D233E0019702940398471ECA
:207C800004960026AC19A95D0498FDF70DFEB7420ED061780498FDF707FEB61C0398B0421A
:207CA000F0D1029CA71BAD19049E032C07D217E00198871B651C049E029C032C10D329788D
:207CC0003046FDF7F1FD69783046FDF7EDFDFF1EEC1CA9783046FDF7E7FD002F2546EED12A
:207CE000304600F007FA05B0F0BDC04661AD0000F0B589B0129D0024002D5DD0139E112EAC
:207D00005AD3119C109F04970F9E00960E9E0896AA262E7055266E700226AE70E8700A261D
:207D200001962E716971AA71EB7102931346089A96B22A72320A03926A72009AAA72EF7284
:207D40002C73260A05966E73260C0696AE73260E0796EE731A4EB7784740F8B2305C019FC3
:207D60007840305C4840C0B2305C5840C0B2305C02994840C0B2305C08994840C0B2305C5B
:207D800003994840C0B2305C5040C0B2305C04994840C0B2305C6040C0B2305C059948404C
:207DA000C0B2305C06994840C0B2305C07994840C0B2305C28741124204609B0F0BDC046D7
:207DC00080A90000F0B581B004462B4F38602B4804602B48002101602A49204601F04AFB6D
:207DE000002820D0284D274E20462946FFF745FE0446314601F03EFB002813D020462946A8
:207E0000FFF73BFE0446314601F034FB002809D020462946FFF731FE0446314601F02AFB80
:207E20000028E1D13C601949204601F008FB002820D0174D154E20462946FFF71EFE044600
:207E4000314601F0FCFA002813D020462946FFF714FE0446314601F0F2FA002809D02046D7
:207E60002946FFF70AFE0446314601F0E8FA0028E1D13C6001B0F0BD643D2020683D202067
:207E8000383D2020000034430000B4C3000034C30000B443F0B581B0002949D00C4605469C
:207EA0002449C868E0608868A06048686060086820602046103000276776A776E7761E490A
:207EC000052202F0A7FB1D48007860751C480078A0751C4800781C4909686B1AFE430028A4
:207EE000194600D13146E16218490A7818490968691A002A0D4600D135462563332B01D3DD
:207F00003B4600E001231840E075012A05D11E2903D8084880780127074027760D480068FB
:207F20000D4909680D4A12680D4B1B681C340FC401B0F0BD103B2020303B20207F3B20201D
:207F40007E3B2020813B20205C3B2020FD3A2020583B2020683B2020403B2020543B20209E
:207F6000643B2020F0B581B00D4604462B49284601F080FA00281FD0294E284F2846314678
:207F8000FFF77BFD0546394601F074FA002813D028463146FFF771FD0546394601F06AFAD7
:207FA000002809D028463146FFF767FD0546394601F060FA0028E1D11A49284601F03FFA97
:207FC00000281FD0184E174F28463146FFF755FD0546394601F033FA002813D028463146B9
:207FE000FFF74BFD0546394601F029FA002809D028463146FFF741FD0546394601F01FFA77
:208000000028E1D12168284601F010FA002802D10020A060E060256001B0F0BD00003443DF
:208020000000B4C3000034C30000B443F0B585B00446411E88412C49412200F0F3FC21684F
:208040001F224D091140012318468840A900274D6F58274EB9190191B9590143B951616808
:208060000A4093404909890069588D198A591A438A51E268049204994C1E0494002909D005
:2080800004994C1E0494002904D004994C1E04940029F0D1296919432961039203994B1EA9
:2080A0000393002909D003994B1E0393002904D003994B1E03930029F0D1019B19690143A9
:2080C000196102920298411E0291002809D00298411E0291002804D00298411E02910028C9
:2080E000F0D105B0F0BDC04661AD0000F83C202090120000F0B583B00446411E88412B4975
:20810000552200F08FFC61681F224D091140012318468840A900264D6958264E89190F6907
:2081200007430F6127683A4093407A099200AA5895192A691A432A61E2680292029C661E69
:208140000296002C09D0029C661E0296002C04D0029C661E0296002CF0D12C681C432C60A2
:208160000192019B5C1E0194002B09D0019B5C1E0194002B04D0019B5C1E0194002BF0D17C
:208180000B6803430B6000920098411E0091002809D00098411E0091002804D00098411E25
:2081A00000910028F0D103B0F0BDC04661AD0000F83C202090120000F0B581B00D46044648
:2081C0002849085C002803D0411E4842484101E0012008552449B22200F024FCA0002349A1
:2081E0000E580320C0023018214FF119009101210B03F318F2590A43F251202242601D4A80
:208200008260022D0CD0012D15D12725022C2E4600D04F26052C00D0354600260F4613E040
:208220006325022C2E4600D0C726052C00D035460227072608E0621F551EAA41A61E751E67
:20824000AE41164000252F460B4A1E60009E7560175508229A6042688A43426000210160CE
:2082600001B0F0BD103D202090AD000004AF000008110000FFFF0000173D2020B0B51D48AE
:20828000002404701C4804701C4804601C4804601C4804601C4804601C4804601C480460BE
:2082A0001C4804701C4804701C4804701C4804701C4804701C48046044608460C4601B48AF
:2082C000047044708470C4700471194802F049F9184A531CE120410202252846FEF7E8FCC1
:2082E00015492846224601F01BFF04212846FFF727F9B0BD883B2020863B2020683B202042
:20830000583B20205C3B2020643B2020543B2020403B20208D3B20207E3B20207F3B20204F
:20832000FD3A2020813B2020103B2020303B2020CC3A20201720020091950000F0B583B017
:2083400000910446411E884127496A2200F06AFB22681F26530932400120014691409A0059
:20836000224DAA58224FD3191A690A431A6162681640B04052099600AA59009D002D00D145
:208380001037D5590543D551E4680294029A551E0295002A09D0029A551E0295002A04D0CB
:2083A000029A551E0295002AF0D11A680A431A600194019A541E0194002A09D0019A541E9C
:2083C0000194002A04D0019A541E0194002AF0D11A690A431A6105498959054A8B5803438A
:2083E0008B5003B0F0BDC04661AD0000F83C202090120000F0B581B015460446C81741403D
:20840000081A01F0BDFD0646E8174540281A01F0B7FD05461F4F3046394600F08FFB064664
:208420002846394600F08AFB074665681A49304600F084FB2946FFF720FB6060A5683846AD
:20844000154900F07BFB2946FFF717FBA06030463946FFF712FB3F21090600F06FFB256893
:208460000D4900F06BFB2946FFF707FB05462060E6680A49304600F0FDFF002807D02846AE
:20848000314600F0EEFF002801D00120207401B0F0BDC0460B01A33DCDCCCC3D0AD7233CA8
:2084A000F0B583B01F461646019104464009009000210122042320460292FEF76FFE1F2563
:2084C0002540A900194A5750002E00D1184E194A565000988100184A5158184A8B18184A8B
:2084E0008A18184C09196C000F2D08D81E680327A740BE430198A0403043186009E01E6960
:208500001E273C400327A740BE430198A0403043186102980346AB4014681C4314600A6894
:208520001A430A6001F02CFF03B0F0BD103C2020578D0000903B2020F83C20209013000066
:208540004810000028100000F0B581B0054620480091814201D3002000E001201D493622FB
:2085600000F060FAA80B3C2101401B4844581C482658304601F004FD0746009801F000FD44
:20858000184900F0A7FB394600F0D8FA01F006FC2A0D0F211140864200D1701C0F4B012953
:2085A00003D88A00A218114D03E0D207520FA2180D4D5051E01801228A400099002902D0F3
:2085C0000168914301E001681143016001B0F0BD1127000068AE000004AF000004110000EB
:2085E0000818000000401C461818000010180000F0B58B4200D1824204D90B00020000214F
:20860000002040E0002B00D1002A0CD10B00020000210020002B00D1002A01D0C943C043C3
:2086200000F0D5F82FE01C0015000B0002000CB4002126002F00FF19764102D2491C402989
:20864000F9D100201E001700FF19764102D2401C4028F9D10E1A21002800320001F080FDB9
:208660000C0005000CBC00200021A34200D1AA4201D3521BA341404149416D08E7073D432B
:208680006408761EF1D5059F002F01D03A607B60F0BD7047F0B585B00024002843D0CD1F72
:2086A000EDB26D087D2D3ED3062904D1062101711F49018037E041708C1EE4B20026042C07
:2086C00001D3354602E0E400184DE5400F4604920A9C8570C178491CCAB20121012A00D836
:2086E0000A46C270C38386808671067206770170C4600646203001F018FF032F02D320461A
:2087000000F07AFC7178F2781E20335E0A25654300270498009001970295302001F02EF910
:20872000B46101243477204605B0F0BD0100020106060000002A49D084468B071CD1830766
:2087400022D1102A08D370B4103A78C978C0103AFBD270BC103238D0042A2CD3082A05D366
:208760000C2A01D308C908C008C908C008C908C092072AD0920F22E00B780370491C401C37
:20878000521E22D08B07F7D1C30714D18307D8D0121F12D308C903801B0C4380001D121F9A
:2087A000F8D20AE008C903701B0A43701B0A83701B0AC370001D121FF4D2121D05D00B78DE
:2087C0000370491C401C521EF9D1604670477047F0B583B0204F214A012465062605106832
:2087E0001F21090688431060A2040020314601F0C7FC18481A4901603868284205D138685A
:20880000284202D138682842F6D0144880690290620400200190314601F0B2FC0D48104999
:2088200001603868284205D13868284202D138682842F6D0094881697D20C000029A504383
:2088400001F0FEF8074940180B2800D3019C204603B0F0BD2C030B4004020B4038010B40D1
:208860000100000E35F8FFFFF0B583B033200290102500241126294622463346FEF78EFCA2
:2088800031273846294622463346FEF787FC2846294622463346FEF781FC382001902946B2
:2088A00022463346FEF77AFC1248134E31462246FDF746FD114831462246FDF741FD029897
:2088C000214601F00DFB3846214601F009FB09482146FFF739FE2846214601F001FB01981E
:2088E000214601F0FDFA05482146FFF72DFE03B0F0BDC0460C400200204E00000D501200C3
:20890000F0B581B01E4F1F4C19200090032529463A462346FFF7C4FDA31C0E2630462946D1
:208920003A46FFF7BDFD231D1A2738462946144AFFF7B6FDA31D1B2420462946104AFFF76E
:20894000AFFD009801F0CCFB4500304601F0C8FB28430D4D2870384601F0C2FB4600204677
:2089600001F0BEFB30436870084800210160084A1160516041609160D16001B0F0BDC04695
:2089800015930000003D20201E3D2020083D2020E83C2020B0B51548002404701448047004
:2089A000144804601448047014480470144804601448046014480480144804701448047057
:2089C0001448046014480460144A531CE120410201252846FEF76CF911492846224601F0F7
:2089E0009FFB04212846FEF7ABFDB0BD893B2020873B2020703B20208C3B2020823B20204B
:208A0000603B20206C3B2020363B2020353B20207D3B2020503B2020383B20202620010076
:208A2000E9950000F0B583B00092002801D003B0F0BD1C4800780028F9D00D461A480178FA
:208A4000012900D1FEE701210E040C02017001F0A3FC002715482946009A3B46FBF78AFB6E
:208A600002970197029702E00298401C02900298A042EFD201970198B042F5D200BF019843
:208A8000401C01900198B042EED200BF0198401C01900198B042E7D200BF0198401C0190D0
:208AA000E9E7C046753D20206E3D2020E6B0000040B542004B005E08164301D006004E40C7
:208AC00000D4D01A04D20120C90F06D1404204E003D90120C90F00D04042FF263606B24250
:208AE00000D8B34200D9012040BD40B542004B005E08164301D006004E4000D4D01A04D278
:208B00000120C90F06D1404204E003D90120C90F00D04042FF263606B24200D8B34201D9FC
:208B20000120404240BD42004B000020FF2109068A4200D88B4200D901207047FCB40127BF
:208B4000FF0706004E4001D4002600E03E00020243001B0E30D03A43FF2B30D00C024D00F0
:208B60002D0E29D03C43FF2D29D05B194240504042404C4061404C4000B501F019F820BCC9
:208B8000AE464240504042404C4061404C4025001400002C01D46400013B803401D30133FE
:208BA00064087E3B08DDFF2B09D2BC43200ADB0518433043FCBC70470020FCBC7047FF20B2
:208BC000C0053043FCBC704770B51E4615460446084610384242424110201840030913403C
:208BE0004842484118431349E722FFF71BFF12482843711E132916D87944097949008F44B9
:208C00000D120F0B12121212121212121212121212091209094804E0094802E0002002E0A3
:208C20000848054328460849095D8900074A885070BDC04612AE00008000040080000402C8
:208C40008000060080000500B8AC000004804240F0B581B019490124B52620463246FFF793
:208C6000E1FE17491748086017480068174FC45195214D0141592143415120460F493246E2
:208C8000FFF7D0FE0F480E4948600F4800680221C15142590A434251204608493246FFF726
:208CA000C1FE0B480749016007480068A103C15142590A43425101B0F0BDC04612AE0000E5
:208CC0000480424081000400F83C2020D012000090804240FCB40127FF0706004E40F60FAA
:208CE000F607020243001B0E2DD03A43FF2B2DD00C024D002D0E26D03C43FF2D26D05B1BC3
:208D00000020202164085208A2424041A24200D3121B013904D0002A01D05200F4D18840FB
:208D2000384201D14000013B803001D3013300E040007F3307DDFF2B08D2400ADB05184374
:208D40003043FCBC70470020FCBC7047FF20C0053043FCBC70477047F8B5451C007800237C
:208D6000082B32D02F78C2070CD16A780F241440E41C122C0BD102242E57F4B2002E08D493
:208D8000EE1C0EE06D1C4A1C0F7011461AE0AE1C08E02E1DED7800957F252C40009DED018A
:208DA0002C1912343D0112095219094DAA420ED0D243002C05D08D5C4F1C0D70641E39465C
:208DC000F7E7354640085B1CCAE72846C5E7F8BDFF0F0000FEB502930F46194D0024E143A2
:208DE000184E00973740019043422B46BB4101D20C4623E0084602990E405342B54101D2BF
:208E000004461BE0134601990B433E431E43029D009E13D02B46334004D401998B1A334656
:208E2000AB4103E00199531A2B46B341044605DB51406E400E43701E864134462046FEBD4D
:208E40000000F07FFFFFFF7FF0B583B004460020002C2ED02378022B2BD1E260226103200F
:208E600020700023A3716078C01EC0B20D46032802D2C000104BC34020462030D9B21646F6
:208E800001F004F8607830210328084600D0182001F056F96178E2781E20235E0A2070432C
:208EA0000127009501970290312000F067FD3846A66103B0F0BDC04601020200F0B581B060
:208EC0001E4614460D4616498B421F4600DC0F4614498F4200DB0F46012E07DB012100F03E
:208EE000FFFF0021284600F0FBFF12E000940024214600F0F5FF002E05D42846214600F03A
:208F0000EFFF274604E00121284600F0E9FF7F42009CB9B22046FFF717FB01B0F0BDC04610
:208F2000F0D8FFFF10270000F8B50446164F174D0E462E400120009464423C46B4411AD3F3
:208F40001D405442AF4116D31046009C20433543054311D00020C0431C460C400ED4009C00
:208F6000A41A0C469C4106DB0098504059400143481E81410846F8BD0020F8BD009C141B53
:208F80001C468C41F0DAF6E70000F07FFFFFFF7FB0B52E2000240325214622462B46FEF7DC
:208FA000FDF82120214622462B46FEF7F7F82020214622462B46FEF7F1F81E2021462246EC
:208FC0002B46FEF7EBF83620214622462B46FEF7E5F83520214622462B46FEF7DFF832202D
:208FE000214622462B46FEF7D9F83920214622462B46FEF7D3F8B0BDF0B583B00446124E23
:209000003078401E02281CD3104900200870104908801049087001A901250D70F3274F7068
:20902000AB228A70CD7008716B20487106222846FEF7A0F905480770074804600748046021
:20904000357003B0F0BDC0468C3B2020823B2020363B2020353B20206C3B2020603B2020DE
:20906000F8B51C4617460E46054601F073FA0021012E03DB864201DCA919491E002F04D088
:209080002268531E23602E2313703246824206DD23685F1E276030271F70521EF6E7B042AB
:2090A00000DB3046012808DBA9420BD308782268531E23601070491EF6E72068411E216060
:2090C00030210170F8BD002200282DD000292BD00378022B28D14378102B25D183780E2BED
:2090E00022D102790A7042794A7082798A70C279037A1B029A188A80427A837A1B029A1805
:20910000CA80C27A0A72027B437B1B029A184A81827BC37B1B029A18037C1B04D218407C2A
:2091200000061018C860012210467047F0B5164B1D46083D2E680124A6432E601E68032719
:209140003F03BE433840301818601868FF26B043C9B2401818602868204328601D68002A87
:209160000ED00A482102220715431D6002680A4205D102680A4202D102680A42F6D0F0BD60
:20918000200785431D60F0BD10010B4004020B408446830706D0002A29D001700130013ADF
:2091A0008307F8D1042A1CD30906090E0B0219430B041943082A10D30B00102A09D370B4EB
:2091C0000F24161B22400C000D003AC0103EFCD870BC082A01D30AC0083A042A01D302C092
:2091E000043A002A03D0013A8154013AFCD2604670477047F0B5154C154B0125AD0206784E
:20920000360287781968FF220432914303223A40B2180D4E0A431A600A4A32602168294206
:2092200005D12168294202D121682942F6D04078002803D01868102101431960501C3060BA
:20924000F0BDC0460100009114030B4004020B4014010B40F0B583B01D4602920191074608
:20926000089C411E88411149114E3246FFF7DAFB281B411E8841721C0C49FFF7D3FB3D6077
:209280007C60019838720298F860102601271123284631463A46FDF781FF12232046314640
:2092A0003A46FDF77BFF03B0F0BDC04661AD0000DE02000010B502460020002A29D00029F3
:2092C00027D01378022B24D19378022B21D35378453B0424E443A3421BD300200871C87080
:2092E000887048700870107908705079487093780120032B0DD393798B709378042B01D375
:20930000D479CC70032B04D35378442B01D192790A7110BD70B50D78E800124A1018497889
:2093200089004258521C42501B210E241A221920002D00D0104600D00C4600F0D1FE4600AD
:20934000204600F0CDFE304307494A5D92000243D2B2064B9A56AB00054CE658B218E250B0
:20936000485570BDE83C20201E3D2020B0AF0000083D202070B514460F4D0B462B40002287
:2093800022600E4EB34215D81E46064312D01E0D07D100220A4B01F035F90D403522D2432C
:2093A0002B461B0D9A18074BD2182260064A0A400649511870BDC046FFFFFF7FFFFFEF7F37
:2093C0000000504302FCFFFFFFFF0F800000E03F10B5FFF7A9FD002801D0002010BD0120EA
:2093E00010BD10B5FFF7A0FD002801DB002010BD012010BD10B5FFF797FD002801DD0020F4
:2094000010BD012010BD10B5FFF7E4FC002801DA002010BD012010BD10B5FFF7DBFC00285E
:2094200001DC002010BD012010BD704710B5FFF73FFB002801D0002010BD012010BD10B52F
:20944000FFF736FB002801DB002010BD012010BD10B5FFF72DFB002801DD002010BD01200F
:2094600010BD10B5FFF741FB002801DA002010BD012010BD10B5FFF738FB002801DC002037
:2094800010BD012010BD704710B511490A68114881235C011359002B01D0101804E049684A
:2094A0000B59002B13D00818FF33D9B20F2902D80268480002E002691807C00EC24003203A
:2094C00010408900044A5258044B5958904710BDF83C202090130000903B2020103C202069
:2094E000F0B587B00191064602AD0020E874123537460A243846214600F0A2F84443391B4B
:20950000CA175140891A3031297009376D1E122F0746EED8002E01D46D1C01E02D202870CB
:2095200002A8441B224614320198294601F072F81334204607B0F0BDF0B5FFB086B01C4614
:2095400015460246A868002801D50620A8602368039304AB0090019305A80B46FDF73EF810
:209560000646049FAA683946234600F049FC20680399814201D0012202E028680007C20FA8
:20958000304639462346FFF76BFD7FB006B0F0BDF0B581B00220694600F0B0FA002819D02B
:2095A0000D4C0E4D0F4E0E4F08E03068401C30600220694600F0A2FA00280BD02078411C7C
:2095C0007F20084029788842EFD000992278B9542070EDE701B0F0BD863B2020883B202074
:2095E000E4392020643B2020F0B581B00120694600F084FA002819D00D4C0E4D0F4E0E4F9C
:2096000008E03068401C30600120694600F076FA00280BD02078411C3F20084029788842A4
:20962000EFD000992278B9542070EDE701B0F0BD873B2020893B2020643A2020703B20209A
:209640001CB5002922D04C08002900D5494242105440002800D5404200230A00904201D903
:209660005200FBE790425B41904200D3801A914201D25208F6E71900002C00D5404264002C
:2096800000D549420200080011001CBD01000020FEF7FFFF1CBD7047B0B50C460546491E69
:2096A000204688410E496C22FFF7BCF92078002815D0A9000B4A51580B4A891804E0541C55
:2096C0008861507800280AD022460B68DB07F6D00B68DB07F3D00B68DB07F6D1EFE7B0BDDD
:2096E0003DAE0000C0AF0000081100007CB515460C460646C01731464140081A0092002129
:209700000A226423F8F7E0FA30460930122808D8DF202040502804D02868411E2960302190
:209720000170002E01D42B2000E02D2029684A1E2A6008702868411E296004707CBD00001D
:2097400070B50021418101730183016041600172C1810182418281828175C1610162818489
:20976000064A074B074C084D084E86648262C162064630363EC6456470BDC0460000204363
:209780000000E6420000B842CDCC4C3E000096420CB54A00520D03231B02FF33D21A13D3FB
:2097A0001F239A1A12D98E46C9020123DB071943D1400B2A02D21532D04001437346002B2E
:2097C00000D5494208000CBD00200CBD0B000120C007002B00D401380CBD000070B5112223
:2097E0001302C218C4580125AC43C4500C888D7825438C882C43C558084E2E40084D254016
:209800007419C4508879CB790343087A184351687E23994318400818506070BDE798FDFF39
:209820001867000081B0B0B587B00C460B930592491E22468A41A11A03910025049502901C
:209840000BA9069107480090074B05A802AAF7F74FFD002C01D002990D7007B0B0BC02BC03
:2098600001B00847699D000021A3000010B50E490E4A01235C0590600868204205D108681D
:20988000204202D108682042F6D010681B04034313600868C00605D40868C00602D4086820
:2098A000C006F6D510BDC04604020B4004010B4010B50F4A017853185B78401CDB06F9D4C4
:2098C0002D2901D02B2901D1027801E0401E0A46431C0020303A092A05D80A24444310195B
:2098E0001A785B1CF6E72D2900D1404210BDC04670A80000F0B583B000281BD015460E4654
:20990000044600F03BFE6178E2781E23E35E0A276F43009001960297322000F02FF8A5610D
:2099200000F09CF92046203000F0FFFD656100202080A07003B0F0BD70B515460E460446EC
:20994000411E88410C49FF223A32FFF76BF82046FEF76CFB207A4006010E2046FBF7A4FFF8
:2099600020463146FBF7A0FF20462946FBF79CFF2046FEF7BFFB70BD61AD0000F0B58FB0E3
:2099800007920691024614AFE0CF0C4801784C1C04701B20059008A8049000A8E8C010467A
:2099A000069A079BFEF7A4F9002804D00246022008A9FDF7DFFC0FB0F0BDC0468D3B202073
:2099C00010B50C4C2068C0B20B2808D00C280ED109480268094801680220904707E00648AF
:2099E0000268064801680120904700F069FB2069A06210BD20901040C83C2020D83C20200A
:209A000010B533200024214600F06AFA3120214600F066FA08482146FEF796FD1020214671
:209A200000F05EFA3820214600F05AFA03482146FEF78AFD10BDC0460C4002000D5012001D
:209A40001CB50A0017D000230124E407A04200D20400944201D95200FBE790425B41904235
:209A600000D3801A914201D25208F6E719000200080011001CBD01000020FEF70AFE1CBD98
:209A800008B443001B0E0FD0FF2B11D00721C9015B18C10FC9020B43010048074902090BB7
:209AA0001B05194308BC70470021002008BC704701004002C90DC900C91D090508BC7047A2
:209AC000F0B5B9B01C461346089105463EAFC3CF429A0093019402ABC3C30692064909AE85
:209AE00030462A46089B00F09DF803203146FFF7D3FD39B0F0BDC046BCAD0000B0B50C463C
:209B00000546491E2046884108499E22FEF78AFFA8000749085807494258520704D440180A
:209B2000C06920700120B0BD0020B0BD3DAE0000C0AF00000811000070B50A480A4C84424B
:209B40000CD00A4D0A4EB54208D02A686968501C12789200A25890470835F4E700BF00BF59
:209B600070BDC0467CB2000070B2000084B2000094B2000006B49E22002802D404D106BCD7
:209B80007047414204D400E00100013A4900FCD5803101D3013200E04900490AD20511431E
:209BA000002802D50122D2071143080006BC7047FCB4020C0B0CFF242402FF3420402140C3
:209BC0000C00444315005D4306005E430F005743320C3B0CA818C01832043B040025A1187D
:209BE0006841C9186841FCBC7047000080B5084808494160084A5160891E084B5960084945
:209C0000016011601960102000F0DCFC80BDC04600080A40030000B100280A4000080340FB
:209C20000100002682B0F8B5069207930291019006A9039107480090074B02A801AAF7F711
:209C400057FB019900220A7004B080BC02BC02B00847C04639A30000F3A5000080B582B0EC
:209C600069466B2008710748009001200522FDF781FB054800210170044801700448018031
:209C800002B080BD01FE9800823B20208C3B2020363B202006B54100090E7F390DD41F229C
:209CA000511A0CD9864600020122D2071043C8407246002A00D5404206BD002006BD02004E
:209CC0000120C007002A00D4401E06BD10B5094C2068C0B20C2803D00B2807D1012000E056
:209CE000022005494A680549496890472069A06210BDC04620101040C83C2020D83C2020F6
:209D000010B5094C2068C0B20C2803D00B2807D1012000E0022005498A68054989689047A4
:209D20002069A06210BDC04620301040C83C2020D83C202010B5094C2068C0B20C2803D072
:209D40000B2807D1012000E002200549CA680549C96890472069A06210BDC04620105040E1
:209D6000C83C2020D83C202070B514460D4601466A68A86882420CD9101A8442264600D378
:209D800006462868324600F045FC286880192860A8680019A860204670BD000006B50028E6
:209DA00003D57346FFF776FF06BD4100090E7F3908D31F22511A07D300020122D207104322
:209DC000C84006BD002006BD0020401E06BD000070B5094C21402340002501244042074E35
:209DE00030468841204600D3284651429E4100D32C46204370BDC046FFFFFF7F0000F07F45
:209E0000F8B51C4615460646571800F0A3FB711E012D0CDB3022012F02DB874200DCCA5DC0
:209E200023685E1E26601A707F1E6D1EF0E7F8BD41091F2202408800074908582521C90142
:209E4000435801219140054A0B4200D0103283580B4383507047C046F83C202090120000F7
:209E600004B40422002802D1002104BC704701D50832404212021F320100521E4900FCD3F1
:209E80000805090B1205114304BC7047002811D000230360C361836143610361C36001708C
:209EA000826042604A1E0B469341C91E4A1E91411940417070470000054801210170054882
:209EC0000022027004480270044801707047C046803B20208B3B2020833B2020853B2020B7
:209EE00042091F230340012098409200044B9A58044B002900D11033D1580143D1507047F5
:209F0000F83C20209012000080B50B46002805D010203821044AFEF7D1FF80BD332031212A
:209F2000024AFEF7CBFF80BD0D5012000C400200B0B501461B220E241A231920002900D092
:209F4000184600D0144600F0CBF84500204600F0C7F82843C0B2B0BD084880F3088800BF10
:209F600000BF00F062FB002801D0FFF7E5FD002000F01EFA012000F051FBC04600802020B9
:209F800002B49E21002805D401D102BC704701394000FCD5803001D3013100E04000400A99
:209FA000C905084302BC7047054800218160C1600160416003480449016001680160704727
:209FC00020804240A080424081000D0010B598B00B46024605496C462046FFF723FE0320E9
:209FE0002146FFF759FB18B010BDC0467CAF0000002801D10021704704B4042212021F32D5
:20A000000100521E4900FCD30805090B1205114304BC704730B514004C4325001C00444364
:20A020006419050010002900FFF7C2FD001904000D002100280030BDB0B511221202831809
:20A040000C784D7825434C882C43A4B284508888C988090408189860B0BDB0B50446002020
:20A06000002B08D0D2B20D782570954204D0641C491C5B1EF7D1B0BD601CB0BD01460020B1
:20A080000A5C002A08D00A185378002B05D09278C01C002AF4D1401E7047401C704700006E
:20A0A000401EC0B2072804D88000044908584068704701487047C046FEB10000E4AE0000F2
:20A0C00010B5054C00202146FFF718FD034801222146F8F72DFD10BD6F3D2020E73A2020D0
:20A0E00041098900054A51582722D20189581F220240D140012008407047C046F83C20206A
:20A10000002809D41F2108400121814003480160BFF34F8FBFF36F8F7047C04680E100E0E5
:20A120008000044B1A50002900D10349034A11507047C046D83C202097960000C83C202070
:20A14000012800D80120044A1070002900D00846024908707047C046703D20206C3D202072
:20A1600018B520239B1A04D8010000205B42994004E004009140DC402143904018BD0000C9
:20A180000843104304490A683F231B049A431840101808607047C04638010B400548042169
:20A1A00001604F21416000218160016805220A430260704710E000E003480021017003483D
:20A1C0000170034801707047803B20208B3B2020853B202080000449085804494258012362
:20A1E000134343507047C04604AF000008110000054A135C002B03D0591A484248417047F4
:20A20000115401207047C046103D2020800004490858044942580123134343507047C04690
:20A2200004AF00000418000070B50D460446002608463146FFF703F9002800D12E46A6613C
:20A2400070BD00000B4611461A4680B5FEF7A0FF80BD0A46002180B5FEF79AFF80BD80B51D
:20A26000FFF7C4FCFFF7A0FEFDF7F8F800F0DAF8FFF794FF80BD000080B5034802680348F3
:20A2800001680020904780BD903C2020AC3C202080B503484268034841680020904780BD9B
:20A2A000903C2020AC3C202080B503488268034881680020904780BD903C2020AC3C202064
:20A2C00080B503488269034881690020904780BD903C2020AC3C202080B50348C268034881
:20A2E000C1680020904780BD903C2020AC3C202080B503480269034801690020904780BDF9
:20A30000903C2020AC3C202080B503484269034841690020904780BD903C2020AC3C202081
:20A320004B688A689A4204D20A68531C0B6010708A68521C8A607047B0B514460D460146A0
:20A34000286800F067F92868001928602046B0BD002808D00021016041608160C160016192
:20A3600041618161C161704710B5002807D0044620344021FFF76DFF2046FFF7E9FF10BD4A
:20A38000002805D41F21084001218140014801607047C04600E100E004490868002801D172
:20A3A00072B60868401C08607047C046343D202080B50448FDF7F0FAFAF774F9F5F780FEAC
:20A3C000002080BD00B4C40403480078034909780140012008407047723D2020713D2020D6
:20A3E0000021044A016041608160C160016141618261704700007A4401460020002905D029
:20A400000A78042A02D18878411E8841704710B5002806D0002904D034301CC91CC01CC910
:20A420001CC010BD80B502490248FFF705FE80BD68A8000000000340032800D902201C21BD
:20A440004143014840187047B8AB000040B584B002AE0096FEF7CCF8029A039B04B040BDAA
:20A4600010B50122120383180C789C604978815010BD002804D041780B39484248417047A2
:20A4800000207047002804D041780A3948424841704700207047002805D0416141780229C9
:20A4A00001D10521017070470278914204D0002A01D0401CF8E70020704780B50B460321A4
:20A4C0004258C11D184600F0A5F880BD00214258091D002AFBD1081F80107047C000024A8B
:20A4E0001018890040587047E83C202002480078011F4842484170478C3B20200248007883
:20A50000C11E4842484170478C3B202080B50A46032141581046FFF79CFE80BD00210160A4
:20A5200041608160C16001617047002803D000210180C161018370470021017401604160CD
:20A540008160C160704700210174016041608160C16070470021425C491C002AFBD1481E71
:20A56000704780B5002802D01B21FFF772FE80BD002141608160C160016170470148007878
:20A580007047C0466D3D2020014800787047C046803B2020014800687047C046643D20204C
:20A5A000014800687047C046243D2020014800687047C046683D2020800001490858704758
:20A5C000083D2020811E091F00BFFCD2704702460B4620462946FFE782B00094014C0194EF
:20A5E00010BD00BF495A00000022304639462B4670470A68531C0B601070704780B5F9F745
:20A600004BFC80BD80B5FAF7E1FD80BD00487047203D202080B5FEF78DF880BD00F001F804
:18A62000FEE700BF704797E4704701207047006870470000000000009E
:20A640000000000000000000002F000000000700070000147F147F1400242A7F2A12006218
:20A660006408132300364955225000000503000000001C224100000041221C000014083E92
:20A6800008140008083E0808000000A06000000808080808000060600000402010080402DA
:20A6A000003E5149453E0000427F4000004261514946002141454B31001814127F100027A4
:20A6C00045454539003C4A49493000017109050300364949493600064949291E0000363615
:20A6E000000000005636000000081422410000141414141400004122140800020151090609
:20A7000000324959513E007C1211127C007F49494936003E41414122007F4141221C007F38
:20A7200049494941007F09090901003E4149497A007F0808087F0000417F4100002040411F
:20A740003F01007F08142241007F40404040007F020C027F007F0408107F003E4141413ED5
:20A76000007F09090906003E4151215E007F091929460046494949310001017F0101003FC6
:20A780004040403F001F2040201F003F4038403F0063140814630007087008070061514947
:20A7A000454300007F414100020408102040000041417F0000040201020400404040404044
:20A7C000000001020400002054545478007F4844443800384444442000384444487F003874
:20A7E0005454541800087E0901020018A4A4A47C007F080404780000447D400000408084E7
:20A800007D00007F102844000000417F4000007C04180478007C080404780038444444386C
:20A8200000FC242424180018242418FC007C0804040800485454542000043F444020003C09
:20A840004040207C001C2040201C003C4030403C004428102844001CA0A0A07C00446454A0
:20A860004C4414141414141400000000000000000080808080808080808090909090908000
:20A880008080808080808080808080808080808080180404040404040404040404040404E8
:20A8A0000402020202020202020202040404040404044343434343434141414141414141CA
:20A8C00041414141414141414141414104040404040423232323232321212121212121217A
:20A8E00021212121212121212121212104040404800000000000000000000000000000003C
:20A90000000000000000000000000000000000000000000000000000000000000000000037
:20A92000000000000000000000000000000000000000000000000000000000000000000017
:20A940000000000000000000000000000000000000000000000000000000000000000000F7
:20A9600000000000000000000000000000000000004241434B20544F2043414E43454C003D
:20A9800000070E091C1B1215383F363124232A2D70777E796C6B6265484F464154535A5DC7
:20A9A000E0E7EEE9FCFBF2F5D8DFD6D1C4C3CACD90979E998C8B8285A8AFA6A1B4B3BABDA7
:20A9C000C7C0C9CEDBDCD5D2FFF8F1F6E3E4EDEAB7B0B9BEABACA5A28F88818693949D9A87
:20A9E0002720292E3B3C35321F18111603040D0A5750595E4B4C45426F68616673747D7A67
:20AA0000898E878095929B9CB1B6BFB8ADAAA3A4F9FEF7F0E5E2EBECC1C6CFC8DDDAD3D446
:20AA2000696E676075727B7C51565F584D4A4344191E171005020B0C21262F283D3A333426
:20AA40004E49404752555C5B7671787F6A6D64633E39303722252C2B0601080F1A1D141306
:20AA6000AEA9A0A7B2B5BCBB9691989F8A8D8483DED9D0D7C2C5CCCBE6E1E8EFFAFDF4F3E6
:20AA80004341522072756E3D2575206D697373696F6E3D2575206661756C743D2575206CFC
:20AAA000696E653D25303258206572723D256420766973696F6E3D25752062616C6C3D2563
:20AAC0007520636F6E663D2575207831303D256420763D2564206D697373696F6E3D257550
:20AAE00020636D645B4C3D256420523D25645D2072706D3130305B4C3D256C6420523D2553
:20AB00006C645D207961773D252B2E3166206F646F3D252E3166207061636B6574733D254F
:20AB20006C75206372633D256C75206F76663D256C750D0A00404C494E45535441542C31D3
:20AB40002C746F74616C3D256C752C73747261696768743D256C752C63757276653D256C6E
:20AB6000752C73686172703D256C752C6C6F73743D256C752C656E74726965733D25752F76
:20AB800025752F25752F25752C6C6F73735F6576656E74733D25752C656467655F65766571
:20ABA0006E74733D25752C656467655F6D61785F6D733D25750D0A000000DC4200009042E6
:20ABC000000050428FC2753E000040410000803F0000000000000C430000C8420000A44260
:20ABE000CDCC4C3E000040410000803F00000000000020430000E6420000B842CDCC4C3E4A
:20AC0000000040410000803F0000000000002F43000002430000B442CDCC4C3E0000604183
:20AC20009A99993F00000000405049442C332C256C752C252E33662C252E33662C252E3379
:20AC4000662C252E33662C25642C25642C252E33662C252E33662C25752C25752C25642C6F
:20AC600025752C256C752C256C752C256C752C256C750D0A000100030100000000B10000A5
:20AC80000200000025B10000030000003DB100000400000061B10000050000006CB10000B3
:20ACA00006000000F0AF00000700000082B100000800000077B100000001060708090A0D4F
:20ACC000121314152122232425262728292D2E3435363A3B020304050B0C0E0F10111617DA
:20ACE00018191A1B1C1D1E1F202A2B2C2F303132333738394052554E4C4F472C44415441DD
:20AD00002C332C25752C256C752C25642C25642C25642C25642C25642C25642C25752C2587
:20AD2000642C25752C25642C25640D0A004052554E4C4F472C424547494E2C312C636F75F0
:20AD40006E743D25752C6F766572666C6F773D25752C706572696F645F6D733D25750D0AE7
:20AD6000002E2E2F2E2E2F6C69627261726965732F7A665F6472697665722F7A665F6472C2
:20AD8000697665725F736F66745F6969632E63002E2E2F2E2E2F6C69627261726965732FBB
:20ADA0007A665F6472697665722F7A665F6472697665725F74696D65722E630040454E43A7
:20ADC0002C312C256C752C256C642C256C752C256C752C25752C256C642C256C752C256C89
:20ADE000752C25750D0A002E2E2F2E2E2F6C69627261726965732F7A665F636F6D6D6F6E37
:20AE00002F7A665F636F6D6D6F6E5F6669666F2E63002E2E2F2E2E2F6C6962726172696547
:20AE2000732F7A665F6472697665722F7A665F6472697665725F6770696F2E63002E2E2F81
:20AE40002E2E2F6C69627261726965732F7A665F6472697665722F7A665F647269766572B6
:20AE60005F756172742E63002E2E2F2E2E2F6C69627261726965732F7A665F6472697665CB
:20AE8000722F7A665F6472697665725F70776D2E63004046494E4953482C322C4252414B57
:20AEA000455F53544152542C64697374616E63655F636D3D252E31660D0A00000300000079
:20AEC000000000000000000000000000000000001000000000010000070000000100000059
:20AEE0002C00C44178AC000080AC000088AC000090AC000098AC0000A0AC0000A8AC00007D
:20AF0000B0AC00000000864000208640004008400080864000A086400000094000008740E5
:20AF20000D0A66696C65202573206C696E652025643A2025732E0D0A004052554E4C4F47E3
:20AF40002C454E442C312C636F756E743D25750D0A000D0A66696C65202573206C696E6517
:20AF60002025642E0D0A004F4B205354415254204241434B2043414E43454C004050494487
:20AF800041434B2C312C25732C25730D0A0030313233343536373839414243444546003014
:20AFA0003132333435363738396162636465660000FF0100010000FFFF0000010001FF005F
:20AFC00000801040000010400020104000005040CCB00000EAB1000012B20000F1B10000D4
:20AFE00043414C4942524154494E4720494D55005441534B2036205245534552564544001D
:20B00000443A25352E31662F25332E3066636D00414C474F524954484D20454D5054590022
:20B020005441534B203620524553455256454400494D552043414C204641494C4544005413
:20B0400041534B204E4F5420524541445900574149542043414D205245414459004B4545DB
:20B060005020434152205354494C4C00656E636F6465725F7374616C6C004D495353494FAF
:20B080004E204641554C540054494D45522052554E4E494E470043414D2050524550415249
:20B0A000494E4700626F6172645F74696D656F7574004241434B20544F204D454E550066B5
:20B0C000696C653A206D646B2F257300434F4E5345525641544956450053454C4543542060
:20B0E000535045454400417373657274206572726F72005441534B3A2575204D3A257500DB
:20B100005441534B203120564944454F005649533A257320433A25750054492042414C4C41
:20B1200020434152005441534B20322052414345004F4B20544F2053544152540054415366
:20B140004B20332042414C4C00414220543A25342E31667300257320593A252B352E3166BF
:20B16000005441534B203420412D42005441534B2035204C415000444941474E4F53544951
:20B18000430043414C49425241544500000018000000003000005354415254494E470066CB
:20B1A000696C653A20257300543A25352E316673006C696E653A20256400434F44453A253E
:20B1C0007500252E316620636D004C494E453A25730052554E4E494E470053544F5050452A
:20B1E00044005441534B202575004E4F524D414C00535052494E54005245414459004E4F63
:20B200004E450025632573003E202573004C4F535400464153540053544F50000F0D0E03A2
:10B220004F46460052554E004F4E004F4B0008000F
:20B2300000CF578D0000003F6A001F8A012B94E6003F089796003B0C9F100A40003D200042
:20B25000300000010100210FAF43FB803F151930020000183F000002000100FFF000000027
:20B27000598D0000BBA400000DA50000020000008E3B000030B20000903B20207CB20000E1
:08B29000000020200000000076
:00000001FF
