:2000000000802020C7AA0000F7500000F75000000000000000000000000000000000000021
:20002000000000000000000000000000F75000000000000000000000F7500000F7500000EB
:20004000F750000025990000B1A70000DDA10000F7500000F7500000F7500000F7500000A9
:2000600000000000F7500000F7500000000000000000000075A10000A9A10000699E00008B
:2000800051A7000081A7000021A7000039A7000099A7000069A70000000000000000000048
:2000A000F7500000F75000000000000000000000F750000000000000F7500000F7500000DD
:2000C00000B5EDB07D20C100169122908000179001202A90F44E01E006F0FAFE0A2007F0E3
:2000E00083FD3068401C306003F0FCFC002800D15AE1054600243482801E062828D8C046E6
:200100007844007940008744032B0303D09DAC000AF0A2FB002823D100263046EC4906F0D8
:2001200025FD0220EB4906F021FD179804F03EFC3046E04E07F0DCFF0AF08EFB00280FD155
:2001400006F07AFC0020E44906F010FD1698A7E0FB2D00D1BDE0FA2D02D106F06DFC23E1BB
:20016000F574F481B4804D20345464203452662034547463B463F46334647464B464B4657A
:20018000F4653046583004818472B466F46630466830847204813520C00030180AF022FC1B
:2001A0004E20345434650AF045FCF062652080003746361830460AF02AFCF96A304608F0EC
:2001C000CDF83846C83009F009FD38468830214606F0EAF83846A430214606F0E5F820467E
:2001E0000AF03AFC8021785001200AF035FC8421785009F059FE0AF033FA0AF00FFC0246E9
:20020000386800901520000138182946234608F08FFC0646204605F001FC0020002E0CD0FF
:20022000AE4906F0A3FC28460AF08EF90146022006F09CFC0620AA4900E0AA4906F096FCD8
:200240009C4EB1E006F0F8FB00242046A04906F08DFC179804F0AAFB204607F049FF1698AD
:2002600030E0204605F0DAFB2DAD2C729E482E909E482D902046294606F078FC3520C0002B
:2002800030180AF024FC09F04FFE02460B462846974909F01BFF0320294606F067FC9548F4
:2002A00007F0A2FC05F0E8FA7EE00024204605F0B5FB2046904906F059FC02208F4906F0CB
:2002C00055FC8C4807F090FC0AF04AF805F0D4FA6AE00AF0A3FB0146326815200001301836
:2002E00009F000F8002853D0FF205230305CF0740125B573B4803068602174526221745485
:20030000B066F46630466C30848084713520C00030180AF067FB4E2034543465654EC83669
:20032000304609F05BFC0AF079FB0AF0CDFA074600682D9078682E90B8682F90F8683090B9
:200340006F4831906F483290386933902DA93046584E0AF0A4FA78693062B8697062F869F7
:20036000B06230468830214606F01EF83046A430214606F019F820460AF06EFB80217050E8
:2003800028460AF069FB8421705009F08DFD0BE00024204605F042FB20465B4906F0E6FB21
:2003A00002204F4906F0E2FB307C3468B1698C4201D3002100E0012100282A9800D0084681
:2003C000002806D106F038FB504851490AF052F83468757C0A212046269109F085FD002D02
:2003E00036D0002934D126984443002528460AF033FB2990284629460AF0B8FA28900126A8
:20040000284631460AF0B2FA2790284609F0E4FF259030460AF020FB2490304629460AF07D
:20042000A5FA0546304631460AF0A0FA07463046204E09F0D1FF25990091249901AAA2C23C
:20044000049020462999289A279B09F08DFD3468204606F0B1FC30684721890074182146B8
:2004600007F0AEFE0AF0DAFA0246336815200701F5192846214604F021FD2497F05D229933
:20048000715C884200D185E0229970540024204605F0C4FA2498305C401E052800D979E0CE
:2004A00002A1085C4000874440382020073C3547754AC046403820200020084906F056FB7E
:2004C000FF205230305C0AF03FF8014602202EE00DB5000090B40000E0B4000046B50000B2
:2004E00011AE0000EFB40000455445524F444F4D72B60000DC050000D0B40000B0B400004A
:20050000CDCC4C3E00009642FEB400008AB6000054B500000020EF4906F028FB0220EE491B
:2005200036E00020ED4906F021FB0220EC4906F01DFB0620EB492BE00020EB4928E0B473F0
:2005400030468830214605F02FFF3046A430214605F02AFF20460AF07FFA802170500120B9
:200560000AF07AFA8421705009F09EFC2046DF4906F0FCFA55208000325C2DAC2046DC49B4
:2005800009F0A4FD0220214606F0F0FA0620D94906F0ECFA3046C030259006F0A1FDB07B5A
:2005A000002805D0F07C1F2802D003F051FC01E002F0A0FE0AF03EFA3063C120305C0428AA
:2005C00009D3C020305C0F2101404A1E91410F2803D8002002E0002001E001200840622127
:2005E0002991715C002911D06424305BC249884201D0401C30538120C00507F049FE002806
:2006000000D069E5305B64286ED365E5B17B002969D0BA49C97C052901D0022963D1602462
:20062000B64A115D00294AD0002859D06127D05DFF2803D0411CD155002854D03520C00025
:20064000AE490C1820460AF042FAAD4909F057F9002848D020460AF03AFA09F065FC02462E
:200660000B462DA8A74909F031FD7020A34E315C002906D1B16E002903D03168F166012102
:20068000315401202999705464200024345266203454F455B76D3846214609F039F900284D
:2006A00000D107467767F76D3846214609F030F9002800D10746B7677C20345413E0002830
:2006C00011D13520C0008D4908180AF000FA8E4909F015F9002806D001208849085302E02E
:2006E000612000211154854EB07B00240028274619D028460AF0C8F8002804D0B08831289E
:2007000001D8401CB080B07B002827460BD028460AF0BAF80028274605D0B088312801D8EB
:20072000002700E00127317C3068726964320123904227931A4600D22246002900D0174634
:20074000B16E4A1E9141002F00D12A9970222092B25C531E9A4100292A9B00D11346F17C5A
:20076000002B07D1052905D801228A4034231A4200D0B06600202C9023902B902998305C4E
:20078000C0B2424242413A407125012A2197289500D0A8E2705D002800D0A4E21F2900D172
:2007A000A1E2052900D99EE20122104688403421084200D197E21E920AF048F91F900AF071
:2007C0003FF905460AF048F8344606463520C000271838460AF07BF92BA903912CA9029186
:2007E000019000962046C83025991F9A2B4601F0EBFF38460AF06BF90546E07C052805D02C
:20080000042800D18CE0022800D023E128463F4909F075F8002800D11CE128463C4907F035
:20082000C2FA3C4908F0A4FC04460025294609F05DF8002819D17F20C5052046294609F06A
:200840005EF8002811D12046214608F0C5FB05462046214607F0A7FA01462F4807F09EFAB6
:200860000146284608F0B8FB05461E98000223490C582A48214607F091FA294608F0ACFBDC
:20088000214607F090FA06462C9D2B9C2846214609F03EF800282F4600D1274638463146C0
:2008A00009F024F8002800D0D4E03846314607F075FA06462846314607F070FA07462C9081
:2008C0002046314607F06AFA04462B9000253846B2E0C04646B6000038B50000A8B6000059
:2008E000D5B5000011AE000082B600002AB500006AB600006FB50000FFFF0000403820209E
:200900000000FA4342B300000000204100800944008009C40000484200004040000070426E
:200920002846B14908F0EBFF002834D12846AF4908F0E5FF002800D18CE02846AC4907F03F
:2009400032FAAC4908F014FC04460025294608F0CDFF002819D17F20C5052046294608F084
:20096000CEFF002811D12046214608F035FB05462046214607F017FA01469F4807F00EFA5E
:200980000146284608F028FB05461E9800029B490C589B486EE728469A4907F004FA9A49DB
:2009A00008F0E6FB0446002108F0A0FF0028944D1FD17F20C105204608F0A1FF0028934DF8
:2009C00017D12046214608F007FB05462046214607F0E9F90146884807F0E0F901462846DB
:2009E00008F0FAFA8A4908F0F7FA854907F0DBF905462C9E2B9C3046214608F089FF002855
:200A0000374600D127463846294608F06FFF002820D13846294607F0C1F9054630462946E1
:200A200007F0BCF906462C902046294607F0B6F904462B9000253046294608F04EFF00280B
:200A400000D02C950021204608F047FF002801D000202B900024694E7465DA20325CEC271D
:200A6000F05D431E01469941002A2A9A00D00A46002A289D45D1259409F0EEFE00283ED0C0
:200A8000F948706509F0DCFF0446002108F025FF002801D11E9902E01E99C80744408907B8
:200AA000204608F01AFF002829D1F448214607F075F9F34908F090FA0446F24908F028FF33
:200AC00006462046F04D294608F007FF002800D12546002EEB4900D12946FC20474D285884
:200AE0002C9C08F079FA0646214607F05CF92C902B9831462E4607F051F92B90289DF05D4C
:200B0000259C002800D185E02C992B9AB165F2650428219F00D0E6E0B47330468830214681
:200B200005F042FC3046A430214605F03DFC2594204609F091FF802170500127384609F0FB
:200B40008BFF8421705009F0AFF9746BB36BF16B356C1A195218521930D026984243444339
:200B600028944343414345434424345B27944624345B24944824345B23944A24345B219460
:200B8000D224345B20942997D627F75BD824345B44430897299F099400930191029527987C
:200BA0000390249804902398059021980690209807902DA8B549289B09F088FA5020315A58
:200BC0005324305D421E904100292A9900D00146002902D106F0BCFE37552598F07409F08B
:200BE000BFFBFFF77BFAC04600000C430000DC420000DCC20000F041000040404038202056
:200C000000005C4200000CC3000020410000C8410000F0C1B06D00251D90294608F05DFE9B
:200C200007462C981E90294608F072FE8121CE050028974C00D13446002F00D134469548FC
:200C4000C06D1F90294608F048FE07462B982590294608F05DFE00288D4800D13046002F11
:200C600000D130461C901D9F3846214607F09BF806461E9C2046314608F04AFE054638466A
:200C8000854907F090F807462046394608F025FE002800D12746002D1C9900D13E467D4858
:200CA00086651F9D284607F07EF80446259F3846214608F02DFE1E902846774907F073F85E
:200CC00005463846294608F008FE002800D13D461E98002800D12C466E48C4652C96064654
:200CE0002B94219F289D279A7A40F07C011F481E8141002A2A9800D10846715D4A1E91416E
:200D000000282A9800D1084600282ED13520C000301809F0DCFE614908F0F1FD002824D0C7
:200D2000012528983554722023993154B46D204608F0EEFD002800D104467467F46D204622
:200D4000239908F0E5FD002800D10446B4677C20239931542098305C002806D1B06E002839
:200D600003D03068F06620983554002F00D1A6E0F07C022804D01F280DD0052800D09EE0E2
:200D8000EC20305C401EC1B2042944D2C006010E4348C84043E0652080003418F16A20460A
:200DA00007F0DCFA316B41200006002500953D4A019202903C480390209420463B4A2B46D6
:200DC00005F062F925903320C00031463658CF7B0124E007279086433046354908F08FFDA8
:200DE00041424141002F2A9800D10846002837D0002F00D16EE37F20C105304608F06DFD21
:200E00000028244E259C00D166E3F573209809F0FEFDF77B60E3DA20305C411E88414D2178
:200E2000725C4C23002AC2B202D0F45CA2420DD0540034194425655B1E4EB54202D044347D
:200E40006D1C2580134EF054012070547A4412795200974401310B0F706B401C70632EE000
:200E60000C4EF473259C3BE377120642F06B401CF06324E0306C401C306420E07712064296
:200E8000CDCC4C3E0000C0400000C0C0D5AF00000000404140382020000020C100001643B8
:200EA00002020303000090410AD7233CCDCC4C3F00002040FFFF0000B06B401CB063307C5F
:200EC000002F07D13A4607D0F16907D02C9B002807D107E02B9AF7D13946F7D13B46002858
:200EE00000D00A46259200D00B462793894C374688373846214609F0EBFB3546A4352846A9
:200F0000214609F0E5FB2998305C002808D12898305C0028259C279904D07F4807F0B8F90B
:200F2000716FB46F3846279105F03EFA2846214605F03AFA3078C00700D00EE22594002045
:200F40001E9009F089FD064601201F9009F084FD8021724A5258921B299284226F4B9B580C
:200F6000C41A6E4B5E506D4EB0503520C00030182999224607F03AFC326A736AB06A00909A
:200F80003846299905F0C0FA2990326A736AB06A00902846214605F0B7FA074690201D9061
:200FA00030585F4908407F21CC05214608F095FC05465C48209738181F9F80B25A49884205
:200FC00000D31E9FAC201F90305855490840214608F083FC411E88413840317C002D2A9A7C
:200FE00000D102464F4B299DEB189BB24E4CA34200D302460029259C0FD0002A0DD0B07C92
:20100000322803D2411CB174312808D105F014FD4648474909F02EFA9FE10020B07420982C
:20102000404201B20027384609F0C2F901201890294609F0BDF9307C002852D01E97274623
:201040003468269844431D9830581C901F9830581B9000262798314608F036FC4542454149
:20106000384631462D4E08F02FFC414241412943C020305C1A90C422B05E1990EC23F35C5B
:201080005B1EDDB2042D04D2DB061D0E294BEB4003E0DA23F35C5D1EAB412048466B856BF7
:2010A000C76B006C269A5643554357435043089509970A90D8B21B9A0092299D0195209AB6
:2010C000029203911A9904911999059106900796124E20462799259C22461C9B06F0FEF8D3
:2010E0001E9FF07C052802D0022800D035E14E20315C491CCAB23154052A00D22DE13754BD
:201100005021705A179A6332904215D952201899315422E100007A440000404040382020ED
:20112000FFFFFF7FB4E2000069C500008AB600001CB5000002020303421C7252314618267D
:201140004643086826994143ED4881512798EA4907F042FF044600211C9108F0D0FBBF2167
:2011600009061B913F2109060028269100D11B99204606F018FE0546E24908F0C9FB0446F3
:20118000C72007062846394608F0A7FB00281E9700D12F46384608F0D1FF002CD44900D151
:2011A0000146D7488619B1802598D34907F014FF04461C9908F0A3FB0028269900D11B9915
:2011C000204606F0F0FD0546CE4908F0A1FB044628461E9F394608F080FB002800D12F46FB
:2011E000384608F0ABFF002CC14900D10146F180C0481D994058C04907F0EEFE04461C99CF
:2012000008F07DFB0028269900D11B99204606F0CAFD0546BB4908F07BFB044628461E9F9D
:20122000394608F05AFB002800D12F46384608F085FF002CAE4900D101463181AD481F99E0
:201240004058AD4907F0C8FE04461C9908F057FB0028269900D11B99204606F0A4FD054646
:20126000A84908F055FB044628461E9F394608F034FB002800D12F46384608F05FFF002CAC
:201280009B4900D1014671812998B0812098F081C4209849085A308209F0D2FB964907F0D0
:2012A0009BFE04461C9908F02AFB0028269900D11B99204606F077FD0546924908F028FBFC
:2012C000044628461E9F394608F007FB002800D12F46384608F032FF002C854900D10146F9
:2012E00071828448406D844907F076FE04461C9908F005FB002801D11B98269020462699CB
:2013000006F051FD05467F4908F002FB044628461E9F394608F0E1FA002800D12F463846CE
:2013200008F00CFF002C724900D10146B182C020704A105CB075EC20105C401EC1B20429D7
:20134000259C04D2C006010E6848C84003E0DA20105C411E8841F075664E2898305C00286B
:201360000FD07221705CFF2803D105F0B1FDFEF7B5FE421C72547C21715C0929F5D86328D1
:20138000F3D23089401C81B2132900D8239023983081F088401C81B2F0803229219F04D3A4
:2013A0000020F080302008F097FF7089401C81B27081322908D309F037FB002804D10020C8
:2013C0007081384602F0B8F9B089401C81B2B081C82901D2FEF782FE0020B0812498305C30
:2013E000259055208000305C2990C020305C2890C420305E2690FF203430305C24904D2082
:201400008000305C239049208000305C209009204001305E1F9091204000305E1E90279855
:2014200008F08CFE2790204608F088FE1D9090203058354C214607F0CFFD08F07FFE1C90DE
:20144000AC203058214607F0C7FD08F077FE1B90306B08F069FD05460E463520C0002549E3
:20146000081809F034FB08F05FFD2722D200214B9A584F239B001F4FFB585127BF001D4CE9
:20148000E7590E950F961B4E10901191129213931497259B0893279809901D980A901C986E
:2014A0000B901B980C902998009028980190269802902498039023980490209805901F98AE
:2014C00006901E9807902DA81049219A08F0FEFDFEF704FE074E259CF8B2002800D1044653
:2014E0002798259460402790044C00E502020303FF7F0000403820200000204100001644ED
:201500000000202000FEFF460000C84220AF0000F0B5FFB08EB004930692064692980290A6
:201520000025E84305908C913468204609F061FA21188B9503918C4200D3C2E000208790EC
:2015400087A908738890059889902F46049D2078002800D1B8E0252805D0641C34600699FE
:20156000A8477F1CF3E78B97601C306087AC2046314600F0C1F88CAA2046314600F0DDF848
:20158000306801787A2925D0682919D06A2908D06C290ED0742908D04C2922D187998022AB
:2015A0001BE087990122D20217E087990122520313E0427887996C2A6AD10122120205E0D0
:2015C00042788799682A66D10122520211438791801C05E08799012212030A438792401CEA
:2015E0000178441C346087A80173732913D06E291DD1879836490840411E02464A408A42F4
:201600003DD900282DD04142014032484143C80E31A1085C26E087A80078400619D400954C
:2016200087A88CAA8BAB069900F046F92BE007AD87A98CAA284600F095F9024628460699DB
:20164000029B9847411C059D00D0C5198B9503991BE0009587A88CAA8BAB069900F0C9F82A
:2016600011E02020401F082809D8C0467844007940008744210404151C04150404008C98E4
:2016800002C88C900F6003998B9D681C1BD052E7401C402201E0401C2022114387919FE75A
:2016A000F8178C9904C98C9117605060EBE78C9802C88C900F70E6E78C9802C88C900F8024
:2016C000E1E72F4600E0059F38467FB00EB0F0BD603F000031B57C0700011C021D0E1803C4
:2016E0001E16140F191104081F1B0D17151310071A0C12060B050A0910B50A680124E30719
:201700001AD01378302B0CD0232B0ED02B2B0AD02D2B04D00024202BF1D1042306E0012333
:2017200004E0102302E0022300E0082304681C430460521C0A60E1E710BDFEB516460D4682
:201740000446086802782A2A10D13068011D316000686060002805D54042606020680121C3
:20176000014321602868471C2F6017E00021303A092A08D84218531C2B60435C6F467B5416
:201780005278491CF3E76A460023535412784718002A03D0684608F001FB606038782E2878
:2017A00026D1781C286079782A2908D13068011D31600068A0602868401C2860FEBD0020FB
:2017C0003039092908D839188A1C2A604A786B461A548978401CF3E76A4600211154107837
:2017E000002804D0684608F0D9FAA060FEBDA160FEBDF0B587B01E460C9F13681C1D1460EA
:201800001D68002D3AD0049106908468002C04D4284609F0A3F8844203D3284609F09EF856
:20182000044606984068A042039000DC2046014630680191401805940399A1420296306058
:201840000EDD06980078C0070AD1059801990E1A0024B44204DA20200499B847641CF8E753
:201860000026049C069805998E420ADA2868010A18D12D1D2146B847761CF3E70020B847F3
:2018800018E00599039A8A4214DD0078C00711D00198451A0024AC420CDA20200499B8476C
:2018A000641CF8E70020C0430299086009F0FEF85821016007B0F0BDF0B585B00C460646FE
:2018C0000A9D1068011D116000680490002844D00393B768002F04D4049809F08AF8874286
:2018E00003D3049809F085F8074602967268BA42114600DC3946039B1868009140180192F9
:20190000BA4218600FDD02980078C0070BD10098C01B039000260398864204DA202021469E
:20192000A847761CF7E70026BE4205DA0498805D2146A847761CF7E70198B84210DD0298EA
:201940000078C0070CD00098C61B0027B74207DA20202146A8477F1CF8E700202146A8476C
:2019600005B0F0BDF0B58BB004920D460446FF210846FA302718686805900026099606915A
:20198000FE3120222046029208F0B0FE7F20800021180A9103973E71287B0246613A172A33
:2019A00008952BD8012393402546C34C23422C4609D009A90AAA089D2846049B00F082F9E3
:2019C00000260796B9E0712423422C46089D22D1022A13D1049B1868021D1A600068C2B203
:2019E000534253410793069AFC32A2180A920870286802218843286000269EE00146453919
:201A0000032908D3252800D180E0412803D058280796CED092E00194049A1068C01D072128
:201A20008843014608311160076846682D7B2C467B3C384631463A46334608F01DFC0028D5
:201A400000D021E10120C007314681439B48484038431FD0F60F00200790284641380628EB
:201A60003FD9613D062D019C00D922E1A80002A21058089D8746C046F91A00003B1B00006F
:201A80003B1B00003B1B0000311B0000251B0000191B00000022384631460792134607F0DA
:201AA000EEFE1921CA436921049149216E254E2366274626944200D33E46039AD670019CC0
:201AC00000D32B46937000D3049951703F21C90061180A910028089D14D02D2010700426A9
:201AE0002BE0019C089DC0467844007940008744032424241F1913000AAB38462A4603F003
:201B0000FBFA1AE02B201070032616E00020607025202070012086E00AAB38462A4603F00A
:201B2000F1FB0AE00AAB38462A4607F053FF04E00AAB38462A4605F053FB287B0125014609
:201B40006F39092904D801228A405D490A4201D158286AD1059B0595E5180A980899097868
:201B6000C907274609D10399091D091A089A52689142274601DC691A4F1C411C06984300C4
:201B800000263846324608F0BCFC0A900799002903D0411C0A91067000E00146A94206D8E5
:201BA000481E691A491C202208F0A0FD2E70089D2878C00605D4391B2022204608F096FDF7
:201BC0002CE0A7422AD0391B30262046324608F08DFD09984142414105980140012905D188
:201BE0002878400702D43846214604E03878611C2070781C3E702A7B412A0CD0582A05D01D
:201C0000612A08D0782A01D0702A07D12B781B0701D4612A02D142784A704670204608F0FC
:201C2000E8FE079940180BB0F0BD002E09D0012E059B90D1012009900898016802200840FA
:201C400007E0099A0898016802200840002A08D0059B0A994A1E0A922D220A704542454168
:201C600079E70028059B08D1480700D473E70A98411E0A91029901706DE70A98411E0A914E
:201C80002B210170002566E71920C543612241216E234E20AC4200D31846039BD87000D318
:201CA0001146039A91700A925070002007900226019C089D41E7C04608C190000000F07FBC
:201CC00043020000F8B514460F4605468068002804D4286810218843286001E00120A86012
:201CE000287B1026582808D0782806D0702804D06F2801D1082600E00A262846194600F06D
:201D000055F8AA68002A09D102460A4306D12878000749D52B7B0020024612E02B7B642BFA
:201D200003D16423002905D40AE0692B08D1002906D5692301223A60002240428A4100E053
:201D40000A4600941146324600F0CEF8A968884206DA401C21684A1E226030220A70F5E7E8
:201D6000287B582803D0782801D070280FD1297809070CD5702800D1782021684A1E22607E
:201D800008702068411E216030210170287B6F280AD12878000707D520684178302903D09C
:201DA000411E216030210170F8BDC04610B5037B702B05D10868021D0A60006800227BE034
:201DC00002683E481040421E04465440944216D9002807D04242024039485043C00E39A23E
:201DE000105C00E02020401F082808D878440079400087444C04041E38041E0404000022B2
:201E00001846643814280DD801248440354804420AD12120044205D00868021D0A60006863
:201E2000C21749E0582B46D10868031D0B60006842E018466438142807D801228240294816
:201E4000024206D12120024203D10020582B024632D10868C21D07208243104608300860EF
:201E60001068526828E0002218466438142807D8012484401B48044204D121200442CBD167
:201E8000582B18D10868031D0B60007814E0002218466438142807D80124844011480442B0
:201EA00004D121200442B7D1582B04D10868031D0B60008800E01046114610BD603F00006A
:201EC00031B57C0700011C021D0E18031E16140F191104081F1B0D17151310071A0C1206CC
:201EE0000B050A0900081200FEB501920D460646582B01D0174800E015480090089802900E
:201F00003046284305D1029A1068411E116030210170019C3046284313D0304629462246B6
:201F200000F01AF807460D46224608F0C7FA301A0099085C029B19684A1E1A6008703E469B
:201F4000E8E70298006808F054FD401EFEBDC0463EB400004FB4000080B5102A06D0082ADC
:201F600009D1C0084A078018C90880BD00090A078018090980BD002904D1114607F0B4FFC8
:201F8000002180BD002308F0A9FC80BDF0B58BB0002800D1F3E115460F460646099300247D
:201FA00000292346224611D00420385E08F036F8484907F011F80A95254604460620385EC5
:201FC00008F02CF823462C460A9D0246307802280A962AD0012800D06DE17778012F48D130
:201FE000002D00D1D5E03C4D2B40412001061846174607F07BFC002800D1CAE03A462A401C
:202000003649104607F072FC002800D1C1E0F068401CF060232800D24DE102200A99487020
:202020000024099848608860E6E07678012E6BD1002D00D1C2E00A99C868401CC860052808
:2020400000D238E116460A9D0998A860224C23402349184607F053FC002800D0D0E03046EA
:202060002040204907F04BFC002800D0C8E00220C7E0002D00D18FE0089275680024746113
:2020800001200590C107079306918B431649184607F035FC002800D09DE0B81E08280999C1
:2020A00000D908E14F1B800001A10858079A8746ED20000083230000452400007B24000049
:2020C000B1240000C1230000F7230000B72200009D250000CDCCCC3DFFFFFF7F0000A04193
:2020E000000010410000F0410000D242192F00D2E9E203200A994870099848600020C86056
:2021000008610883E94CD6E00121002D5AD008920691CF070024184621461D4607F0DDFB45
:202120000028079500D07D40FD49284607F0E7FB00285AD1092E6CD0022E00D0BBE0F9491E
:20214000284607F0DCFB002800D085E0089CBC43F549204607F0D3FB00287DD10A9E314645
:202160001931707E079DBD43002800D1FAE10F46EC49284607F0C3FB002806D1EB49204669
:2021800007F0BDFB002800D100E200203870E84F74E00024F4608EE07069632805D8411CDE
:2021A0000A9A5161632800D085E001200A9988760B2048700998486000241DE000240A9834
:2021C000C46078E00A984170099941600024C460046104836FE00220B0760B207070099876
:2021E0007060F4603461348365E002200A9988760B20487009984860CC600C610C835AE0D9
:2022000009206870099868600024EC602C612C8351E041200106284607F068FB002825D02A
:20222000089CBC43C149204607F060FB00281DD00A9EF068401CF06028281AD30220707039
:20224000099870600020F06030613083304619300990079DBD4386E109200A9E70700998A4
:2022600070600020F0603061307602E000200A9EF06000207076079DBD43AE4F41200106DE
:20228000284607F03CFB002801D0AB4800E0AB4801D0AB4900E0AB491422069B9B07009140
:2022A000019002970393049200213046079A089B03F0B2FF0446A44D2046294607F00DFB3A
:2022C00007468120C6052046314607F021FB002800D12646002F2C4600D134460A980462FC
:2022E0002046294607F0F9FA002800D1254600272846394607F0F1FA0121CC072E46002834
:2023000000D066409149304607F0E7FA002834D17F20C105304607F0E9FA00280ED17F496E
:20232000304607F0E3FA00280DD18949304605F03AFD884906F050FE87490CE087493046C2
:2023400006F04AFE09E08649304605F02CFD814906F042FE814905F026FD3F21090605F0AD
:2023600022FD06460021284607F0D2FA002800D16640304607F0E2FE07460A9887830BB000
:20238000F0BD664C0F2F96D33F200106104607F0B6FA0646401E8641EC49089807F0AFFAEE
:2023A0000546401E85413540E649089807F0A7FA411E88412843402F00D9A0E100219FE1D5
:2023C000E949104607F092FA089C06998C43002800D18FE0E549204607F088FA002800D172
:2023E00088E008200A994870099848600020C86008610883D1E0DB49104605F0D4FCD84C59
:202400002040CF4907F072FA002800D1C2E008980440CA49204607F069FA002800D1B9E0FD
:202420000A99C868401CC8601428079A00D2B5E00A200A994870099848600020C860086182
:202440000883ABE0D549104607F059FA002800D1FEE0142F00D2FBE00124E1070898884369
:20246000B84907F043FA411E88411B2F0A9900D80024204300D0EEE04FE1C3491046144629
:2024800005F091FC0121C9078843C04907F02EFA00280A9900D1E7E006204870099848604B
:2024A0000020C860086108832DE0C046000040401E2F0A9D27D3A149104607F017FA0446CD
:2024C000AB49089807F012FA2043411E88417C2F059900D800210843012814D10720687040
:2024E000099868600020E860286128830120C007089C84439F49204607F001FA002800D04C
:20250000EEE09E4AEDE0A249089807F001FA002801D1A14CCFE69F4CCDE6C04600004040FB
:202520000000D242000010410000F04100004041CDCC4C409A9979406F12033D295C0F3DE1
:20254000EC51383D0AD7233D000080C0CDCCCC3C000040C000002042000020430000A04200
:20256000000080BF099141200106284607F0BEF9754F002800D181E67449204607F0B6F911
:20258000002800D17AE606980999087000243476346190E600200A99C860079A7A481146AC
:2025A00005F0FCFB04460A98407E06998C43002815D07F49089807F0A2F900280A9D0BD165
:2025C0007C49089807F092F9002805D16F49204607F095F9002817D0002068761CE05749CA
:2025E000089807F083F900280A9D15D07249089807F085F900280FD05149204607F076F9D7
:20260000002809D0059868766C49089807F06EF900280AD16B4C4EE641200106204607F0D8
:202620006EF9002803D14C4802E0654C43E64B48089B01D1464900E046490C220492504A83
:202640000392504A00AC07C44F492846079A2FE61C2F0A9961D305204870099848600020B0
:20266000C86008610883079C4E49204607F035F9002808D003208107089807F037F90028DF
:2026800001D0404C17E64849089807F038F9414C002800D00FE64549079807F030F9002898
:2026A00006D03A49089807F02AF9002800D002E60120C107089888432E4907F020F9002824
:2026C0002DD12E4B2CE00C2004902D4803902D4802902A4801902148009000210A98E6E51E
:2026E000254A0A98089B0C21049125490391254902911A49009101922349079AD8E50121EE
:202700000843012800D0D6E504200A994870099848600020C86008610883214CCBE5164B38
:202720000A98079A0C21049115490391154902910A49009101930B49B9E5C04600004041C0
:20274000000010410000F041CDCC4C400000A040295C0F3D6F12033D0AD7233DEC51383D6D
:20276000FFFFFF7F00004842000020C2000070420000C8C20000BE42A69BC43CBC74933CF5
:202780006666264000004040000048C2000020410000A041000040C0CDCCCCBF00002842AD
:2027A000CDCC0CC0000020420000B4420000184200007041000096C2000070C20000F0C116
:2027C0009A99993ECDCC4CBEF0B58BB00F46774D018BA94201D0491C0183139A1299099130
:2027E00004462434B97800290A901ED0119E0021C1710172BB88049343803B78802B07934B
:20280000089201D0012B3BD1017BFF2908D0002904D1C289AA4201D0521CC281491C017309
:20282000028A8A422DD201822BE000270763C679FF2E00D18BE008921099002E04D1428969
:20284000AA4201D0521C4281751CC571002900D179E20120C00783435549184607F058F87D
:20286000002800D16FE2022E089A00D96CE20320207009980760176005200A9D287285E216
:2028800001730597607806904A49304607F037F800281FD0484D474F3046294605F083FAF2
:2028A0000646394607F02BF8002813D03046294605F079FA0646394607F021F8002809D0FF
:2028C0003046294605F06FFA0646394607F017F80028E1D100273046394606F0FEFF0028D3
:2028E0001ED0344D3046294605F05DFA0646002106F0F3FF002813D03046294605F053FAB1
:202900000646002106F0E9FF002809D03046294605F049FA0646002106F0DFFF0028E1D133
:202920002649304606F0D9FF00280A9D12D12449304606F0D2FF002801D001270AE0214913
:20294000304606F0CAFF002803D1032702E03546FAE10227069B9F42079A1AD167700320B3
:2029600010403F2A09D8002807D02879FF2801D0401C28710020687133E0402A2FD3002890
:202980002DD16879FF2801D0401C68710020287127E0B80001A108588746C046C9290000EC
:2029A000152D0000E12C0000FB2C0000FFFF000000004842CD8C1944CD8C19C400001643D4
:2029C000CD8C9943CD8CE443032BC7D1F849304606F09EFF079A0028C0D00327BEE70020EA
:2029E000A8802078411E012910D8D106890F00D164E1A979491CCAB2A971052A00D25FE1C3
:202A000000202070A871049A2A8002E000202070049A2888101A03B211B2C9134A40541A4F
:202A20000693D9134840401A00B207F0F7FAEE4906F0D2FA07F082FB2018AE6B04B22046BB
:202A400007F0ECFAE94906F0C7FA314605F0ABF906465A2C06DBED6B3046294606F058FF63
:202A6000002800D135460A98817C0491002906D0C66B2846314606F04BFF002800D12E46EC
:202A80000A9C256C3046294606F027FF002800D13546A46A2846214606F01FFF2E460546D4
:202AA000012007908107204605F07DF90446314606F02EFF0028314600D12646002D00D147
:202AC00031460A9C0091A162606C0390042005990E5E35B2304607F0A1FA0746A46C0698CE
:202AE00007F09CFA01462046019106F075FA044603980297394606F06FFA214605F053F9A1
:202B000005900395E81306964640301A00B2512836DB80B207F088FCB54905F044F9B5490A
:202B200006F026FB05460026314606F0DFFE002819D17F20C6052846314606F0E0FE002866
:202B400011D12846294606F047FA04462846294605F029F90146A84805F020F9014620464F
:202B600006F03AFA06460A9C216D304606F034FA07460398002805D50798C007474001E059
:202B800000270A9C256B384607F0D8FA01B2C9134840401A04B2284607F0D0FA01B2C913AC
:202BA0004840401A00B2844202DC8120C40500E0924C2846214605F0F6F8064638463146BC
:202BC00006F0A6FE03902846214605F0E7F804463846214606F081FE002800D13C46039865
:202BE00000280A9D00D126462E630598314605F0DAF80446EF6C394606F08AFE06460798D0
:202C0000C5077D402046294606F067FE002800D12546002E00D12F46049800283ED0784990
:202C20000A9881627749019806F0D6F904467649029806F0D1F9214605F0B5F804464120DA
:202C400006062046314606F063FE0746C12005062046294606F041FE002800D12546002F5E
:202C600000D12E460A9D686B684906F0B5F9314605F099F80446624905F095F809990860C2
:202C8000A86A214605F08AF808990860069828802046214605F087F8074677E000210A9D48
:202CA0006963384606F02BFE002840D13846009905F079F809990860A86A3FE00021A9717F
:202CC0000128534953480A4600D00246034600D00B4609990A6008990B60A8624E4F55E0CE
:202CE000012B00D03AE63E49304606F0F6FD079A002800D132E6012730E6022B00D02DE6D2
:202D00003649304606F0E9FD079A002800D125E6022723E6002B00D020E63249304606F023
:202D2000DCFD079A002800D118E6002716E6099800990160A86A394605F030F808990860AD
:202D40000698288022E0089A0A99087A002809D0401E087203202070002709980760176032
:202D60000D4613E0052D14D813460020207002200A9D285E00282D4A2D48114600D4014611
:202D800000D410461A46099B19601060EF620BB0F0BD232D0ED813460320207002200A9D58
:202DA000285E00281F4A20481146E8D5E8E7C046CD4C1844412D0BD81346032020700220B7
:202DC0000A9D285E0028154A15481146D7D5D7E704202070002108460A9DD4E7CD0CE74399
:202DE000CD0C9C4300001B43CDCCCC3DEC5138BE0000A0C200000C43000040400000C040B7
:202E00000000B442CDCC4C3D0AD7233DE17A9641000040C100004842000078420000A0C181
:202E200000000C420000A04100005C420000344200007042F0B583B015460E460446411E6D
:202E40008841FD49B02206F03BF8002E06D021780520014205D0042003B0F0BD032003B034
:202E6000F0BD0296A71C0422114321703A7B7B7B1B029A18BB7B1B042E46FD7B2D06EB184E
:202E80009A18964200D930E23546387C797C09020818B97C0904FA7C120651180918387963
:202EA0007A7912021018BA791204FB791B069A1810180E1A6178B5423AD9022900D1D9E06B
:202EC00001296FD0002900D0FBE139787A7812025118BA781204FB781B069A18511808187D
:202EE0000299324607F0E6FD3879797909020818B9790904FA791206511808180196811993
:202F0000387C7A7C12021018BA7C1204FB7C1B069A1812185342914200D28FE1881A59184E
:202F20008A4200D98BE1801A811A5018F3D386E1022900D1D1E0012969D0002900D0C0E10C
:202F4000A178E278120251182279120463791B069A185118081802992A4607F0ABFD38793D
:202F6000797909020818B9790904FA791206511808184119387C7A7C12021018BA7C120455
:202F8000FB7C1B069A1812185342914200D290E1881A59188A4200D98CE1801A811A501850
:202FA000F3D387E1A178E278120251182279120463791B069A1851184000081872000299BD
:202FC000009207F077FD3879797909020818B9790904FA7912065118081801968119387CEE
:202FE0007A7C12021018BA7C1204FB7C1B069A1812185342914200D2A2E0881A59188A4244
:2030000000D99EE0801A811A5018F3D399E0A178E278120251182279120463791B069A182D
:203020005118400008186A00029907F043FD3879797909020818B9790904FA79120651188A
:2030400008184119387C7A7C12021018BA7C1204FB7C1B069A1812185342914200D228E10D
:20306000881A59188A4200D924E1801A811A5018F3D31FE1A178E27812025118227912048F
:2030800063791B069A18511880000818B2000299009207F00FFD3879797909020818B97996
:2030A0000904FA7912065118081801968119387C7A7C12021018BA7C1204FB7C1B069A1842
:2030C0001218534291427AD3881A59188A4277D8801A811A5018F5D372E0A178E2781202A5
:2030E00051182279120463791B069A18511880000818AA00029907F0DDFC3879797909023B
:203100000818B9790904FA791206511808184119387C7A7C12021018BA7C1204FB7C1B0618
:203120009A1812185342914200D2C2E0881A59188A4200D9BEE0801A811A5018F3D3B9E085
:2031400008463871010EF971010CB971010A797139787A7812025118BA781204FB781B06D7
:203160009A185118400008180299009A8918019AAE1A720007F09EFC3879797909020818CA
:20318000B9790904FA791206511808188119387C7A7C12021018BA7C1204FB7C1B069A18C6
:2031A00012185342914200D283E0881A59188A4200D97FE0801A811A5018F3D37AE0084626
:2031C0003871010EF971010CB971010A797139787A7812025118BA781204FB781B069A18F3
:2031E0005118800008180299009A8918019AAE1AB20007F05FFC3879797909020818B97989
:203200000904FA791206511808188119387C7A7C12021018BA7C1204FB7C1B069A1812184D
:203220005342914245D3881A59188A4242D8801A811A5018F5D33DE097B200000846387153
:20324000010EF971010CB971010A797139787A7812025118BA781204FB781B069A185118B2
:203260000818019A02998918AE1A324607F022FC3879797909020818B9790904FA7912066A
:20328000511808188119387C7A7C12021018BA7C1204FB7C1B069A1812185342914208D322
:2032A000881A59188A4205D8801A811A5018F5D300E008463871010EF971010CB971000A5C
:2032C0007871387B797B09020818B97B0904FA7B120651180818401B3873010CB973010E8E
:2032E000F973000A787321780020FB220A40227003B0F0BDF0B591B0E4480078012800D0D8
:20330000B0E1E34880690321C9024058E1490A78002A1DD0E0490A68002A1DD0841A086006
:20332000DE480460204607F07FF80646DC4905F01FFF0546DB48844200D83546DA49284693
:203340000C9106F0CAFA00280ED0D84CD84814E001220A70D04984E10860D04800210160BB
:20336000D848016011B0F0BDD249284606F0D0FA002800D178E1D04CD048D2490860089470
:20338000D2483B210DAE0E23324603F013FA0D9800027178401800B206F040FE7121CF051F
:2033A000394605F019FE0B90B0780002F178401800B206F033FE394605F00EFE09900E9864
:2033C00000027179401800B206F028FE394605F003FE0A900F980002717A401800B206F038
:2033E0001DFEBB4D294605F0C3FE0446B07A0002F17A401800B206F011FE294605F0B8FE7B
:20340000074610980002717B401800B206F006FE294605F0ADFE0546AE4801682046049111
:2034200004F0BCFC0446AC480460AC4801683846059104F0B3FC0746A9480760A94801682B
:203440002846069104F0AAFC0646A7480660A74800680790A64801680297384605F0BCFD22
:20346000054601942046079905F0B6FD294604F09AFC04469F4801680396304605F0ACFD7E
:20348000214604F090FC05460120C107284688437D21C90506F021FA00260028344600D1C2
:2034A0002C462046804906F033FA0746924D2046294606F012FA002800D12546002F00D1E1
:2034C0000C958E480C9F07608D4804682046314606F0FAF905462046394604F064FC3F2178
:2034E0000906079105F078FD002D00D107460898394605F071FD0C99814A1160814905F04E
:203500006BFD0446804E314606F002FA07467F4D2046294606F0E1F9002800D12546002F71
:2035200000D12E467A4C2068314604F03CFC05462060784F3868314604F035FC3860764930
:20354000284606F0E5F9002820D0744E724F2846314604F028FC0546394606F0D9F90028D7
:2035600013D02846314604F01EFC0546394606F0CFF9002809D02846314604F014FC0546B8
:20358000394606F0C5F90028E1D125606449284606F0A3F9002820D0624E614F284631468F
:2035A00004F001FC0546394606F097F9002813D02846314604F0F7FB0546394606F08DF9AE
:2035C000002809D02846314604F0EDFB0546394606F083F90028E1D125600998014605F0B1
:2035E000FBFC04460B98014605F0F6FC214604F0DAFB04460A98014605F0EEFC214604F01C
:20360000D2FB494904F0CFFB484C204048490D78484906F062F9002824D0002D22D00C98C2
:203620002040079906F059F900281BD0244C0198214605F0D1FC049904F0B5FB25490860E6
:203640000298214605F0C8FC059904F0ACFB234908600398214605F0BFFC069904F0A3FBC0
:203660002049086011B0F0BD1549284605F0B4FC144908601449284605F0AEFC0446002100
:2036800006F034F90028EDD179E6C0468A3D2020B4B300008C3D2020543D2020683D20208F
:2036A0000000A042400D03000000FA430BD7233C0000204100504347CDCC4C3D0000484273
:2036C0006F12833A583D2020BD378635383B202033338341403D20205C3D2020443D2020F4
:2036E000603D2020483D2020643D20206C3D2020703D2020743D20200000FAC33C3D20200A
:20370000503D20201904963F0000A0400000A0C07C3D2020803D2020000034430000B4C3C6
:20372000000034C30000B443000080BFFFFFFF7F893D20209A99993EF0B58FB00646D54F7C
:20374000F87C062801D3002200E00122831E591E8B41441F611E8C417021795C234200D0A0
:20376000DDE0002900D1DAE00126B86EF96E081A06F05AFEC94905F02FFCC94905F0F8FC87
:2037800006F0D2FB02460B46C64908AD284606F09DFC0020039002F041F9287804900224D3
:2037A000CE4D07E0284604F0A1FE03240798C00700D16DE107960EA9039F0F7021204870EC
:2037C00002262846324604F0BFFB0EA90F704F702846324604F0B8FB0EA90F707F2048701E
:2037E0002846324604F0B0FB0EA90F70222048702846324604F0A8FB0EA90F704C70284637
:20380000324604F0A1FB0EA90F704C702846324604F09AFB284604F005FE287A4006010EE3
:20382000284602F0CDF940212846069102F0C8F90498002857D00024049805942E4601464A
:203840007F39C9B2A129059D01D32038054660080627394606F048FBE8B27843A04A10189E
:20386000405C0799C90716D0012101404A008307DB0F9D00AA18DB00D2184307DB0F1D01BF
:2038800052195B01D218C308C000069D28401018DA01024315E0C106C90F4A008306DB0F48
:2038A0009D005219DB00D2184306DB0F1D0152195B01D2184308069D2B40D3188022024011
:2038C0001A430A43D1B23546304602F079F9671C0C21384606F008FB08A9762C03D8085CAD
:2038E00000283C46AAD100262846314602F068F9781C40B2002800D554E70021284602F006
:203900005FF9B81C40B2002800D54BE70021284602F056F9FF1C78B20028E4D542E704280F
:203920000ED10796BA6E0026002A304628D0481E0D4685413B680020934214D2044613E0EB
:203940003F2318403423C3401A4009D0B86E00294ED0FA6E002A4BD0002849D0101A51E06A
:203960004D49002061E001242543012D08D1002900D0FB6E981A06F057FD484905F02CFBB1
:20398000474905F0F5FB06F0CFFA02460B464D4908AD284606F09AFB3046294603F0E6F860
:2039A0003520C000381807F092F806F0BDFA02460B464548009601904449284606F086FBB5
:2039C0000220294603F0D2F8C220385C002801D0404A00E03E4A079C3F49284606F076FB38
:2039E0000420294603F0C2F8002C42D1324C41E04A1E9141424242410A4301D0002001E049
:203A00003968081A06F010FD244905F0E5FA244905F0AEFB06F088FA02460B46214908AD64
:203A2000284606F053FB0020294603F09FF8FA7C152000013B5C1C4908AD284606F046FBB9
:203A40000220294603F092F8FF203430385C002801D0174A00E0154A492080003B5C1549CA
:203A6000284606F033FB0420294603F07FF8002EBCD0124C386B06F057FA0090019110493A
:203A80002846224606F022FB0620294603F06EF80FB0F0BD40382020EDB500000000204128
:203AA00000007A4458B6000062B50000D0B60000D8B6000005B60000C7B60000D4B600004D
:203AC000F9B50000BDB5000000C06240C0B40000B8B60000DBB600007AB60000183B20202E
:203AE000E0AA0000F0B581B001242D2006F04CFDCD4D297888421AD1A97802291AD84A1CA1
:203B0000AA706978431A59425941032A224600D10A46002A0ED16870002800D1EAE0287A1C
:203B2000002801D10120A8710020A88002E028700020A8706878002809D1A888632806D8DC
:203B4000401CA880642802D10120E8712872372006F01AFDA97A88421AD1297B02291AD871
:203B60004A1C2A73E97A431A59425941032A224600D10A46002A0ED1E872002800D1BDE09E
:203B8000A87C002801D1012028740020E88102E0A87200202873E87A002809D1E8896328AA
:203BA00006D8401CE881642802D101206874A8743A2006F0E9FC297D88421AD1A97D022909
:203BC0001AD84A1CAA75697D431A59425941032A224600D10A46002A0ED16875002800D161
:203BE00090E0287F002801D10120A8760020288302E028750020A875687D002809D1288B54
:203C0000632806D8401C2883642802D10120E87628773B2006F0B8FCA97F88421CD1202192
:203C20006A5C022A1CD8521C6A54E97F431A59425941032A224600D10A46002A10D1E87758
:203C4000002863D02620285C002802D12420012129540020688403E0A87720200021295475
:203C6000E87F00280BD1688C632808D8401C6884642804D1252001212954262029542521E4
:203C80006A5C00206854002A05D12422AB5C0021A954002B14D065490A78012A06D108705E
:203CA0006449087064490C7001B0F0BD604A147008706049087060480470FA2001B0F0BDFD
:203CC0005B48007800280ED0584F3978A8790026AE7101291FD100282CD05C480178002981
:203CE00026D0491E25E0A87EA97600281BD0FB2001B0F0BD0020A88028721BE70020E88124
:203D0000A87448E700202883287775E70020688426216854A4E7002840D048480078002890
:203D200025D0431E24E0A9712974084601B0F0BD03210170287C00262E74002805D043483D
:203D40000178491C03220A400270A87EAE7600285AD0384908783D4A12783B4B1A700E7068
:203D600033490E703E7034490E7001B0F0BD072333480078D9B281420A4600D30246171D38
:203D800081422E48037001D38F4204D88F4200D8DA1E2B48027028480470244F287C2E74D3
:203DA00000281AD025490878401C072303402448027893421F4600D31746381D93420B7045
:203DC00002D3C1B2994205D8C0B2984200D8DF1E1B48077018480470144FA87EAE7600283F
:203DE00014D016480078C0001649085C062812D801218140742211420DD00E49087012489C
:203E00000078124908703C700B48047001F034FD304601B0F0BD0021054A11703970064A04
:203E2000117001B0F0BDC046BC3A2020A33B2020983B20209B3B20209D3B2020A23B2020EB
:203E4000943B202028B10000853D20208B3D2020F0B585B0AA480078012800D04EE1A94813
:203E600080690321C9024058A7490A78002A1DD0A6490A68002A1FD0841A0860A448046079
:203E8000204606F0D1FA0646A24905F071F90546A148844200D83546A04C2846214605F062
:203EA0001CFD002810D09E4D9E4816E001220A709649086005B0F0BD08609548002101600D
:203EC0009D48016005B0F0BD9749284605F020FD002800D101E1954D954897490860019562
:203EE00002949748432103AF06233A4602F062FC039800027978401800B206F08FF8914C4C
:203F0000214605F035F99049096803F047FF06468E480660B8780002F978401800B206F069
:203F20007DF8214605F024F98949096803F036FF054688480560049800027979401800B20E
:203F400006F06CF8214605F013F98349096803F025FF074681480760814804688148016867
:203F6000284605F039F805463046214605F034F8294603F018FF04467B480168384605F002
:203F80002BF8214603F00FFF07460120C107384688437D21C90505F0A0FC002500282E4659
:203FA00000D13E4630465D4905F0B2FC04466F4F3046394605F091FC002800D13746002CCC
:203FC00000D102976A48029F07606A4E34682046294605F079FC05462046394603F0E3FE26
:203FE0003F21090604F0F8FF002D394600D10146019804F0F1FF37605F4904F0EDFF0446BD
:204000005E4D294605F084FC07465D4E2046314605F063FC002800D12646002F00D1354608
:20402000584F3868294603F0BEFE04463860564E3068294603F0B7FE30605449204605F05E
:2040400067FC002820D0524D504E2046294603F0AAFE0446314605F05BFC002813D02046BA
:20406000294603F0A0FE0446314605F051FC002809D02046294603F096FE0446314605F02A
:2040800047FC0028E1D13C604249204605F025FC002833D0404D3F4E2046294603F083FED2
:2040A0000446314605F019FC002813D02046294603F079FE0446314605F00FFC002809D029
:2040C0002046294603F06FFE0446314605F005FC0028E1D13C6005B0F0BD1649284604F05B
:2040E0007BFF154908601549284604F075FF0546002105F0FBFB002800D1F0E605B0F0BDC4
:204100008A3D2020B4B300008C3D2020543D2020683D20200000A042400D03000000FA4303
:204120000BD7233C0000204100504347CDCC4C3D000048426F12833A583D2020BD37863595
:20414000383B202033338341403D20205C3D2020443D2020603D2020483D2020643D2020A8
:204160006C3D2020703D2020743D20200000FAC33C3D2020503D20201904963F0000A04063
:204180000000A0C07C3D2020803D2020000034430000B4C3000034C30000B443F0B591B007
:2041A0000F90012548000D90400D5C00670D59401095EE070E40AB494D1E44198C4200D25B
:2041C00003E17C198C4200D2FFE0049610990C05611E00910B400025E9430E91A4490194C6
:2041E00023430C93C01B40180290401C0390D0020A90500DD9020B9247189E48C41B384623
:20420000294622462B4606F059F94842294622462B4606F053F94900C00F441820462946B1
:204220003A462B4606F04AF94A42204629462B4606F044F94900C00F4418204629463A4686
:204240002B4606F03BF94A42204629462B4606F035F94900C00F4018441E384629462246A6
:204260002B4606F02BF906460F460A98294622462B4606F023F970186F411099081A0A9079
:204280002A46BA41204629462B4606F017F9C20F49008918099146000A98294622462B46E2
:2042A00006F00CF94A00C00F8018CF0F341809994F41E13C0994AF410F9AD00F0D990918FD
:2042C0000691520008920E98401E0D902E46AE4108463040034607902046294606F0EEF808
:2042E0000A910698C043614AD1430143521A05922C466C4109982946234606F0DFF8069081
:20430000099138462946089A079B06F0D7F80890079138462946059A234606F0CFF8059096
:204320000A9A069BD0182B466B41079F3E400D9C089A224082185E41059838186941099AEF
:2043400080186941841969410E98401C4748684181424BD2002201988142109800D310466B
:204360000F9B01D3039A029281401F2242406708D7400F4384405E05204639460B9A0C9BDA
:2043800006F09CF840428E4102994A1E3449491E8A423EDC012A48DB00990F401205C10F58
:2043A00073005B1840001099214040183A4304990A430021651C51410B9E301A0C9898416A
:2043C00000D3254644D3114642E0002F28D024498F4204D0002823D0884200D0F5E62248DC
:2043E000064300253146284611B0F0BD6008CA0784184F080F980605204639460B9A0C9BED
:2044000006F05CF840428E41039A1549491E8A42C0DD1548049901430025284611B0F0BDF7
:2044200000252946284611B0F0BD002A13D10E994C400E494F4027430DD1019A56403043F9
:20444000294605D1049911430025284611B0F0BD284611B0F0BD2946284611B0F0BDC046F8
:20446000FF07000002F8FFFF0000F07FFFFF1F00FE03000033F30475F0B5D9B01C460392ED
:204480000F46029058A80026068057A8068056AD2E8055A8068054A80680084606F042F8D0
:2044A00028808F4D2888002802D08E48006880478D480078002800D10DE1288800283CD0B1
:2044C0008A48036854A801884A1C02803046029A9847384606F026F856A9088084480088D4
:2044E0008449097805F000FD55A90880384606F019F8381857A90E800988012913D9421C8E
:2045000056A8805F002827D4521C2AE05799491C57AA11805699491E56AA118057A90988C4
:20452000401E0229EBD256A9895F0029E7D401785C29EBD02F29E9D0ECE70120010214A8ED
:2045400006F0DBF8704E316802988847002C00D1B8E000946D49B6E057A80088002800D1DD
:20456000BBE0654914A805F0B1FD58A80680058814E057A8008804AA16545C480368604836
:20458000007854994D1C54AF3D80484381B2304698475898401C58A908800D8814A805F05F
:2045A000C1FF55A9895F05F09FFC401CA84228D957A80680008855A9895F8842D9DA14A852
:2045C00005F0B0FF57A9098858AA128855AB9B5F534359188842CCD357A90A8858AB1B8868
:2045E00055AFBD5F5D4314AB5B199A5C0B8804ADEA54579A521C0A800988BA5F9142E1DB2E
:20460000B7E7404914AE3046039A05F05FFD374803683B48007854994A1C54AD2A804843DF
:2046200081B20025284632469847002C53D058A80580068814E057A8008804AA15542B48F6
:2046400003682F48007854994E1C54AF3E80484381B2284698475898401C58A908800E8872
:20466000204605F05FFF55A9495F05F03DFC401CB04230D957A80580008855A9495F8842DA
:20468000D9DA204605F04EFF57A9098858AA128855AB5B5F534359188842CCD357A90A88D6
:2046A00058AB1B8855AE775F5F43E3199A5C0B8804AFFA54579A521C0A800988725F914235
:2046C000E2DBB8E7124914A83A46039B05F0FEFC316814A8884759B0F0BD084942E7C04600
:2046E000903B2020643B20208E3D2020603B2020163B2020923B20204FB600007CB5000016
:20470000933B202061B600005C3B2020D0B3000002B40000F0B587B09F4C6F208100204627
:2047200005F0EBFF9D487F210391C90520626162274603F09FFF04F07BFB0025284604F07F
:20474000A9FE15200001201806F056F830201024112621462A46334602F0B6FE0720049094
:20476000012205922146334602F0AEFE04F0CAFA04F014FB3846883006F07AF83846A43056
:2047800006F076F804F052FE3846C83005F026FA65208000381806F009F93520C000381834
:2047A00006F019F900F04CFA1C2000907C4E3C210A221F23304604F09BFF642003F014FAD1
:2047C00006A90D70AE204870022730463A4603F0BBFB06A90D70D520487030463A4603F09D
:2047E000B3FB06A90D7080200290487030463A4603F0AAFB06A90D70A820487030463A46C5
:2048000003F0A2FB06A90D703F20487030463A4603F09AFB06A90D70D320487030463A467A
:2048200003F092FB06A90D704D7030463A4603F08BFB06A90D7040200190487030463A46D5
:2048400003F082FB06A90D708D20487030463A4603F07AFB06A90D701420487030463A46EB
:2048600003F072FB06A90D702020487030463A4603F06AFB06A90D704D7030463A4603F094
:2048800063FB06A90D70A120487030463A4603F05BFB06A90D70C8244C7030463A4603F019
:2048A00053FB06A90D70DA20487030463A4603F04BFB06A90D701220487030463A4603F09E
:2048C00043FB06A90D708120487030463A4603F03BFB06A90D700398487030463A4603F08E
:2048E00033FB06A90D70D920487030463A4603F02BFB06A90D70F120487030463A4603F0C0
:2049000023FB06A90D70DB20487030463A4603F01BFB06A90D700198487030463A4603F035
:2049200013FB06A90D70A420487030463A4603F00BFB06A90D70A620487030463A4603F03F
:2049400003FB06A90D70AF20487030463A4603F0FBFA284601F062F81248134903F08AFAE2
:20496000049E3046294605F00FFD204603F03CF93046059C214605F007FD284606F06CF8E2
:20498000054D02996850204606F066F88421685000F072FF07B0F0BD40382020000040415D
:2049A000183B20201D5A00006D6B0000F0B58BB093490978012900D01FE1002801D17D2047
:2049C000800002900027059706973C463E463D46049703963B2107AE0E238A48324601F02B
:2049E000E9FE079800027178401800B2049909180491B0780002F178401800B2059909188D
:204A00000591089800027179401800B206990918069109980002717A401800B23F18B07AFA
:204A20000002F17A401800B22D180A980002717B039E401800B23618042003F0D5F8641CCD
:204A4000A0B202998842C4D301970395049805F0E5FA0446029805F0E7FC0546204629468C
:204A600004F086FB0746059805F0D8FA294604F07FFB0446069805F0D1FA0695294604F08D
:204A800077FB054620460494214604F0A5FA044638460597394604F09FFA214603F083F91B
:204AA00004462846294604F097FA214603F07BF907467F20C4053846214604F029FF00289E
:204AC0005DD07120C105384604F086FA8D21C90503F069F93F210C06214604F07DFA0295B4
:204AE00005463846294604F043FB0146284603F05AF9214604F070FA05463846294604F060
:204B000037FB0146284603F04EF9214604F064FA05463846294604F02BFB0146284603F0C1
:204B200042F9214604F058FA05463846294604F01FFB0146284603F036F9214604F04CFACF
:204B400005463846294604F013FB0146284603F02AF9214604F040FA04460598214604F079
:204B600007FB294908600498214604F001FB274908600298214604F0FBFA044604E022480C
:204B80000021016021480160039D019820490C6005F044FA069F394604F0EAFA1D4C2146BC
:204BA00004F0E6FA1C490860284605F037FA394604F0DEFA214604F0DBFA18490860304606
:204BC00005F02CFA394604F0D3FA214604F0D0FA134908601348002101601348016013489D
:204BE000016013480170134801210170124880690321C9024058114908600BB0F0BDC046A0
:204C00008A3D2020383B20206C3D2020703D2020743D202033338341403D2020443D20206B
:204C2000483D20207C3D20203C3D2020503D20208C3D2020893D2020B4B30000543D2020E9
:204C4000F0B583B002A80027077000978E4D68210A220123284604F04BFD642002F0C4FF06
:204C6000752102AE012428463246234601F0A2FD3078682800D1B6E0702800D1B3E02846E1
:204C800003F034FC142002F0AFFF752102AE01232846324601F08EFD3078682800D1A2E0C6
:204CA000702800D19FE0284603F020FC142002F09BFF752102AE01232846324601F07AFD17
:204CC0003078682800D18EE0702800D18BE0284603F00CFC142002F087FF752102AE01230A
:204CE0002846324601F066FD307868287BD0702879D0284603F0FAFB142002F075FF752190
:204D000002AE01232846324601F054FD3078682869D0702867D0284603F0E8FB142002F0ED
:204D200063FF752102AE01232846324601F042FD3078682857D0702855D0284603F0D6FB43
:204D4000142002F051FF752102AE01232846324601F030FD3078682845D0702843D0284609
:204D600003F0C4FB142002F03FFF752102AE01232846324601F01EFD3078682833D07028EE
:204D800031D0284603F0B2FB142002F02DFF752102AE01232846324601F00CFD3078682830
:204DA00021D070281FD0284603F0A0FB142002F01BFF752102AE01232846324601F0FAFC08
:204DC000307868280FD070280DD0284603F08EFB142002F009FF38460A300A2F074600D21F
:204DE0003EE702A80078682801D0702842D1264E6B213046224604F0F3FF322002F0F4FE66
:204E000019210722304604F0EBFF1A21032730463A4604F0E5FF1B211822304604F0E0FFE9
:204E20001C21002530462A4604F0DAFF06263046214603F0BDFB304605F03CFC13488069C2
:204E4000F90240581249086012480470124805701248056012480560124805601248056063
:204E60001248056012480560124805601248057003B0F0BD074800210170074801700C48D1
:204E8000016003B0F0BDC046383B2020B4B30000543D20208A3D2020893D2020403D202096
:204EA000443D2020483D20207C3D2020803D20203C3D2020503D20208C3D2020F0B585B00D
:204EC0000492002800D114E10F46002900D110E11C4605460126184600F042FF297AB87DD3
:204EE000002902D0E97988420BD001212972E871387C6978884204D1787CE978461A701E23
:204F00008641287804282DD003281CD0012800D0BDE0002E07D1787D402804D1B87C0028C0
:204F200001D1012068716879002829D06878801F0226F143884203D305F028FD00281FD0F7
:204F40002E70EC60A3E0002E05D1787D412802D1B87C00284ED0E868201A1E2800D296E01D
:204F60000B2091E0002E2CD1787D432823D0442827D1387D002800D10C20287106201FE01B
:204F8000A869201A322800D281E0287F02282FD86978EA781E202B5E0A2060430026049FC1
:204FA000009701960290302004F03CFFAC61287F401C28776BE06878032802D06C610520E9
:204FC00028706878811F0222D24391424CD30392397E0022002914D03978814211D17878CD
:204FE000E97888420DD17889972809D3002208E00A2049E00120A87104202870EC6046E047
:2050000001222E462036304639462346FCF7BEFF304605F076FC002807D03A20285C143097
:20502000287106262E70039A1EE03C20285E214602F0D2F968780328039A15D12878042812
:2050400012D1304605F066FC039A00280CD06C61304605F0B9FC204603F0C6FC05260028A4
:20506000E0D105F04FF8DDE76878801F904207D305F084FC002803D01E202871062028704F
:20508000F87D002803D11F202871062028702878411EC9B202290FD86978891F0222D243BB
:2050A000914214D305F06AFC002804D01E2028710620287002E02878062806D105F022F8B4
:2050C0002846203005F080FC2878002811D0A969611A14290DD36978EA781E23EB5E0A2651
:2050E0006643049F009701900296332004F09AFEAC6105B0F0BDFEE7F0B5A5B00593089245
:205100000D46074600260A967A4C3246234604F0BFFB002800D12C46354600D13D4628462C
:2051200021463246334604F0A1FB46424641002807D10AAA2846214604F06AFB0A98401E96
:205140000A900898007B0BAF412801D06B4800E06948099008988068019030200490387024
:205160000022284621460292134604F088FB0121002801D0C80744400391781C0790002E79
:205180000DD024AA2846214604F042FB249801210A1A2846214602F0B9FC05460C462846D5
:2051A000214604F06BFD0646079904F0E7FB0690304605F0A9F802460B462846214600F06A
:2051C00099FE04460D460198471C20D3079806994618002220462946134604F047FB002862
:2051E00048D1002220462946454B05F05BFC04460D4604F043FD0999095C771C317005F0C2
:2052000083F805F034FC04460D463E46E1E70BA806994618002F16D07F1E002220462946AC
:20522000374B05F03FFC04460D4604F027FD0999095C3246761C517005F066F805F017FCDA
:2052400004460D46E6E73178099C204605F074FB001B08280EDB0196741E089D029F099E82
:205260002178304605F068FB801B0E2805DD2770641EF5E7089D029F04E00999081840787B
:205280002070019E37700A98297B4129059C01D0702100E05021069E079F224604F074FC1E
:2052A000AA68501C04D1384605F0A3FB421EAA6038463146234604F0F7FFA8680028039A03
:2052C00002D128680007C20F38463146234604F015F9287B412801D0782000E058202168DD
:2052E0004A1E226008702068411E21600499017025B0F0BD0000F0FF3EB400004FB4000070
:2053000000003040F0B5A3B01E460F46044603929168002903D0002904D5062100E001216D
:205320000398816007910AA83021089101700022204639460992134604F0A1FA0121002878
:20534000049101D0C8074740634D20463946614A2B4604F0AFFA00280BD000222046394639
:205360005F4B05F09BFB04460F460998401C0990EBE70025204639462A462B4604F076FAA2
:20538000002813D1002220463946544B04F077FA00280BD0002220463946514B05F082FBDE
:2053A00004460F460998401E0990E3E702960AA8461C2046394604F061FC0596314604F004
:2053C000DDFA07998842019004DD481C0AA90B18085C20E0C9430E180AA90B180793581C66
:2053E00006902046394604F049FC04F08DFF02460B462046394600F07DFD0022384B05F0F7
:2054000051FB04460F4604F039FC069B303007994870761CE2D3C0B23528029E039F0DD3E7
:20542000581E0178491CCAB201703A2A03D330210170401EF5E70AA9884241D0099801992C
:205440000C181D700220C043844202DBB868844207DD601E397B891EC9B2324604F094FBBA
:205460000124059805F0C5FA401E0499A0421ADB0028089A01D4059A125C1346303B5D1EF9
:20548000AB41C9431943C90705D13978090702D40025049905E031684B1E33600A7001259F
:2054A0000021401EE2E73868082202402A43501E824105982146334604F020F823B0F0BDF1
:2054C000581E00210170099801990818441C0AA80590B7E70000C0FFFFFFDF410000F03F18
:2054E00000002440F0B58DB007920890002201260B9149004F0D5900490D0C91694C651E27
:2055000009977919A142314600D31146F7070A971F460B9847400C984519A542344600D371
:2055200014465F4D0A980740214301290AD10C98002800D184E0A8427BD0099800287FD0C5
:20554000A84276D00096069700260125079A500DD90208180590D00203903146089C224626
:20556000334604F0ABFF049007910195EF0705980743384631462246334604F09FFF089075
:2055800005910B98C0434949CA4302438A1A02923446744103983146234604F08FFF05463C
:2055A0000B913846049F3146029A234604F086FF3F4A17401540079AAA18334673410B9CCD
:2055C00020187141059C00197141089C121958417141099B0C9CE318CC0221D4354C1B199C
:2055E000C40F490009194000D40F0019FC0F520012197D002A4C641EA342069F19DC019C18
:205600002405002B21DD641E21401B050B43194639436B420A9C2346934126D2401C2AE01E
:20562000244C1B195B1C1E4C3D46641EA342069FE5DD1D4807430026394630460DB0F0BD60
:205640000026314630460DB0F0BD1B4D6940C043002A15DB0843002B009916D0002817D09B
:20566000009800283146E8D117E06240154303D1019A024080187141064630460DB0F0BD22
:2056800001960843002B0099E8D101990028E7D10091009800283146CFD12743CBE7C046A7
:2056A000FF07000002F8FFFF0000F07FFFFF0F0000F8FFFF01FCFFFFFFFF1F00F0B587B086
:2056C00002910546411E88416849C32203F0F8FB28681F22410905921040012422468240F7
:2056E00088006349085895214B01C15811430193C150E86806900698411E0691002809D087
:205700000698411E0691002804D00698411E06910028F0D168684109059A10402246824049
:20572000880053490858534BC1581143C1500026072003940DE0B10044000C43287904F01F
:2057400023FF064626430499881EC9B20129039C68D0049029684A0905980140204688402F
:205760009100434A5158434A89180A6902430A61EA680692069B5F1E0697002B09D0069BC7
:205780005F1E0697002B04D0069B5F1E0697002BF0D10B6803430B6006920698411E0691F9
:2057A000002809D00698411E0691002804D00698411E06910028F0D1287904F0E5FE2A68D1
:2057C000530905990A40214691409A00284B9A58284BD21813690B431361EB680693069F22
:2057E0007C1E0694002F09D0069C671E0697002C04D0069C671E0697002CF0D114680C432D
:205800001460069306994A1E0692002993D006994A1E069200298ED006994A1E0692002962
:20582000F0D188E72868059901408C40400980000F490858019A815821438150E8680690ED
:205840000698411E0691002809D00698411E0691002804D00698411E06910028F0D1284638
:20586000029902F067FFF0B207B0F0BD11B20000103D202090120000F0B587B0574800784A
:20588000574E31780140C843564909684A424A410243554F3868434243411343D80700D0B0
:2058A00084E000242046884750480078012824D13A6853490020904752480078800052499B
:2058C0000B58524A01AD18262846314604F020FA3A680220294690474D4803784D4A2846CB
:2058E000314604F015FA3A68042029463C4E90473A6849490620904757E03D480078072804
:2059000053D83C490978884201D0202300E03E23C0003949081840680090384A01AD182134
:20592000284604F0F5F93A6800202946904730480078401CC0B2072837D82E490978884251
:2059400001D0202300E03E23C0002B490818406800902A4A01AD1821284604F0D9F93A6835
:2059600002202946904722480078801CC0B207281BD820490978884201D0202300E03E23A4
:20598000C0001D490818406800901C4A01AD1821284604F0BDF93A680420294690471448BC
:2059A0000078C01CC0B2072802D9347007B0F0BD10490978884201D0202300E03E23C00056
:2059C0000D490818406800900C4A01AD1821284604F09EF93A68062029468CE7983B202026
:2059E0009D3B2020543B20208C3B2020A33B2020943B2020A23B202028B10000B3B600002D
:205A000096B500008B3D202080B40000BDB600009B3B202092B6000017B40000F0B587B087
:205A2000044601A900270F7021204870624D02262846324602F088FA02A90F704F7028464B
:205A4000324602F081FA03A90F707F2048702846324602F079FA04A90F7022204870284600
:205A6000324602F071FA05A90F704F702846324602F06AFA06A90F70072048702846324636
:205A800002F062FA284602F0CDFC287A4006010E284600F095F84021284600F091F82846F7
:205AA000214600F08DF82846214600F089F82846214600F085F82846214600F081F82846D6
:205AC000214600F07DF82846214600F079F82846214600F075F82846214600F071F82846F6
:205AE000214600F06DF82846214600F069F82846214600F065F82846214600F061F8284616
:205B0000214600F05DF82846214600F059F82846214600F055F82846214600F051F8284635
:205B2000214600F04DF82846214600F049F82846214600F045F82846214600F041F8284655
:205B4000214600F03DF82846214600F039F82846214600F035F82846214600F031F8284675
:205B6000214600F02DF82846214600F029F82846214600F025F82846214600F021F8284695
:205B8000214600F01DF82846214600F019F82846214600F015F81F263E432846214600F066
:205BA0000FF820370548864200D278E7024802F09DFC07B0F0BDC046183B2020FF0300006D
:205BC000F0B587B001910646411E88416249A82203F076F98020009602E0800800D1B1E00A
:205BE0000199084201D05B4901E05A491031029073681F225D091340012703979F40AB00D4
:205C00005648C3585D583D435D50F5686B08069306994F1E0697002909D006994F1E06972C
:205C2000002904D006994F1E06970029F0D131684E091140039F8F40B100484846584548B6
:205C4000311834583C4334500595059C651E0595002C09D0059C651E0595002C04D0059CB0
:205C6000651E0595002CF0D10C693C430C610493029804994B1E0493002909D004994B1EE3
:205C80000493002904D004994B1E04930029F0D14408009E73685909890030484158019D8A
:205CA0002C4201D02B4D01E02A4D10351340039C9C404B5923434B51F5686B080693069914
:205CC0004C1E0694002909D006994C1E0694002904D006994C1E06940029F0D131680A40AE
:205CE000039F9740490989001C4842581948111814583C4314500595059A541E0594002A0B
:205D000009D0059A541E0594002A04D0059A541E0594002AF0D10A693A430A6104930298E1
:205D200004994A1E0492002900D156E704994A1E0492002900D150E704994A1E0492002901
:205D4000EED14AE7304601F035FC0399484007B0F0BDC0469012000011B20000103D20203B
:205D6000F0B587B0029055480078554E3178401A8006000F00D184E003A8801D0190514CBA
:205D800009E0781C084030704C4800783178401A8006000F75D03078235C3078401C3F212A
:205DA0000840205C3278921C0A40A25C3578ED1C0D40655D3778012BE3D16B2DE1D13B1D89
:205DC0000B40337040490A709F2ADDD0022A2DD13E4A1168491C116000223D490A703D49B3
:205DE0000978814201D13B490A703B490978F32837D1012935D13A48039003A939488880ED
:205E00000198C27082704270027002274F816B20087301200D2201F043FCFD202D49087017
:205E20000298314908603149086027E0304A1168491C116026490978FF2906D04A1C244B71
:205E40001A70012901D8002100E00121214A1278824202D100201F4A1070002994D0052744
:205E60000CE0FD2805D1022903D11C480280042704E0FD2888D1032986D104271648077046
:205E800082E714480178002916D017490968029A511A0C2910D30021017015480168491C08
:205EA00001600B490878FF2803D0421C0A70022802D309480521017007B0F0BD9F3B202076
:205EC000A13B20207C3A2020953B2020503B20204D3B20209A3B2020A43B20204E3B202010
:205EE00001FD00001E640000843B2020783B2020683B2020FCB40124E407634002E0FCB458
:205F00000124E40708B41D03ED08D60D354356025F007F0D06D12C00344300D0AEE001B079
:205F2000FCBC7047A408254307242402FF34A74205D10020190D090501B0FCBC7047002BFC
:205F400003D50024A61BAC4125000B03DB08C20D134342024800400D07D11C00144300D068
:205F60008CE00EBC1000F0BC704701246407234307242402FF34A04205D10020090D090502
:205F800001B0FCBC7047002903D50024A21A9C412300C11B08D51C002B0025001400320095
:205FA00026000024611A3800362925D502B4393949420C00203C03D22F008F40374301E042
:205FC0003700A740002F01D040210E4302BC20290BD500290ED04C42203420B4A5402C003C
:205FE00020BC0D41CE40361904E000292E000D4120390E4192196B411C0014433ED00024ED
:20600000002B04D5012400218A1A99410B00401E52005B41FBD50121890215000D400CD0A6
:20602000521800277B4101D3401C0BE00721C90115000D4001D189008A43072109028A437C
:2060400052005B41801C19DD07210902FF31884209D30EBC0020C90F0902FF31C900C91D0B
:206060000905F0BC7047190B00050143E40721431805120B104301B0FCBC70470021002005
:2060800001B0FCBC70477047F0B587B0039304920690006801F082FE0746594903F038FC9C
:2060A00000281FD0574C564D3846214601F07BFE0746294603F02CFC002813D0384621466D
:2060C00001F071FE0746294603F022FC002809D03846214601F067FE0746294603F018FC94
:2060E0000028E1D10F9D0E9805904749384603F0F4FB00281FD0454C434E3846214601F0E0
:2061000052FE0746314603F0E8FB002813D03846214601F048FE0746314603F0DEFB0028B6
:2061200009D03846214601F03EFE0746314603F0D4FB0028E1D106984760C468384602958E
:20614000294602F049FF214601F02DFE0646059C214603F0DDFB05460120C00701904440AC
:206160003046214603F0B9FB002800D13446002D059E00D126460D9805900C98009006980F
:20618000C6608168384601F009FE05462049029C204603F0BDFB002800D11E4C28462146DF
:2061A00002F0E6FF0546069887600398314602F013FF06460498394602F00EFF314601F054
:2061C000F2FD06460098294602F006FF314601F0EAFD0546059F394603F09AFB0646019C58
:2061E0007C402846214603F078FB002800D12C46002E00D1274606980761384607B0F0BDE9
:20620000000034430000B4C3000034C30000B4436F12833A0AD7233CF0B587B01C46069050
:206220000E9D0C9805900D9E0846114601F0B6FD074630460494214602F0CEFE064605981D
:206240000597394602F0C8FE314601F0A7FD064601200190C0072C46029044403046214635
:2062600003F03BFB07463046294603F051FB0028039500D13546002F00D12C46474E059DCF
:206280002846304041210F06394603F038FB00282DD0049806403046394603F027FB0028CB
:2062A00025D0109F2846214602F096FE002103F02FFB411E8841069A117E00291ED000280B
:2062C00019D00498294602F087FE002103F020FB069A002807D08120C105304603F00FFBAB
:2062E000069A002807D11069401C10610FE0069A107E00282DD0002010762BE0002828D0A5
:206300001069401C1061B84225D301991176C01B04F08AF8224902F05FFE05460021059810
:2063200003F0F6FA002819D01E49284601F03BFD05462046294603F0EBFA0028039E0AD1CF
:206340002846314603F0E4FA002800D12E46344601E000201061204607B0F0BD0F9829464E
:2063600001F021FD0746002103F0B7FA06463846039D294603F0CCFA002800D13D46002EC0
:2063800002D10298454000E0029D2046294603F0A4FA0028DFD12C46DDE7C046FFFFFF7F96
:2063A000CCCCCC3CCDCC0C40F0B585B00C46054600260846314603F087FA00282ED10494C3
:2063C0002C6800272046394603F0A2FA411E88410390049839462746049C03F07EFA002818
:2063E00005D00021384603F093FA002816D13C4600272046394603F070FA411E88410290F5
:20640000049839462746049C03F082FA00280DD00021384603F061FA002807D06E60AE6018
:20642000EE602E616E612C6005B0F0BD0021384603F065FA0121CE07002800D177407F208B
:20644000C1053846019103F063FA0028EBD00021204603F054FA0028214601D121467140F2
:20646000384601F09BFC07463F200106384603F046FA0028D7D000964120060638463146EB
:2064800003F03DFA8121C905002800D0314601D0194E00E0174E384602F09EFD07463146A7
:2064A00003F036FA002800D13E4602980028019900D10099EF680398002800D00F490846E6
:2064C000314602F089FD394601F06DFC07460C4903F01EFA03900B4E3846314603F0FDF97D
:2064E000002800D13E4603980028054800D13046E86098E70000204200002043000080BFFD
:2065000000A00C4600A00CC6F0B585B0039304920446084603F082FD4D4902F05DFD4D498F
:2065200002F026FE6060A568294601F037FC7D21C90502F051FD294601F035FC0746A0605B
:20654000256800262846314603F0BEF9002806D0201D066046608660C660066175E00A9848
:20656000019002952846394601F018FC05462669314601F013FC00900398294602F02CFDFB
:2065800007460498009902F027FD394601F00BFC074630460396314601F005FC0146049547
:2065A000284601F0FBFB616901F0FDFB0146019802F012FD394601F0F6FB0146E06801F011
:2065C000F2FB0646244903F0A3F90746234D3046294603F082F9002800D13546002F1E496C
:2065E00000D129460191E16004982061039860610026029D2846314603F08AF90746284634
:20660000314603F06AF9002800D01548002F124E01D07F20C005114FA16902F0DDFC0199C5
:2066200001F0C1FB0446314603F072F905462046394603F052F9002800D12746002D00D1BC
:206640003E46304603F07AFD0646304605B0F0BD00606A4700683F4700A00C4600A00CC64F
:20666000000080BFF0B585B01446019104900003060F0321304604F00FF84549642202F0CE
:206680001FFC00270125434803948442284600D3384666223E4902F013FC304603F0EEFF85
:2066A0000499C8B209040A0F1021132302F0DAFCB00039490C583949112222206050022E01
:2066C0003748034600D0374B12022903052E00D01846324BE3180293A51861180091019991
:2066E00003F002FC062E3E4613D0020C070E0190000205D0791C104603F0F6FB064607E081
:206700007F1EF8B2411C104603F0EEFB0646FF360198FFB2791C03F0E7FBF6B2711C03F046
:20672000E3FB401E0821009A91601760EE60029F78600498010D0F200840012632468240A9
:206740002B6813432B60012808D88121890541438200A218154BD15013490BE080054A072E
:20676000801831408A00A218104BD0500E4A083208461146611880000D4A0A500498039938
:2067800002F0DEF838683043386005B0F0BDC04618B3000011270000B4B300000418000098
:2067A000005A620200B4C404701800003018000001040000F0B587B01C461646069105464E
:2067C000411E88414C494D4F3A4602F079FB711E04968E417A1C3046474902F071FB28461A
:2067E00001F020FE287A4006010E2846FFF7E8F928460699FFF7E4F9284601F013FE287A5C
:206800004000401CC1B22846FFF7DAF92A46002C6CD01546601E032103F066FB491C002084
:20682000032900D0084602D12746049932E0614203910121091A0291404201900226009441
:206840002746049880190590811E069103988419601E414241412846FEF730FF0599491E79
:20686000069A107002988019022811D0BF1E0691614261412846FEF721FF06990870B61C95
:20688000019880190228DCD104988019811E00E07F1E009C032C2A4628D3B81E0690781E66
:2068A0000590F81E0490002603978D190598801B0F464142414110461446FEF7FFFEB855F2
:2068C0000698801B414241412046FEF7F7FE68700498801B414241412046FEF7EFFE224666
:2068E0003946A870039FF61CB742DED1104601F0FDFD07B0F0BDC04611B20000FF01000037
:20690000F0B585B01D46164630210290009101700024104619462246234602F0B0FF002886
:2069200002D00120C00745400B9801900A9804903E4F304629463C4A3B4602F0BBFF002861
:2069400009D00022304629463A4B04F0A7F806460D46641CEDE70027304629463A463B463F
:2069600002F084FF002811D1002230462946304B02F085FF002809D00022304629462D4B20
:2069800004F090F806460D46641EE5E70298401C03900498001904903046294603F06EF97D
:2069A000039902F0EBFF039909180019019A10600498441C012C1ADB04913046294603F0F3
:2069C0005DF903F0A1FC02460B4630462946FFF791FA0022174B04F065F806460D4603F06B
:2069E0004DF93030049A511C1070641EE4D1481E0278352A0DD3891E009C0A78521CD3B258
:206A00000A703A2B02D30C70491EF6E7029A914203D00770039805B0F0BD077001990868CB
:206A2000401C08600298F6E70000C0FFFFFFDF410000F03F00002440F0B5CBB0494E502084
:206A4000305A129032681520000130180124214603F0ECF87020315C002905D1B16E00292B
:206A600002D03168F16634540024B4737120345472203454304688302146FFF795FC3046BC
:206A8000A4302146FFF790FC204603F0E5FF802170500120119003F0DFFF8421705003F0B0
:206AA00003FA706BB36BF16B376C1A185218D21930D00A256A43684310906B4369436F4327
:206AC0004420305A0F904620305A0E904820305A0D904A20305A0C90D220305A0B90D6206F
:206AE000305A0A90D820305A68430A9D089509900093019102970F9803900E9804900D9891
:206B000005900C9806900B980790174913A8109B03F0DCFA1298002807D05325705D0028C7
:206B200003D100F015FF119870554D203454B480622034546420345266203454F4733474B5
:206B40007474B474F4747463B463F46334647464B46465208000301803F059FF03F000FC69
:206B60004BB0F0BD40382020D5AF0000F0B587B00091044601A900260E7021204870454DA1
:206B8000022728463A4601F0DFF902A90E704E7028463A4601F0D8F903A90E707F204870FD
:206BA00028463A4601F0D0F904A90E702220487028463A4601F0C8F905A90E704C70284612
:206BC0003A4601F0C1F906A90E704C7028463A4601F0BAF9284601F025FC287A4006010E98
:206BE0002846FEF7EDFF40212846FEF7E9FF00990878002830D04D1C0027264C0097014679
:206C00007F39C9B2A129009901D320380146C8B20621414320484618415C2046FEF7D0FFB9
:206C200071782046FEF7CCFFB1782046FEF7C8FFF1782046FEF7C4FF31792046FEF7C0FFAF
:206C400071792046FEF7BCFFBE1D2878002803D06D1C742F3746D2D30E4C00212046FEF79A
:206C6000AFFF701C40B200280FD400212046FEF7A7FFB01C40B2002807D400212046FEF77E
:206C80009FFFF61C70B20028E7D5024801F02EFC07B0F0BD183B2020E0AA0000B0B50324CC
:206CA000002873D0002A71D00378072B6BD8C0467B441B795B009F44033F191F0846532735
:206CC0000024AA2962D101215AE0C17082794A40384B9A5C827115295AD3AA394A424A41A7
:206CE00002700021417181712046B0BD4170314A515C817103214CE0817082794A402D4983
:206D0000895C8171042144E083798B4244D14178117081785170C37893700179D170121D59
:206D2000C11D044610461A4603F0C4FE002020706071A0710120B0BD0024AA2926D0552935
:206D400033D102211CE0017182794A401949895C817100244471C178002910D006210FE0AF
:206D600042798318521CD5B24271D97182794A401049895C8171C17800248D4206D30721E9
:206D800001702046B0BD1B2103F0B7FC2046B0BD052101700020B0BDAA394A424A4102706A
:206DA0000021417181710220B0BD002404702046B0BDC04620AE0000F0B58DB00246354F92
:206DC0003878354E3178884201D10DB0F0BD012508E035490868401C086022463878317850
:206DE0008842F2D0144638782C49095C3878401C7F2202403A7007AA2948FFF74FFF0328F9
:206E000027D00228E5D001282246E7D107A80078022820D12548057025490868401C08608D
:206E20002448026007A803A9164602F09AFB002816D006980599049A039B1F4C2360626010
:206E4000A160E0601D4806601D4805703246124EC4E71449BEE713490868401C0860BDE793
:206E600007A801A902F074FC00280CD001A90522144803F01FFE07A84178134A1170C07898
:206E80001249087003E007490868401C08602246014EA3E7A03B20209E3B2020FC392020CE
:206EA000E43A20206C3B2020583B2020993B2020803B2020743B2020283B2020703B20202E
:206EC000153B2020483B2020973B2020963B2020F0B5CBB03F4E7020325C3168002A05D1D8
:206EE000B26E002A02D0F166012232540024B47315200001301803F016FD712034547220FC
:206F00003454304688302146FFF74EFA3046A4302146FFF749FA204603F09EFD80217050D7
:206F20000120129003F098FD8421705002F0BCFF622034546420345266203454706BB36BD9
:206F4000F16B376C1A185218D21930D00A256A43684311906B4369436F434420305A1090E9
:206F60004620305A0F904820305A0E904A20305A0D90D220305A0C90D620305A0B90D82036
:206F8000305A68430B9D08950990009301910297109803900F9804900E9805900D98069034
:206FA0000C9807900C4913A8119B03F08FF85020305A002807D05325705D002803D100F036
:206FC000C7FC12987055B480F4732046FCF7B4FB4BB0F0BD40382020D5AF0000F0B585B01E
:206FE0001C4600910746D0B211040A0F1021132302F038F8E0B221040A0F0021042302916D
:2070000002F030F8B8002E490C5811200602A5192C49204603F06CFC2B49204602F054FE78
:20702000A0590321C903884301210391C903401804960194A051032F01D0254F00E0234FD9
:20704000009803F029FA02460B46029C2046394603F024FDFF229305224603F023FD0746D1
:207060000E4602F00BFE009003F016FA02460B4638463146FEF73EFF164B224603F012FDA3
:20708000154B2246FEF73BFF02F0F8FD2969134A0A4000995118296169693F2291431040F6
:2070A000081868616868039A104069689143081868600499019B58581043585005B0F0BD57
:2070C00070B40000DEB600003CB60000D0129341D0128341000050400000E03F0000FFFFFD
:2070E00070B50446002606802E2003F04DFA012807D120780121014321706078401C607059
:20710000364E212003F040FA012807D120780221014321706078401C6070FA3E20252846FD
:2071200003F032FA012807D120780421014321706078401C6070963E1E2003F025FA01284C
:2071400007D120780821014321706078401C6070323E362003F018FA012807D12078102128
:20716000014321706078401C60703236352003F00BFA012806D12078284320706078401CBA
:2071800060709636322003F0FFF9012807D120784021014321706078401C6070FA363920BA
:2071A00003F0F2F9012809D120788021014321706078401C6070AF20400036186178481E40
:2071C0000A468241A270002904D030B202F086FCA08070BD0020A08070BDC046A2FE0000D7
:2071E000F0B59FB003930E46054604929168002902D506210498816002910024344F28468B
:20720000314622463B4602F043FB002800D13746264600D12E46304639462246234602F0FF
:2072200025FB002820D100242A4D03F02DFC02F026FB002809D0002230463946264B03F0CF
:2072400031FC06460F46641EEFE7234D03F01CFC02F027FB002807D003F016FC03F01EFC68
:2072600006460F46641CF1E7029905A80091019006A832463B46FFF743FB0646059F022FAF
:20728000049D08D1641C304603F0B3FB3018401E002101700127297B2046039C224602F07A
:2072A00073FCAA6830463946234602F0FDFF304603F09FFB874203D128680007C20F00E019
:2072C000012230463946234602F018F91FB0F0BD0000F0FF0000F03F00002440F0B5E1B0F6
:2072E00015460E4602463A480178491C0170090A6BD11C46709925916F9924916E992391DE
:207300006D9921916C991F916B991E916A992791699926916899229167992091669F00214E
:2073200001703046289202F0FFFD1D901C91284602F0FAFD1B901A91204602F0F5FD1990C4
:207340001891384602F0F0FD179016913046214600F024FD02F0E8FD04460E462846394689
:2073600000F01CFD02F0E0FD1E9A10921F9A1192219A1292239A1392249A1492259A1592F4
:20738000209A0892229A09AB54C30C900D9126980E9027980F901D9800901C9801901B98E1
:2073A00002901A98039019980490189805901798069016980790074929AC2046289A02F0A3
:2073C00085FE0320214602F0B5FB61B0F0BDC0469C3B2020D8B00000F0B585B002463348FE
:2073E00003780020042B5FD1314D2B78002B5BD1304B1B68CB1A042B56D3C723DB439A42FC
:2074000000DC1A46C82A00DBC8222B4B1C88131B002C0CD026B214467443284C08D4D71702
:207420007A40D21BF7177E40F61BB24200D3244C22781CB29442144600DC1C4623B2524252
:20744000934200DB224613042ED0009116B230B2C01331464140081A01A901240C70FD2768
:207460004F700022002E234600DC13468B70CA701E230B7164234B718A71CA71030A0B726A
:2074800048728A72CA726B2008730D22204600F007F92046084A1188891911802F700949FA
:2074A000009A0A6003490A6005B0F0BDA43B20209A3B2020783B20204E3B2020843D2020BF
:2074C000883D2020843B2020F0B581B01C4600920E4607462D4D08461038414241411020F8
:2074E000184002090A407042704110432849B52201F0E6FC78091F213940621E132A19D826
:207500007A4412795200974410091214151515151515151515151515090B150E6D1C09E011
:207520001C4A551C06E01B4D04E0002502E01B4D00E0194D1A4A43011A4FFB185B5C9B0017
:20754000194FDD51102E10D101238B408500174E7559174EAB51009E002E01D0164601E094
:2075600016461036AF591F43AF51032C03D0042C02D001B0F0BD103201238B4080000B4998
:20758000085881581943815001B0F0BD80000400C2B200008000040281000600810005009C
:2075A0009012000068B1000004804240103D2020D0120000F0B585B00446411E88413549D1
:2075C000862201F07DFC20681F26420930400125294681409000304B1858304A82181069B3
:2075E00008431061676838463040009585400197780980001858294FC3592B43C351E3684E
:2076000004930498451E0495002809D00498451E0495002804D00498451E04950028F0D125
:2076200010680843106003930398411E0391002809D00398411E0391002804D00398411E6E
:2076400003910028F0D10198C0B202F09DFF21680E40009DB540490989000F4A5158952217
:2076600052018B582B438B50E168029102994A1E0292002909D002994A1E0292002904D082
:2076800002994A1E02920029F0D1411E884105B0F0BDC04611B20000103D202090120000E7
:2076A00070B514460D460646491E284688413349592201F005FC002C38D0B0003049085868
:2076C00030494618601E032102F00EFC481C0021032800D0014601D1204625E000222046A9
:2076E00006E09D1C5B78B361801E921C8A421BD02B463568ED0705D03568ED0702D035682A
:20770000ED07F6D11D78B561012515438D4209D03568ED07E5D03568ED07E2D03568ED07C3
:20772000F6D1DEE75D1C401E032C05D270BDCD1C8978B161C01EF9D029463268D20705D059
:207740003268D20702D03268D207F6D10A78B2613268D20705D03268D20702D03268D20715
:20776000F6D14A78B2613268D207E0D03268D207DDD03268D207F6D1D9E7C046EDB200008B
:2077800070B4000008110000F0B583B0314F324D012466023148002101602A1F10680F215C
:2077A0000191090288438019029210602846083801680322D3430B4003602868A0432860C9
:2077C00028683840286010030A21224601F0FCFE234800F02DF901F049FA002822D0029F18
:2077E0003868102100910843202188433860286B01990903884309210903401828631A48B9
:2078000001F046FF3868210301433960686B009908436863286B30432863002002F09CFAD6
:2078200003B0F0BD0F4F03E001F020FA0028D6D1286808490840286028682102014329609C
:2078400038683042F0D138683042EDD138683042F6D0E9E7FFFEFFFF08010B4008030B4038
:207860006CB3000004020B4025B10000B0B505294ED8C0467944097949008F44023A1D2B24
:207880000F4F81002E4A51582E4A8B580124E402A3438B502D490A5CEF2336E08100284ACA
:2078A0005158284A8B580124A5021D438D5027490A5C22430A543EE08100214A5158214A0A
:2078C0008B580124E502AB438B508B58A402A3438B501EE081001A4A51581A4A8B580124AE
:2078E000E4021C438C5019490A5C102313430B5421E08100124A5158124A8B580124A40226
:20790000A3438B5011490A5CFE2313400B5400D0B0BD0D49085602F047FEB0BD8100084AAB
:207920005158084A8B580124E5021D438D508B58A4021C438C500449085602F069FFB0BDEA
:2079400070B4000028100000CCB60000783D2020F0B5BBB0314D5027EA5B52202B5C64208D
:2079600000902F4913A802F0B1FBE85B00284DD02C4E173600243046173800681290122032
:20798000C043305E11901020C043305E10900E20C043305E0F900C20C043305E0E900A2071
:2079A000C043305E0D900820C043305E0C90701E00780B900620C043335E31782A460425A7
:2079C000ED43755F38460227FF43F75F0891099515460A97074611980090109801900F98CB
:2079E00002900E9803900D9804900C9805900B980690079313A80C492246129B02F066FBFF
:207A0000641CEA5B18369442B5D300E00022074913A802F05BFB3BB0F0BDC046403820204A
:207A2000DDB1000000002020A4B10000E9B30000F0B584B03049314A0125AC0316682B023A
:207A400003939E4316600E68264205D10E68264202D10E682642F6D06C02467E9769AF430C
:207A60002E40BD1995612025455DD6690327BE433D407519D561224D2E6807273740052665
:207A80002E60466A33681362736853622F60C3695B065B0CD5697F263602B543EB18D3613B
:207AA000E8C8009707680197476802971B071B0B2D03ADB2ED1833071B0D007A009E354362
:207AC0001D43019B1D43029B1D43054390690D4B03400D482840C01890611068039B18437A
:207AE00010600868204205D10868204202D108682042F6D004B0F0BD04020B4008010B402B
:207B0000001340408D00F0FF72FF0F00F8B515460C462B4E0A0D771C3A402A4B9A4213D0AB
:207B2000002A1AD10122D2079143014345D00022254B214602F0B6FF0C4624498D4209DCF4
:207B4000234A244B214635E0214602462346FEF7D6F931E0220D3A40363A5119B1420ADD83
:207B600002F0A4FF222101600120C00704401D482418002021E0012904DB174A1440090512
:207B800064181AE03522D24391420ADC02F08EFF2221016012488542E6DA0120C00704401A
:207BA000E7E70D4A144009051B2252058918214300220A4B02F076FF0C462146F8BDC04653
:207BC000FE070000FF07000000005043AF3CFFFF59F3F8C21F6EA501FFFF0F800000903C8C
:207BE00051C300000000F07FF0B581B0334D344969600024AC6005212960002834D0012634
:207C000037040090401E032102F06EF9481C032800D00446009B184624D00021184606E0C3
:207C2000801E2A6832432A60891CA1421AD02A683A4205D12A683A4202D12A683A42F6D00A
:207C40002A6832432A600A463243A24209D02A683A42E5D12A683A42E2D12A683A42F6D0B8
:207C6000DEE7401E032B07D201B0F0BDC01E2968314329600028F7D02968394205D12968AE
:207C8000394202D129683942F6D02968314329602968394205D12968394202D12968394269
:207CA000F6D029683143296029683942DED129683942DBD129683942F6D0D7E710E000E09D
:207CC0008038010070B5214A21485060214B5860214911601960214A5060214B586011601A
:207CE0001960204A5060204B5860204C6060204D6860204E706011601960216029603160AA
:207D00001D4A50601D4B58601D4C60601D4D686011601960216029601B4A50601B4B5860AA
:207D2000116019601A4A50601A4B586011601960801E194A5060116002F0E5FC01F059FA05
:207D400001F0C1FD01F0D2F970BDC04600080A40030000B100280A40010000260008864018
:207D600000288640004808400088864000A886400008094000088740008810400008104079
:207D800000281040000850400088464000A84640000800400028004000080340FCB40127C4
:207DA000FF07794002E0FCB40127FF070C024D002D0E03D1002C52D1FCBC70473C43FF2D71
:207DC00050D0A408002900D56442020243001B0E04D1002A43D10800FCBC70473A43FF2B92
:207DE00041D09208002800D552425E1B04D5170022003C0076422B00192E06D527003741DC
:207E0000D2191C27F71B7F42BC40002A27D002D55242012700E00027013B5200FCD5150036
:207E2000802635400FD01500202635402C43803208D21500402635402C4304D101263602EA
:207E4000B24300E05B1C5200023308DDFF2B0BD2500ADB051843FF073843FCBC70470020BE
:207E6000FCBC70470800C70FFF07FF20C0053843FCBC7047F0B581B02A4A10602A48016054
:207E80002A48012404702A4800250570294805702948057029480470294805702D270423B9
:207EA0000093384629462246FFF70EFB254E358135607560384602F067FB30707470372794
:207EC000384629462246009BFFF7FEFA75823582F581B5817581384602F056FBB072F4722B
:207EE0003A27384629462246009BFFF7EDFAB5837561B561384602F047FB307574753B278E
:207F0000384629462246009BFFF7DEFAF584B58475843584F583384602F036FBB077F47794
:207F200001B0F0BD543B20208C3B2020983B2020A33B2020A23B2020943B20209D3B202098
:207F40009B3B2020BC3A2020F0B585B014460D460646411E8841304FFA22394600F0B0FF21
:207F6000691E28468841FB22394600F0A9FF304600F058FA307A4006010E3046FDF720FED0
:207F8000002C43D0671E0321384601F0ADFF481C00210391032800D0039003D12746032CC7
:207FA00023D233E0019702940398471E04960026AC19A95D0498FDF703FEB7420ED06178BF
:207FC0000498FDF7FDFDB61C0398B042F0D1029CA71BAD19049E032C07D217E00198871BF5
:207FE000651C049E029C032C10D329783046FDF7E7FD69783046FDF7E3FDFF1EEC1CA9784E
:208000003046FDF7DDFD002F2546EED1304600F06DFA05B0F0BDC04611B20000F0B589B0ED
:20802000129D0024002D5DD0139E112E5AD3119C109F04970F9E00960E9E0896AA262E7004
:2080400055266E700226AE70E8700A2601962E716971AA71EB7102931346089A96B22A72FE
:20806000320A03926A72009AAA72EF722C73260A05966E73260C0696AE73260E0796EE73D0
:208080001A4EB7784740F8B2305C019F7840305C4840C0B2305C5840C0B2305C0299484069
:2080A000C0B2305C08994840C0B2305C03994840C0B2305C5040C0B2305C04994840C0B254
:2080C000305C6040C0B2305C05994840C0B2305C06994840C0B2305C07994840C0B2305C07
:2080E00028741124204609B0F0BDC04620AE0000F0B581B004462B4F38602B4804602B4893
:20810000002101602A49204601F002FC002820D0284D274E20462946FFF745FE0446314644
:2081200001F0F6FB002813D020462946FFF73BFE0446314601F0ECFB002809D020462946DF
:20814000FFF731FE0446314601F0E2FB0028E1D13C601949204601F0C0FB002820D0174D05
:20816000154E20462946FFF71EFE0446314601F0B4FB002813D020462946FFF714FE044622
:20818000314601F0AAFB002809D020462946FFF70AFE0446314601F0A0FB0028E1D13C603B
:2081A00001B0F0BD7C3D2020803D2020503D2020000034430000B4C3000034C30000B443C2
:2081C000F0B581B0002949D00C4605462449C868E0608868A0604868606008682060204657
:2081E000103000276776A776E7761E49052202F061FC1D48007860751C480078A0751C48DD
:2082000000781C4909686B1AFE430028194600D13146E16218490A7818490968691A002AD6
:208220000D4600D135462563332B01D33B4600E001231840E075012A05D11E2903D8084840
:2082400080780127074027760D4800680D4909680D4A12680D4B1B681C340FC401B0F0BD69
:20826000283B2020483B2020973B2020963B2020993B2020743B2020153B2020703B2020F7
:20828000803B2020583B20206C3B20207C3B2020F0B583B005462F48466F28463146FFF708
:2082A00082FD04460027394601F017FB019030462946FFF773FD06460297394601F028FBF8
:2082C000002800D106460198002800D1344621484467846F28462146FFF765FD0646029F2C
:2082E000394601F0FAFA019020462946FFF756FD0446394601F00CFB002800D104460198CE
:20830000002800D12646134886670646902030580125EC07A043104901F0E8FA002807D005
:20832000AC203058A0430C4901F0E0FA002805D17C2000253554284603B0F0BD7C21705C67
:20834000FF28F8D0421C7254082801D8029DF2E70125F0E7403820200000A040F0B581B01E
:208360000D4604462B49284601F0D2FA00281FD0294E284F28463146FFF715FD0546394605
:2083800001F0C6FA002813D028463146FFF70BFD0546394601F0BCFA002809D028463146E7
:2083A000FFF701FD0546394601F0B2FA0028E1D11A49284601F091FA00281FD0184E174F58
:2083C00028463146FFF7EFFC0546394601F085FA002813D028463146FFF7E5FC054639460C
:2083E00001F07BFA002809D028463146FFF7DBFC0546394601F071FA0028E1D1216828466D
:2084000001F062FA002802D10020A060E060256001B0F0BD000034430000B4C3000034C3EC
:208420000000B443F0B585B00446411E88412C49412200F045FD21681F224D09114001235A
:2084400018468840A900274D6F58274EB9190191B9590143B95161680A4093404909890018
:2084600069588D198A591A438A51E268049204994C1E0494002909D004994C1E0494002931
:2084800004D004994C1E04940029F0D1296919432961039203994B1E0393002909D0039939
:2084A0004B1E0393002904D003994B1E03930029F0D1019B19690143196102920298411ED2
:2084C0000291002809D00298411E0291002804D00298411E02910028F0D105B0F0BDC046A3
:2084E00011B20000103D202090120000F0B583B00446411E88412B49552200F0E1FC6168BF
:208500001F224D091140012318468840A900264D6958264E89190F6907430F6127683A40FB
:2085200093407A099200AA5895192A691A432A61E2680292029C661E0296002C09D0029CED
:20854000661E0296002C04D0029C661E0296002CF0D12C681C432C600192019B5C1E01949B
:20856000002B09D0019B5C1E0194002B04D0019B5C1E0194002BF0D10B6803430B60009200
:208580000098411E0091002809D00098411E0091002804D00098411E00910028F0D103B0AA
:2085A000F0BDC04611B20000103D202090120000F0B581B00D4604462849085C002803D0D3
:2085C000411E4842484101E0012008552449B22200F076FCA00023490E580320C002301888
:2085E000214FF119009101210B03F318F2590A43F251202242601D4A8260022D0CD0012DF4
:2086000015D12725022C2E4600D04F26052C00D0354600260F4613E06325022C2E4600D05D
:20862000C726052C00D035460227072608E0621F551EAA41A61E751EAE41164000252F467E
:208640000B4A1E60009E7560175508229A6042688A4342600021016001B0F0BD283D2020A6
:2086600040B20000B4B3000008110000FFFF00002F3D2020B0B51D48002404701C480470A4
:208680001C4804601C4804601C4804601C4804601C4804601C4804601C4804701C4804707A
:2086A0001C4804701C4804701C4804701C48046044608460C4601B48047044708470C4700B
:2086C0000471194802F09CF9184A531CE120410202252846FEF782FC15492846224601F0FB
:2086E00073FF04212846FFF7C1F8B0BDA03B20209E3B2020803B2020703B2020743B202050
:208700007C3B20206C3B2020583B2020A53B2020963B2020973B2020153B2020993B2020C1
:20872000283B2020483B2020E43A2020172002002D9A0000F0B583B000910446411E88419A
:2087400027496A2200F0BCFB22681F26530932400120014691409A00224DAA58224FD31938
:208760001A690A431A6162681640B04052099600AA59009D002D00D11037D5590543D5512C
:20878000E4680294029A551E0295002A09D0029A551E0295002A04D0029A551E0295002ADA
:2087A000F0D11A680A431A600194019A541E0194002A09D0019A541E0194002A04D0019A3A
:2087C000541E0194002AF0D11A690A431A6105498959054A8B5803438B5003B0F0BDC04673
:2087E00011B20000103D202090120000F0B581B015460446C8174140081A01F015FE06463A
:20880000E8174540281A01F00FFE05461F4F3046394600F0E1FB06462846394600F0DCFB1A
:20882000074665681A49304600F0D6FB2946FFF7BAFA6060A5683846154900F0CDFB29469B
:20884000FFF7B1FAA06030463946FFF7ACFA3F21090600F0C1FB25680D4900F0BDFB2946D1
:20886000FFF7A1FA05462060E6680A49304601F04FF8002807D02846314601F040F8002818
:2088800001D00120207401B0F0BDC0460B01A33DCDCCCC3D0AD7233CF0B583B01F46164687
:2088A000019104464009009000210122042320460292FEF709FE1F252540A900194A575046
:2088C000002E00D1184E194A565000988100184A5158184A8B18184A8A18184C09196C000B
:2088E0000F2D08D81E680327A740BE430198A0403043186009E01E691E273C400327A7401E
:20890000BE430198A0403043186102980346AB4014681C4314600A681A430A6001F078FF33
:2089200003B0F0BD283C20206B8C0000A83B2020103D202090130000481000002810000059
:20894000F0B581B0054620480091814201D3002000E001201D49362200F0B2FAA80B3C21DB
:2089600001401B4844581C482658304601F05CFD0746009801F058FD184900F0F9FB394626
:2089800000F02AFB01F05EFC2A0D0F211140864200D1701C0F4B012903D88A00A218114D99
:2089A00003E0D207520FA2180D4D5051E01801228A400099002902D00168914301E00168E5
:2089C0001143016001B0F0BD1127000018B30000B4B30000041100000818000000401C4643
:2089E0001818000010180000F0B585B00146224D2A78531F0120C443A34202D2002005B0C5
:208A0000F0BD032A35D01D4A1288002A31D000911B480026067010B2C01311464140081A2C
:208A200001A901240C70FD274F70E3039A42224600D832468A70CE701E220A7164224A715A
:208A40008E71CE71020A0A7248728E72CE726B2008730D222046FEF723FE204607490E8061
:208A600007490F700749009A0A6007490A600321297005B0F0BDC046A43B20204E3B20200C
:208A80009A3B2020843B2020783B2020F0B58B4200D1824204D90B0002000021002040E07D
:208AA000002B00D1002A0CD10B00020000210020002B00D1002A01D0C943C04300F037F840
:208AC0002FE01C0015000B0002000CB4002126002F00FF19764102D2491C4029F9D10020B8
:208AE0001E001700FF19764102D2401C4028F9D10E1A21002800320001F086FD0C000500E8
:208B00000CBC00200021A34200D1AA4201D3521BA341404149416D08E7073D436408761E97
:208B2000F1D5059F002F01D03A607B60F0BD7047F0B585B00024002843D0CD1FEDB26D08B9
:208B40007D2D3ED3062904D1062101711F49018037E041708C1EE4B20026042C01D3354627
:208B600002E0E400184DE5400F4604920A9C8570C178491CCAB20121012A00D80A46C2705E
:208B8000C38386808671067206770170C4600646203001F019FF032F02D3204600F07AFC90
:208BA0007178F2781E20335E0A25654300270498009001970295302001F034F9B461012492
:208BC0003477204605B0F0BD0100020106060000002A49D084468B071CD1830722D1102ACF
:208BE00008D370B4103A78C978C0103AFBD270BC103238D0042A2CD3082A05D30C2A01D3E5
:208C000008C908C008C908C008C908C092072AD0920F22E00B780370491C401C521E22D03A
:208C20008B07F7D1C30714D18307D8D0121F12D308C903801B0C4380001D121FF8D20AE0A3
:208C400008C903701B0A43701B0A83701B0AC370001D121FF4D2121D05D00B780370491C15
:208C6000401C521EF9D1604670477047F0B583B0204F214A01246506260510681F21090616
:208C800088431060A2040020314601F0CDFC18481A4901603868284205D13868284202D1C1
:208CA00038682842F6D0144880690290620400200190314601F0B8FC0D481049016038682B
:208CC000284205D13868284202D138682842F6D0094881697D20C000029A504301F004F9F2
:208CE000074940180B2800D3019C204603B0F0BD2C030B4004020B4038010B400100000E05
:208D000035F8FFFFF0B583B033200290102500241126294622463346FEF7D6FB31273846EF
:208D2000294622463346FEF7CFFB2846294622463346FEF7C9FB3820019029462246334674
:208D4000FEF7C2FB1248134E31462246FDF78AFC114831462246FDF785FC0298214601F0AE
:208D600013FB3846214601F00FFB09482146FFF7E7FD2846214601F007FB0198214601F0BA
:208D800003FB05482146FFF7DBFD03B0F0BDC0460C400200204E00000D501200F0B581B0EC
:208DA0001E4F1F4C19200090032529463A462346FFF772FDA31C0E26304629463A46FFF7DF
:208DC0006BFD231D1A2738462946144AFFF764FDA31D1B2420462946104AFFF75DFD0098F2
:208DE00001F0D2FB4500304601F0CEFB28430D4D2870384601F0C8FB4600204601F0C4FB55
:208E000030436870084800210160084A1160516041609160D16001B0F0BDC046B197000052
:208E2000183D2020363D2020203D2020003D2020B0B51548002404701448047014480460E6
:208E40001448047014480470144804601448046014480480144804701448047014480460B2
:208E600014480460144A531CE120410201252846FEF7B4F811492846224601F0A5FB042106
:208E80002846FEF7F3FCB0BDA13B20209F3B2020883B2020A43B20209A3B2020783B2020B3
:208EA000843B20204E3B20204D3B2020953B2020683B2020503B202026200100859A0000FE
:208EC000F0B583B00092002801D003B0F0BD1C4800780028F9D00D461A480178012900D1D9
:208EE000FEE701210E040C02017001F09DFC002715482946009A3B46FBF7BEFA0297019767
:208F0000029702E00298401C02900298A042EFD201970198B042F5D200BF0198401C0190E2
:208F20000198B042EED200BF0198401C01900198B042E7D200BF0198401C0190E9E7C04642
:208F40008D3D2020863D2020A3B5000040B542004B005E08164301D006004E4000D4D01A48
:208F600004D20120C90F06D1404204E003D90120C90F00D04042FF263606B24200D8B3429C
:208F800000D9012040BD40B542004B005E08164301D006004E4000D4D01A04D20120C90FA7
:208FA00006D1404204E003D90120C90F00D04042FF263606B24200D8B34201D901204042AE
:208FC00040BD42004B000020FF2109068A4200D88B4200D901207047FCB40127FF070600B2
:208FE0004E4001D4002600E03E00020243001B0E30D03A43FF2B30D00C024D002D0E29D024
:209000003C43FF2D29D05B194240504042404C4061404C4000B501F01FF820BCAE464240DC
:20902000504042404C4061404C4025001400002C01D46400013B803401D3013364087E3BAA
:2090400008DDFF2B09D2BC43200ADB0518433043FCBC70470020FCBC7047FF20C0053043FA
:20906000FCBC704770B51E46154604460846103842424241102018400309134048424841BC
:2090800018431349E722FFF71BFF12482843711E132916D87944097949008F440D120F0BEE
:2090A00012121212121212121212121212091209094804E0094802E0002002E008480543A0
:2090C00028460849095D8900074A885070BDC046C2B2000080000400800004028000060082
:2090E0008000050068B1000004804240F0B581B019490124B52620463246FFF7E1FE174981
:209100001748086017480068174FC45195214D0141592143415120460F493246FFF7D0FEB8
:209120000F480E4948600F4800680221C15142590A434251204608493246FFF7C1FE0B4833
:209140000749016007480068A103C15142590A43425101B0F0BDC046C2B200000480424098
:2091600081000400103D2020D012000090804240FCB40127FF0706004E40F60FF6070202F1
:2091800043001B0E2DD03A43FF2B2DD00C024D002D0E26D03C43FF2D26D05B1B00202021BE
:2091A00064085208A2424041A24200D3121B013904D0002A01D05200F4D18840384201D16C
:2091C0004000013B803001D3013300E040007F3307DDFF2B08D2400ADB0518433043FCBCF1
:2091E00070470020FCBC7047FF20C0053043FCBC70477047F8B5451C00780023082B32D0CE
:209200002F78C2070CD16A780F241440E41C122C0BD102242E57F4B2002E08D4EE1C0EE02B
:209220006D1C4A1C0F7011461AE0AE1C08E02E1DED7800957F252C40009DED012C19123452
:209240003D0112095219094DAA420ED0D243002C05D08D5C4F1C0D70641E3946F7E73546E9
:2092600040085B1CCAE72846C5E7F8BDFF0F0000FEB502930F46194D0024E143184E009759
:209280003740019043422B46BB4101D20C4623E0084602990E405342B54101D204461BE0D2
:2092A000134601990B433E431E43029D009E13D02B46334004D401998B1A3346AB4103E028
:2092C0000199531A2B46B341044605DB51406E400E43701E864134462046FEBD0000F07F09
:2092E000FFFFFF7FF0B583B004460020002C2ED02378022B2BD1E260226103202070002327
:20930000A3716078C01EC0B20D46032802D2C000104BC34020462030D9B2164601F00AF811
:20932000607830210328084600D0182001F05CF96178E2781E20235E0A20704301270095B1
:2093400001970290312000F06DFD3846A66103B0F0BDC04601020200F0B581B01E461446B4
:209360000D4616498B421F4600DC0F4614498F4200DB0F46012E07DB012101F005F8002138
:20938000284601F001F812E000940024214600F0FBFF002E05D42846214600F0F5FF27464D
:2093A00004E00121284600F0EFFF7F42009CB9B22046FFF7C5FA01B0F0BDC046F0D8FFFF4E
:2093C00010270000F8B50446164F174D0E462E400120009464423C46B4411AD31D40544222
:2093E000AF4116D31046009C20433543054311D00020C0431C460C400ED4009CA41A0C463F
:209400009C4106DB0098504059400143481E81410846F8BD0020F8BD009C141B1C468C418F
:20942000F0DAF6E70000F07FFFFFFF7FB0B52E2000240325214622462B46FEF745F82120E8
:20944000214622462B46FEF73FF82020214622462B46FEF739F81E20214622462B46FEF787
:2094600033F83620214622462B46FEF72DF83520214622462B46FEF727F832202146224647
:209480002B46FEF721F83920214622462B46FEF71BF8B0BDF0B583B00446124E3078401EB7
:2094A00004281CD3104900200870104908801049087001A901250D70F3274F70AB228A7001
:2094C000CD7008716B20487106222846FEF7E8F8054807700748046007480460357003B0A5
:2094E000F0BDC046A43B20209A3B20204E3B20204D3B2020843B2020783B2020F8B51C46F3
:2095000017460E46054601F074FA0021012E03DB864201DCA919491E002F04D02268531EF6
:2095200023602E2313703246824206DD23685F1E276030271F70521EF6E7B04200DB3046B0
:20954000012808DBA9420BD308782268531E23601070491EF6E72068411E2160302101704A
:20956000F8BD002200282DD000292BD00378022B28D14378102B25D183780E2B22D102799C
:209580000A7042794A7082798A70C279037A1B029A188A80427A837A1B029A18CA80C27A48
:2095A0000A72027B437B1B029A184A81827BC37B1B029A18037C1B04D218407C00061018DE
:2095C000C860012210467047F0B5164B1D46083D2E680124A6432E601E6803273F03BE4360
:2095E0003840301818601868FF26B043C9B2401818602868204328601D68002A0ED00A48F6
:209600002102220715431D6002680A4205D102680A4202D102680A42F6D0F0BD20078543FC
:209620001D60F0BD10010B4004020B408446830706D0002A29D001700130013A8307F8D1D6
:20964000042A1CD30906090E0B0219430B041943082A10D30B00102A09D370B40F24161B35
:2096600022400C000D003AC0103EFCD870BC082A01D30AC0083A042A01D302C0043A002AE9
:2096800003D0013A8154013AFCD2604670477047F0B5154C154B0125AD02067836028778DA
:2096A0001968FF220432914303223A40B2180D4E0A431A600A4A32602168294205D121683A
:2096C000294202D121682942F6D04078002803D01868102101431960501C3060F0BDC046C2
:2096E0000100009114030B4004020B4014010B40F0B583B01D46029201910746089C411E14
:2097000088411149114E3246FFF7DAFB281B411E8841721C0C49FFF7D3FB3D607C60019860
:2097200038720298F860102601271123284631463A46FDF7C9FE1223204631463A46FDF755
:20974000C3FE03B0F0BDC04611B20000DE02000010B502460020002A29D0002927D0137844
:20976000022B24D19378022B21D35378453B0424E443A3421BD300200871C87088704870AD
:209780000870107908705079487093780120032B0DD393798B709378042B01D3D479CC70F7
:2097A000032B04D35378442B01D192790A7110BD70B50D78E800124A10184978890042584B
:2097C000521C42501B210E241A221920002D00D0104600D00C4600F0D7FE4600204600F0D0
:2097E000D3FE304307494A5D92000243D2B2064B9A56AB00054CE658B218E250485570BD92
:20980000003D2020363D202060B40000203D202070B514460F4D0B462B40002222600E4ED0
:20982000B34215D81E46064312D01E0D07D100220A4B01F037F90D403522D2432B461B0DCA
:209840009A18074BD2182260064A0A400649511870BDC046FFFFFF7FFFFFEF7F0000504398
:2098600002FCFFFFFFFF0F800000E03F10B5FFF7A9FD002801D0002010BD012010BD10B546
:20988000FFF7A0FD002801DB002010BD012010BD10B5FFF797FD002801DD002010BD0120F3
:2098A00010BD10B5FFF7E4FC002801DA002010BD012010BD10B5FFF7DBFC002801DC0020AB
:2098C00010BD012010BD704710B5FFF73FFB002801D0002010BD012010BD10B5FFF736FB61
:2098E000002801DB002010BD012010BD10B5FFF72DFB002801DD002010BD012010BD10B500
:20990000FFF741FB002801DA002010BD012010BD10B5FFF738FB002801DC002010BD012036
:2099200010BD704710B511490A68114881235C011359002B01D0101804E049680B59002B04
:2099400013D00818FF33D9B20F2902D80268480002E002691807C00EC2400320104089004B
:20996000044A5258044B5958904710BD103D202090130000A83B2020283C2020F0B587B078
:209980000191064602AD0020E874123537460A243846214600F0A2F84443391BCA17514010
:2099A000891A3031297009376D1E122F0746EED8002E01D46D1C01E02D20287002A8441B90
:2099C000224614320198294601F074F81334204607B0F0BDF0B5FFB086B01C4615460246D4
:2099E000A868002801D50620A8602368039304AB0090019305A80B46FCF782FF0646049FD6
:209A0000AA683946234600F04FFC20680399814201D0012202E028680007C20F30463946F7
:209A20002346FFF76BFD7FB006B0F0BDF0B581B00220694600F0B6FA002819D00D4C0E4DC1
:209A40000F4E0E4F08E03068401C30600220694600F0A8FA00280BD02078411C7F2008409E
:209A600029788842EFD000992278B9542070EDE701B0F0BD9E3B2020A03B2020FC39202011
:209A80007C3B2020F0B581B00120694600F08AFA002819D00D4C0E4D0F4E0E4F08E03068B6
:209AA000401C30600120694600F07CFA00280BD02078411C3F20084029788842EFD0009922
:209AC0002278B9542070EDE701B0F0BD9F3B2020A13B20207C3A2020883B20201CB50029F4
:209AE00022D04C08002900D5494242105440002800D5404200230A00904201D95200FBE725
:209B000090425B41904200D3801A914201D25208F6E71900002C00D54042640000D549425B
:209B20000200080011001CBD01000020FCF7ABFA1CBD0000B0B50C460546491E2046884107
:209B40000E496C22FFF7BCF92078002815D0A9000B4A51580B4A891804E0541C886150782E
:209B600000280AD022460B68DB07F6D00B68DB07F3D00B68DB07F6D1EFE7B0BDEDB200004A
:209B800070B40000081100007CB515460C460646C01731464140081A009200210A22642307
:209BA000F8F7A2F930460930122808D8DF202040502804D02868411E296030210170002E3F
:209BC00001D42B2000E02D2029684A1E2A6008702868411E296004707CBD000070B50021D2
:209BE000418101730183016041600172C1810182418281828175C16101628184064A074B89
:209C0000074C084D084E8564C66401658262C162016334303EC070BD000020430000E64248
:209C20000000B842CDCC4C3E00009642F0B583B0002820D015460E46044600F0EFFE617890
:209C4000E2781E23E35E0A276F43009001960297322000F0E7F8A5612046203000F0B4FE06
:209C60002846FEF7C1FE002801D100F04BFA656100202080A07003B0F0BD00000CB54A0092
:209C8000520D03231B02FF33D21A13D31F239A1A12D98E46C9020123DB071943D1400B2AF6
:209CA00002D21532D04001437346002B00D5494208000CBD00200CBD0B000120C007002B19
:209CC00000D401380CBD000070B511221302C218C4580125AC43C4500C888D7825438C880D
:209CE0002C43C558084E2E40084D25407419C4508879CB790343087A184351687E2399431B
:209D000018400818506070BDE798FDFF1867000081B0B0B587B00C460B930592491E2246D1
:209D20008A41A11A03910025049502900BA9069107480090074B05A802AAF7F7E9FB002CE6
:209D400001D002990D7007B0B0BC02BC01B0084711A20000C9A7000010B50E490E4A01237E
:209D60005C0590600868204205D10868204202D108682042F6D010681B04034313600868ED
:209D8000C00605D40868C00602D40868C006F6D510BDC04604020B4004010B4010B50F4A85
:209DA000017853185B78401CDB06F9D42D2901D02B2901D1027801E0401E0A46431C00200D
:209DC000303A092A05D80A24444310191A785B1CF6E72D2900D1404210BDC04610AD00000C
:209DE00070B515460E460446411E88410C49FF223A32FFF765F82046FEF714FB207A40069E
:209E0000010E2046FBF7DCFE20463146FBF7D8FE20462946FBF7D4FE2046FEF767FB70BDD9
:209E200011B20000F0B58FB007920691024614AFE0CF0C4801784C1C04701B20059008A868
:209E4000049000A8E8C01046069A079BFEF7E6F8002804D00246022008A9FDF721FC0FB0CC
:209E6000F0BDC046A53B202010B50C4C2068C0B20B2808D00C280ED1094802680948016865
:209E80000220904707E006480268064801680120904700F069FB2069A06210BD20901040CF
:209EA000E03C2020F03C202010B533200024214600F06AFA3120214600F066FA0848214624
:209EC000FEF73EFD1020214600F05EFA3820214600F05AFA03482146FEF732FD10BDC046C7
:209EE0000C4002000D5012001CB50A0017D000230124E407A04200D20400944201D95200F6
:209F0000FBE790425B41904200D3801A914201D25208F6E719000200080011001CBD0100C7
:209F20000020FCF7B0F81CBD08B443001B0E0FD0FF2B11D00721C9015B18C10FC9020B432D
:209F4000010048074902090B1B05194308BC70470021002008BC704701004002C90DC900BD
:209F6000C91D090508BC7047F0B5B9B01C461346089105463EAFC3CF429A0093019402AB95
:209F8000C3C30692064909AE30462A46089B00F09DF803203146FFF7CDFD39B0F0BDC04699
:209FA0006CB20000B0B50C460546491E2046884108499E22FEF784FFA800074908580749BA
:209FC0004258520704D44018C06920700120B0BD0020B0BDEDB2000070B4000008110000AE
:209FE00070B50A480A4C84420CD00A4D0A4EB54208D02A686968501C12789200A2589047B8
:20A000000835F4E700BF00BF70BDC0462CB7000020B7000034B7000044B7000006B49E225D
:20A02000002802D404D106BC7047414204D400E00100013A4900FCD5803101D3013200E0AB
:20A040004900490AD2051143002802D50122D2071143080006BC7047FCB4020C0B0CFF2471
:20A060002402FF34204021400C00444315005D4306005E430F005743320C3B0CA818C01811
:20A0800032043B040025A1186841C9186841FCBC7047000080B5084808494160084A516051
:20A0A000891E084B59600849016011601960102000F0D8FC80BDC04600080A40030000B114
:20A0C00000280A40000803400100002682B0F8B5069207930291019006A903910748009045
:20A0E000074B02A801AAF7F713FA019900220A7004B080BC02BC02B00847C046E1A700004B
:20A1000093AA000080B582B069466B2008710748009001200522FDF7C3FA05480021017031
:20A12000044801700448018002B080BD01FE98009A3B2020A43B20204E3B202006B5410016
:20A14000090E7F390DD41F22511A0CD9864600020122D2071043C8407246002A00D5404260
:20A1600006BD002006BD02000120C007002A00D4401E06BD10B5094C2068C0B20C2803D015
:20A180000B2807D1012000E0022005494A680549496890472069A06210BDC04620101040DD
:20A1A000E03C2020F03C202010B5094C2068C0B20C2803D00B2807D1012000E00220054940
:20A1C0008A680549896890472069A06210BDC04620301040E03C2020F03C202010B5094C97
:20A1E0002068C0B20C2803D00B2807D1012000E002200549CA680549C96890472069A062CF
:20A2000010BDC04620105040E03C2020F03C202070B514460D4601466A68A86882420CD93F
:20A22000101A8442264600D306462868324600F041FC286880192860A8680019A860204626
:20A2400070BD000006B5002803D57346FFF776FF06BD4100090E7F3908D31F22511A07D3BE
:20A2600000020122D2071043C84006BD002006BD0020401E06BD000070B5094C2140234060
:20A28000002501244042074E30468841204600D3284651429E4100D32C46204370BDC0466A
:20A2A000FFFFFF7F0000F07FF8B51C4615460646571800F09EFB711E012D0CDB3022012FDF
:20A2C00002DB874200DCCA5D23685E1E26601A707F1E6D1EF0E7F8BD41091F2202408800B5
:20A2E000074908582521C901435801219140054A0B4200D0103283580B4383507047C046A9
:20A30000103D20209012000004B40422002802D1002104BC704701D50832404212021F32A6
:20A320000100521E4900FCD30805090B1205114304BC704770B5002810D015460C46242172
:20A34000064600F0DAF934707560B560601E21468141E01E421E90410840707070BD000035
:20A3600005480121017005480022027004480270044801707047C046983B2020A33B2020B3
:20A380009B3B20209D3B202042091F230340012098409200044B9A58044B002900D1103367
:20A3A000D1580143D1507047103D20209012000080B50B46002805D010203821044AFEF7DA
:20A3C000CBFF80BD33203121024AFEF7C5FF80BD0D5012000C400200B0B501461B220E24B7
:20A3E0001A231920002900D0184600D0144600F0CBF84500204600F0C7F82843C0B2B0BD0F
:20A40000084880F3088800BF00BF00F05EFB002801D0FFF7E5FD002000F012FA012000F024
:20A420004DFBC0460080202002B49E21002805D401D102BC704701394000FCD5803001D382
:20A44000013100E04000400AC905084302BC7047054800218160C1600160416003480449C8
:20A46000016001680160704720804240A080424081000D0010B598B00B46024605496C4602
:20A480002046FFF723FE03202146FFF753FB18B010BDC0462CB40000002801D10021704724
:20A4A00004B4042212021F320100521E4900FCD30805090B1205114304BC704730B51400D4
:20A4C0004C4325001C0044436419050010002900FFF7C2FD001904000D002100280030BD55
:20A4E000B0B51122120283180C784D7825434C882C43A4B284508888C98809040818986071
:20A50000B0BDB0B504460020002B08D0D2B20D782570954204D0641C491C5B1EF7D1B0BD20
:20A52000601CB0BD014600200A5C002A08D00A185378002B05D09278C01C002AF4D1401E43
:20A540007047401C70470000401EC0B2072804D88000044908584068704701487047C046C4
:20A56000AEB6000094B3000010B5054C00202146FFF718FD034801222146F8F75BFC10BDA0
:20A58000873D2020FF3A202041098900054A51582722D20189581F220240D1400120084079
:20A5A0007047C046103D2020002809D41F2108400121814003480160BFF34F8FBFF36F8FF5
:20A5C0007047C04680E100E08000044B1A50002900D10349034A11507047C046F03C202027
:20A5E00023990000E03C2020012800D80120044A1070002900D00846024908707047C0468C
:20A60000883D2020843D202018B520239B1A04D8010000205B42994004E004009140DC4027
:20A620002143904018BD00000843104304490A683F231B049A431840101808607047C046B1
:20A6400038010B400548042101604F21416000218160016805220A430260704710E000E0CA
:20A6600003480021017003480170034801707047983B2020A33B20209D3B202080000449B8
:20A680000858044942580123134343507047C046B4B3000008110000054A135C002B03D06D
:20A6A000591A484248417047115401207047C046283D20208000044908580449425801233D
:20A6C000134343507047C046B4B300000418000070B50D460446002608463146FFF7FDF8B9
:20A6E000002800D12E46A66170BD00000B4611461A4680B5FEF79AFF80BD0A46002180B50B
:20A70000FEF794FF80BD80B5FFF7C4FCFFF7A0FEFDF73AF800F0CEF8FFF794FF80BD000053
:20A7200080B503480268034801680020904780BDA83C2020C43C202080B50348426803486E
:20A7400041680020904780BDA83C2020C43C202080B503488268034881680020904780BDE6
:20A76000A83C2020C43C202080B503488269034881690020904780BDA83C2020C43C20203D
:20A7800080B50348C2680348C1680020904780BDA83C2020C43C202080B5034802690348CD
:20A7A00001690020904780BDA83C2020C43C202080B503484269034841690020904780BD43
:20A7C000A83C2020C43C20204B688A689A4204D20A68531C0B6010708A68521C8A607047F1
:20A7E000B0B514460D460146286800F063F92868001928602046B0BD10B5002807D0044612
:20A8000020344421FFF779FF204600F0D6F810BD002805D41F21084001218140014801600A
:20A820007047C04600E100E004490868002801D172B60868401C08607047C0464C3D202001
:20A8400080B50448FDF73EFAF9F764FFF5F738FC002080BD00B4C40403480078034909786F
:20A8600001400120084070478A3D2020893D20200021044A016041608160C16001614161F3
:20A880008261704700007A4401460020002905D00A78042A02D18878411E88417047B0B534
:20A8A000002806D0002904D038301CC91CC03CC93CC0B0BD80B502490248FFF711FE80BDFA
:20A8C00008AD000000000340032800D902204001014908187047C04658B0000040B584B0C1
:20A8E00002AE0096FEF7D2F8029A039B04B040BD10B50122120383180C789C6049788150BE
:20A9000010BD002804D041780B3948424841704700207047002804D041780A3948424841C5
:20A92000704700207047002805D041614178022901D10521017070470278914204D0002A9B
:20A9400001D0401CF8E70020704780B50B4603214258C11D184600F0ADF880BD0021425807
:20A96000091D002AFBD1081F80107047C000024A1018890040587047003D20200248007802
:20A98000411F484248417047A43B202002480078011F484248417047A43B202080B50A461E
:20A9A000032141581046FFF7A8FE80BD0021016041608160C1600161704780B5002802D03E
:20A9C0002421FFF79AFE80BD002803D0002101800162818370470021017401604160816033
:20A9E000C160704700210174016041608160C16070470021425C491C002AFBD1481E7047F7
:20AA000080B5002802D01B21FFF777FE80BD002141608160C1600161704700000148007885
:20AA20007047C046853D2020014800787047C046983B2020014800687047C0467C3D20205F
:20AA4000014800687047C0463C3D2020014800687047C046803D2020800001490858704783
:20AA6000203D2020811E091F00BFFCD2704702460B4620462946FFE782B00094014C019432
:20AA800010BD00BFF55E00000022304639462B4670470A68531C0B601070704780B5F9F7F0
:20AAA0007DFB80BD80B5FAF71DFD80BD00487047383D202080B5FEF78BF880BD00F001F8DD
:18AAC000FEE700BF70479BE470470120704700687047000000000000F6
:20AAE0000000000000000000002F000000000700070000147F147F1400242A7F2A12006274
:20AB00006408132300364955225000000503000000001C224100000041221C000014083EED
:20AB200008140008083E0808000000A0600000080808080800006060000040201008040235
:20AB4000003E5149453E0000427F4000004261514946002141454B31001814127F100027FF
:20AB600045454539003C4A49493000017109050300364949493600064949291E0000363670
:20AB8000000000005636000000081422410000141414141400004122140800020151090664
:20ABA00000324959513E007C1211127C007F49494936003E41414122007F4141221C007F94
:20ABC00049494941007F09090901003E4149497A007F0808087F0000417F4100002040417B
:20ABE0003F01007F08142241007F40404040007F020C027F007F0408107F003E4141413E31
:20AC0000007F09090906003E4151215E007F091929460046494949310001017F0101003F21
:20AC20004040403F001F2040201F003F4038403F00631408146300070870080700615149A2
:20AC4000454300007F414100020408102040000041417F000004020102040040404040409F
:20AC6000000001020400002054545478007F4844443800384444442000384444487F0038CF
:20AC80005454541800087E0901020018A4A4A47C007F080404780000447D40000040808442
:20ACA0007D00007F102844000000417F4000007C04180478007C08040478003844444438C8
:20ACC00000FC242424180018242418FC007C0804040800485454542000043F444020003C65
:20ACE0004040207C001C2040201C003C4030403C004428102844001CA0A0A07C00446454FC
:20AD00004C441414141414140000000000000000008080808080808080809090909090805B
:20AD2000808080808080808080808080808080808018040404040404040404040404040443
:20AD4000040202020202020202020204040404040404434343434343414141414141414125
:20AD60004141414141414141414141410404040404042323232323232121212121212121D5
:20AD8000212121212121212121212121040404048000000000000000000000000000000097
:20ADA000000000000000000000000000000000000000000000000000000000000000000093
:20ADC000000000000000000000000000000000000000000000000000000000000000000073
:20ADE000000000000000000000000000000000000000000000000000000000000000000053
:20AE000000000000000000000000000000000000004241434B20544F2043414E43454C0098
:20AE200000070E091C1B1215383F363124232A2D70777E796C6B6265484F464154535A5D22
:20AE4000E0E7EEE9FCFBF2F5D8DFD6D1C4C3CACD90979E998C8B8285A8AFA6A1B4B3BABD02
:20AE6000C7C0C9CEDBDCD5D2FFF8F1F6E3E4EDEAB7B0B9BEABACA5A28F88818693949D9AE2
:20AE80002720292E3B3C35321F18111603040D0A5750595E4B4C45426F68616673747D7AC2
:20AEA000898E878095929B9CB1B6BFB8ADAAA3A4F9FEF7F0E5E2EBECC1C6CFC8DDDAD3D4A2
:20AEC000696E676075727B7C51565F584D4A4344191E171005020B0C21262F283D3A333482
:20AEE0004E49404752555C5B7671787F6A6D64633E39303722252C2B0601080F1A1D141362
:20AF0000AEA9A0A7B2B5BCBB9691989F8A8D8483DED9D0D7C2C5CCCBE6E1E8EFFAFDF4F341
:20AF20004341522072756E3D2575206D697373696F6E3D2575206661756C743D2575206C57
:20AF4000696E653D25303258206572723D256420766973696F6E3D25752062616C6C3D25BE
:20AF60007520636F6E663D2575207831303D256420763D2564206D697373696F6E3D2575AB
:20AF800020636D645B4C3D256420523D25645D2072706D3130305B4C3D256C6420523D25AE
:20AFA0006C645D207961773D252B2E3166206F646F3D252E3166207061636B6574733D25AB
:20AFC0006C75206372633D256C75206F76663D256C750D0A00404C494E45535441542C312F
:20AFE0002C746F74616C3D256C752C73747261696768743D256C752C63757276653D256CCA
:20B00000752C73686172703D256C752C6C6F73743D256C752C656E74726965733D25752FD1
:20B0200025752F25752F25752C6C6F73735F6576656E74733D25752C656467655F657665CC
:20B040006E74733D25752C656467655F6D61785F6D733D25750D0A000000DC420000904241
:20B06000000050428FC2753E00009041000040410000803F0000000000000C430000C842D0
:20B080000000A442CDCC4C3E0000A041000040410000803F00000000000020430000E642FB
:20B0A0000000B842CDCC4C3E0000C041000040410000803F0000000000002F43000002437B
:20B0C0000000B442CDCC4C3E0000F041000060419A99993F00000000405049442C332C25AD
:20B0E0006C752C252E33662C252E33662C252E33662C252E33662C25642C25642C252E33F3
:20B10000662C252E33662C25752C25752C25642C25752C256C752C256C752C256C752C25C3
:20B120006C750D0A0001000301000000B0B5000002000000C9B5000003000000E1B5000094
:20B140000400000011B60000050000001CB6000006000000A0B400000700000032B6000004
:20B160000800000027B600000001060708090A0D121314152122232425262728292D2E348A
:20B1800035363A3B020304050B0C0E0F1011161718191A1B1C1D1E1F202A2B2C2F30313200
:20B1A000333738394052554E4C4F472C444154412C332C25752C256C752C25642C25642C6A
:20B1C00025642C25642C25642C25642C25752C25642C25752C25642C25640D0A004052551E
:20B1E0004E4C4F472C424547494E2C312C636F756E743D25752C6F766572666C6F773D2503
:20B20000752C706572696F645F6D733D25750D0A002E2E2F2E2E2F6C69627261726965730A
:20B220002F7A665F6472697665722F7A665F6472697665725F736F66745F6969632E6300DA
:20B240002E2E2F2E2E2F6C69627261726965732F7A665F6472697665722F7A665F64726974
:20B260007665725F74696D65722E630040454E432C312C256C752C256C642C256C752C2527
:20B280006C752C25752C256C642C256C752C256C752C25750D0A002E2E2F2E2E2F6C696258
:20B2A0007261726965732F7A665F636F6D6D6F6E2F7A665F636F6D6D6F6E5F6669666F2EE9
:20B2C00063002E2E2F2E2E2F6C69627261726965732F7A665F6472697665722F7A665F646C
:20B2E00072697665725F6770696F2E63002E2E2F2E2E2F6C69627261726965732F7A665F46
:20B300006472697665722F7A665F6472697665725F756172742E63002E2E2F2E2E2F6C6910
:20B32000627261726965732F7A665F6472697665722F7A665F6472697665725F70776D2E50
:20B3400063004046494E4953482C322C4252414B455F53544152542C64697374616E636536
:20B360005F636D3D252E31660D0A000003000000000000000000000000000000000000005D
:20B38000100000000001000007000000010000002C00C44128B1000030B1000038B10000C0
:20B3A00040B1000048B1000050B1000058B1000060B1000000008640002086400040084054
:20B3C0000080864000A0864000000940000087400D0A66696C65202573206C696E65202535
:20B3E000643A2025732E0D0A004052554E4C4F472C454E442C312C636F756E743D25750D02
:20B400000A000D0A66696C65202573206C696E652025642E0D0A004F4B2053544152542095
:20B420004241434B2043414E43454C004050494441434B2C312C25732C25730D0A003031EC
:20B44000323334353637383941424344454600303132333435363738396162636465660049
:20B4600000FF0100010000FFFF0000010001FF0000801040000010400020104000005040AC
:20B4800089B500009AB60000C2B60000A1B6000043414C4942524154494E4720494D550024
:20B4A0005441534B203620524553455256454400414C474F524954484D20454D505459002D
:20B4C000443A25352E31662F25332E3066636D005441534B203620524553455256454400AB
:20B4E000494D552043414C204641494C4544005441534B204E4F542052454144590057413B
:20B5000049542043414D205245414459004B45455020434152205354494C4C00656E636FA0
:20B520006465725F7374616C6C004D495353494F4E204641554C540054494D45522052554B
:20B540004E4E494E470043414D20505245504152494E4700626F6172645F74696D656F75DE
:20B5600074005441534B3A2575204D3A2575004241434B20544F204D454E550066696C6546
:20B580003A206D646B2F257300434F4E5345525641544956450053454C45435420535045ED
:20B5A000454400417373657274206572726F72005441534B203120564944454F0041422088
:20B5C000543A25342E316673005441534B20322052414345004F4B20544F20535441525481
:20B5E000005441534B20332042414C4C0054492042414C4C2043415200257320593A252B21
:20B60000352E3166005649533A257320433A2575005441534B203420412D42005441534BAB
:20B620002035204C415000444941474E4F535449430043414C494252415445000000180034
:20B640000000003000005354415254494E470066696C653A20257300543A25352E3166739C
:20B66000006C696E653A20256400434F44453A257500252E316620636D004C494E453A25EF
:20B68000730052554E4E494E470053544F50504544005441534B202575004E4F524D414C41
:20B6A00000535052494E54005245414459004E4F4E450025632573004C4F5354003E202520
:20B6C0007300464153540053544F50000F0D0E034F46460052554E004F4E004F4B00080047
:20B6E00000CF6B8C0000003F6A001F8A018F96E6003F082399003B0C9F100A40003D200086
:20B70000300000010100210FAF43FB803F151930020000183F000002000100FFF000000072
:20B72000F59100004BA900009DA9000002000000A63B0000E0B60000A83B20202CB70000CA
:08B740000000202000000000C1
:00000001FF
