:2000000000802020C3A60000C74D0000C74D0000000000000000000000000000000000008F
:20002000000000000000000000000000C74D00000000000000000000C74D0000C74D000084
:20004000C74D000021950000ADA30000D99D0000C74D0000C74D0000C74D0000C74D0000C0
:2000600000000000C74D0000C74D00000000000000000000719D0000A59D0000659A000009
:200080004DA300007DA300001DA3000035A3000095A3000065A30000000000000000000078
:2000A000C74D0000C74D00000000000000000000C74D000000000000C74D0000C74D0000DC
:2000C00000B5E9B07D20C100159180001F9001202590F14F01E006F061FD0A2007F0E8FB50
:2000E0003868401C386003F067FB002800D145E1054600243C82801E062826D878440079CC
:2001000040008744032A0303CB98A7000AF0A2F9002822D100263046E04906F0F5FA02201B
:20012000DF4906F0F1FA1F9804F0A8FA304607F043FE0AF08FF900280FD106F07DFB0020A3
:20014000D84906F0E1FA1598A3E0FB2D00D1B9E0FA2D02D106F070FB10E1FD74FC81BC8075
:200160004D203C5464203C5266203C547C63BC63FC633C647C64BC64BC65FC6538465830D5
:2001800004818472BC66FC6638466830847204816520800038180AF023FA4E203C543C65C4
:2001A0000AF046FAF8620320C0013E1830460AF02CFAF96A304607F0CFFE3846BC3009F0DB
:2001C0000BFB38467C30214605F056FF38469830214605F051FF20460AF03CFA78670120B6
:2001E0000AF038FAB86709F05DFC0AF037F80AF013FA0246386800904F208000381829460C
:20020000234608F093FA0646204605F06FFA0020002E0CD0A44906F077FA284609F092FF6A
:200220000146022006F070FA0620A04900E0A04906F06AFAA2E006F0FFFA002420469749E8
:2002400006F062FA1F9804F019FA204607F0B4FD159830E0204605F049FA29AD2C729548D4
:200260002A90954829902046294606F04DFA6520800038180AF029FA09F054FC02460B46C8
:2002800028468E4909F020FD0320294606F03CFA8B4807F00DFB05F057F96FE00024204655
:2002A00005F024FA2046874906F02EFA0220864906F02AFA824807F0FBFA09F04FFE05F0DB
:2002C00043F95BE00AF0A8F901463A684F208000381808F005FE002800D109E2FF203E3078
:2002E000385CF8740125BD73BC80386860217C5262217C54B866FC6638466C308480847197
:200300006520800038180AF06BF94E203C543C653E46BC36304609F05FFA0AF07DF90AF0E3
:20032000D1F807460068299078682A90B8682B90F8682C9065482D9065482E9029A93046D8
:200340000AF0ABF838695449086278694862B869514FB86238467C30214605F08DFE384663
:200360009830214605F088FE20460AF073F9786728460AF06FF9B86709F094FB387C3C6859
:20038000B9698C4201D3002100E001210028259800D00846002806D106F04EFA4D484E490A
:2003A00009F066FE3C687D7C0A212046239109F099FB002D36D0002934D1239844430025A9
:2003C00028460AF047F92690284629460AF0CCF824900126284631460AF0C6F8229028468C
:2003E00009F0F8FD219030460AF034F92090304629460AF0B9F80546304631460AF0B4F8A3
:200400000746304609F0E6FD21990091209901AAA2C2214F049020462699249A229B09F08D
:20042000A1FB3C68204606F02DFB38682121C9007D18294607F028FD0AF0EEF802463B6862
:200440004F20840038192690294604F09FFB2194385D73217A5C904200D17DE07854002500
:20046000284605F043F92198385C401E052873D87844007940008744023831436F460020F7
:20048000094906F041F9FF203E30385C09F05AFE014602202FE0C04640382020EDB0000095
:2004A00070B00000C0B0000026B1000001AA0000CFB00000455445524F444F4D52B2000048
:2004C000DC050000B0B00000A0B00000CDCC4C3E000096426AB2000034B100000020EF4937
:2004E00006F012F90220EE4934E00020ED4906F00BF90220EC4906F007F90620EB4929E08E
:200500000020EB4926E0BD7338467C30294605F0B3FD38469830294605F0AEFD28460AF056
:2005200099F8786701200AF095F8B86709F0BAFA2846E04906F0E8F8052080013A5C29AD58
:200540002846DD4909F0C0FB0220294606F0DCF80620DA4906F0D8F83E46B436304606F00F
:2005600023FCB87B002805D0F87C1F2802D003F0D9FA01E002F028FD0AF05AF83863B52025
:20058000385C042809D3B420395C0F200840421E90410F2903D8002502E0002501E0012568
:2005A00005406220C64F2490385C00282ED06424385BC449884200D18DE5411C39531F991B
:2005C000CA3989B2884200D985E565208000381822900AF07AF8BC4908F08FFF002800D0DA
:2005E00079E52498385CC11E02296CD3022800D188E00128B24F00D0B2E0385B0C2800D27C
:20060000AEE0002D00D08DE003228CE0B87B002800D1C0E0F87C022802D0052800D0A2E096
:20062000002D4CD06125785DFF2804D0411C7955002800D194E06020395C002950D06520A0
:2006400080003C1820460AF040F8A04908F055FF002800D184E0229420460AF036F809F05F
:2006600061FA02460B4629A8994909F02DFB7020395C002906D1B96E002903D03968F9666A
:20068000012139540121209124983954642000243C5266203C547C55229809F0A1FF3846A1
:2006A0007C30214605F0E8FC38469830214605F0E3FC204609F0CEFF786720984BE061205E
:2006C000002139544CE0002D28D066217C4F785CFF2800D1FFE4421C7A54002840D0FAE4D8
:2006E0000121395265208000381809F079FF37E00024204604F0FAFF2046764906F004F8E2
:20070000022092E5002D6E4F2AD104202499785400253D5366203D5422980BE06620002196
:20072000674FCEE70222229824997A5400253D5366217D5409F054FF38467C30294605F0FE
:200740009BFC38469830294605F096FC284609F081FF7867012009F07DFFB86709F0A2F9B7
:20076000B87B002817D0269C204609F08BFE002804D0B888312801D8401CB880B87B002533
:20078000002809D0204609F07DFE002804D0B888312800D980E00025397C38687A696432BD
:2007A000904203D20022002903D103E00122002900D01546B96E4A1E9141002D00D12599FC
:2007C00070222292BA5C531E9A410029259B00D11346F97C002B07D1052905D801228A40EE
:2007E00034231A4200D0B86600202890269027902498385CC0B2424242412A40012A00D0E5
:2008000078E11F2900D175E1052900D972E10122104688403421084200D16BE11D92209555
:2008200009F012FF1E9009F009FF054609F012FE3C46074665208000201809F046FF27A991
:20084000039128A90291019000972046BC3031461E9A2B4601F0A8FE00266665CE20225C92
:20086000E027E05D431E01469941002A259A00D00A46002A65D109F0EDFD00285FD01048B7
:20088000D549416509F0DAFE0546002108F023FE002821D11D9922E001257DE726B200000A
:2008A00018B1000088B20000C1B1000001AA000062B200000AB100004AB2000042B100005A
:2008C00040382020FFFF00000000A0410080094422AF0000DEB000001D99C80745408907BB
:2008E000284608F0F8FD002829D11E96BA48294607F0B8F8FA4908F06DF90546F94908F089
:2009000005FE06462846F84C214608F0E4FD002800D12C46002EF34900D12146EC20F34A40
:200920001058289D08F056F90646294607F09FF828902798314607F095F827901E9EEB48E2
:20094000C05D0028209D6DD02899279AE74FB965FA65042800D0CDE0BE7338467C303146A8
:2009600005F08AFB38469830314605F085FB1E96304609F06FFE78670120269009F06AFE24
:20098000B86709F08FF87C6BBB6BF96B3E6C1A195218921930D02398424344432294434352
:2009A0004143464344257D5B249546257C5B219448257C5B20944A257C5B1D94C6257C5B88
:2009C0001C94CA27C94CE75BCC25655B45430897C64F0995009301910296249803902198CF
:2009E0000490209805901D9806901C98079029A8BF49229B09F068F95020395A5325785D40
:200A0000421E90410029259900D0014600291E9C03D106F001FE26987855FC7409F09EFA6F
:200A2000FFF75BFBB148806D00271B90394608F052FD054628981C90394608F067FD8121B8
:200A4000CC050028AB4E00D12646002D00D12646A648C06D1D90394608F03DFD054627987A
:200A60001E90394608F052FD0028A24800D12046002D00D120461A901B9D2846314606F018
:200A8000F6FF04461C9E3046214608F03FFD07462846994906F0EBFF05463046294608F0A7
:200AA0001AFD002800D13546002F1E9E1A9900D12C468E4884651D9F384606F0D8FF0546B9
:200AC0003046294608F022FD1C9038468A4906F0CEFF07463046394608F0FDFC002800D12E
:200AE00037461C98002800D13D46804FFD6528942795209DF87CC1B2081F424242412A4064
:200B0000012A0BD165208000381809F0DEFD7B4908F0F3FC002817D1F97C06E0002D269AA2
:200B200013461446104600D1A5E0052901D0022957D1E020385C401EC1B2042920D2C006BA
:200B4000010E6F48C8401FE00022BA7371200121395472203A5428922792229D785D0028EA
:200B60000AD1B86E002813461446104600D182E03868F866795500221346144610467AE0BF
:200B8000CE20385C411E88414D217A5C4C23002AC2B202D0FC5CA2420CD054003C1944255E
:200BA000655B584EB54202D044346D1C2580F854012078547A44127952009744010F050993
:200BC000786B401C78630CE0F86B401CF86308E0386C401C386404E077120642B86B401C3D
:200BE000B863F87C1F2842D10320C0013C18F96A204607F0B1F9396B4120000600250095A5
:200C0000414A01920290414803902046404A2B4605F0A2F82290612080003E58FF7B012034
:200C20002090C0072690864330463A4908F065FC41424141002F259800D10846002825D03F
:200C4000002F0CD07F20C105304608F044FC002805D0264EF573204609F0D7FCF77BF8B24F
:200C60000028229900D10146204F269813E0279C289AF8690123397C002900D004462294A1
:200C8000209300D002462692234E08E0174F2098F873269822992291484026901F4E3D4695
:200CA0007C352846314609F011FB3C4698342046314609F00BFB2498385C042839D8800062
:200CC00002A108582699229E8746C046370D00002D0D0000210D0000210D0000270D0000B1
:200CE000CDCC4C3E0000C0400000C0C040382020C5AB000000004041000020C1000016436E
:200D000002020303FFFF0000000090410AD7233CCDCC4C3F0000204000007A44000016441E
:200D20007E4E314607E07E4E314604E07D4E314601E000210E462846269105F09DF92046B4
:200D40002296314605F098F93878C00700D00BE200201C9009F07EFC07460120249009F050
:200D600079FC7149496F704A926FCE1B821A1D926D494F676C4FB86765208000381831468B
:200D800007F032FB3A6A7B6AB86A00902846314605F022FA1E903A6A7B6AB86A00902046AF
:200DA0001D9905F019FA064684201B9038585F4908407F21CD05294608F08DFB04465C480B
:200DC0001D96301880B25B49884201D31C982490A026B85955490840294608F07CFB411E42
:200DE000884124990840397C002C259A00D102464F4B1E9DEB189BB24E4CA34200D302462D
:200E000000290FD0002A0DD0B87C322803D2411CB974312808D105F00FFD4748474909F08B
:200E200027F9A1E10020B8741D98404201B20024204609F0BBF801201690294609F0B6F8C7
:200E4000387C002851D01C943C68239844431B9838581A902496B859199000262698314643
:200E600008F030FB474247412298314608F02AFB4142414139432C4DB420285C1890B8221C
:200E8000A85E1790E023EB5C5B1EDEB2042E04D2DB061E0E2A4BF34003E0CE23EB5C5E1EFE
:200EA000B3416E6B2048876BC56B006C239A564357435543504308971B4F09950A90D8B289
:200EC000199A00921E9D01951D9B0293039118990491179905910690079620462699229AFB
:200EE0001A9B06F05FF8249E1C9CF87C052802D0022800D038E14E20395C491CCAB239547F
:200F0000052A00D230E13C545021785AC2084B2A18D352201699395426E1C046000090C1B6
:200F200000004041000020C240382020FFFFFF7FB4E2000069C500006AB20000FCB000008E
:200F4000020203032496421C7A5218254543386823994143E14841512698E14907F03AFE2C
:200F600004460021199108F0C8FABF21090618913F21090600281C9100D11899204606F0E8
:200F800076FD0646D74908F0C1FA2390C72004063046214608F09FFA00281A9400D134468C
:200FA000204608F0C9FE23990029CA4900D10146CA484019239081802298C94907F00AFE12
:200FC0000446199908F099FA00281C9900D11899204606F04CFD0646C24908F097FA04465C
:200FE00030461A9D294608F076FA002800D13546284608F0A1FE002CB64900D10146239876
:20100000C1801B983858B64907F0E4FD0446199908F073FA00281C9900D11899204606F059
:2010200026FD0646AF4908F071FA044630461A9D294608F050FA002800D13546284608F0E4
:201040007BFE002CA34900D101462398018124983858A34907F0BEFD0446199908F04DFA85
:2010600000281C9900D11899204606F000FD06469C4908F04BFA044630461A9D294608F06C
:201080002AFA002800D13546284608F055FE002C904900D10146239A51811E9890811D98D7
:2010A000D081B820385A108209F0C8FA8C4907F091FD0446199908F020FA00281C9900D112
:2010C0001899204606F0D3FC0646864908F01EFA044630461A9D294608F0FDF9002800D13C
:2010E0003546284608F028FE002C7A4900D1014623984182786D7A4907F06CFD0446199960
:2011000008F0FBF9002801D118981C9020461C9906F0ADFC0646734908F0F8F90446304622
:201120001A9D294608F0D7F9002800D13546284608F002FE002C674900D10146239A918223
:20114000B420385C9075E020385C401EC1B2042904D2C006010E5E48C84003E0CE20385CD2
:20116000411E88412399C8757120385C00280BD07221785CFF2803D0421C7A54092803D392
:2011800005F00CFDFEF7A9FF3889401C81B2132900D900203881F888401C81B2F880322994
:2011A00004D30020F880302008F094FE7889401C81B27881322908D309F034FA002804D103
:2011C00000207881209802F021F9B889401C81B2B881C82901D2FEF780FF0020B8812198DF
:2011E000385C1E9005208001385C2490B420385C2390B820385E2190FF202030385C1D90D5
:2012000009204001385C1C9011200001385C1B9043208000385E1A9087204000385E19906A
:20122000269808F089FD2690229808F085FD2290842038582C4C214607F0CCFC08F07CFD93
:201240001890A0203858214607F0C4FC08F074FD1790386B08F066FC04460E4665208000C8
:20126000381809F032FA08F05DFC49229200BA582523DB00FB5813273F01174DEF590E945B
:201280000F9610901191129213931497124F1E9B08932698099022980A9018980B90179818
:2012A0000C902498009023980190219802901D9803901C9804901B9805901A9806901998DE
:2012C000079029A80949209A08F0FEFCFEF705FF02020303FF7F000040382020000020202F
:2012E0000000204100FEFF460000C84210AB0000F0B5FFB08EB004930692064692980290BC
:201300000025E84305908C913468204609F06FF921188B9503918C4200D3C2E00020879001
:2013200087A908738890059889902F46049D2078002800D1B8E0252805D0641C3460069920
:20134000A8477F1CF3E78B97601C306087AC2046314600F0C1F88CAA2046314600F0DDF86A
:20136000306801787A2925D0682919D06A2908D06C290ED0742908D04C2922D187998022CD
:201380001BE087990122D20217E087990122520313E0427887996C2A6AD10122120205E0F2
:2013A00042788799682A66D10122520211438791801C05E08799012212030A438792401C0C
:2013C0000178441C346087A80173732913D06E291DD1879836490840411E02464A408A4216
:2013E0003DD900282DD04142014032484143C80E31A1085C26E087A80078400619D400956F
:2014000087A88CAA8BAB069900F046F92BE007AD87A98CAA284600F095F9024628460699FD
:20142000029B9847411C059D00D0C5198B9503991BE0009587A88CAA8BAB069900F0C9F84C
:2014400011E02020401F082809D8C0467844007940008744210404151C04150404008C9806
:2014600002C88C900F6003998B9D681C1BD052E7401C402201E0401C2022114387919FE77C
:20148000F8178C9904C98C9117605060EBE78C9802C88C900F70E6E78C9802C88C900F8046
:2014A000E1E72F4600E0059F38467FB00EB0F0BD603F000031B57C0700011C021D0E1803E6
:2014C0001E16140F191104081F1B0D17151310071A0C12060B050A0910B50A680124E3073B
:2014E0001AD01378302B0CD0232B0ED02B2B0AD02D2B04D00024202BF1D1042306E0012356
:2015000004E0102302E0022300E0082304681C430460521C0A60E1E710BDFEB516460D46A4
:201520000446086802782A2A10D13068011D316000686060002805D54042606020680121E5
:20154000014321602868471C2F6017E00021303A092A08D84218531C2B60435C6F467B5438
:201560005278491CF3E76A460023535412784718002A03D0684608F00FFA606038782E288D
:2015800026D1781C286079782A2908D13068011D31600068A0602868401C2860FEBD00201D
:2015A0003039092908D839188A1C2A604A786B461A548978401CF3E76A4600211154107859
:2015C000002804D0684608F0E7F9A060FEBDA160FEBDF0B587B01E460C9F13681C1D1460FF
:2015E0001D68002D3AD0049106908468002C04D4284608F0B1FF844203D3284608F0ACFF51
:20160000044606984068A042039000DC2046014630680191401805940399A142029630607A
:201620000EDD06980078C0070AD1059801990E1A0024B44204DA20200499B847641CF8E775
:201640000026049C069805998E420ADA2868010A18D12D1D2146B847761CF3E70020B84715
:2016600018E00599039A8A4214DD0078C00711D00198451A0024AC420CDA20200499B8478E
:20168000641CF8E70020C0430299086009F00CF85821016007B0F0BDF0B585B00C46064612
:2016A0000A9D1068011D116000680490002844D00393B768002F04D4049808F098FF874294
:2016C00003D3049808F093FF074602967268BA42114600DC3946039B186800914018019207
:2016E000BA4218600FDD02980078C0070BD10098C01B039000260398864204DA20202146C1
:20170000A847761CF7E70026BE4205DA0498805D2146A847761CF7E70198B84210DD02980C
:201720000078C0070CD00098C61B0027B74207DA20202146A8477F1CF8E700202146A8478E
:2017400005B0F0BDF0B58BB004920D460446FF210846FA302718686805900026099606917C
:20176000FE3120222046029208F0BEFD7F20800021180A9103973E71287B0246613A172A48
:2017800008952BD8012393402546C34C23422C4609D009A90AAA089D2846049B00F082F905
:2017A00000260796B9E0712423422C46089D22D1022A13D1049B1868021D1A600068C2B225
:2017C000534253410793069AFC32A2180A920870286802218843286000269EE0014645393B
:2017E000032908D3252800D180E0412803D058280796CED092E00194049A1068C01D07214B
:201800008843014608311160076846682D7B2C467B3C384631463A46334608F02BFB0028EA
:2018200000D021E10120C007314681439B48484038431FD0F60F002007902846413806280D
:201840003FD9613D062D019C00D922E1A80002A21058089D8746C046D91800001B190000D5
:201860001B1900001B1900001119000005190000F91800000022384631460792134607F0A7
:20188000FCFD1921CA436921049149216E254E2366274626944200D33E46039AD670019CD5
:2018A00000D32B46937000D3049951703F21C90061180A910028089D14D02D2010700426CB
:2018C0002BE0019C089DC0467844007940008744032424241F1913000AAB38462A4603F025
:2018E00073FA1AE02B201070032616E00020607025202070012086E00AAB38462A4603F0B5
:2019000069FB0AE00AAB38462A4607F061FE04E00AAB38462A4605F0C7FA287B0125014633
:201920006F39092904D801228A405D490A4201D158286AD1059B0595E5180A98089909788A
:20194000C907274609D10399091D091A089A52689142274601DC691A4F1C411C06984300E6
:2019600000263846324608F0CAFB0A900799002903D0411C0A91067000E00146A94206D8FA
:20198000481E691A491C202208F0AEFC2E70089D2878C00605D4391B2022204608F0A4FCFF
:2019A0002CE0A7422AD0391B30262046324608F09BFC09984142414105980140012905D19D
:2019C0002878400702D43846214604E03878611C2070781C3E702A7B412A0CD0582A05D03F
:2019E000612A08D0782A01D0702A07D12B781B0701D4612A02D142784A704670204608F01F
:201A0000F6FD079940180BB0F0BD002E09D0012E059B90D10120099008980168022008400F
:201A200007E0099A0898016802200840002A08D0059B0A994A1E0A922D220A70454245418A
:201A400079E70028059B08D1480700D473E70A98411E0A91029901706DE70A98411E0A9170
:201A60002B210170002566E71920C543612241216E234E20AC4200D31846039BD87000D33A
:201A80001146039A91700A925070002007900226019C089D41E7C04608C190000000F07FDE
:201AA00043020000F8B514460F4605468068002804D4286810218843286001E00120A86034
:201AC000287B1026582808D0782806D0702804D06F2801D1082600E00A262846194600F08F
:201AE00055F8AA68002A09D102460A4306D12878000749D52B7B0020024612E02B7B642B1D
:201B000003D16423002905D40AE0692B08D1002906D5692301223A60002240428A4100E075
:201B20000A4600941146324600F0CEF8A968884206DA401C21684A1E226030220A70F5E70A
:201B4000287B582803D0782801D070280FD1297809070CD5702800D1782021684A1E2260A0
:201B600008702068411E216030210170287B6F280AD12878000707D520684178302903D0BE
:201B8000411E216030210170F8BDC04610B5037B702B05D10868021D0A60006800227BE056
:201BA00002683E481040421E04465440944216D9002807D04242024039485043C00E39A260
:201BC000105C00E02020401F082808D878440079400087444C04041E38041E0404000022D4
:201BE0001846643814280DD801248440354804420AD12120044205D00868021D0A60006886
:201C0000C21749E0582B46D10868031D0B60006842E018466438142807D801228240294838
:201C2000024206D12120024203D10020582B024632D10868C21D0720824310460830086011
:201C40001068526828E0002218466438142807D8012484401B48044204D121200442CBD189
:201C6000582B18D10868031D0B60007814E0002218466438142807D80124844011480442D2
:201C800004D121200442B7D1582B04D10868031D0B60008800E01046114610BD603F00008C
:201CA00031B57C0700011C021D0E18031E16140F191104081F1B0D17151310071A0C1206EE
:201CC0000B050A0900081200FEB501920D460646582B01D0174800E0154800900898029030
:201CE0003046284305D1029A1068411E116030210170019C3046284313D0304629462246D9
:201D000000F01AF807460D46224608F0D5F9301A0099085C029B19684A1E1A6008703E46B0
:201D2000E8E70298006808F062FC401EFEBDC0461EB000002FB0000080B5102A06D0082A39
:201D400009D1C0084A078018C90880BD00090A078018090980BD002904D1114607F0C2FEDD
:201D6000002180BD002308F0B7FB80BDF0B58BB0002800D1F3E115460F4606460993002492
:201D800000292346224611D00420385E07F044FF484906F01FFF0A95254604460620385EBF
:201DA00007F03AFF23462C460A9D0246307802280A962AD0012800D06DE17778012F48D13E
:201DC000002D00D1D5E03C4D2B40412001061846174607F089FB002800D1CAE03A462A4031
:201DE0003649104607F080FB002800D1C1E0F068401CF060232800D24DE102200A99487036
:201E00000024099848608860E6E07678012E6BD1002D00D1C2E00A99C868401CC86005282A
:201E200000D238E116460A9D0998A860224C23402349184607F061FB002800D0D0E03046FF
:201E40002040204907F059FB002800D0C8E00220C7E0002D00D18FE0089275680024746128
:201E600001200590C107079306918B431649184607F043FB002800D09DE0B81E08280999D6
:201E800000D908E14F1B800001A10858079A8746CD1E000063210000252200005B220000F3
:201EA00091220000A1210000D7210000972000007D230000CDCCCC3DFFFFFF7F0000A0415F
:201EC000000010410000F0410000D242192F00D2E9E203200A994870099848600020C86078
:201EE00008610883E94CD6E00121002D5AD008920691CF070024184621461D4607F0EBFA5B
:201F00000028079500D07D40FD49284607F0F5FA00285AD1092E6CD0022E00D0BBE0F94933
:201F2000284607F0EAFA002800D085E0089CBC43F549204607F0E1FA00287DD10A9E31464D
:201F40001931707E079DBD43002800D1FAE10F46EC49284607F0D1FA002806D1EB4920467E
:201F600007F0CBFA002800D100E200203870E84F74E00024F4608EE07069632805D8411CF3
:201F80000A9A5161632800D085E001200A9988760B2048700998486000241DE000240A9856
:201FA000C46078E00A984170099941600024C460046104836FE00220B0760B207070099898
:201FC0007060F4603461348365E002200A9988760B20487009984860CC600C610C835AE0FB
:201FE00009206870099868600024EC602C612C8351E041200106284607F076FA002825D040
:20200000089CBC43C149204607F06EFA00281DD00A9EF068401CF06028281AD3022070704E
:20202000099870600020F06030613083304619300990079DBD4386E109200A9E70700998C6
:2020400070600020F0603061307602E000200A9EF06000207076079DBD43AE4F4120010600
:20206000284607F04AFA002801D0AB4800E0AB4801D0AB4900E0AB491422069B9B07009155
:20208000019002970393049200213046079A089B03F02AFF0446A44D2046294607F01BFAD7
:2020A00007468120C6052046314607F02FFA002800D12646002F2C4600D134460A98046211
:2020C0002046294607F007FA002800D1254600272846394607F0FFF90121CC072E4600283B
:2020E00000D066409149304607F0F5F9002834D17F20C105304607F0F7F900280ED17F4977
:20210000304607F0F1F900280DD18949304605F0AEFC884906F05EFD87490CE08749304657
:2021200006F058FD09E08649304605F0A0FC814906F050FD814905F09AFC3F21090605F0CF
:2021400096FC06460021284607F0E0F9002800D16640304607F0F0FD07460A9887830BB095
:20216000F0BD664C0F2F96D33F200106104607F0C4F90646401E8641EC49089807F0BDF9F6
:202180000546401E85413540E649089807F0B5F9411E88412843402F00D9A0E100219FE1EA
:2021A000E949104607F0A0F9089C06998C43002800D18FE0E549204607F096F9002800D17A
:2021C00088E008200A994870099848600020C86008610883D1E0DB49104605F048FCD84C07
:2021E0002040CF4907F080F9002800D1C2E008980440CA49204607F077F9002800D1B9E006
:202200000A99C868401CC8601428079A00D2B5E00A200A994870099848600020C8600861A4
:202220000883ABE0D549104607F067F9002800D1FEE0142F00D2FBE00124E107089888437E
:20224000B84907F051F9411E88411B2F0A9900D80024204300D0EEE04FE1C349104614463E
:2022600005F005FC0121C9078843C04907F03CF900280A9900D1E7E00620487009984860EC
:202280000020C860086108832DE0C046000040401E2F0A9D27D3A149104607F025F90446E2
:2022A000AB49089807F020F92043411E88417C2F059900D800210843012814D10720687055
:2022C000099868600020E860286128830120C007089C84439F49204607F00FF9002800D061
:2022E000EEE09E4AEDE0A249089807F00FF9002801D1A14CCFE69F4CCDE6C0460000404011
:202300000000D242000010410000F04100004041CDCC4C409A9979406F12033D295C0F3D03
:20232000EC51383D0AD7233D000080C0CDCCCC3C000040C000002042000020430000A04222
:20234000000080BF099141200106284607F0CCF8754F002800D181E67449204607F0C4F819
:20236000002800D17AE606980999087000243476346190E600200A99C860079A7A481146CE
:2023800005F070FB04460A98407E06998C43002815D07F49089807F0B0F800280A9D0BD106
:2023A0007C49089807F0A0F8002805D16F49204607F0A3F8002817D0002068761CE05749D2
:2023C000089807F091F800280A9D15D07249089807F093F800280FD05149204607F084F8D2
:2023E000002809D0059868766C49089807F07CF800280AD16B4C4EE641200106204607F0EE
:202400007CF8002803D14C4802E0654C43E64B48089B01D1464900E046490C220492504A98
:202420000392504A00AC07C44F492846079A2FE61C2F0A9961D305204870099848600020D2
:20244000C86008610883079C4E49204607F043F8002808D003208107089807F045F80028E7
:2024600001D0404C17E64849089807F046F8414C002800D00FE64549079807F03EF80028A0
:2024800006D03A49089807F038F8002800D002E60120C107089888432E4907F02EF800282C
:2024A0002DD12E4B2CE00C2004902D4803902D4802902A4801902148009000210A98E6E540
:2024C000254A0A98089B0C21049125490391254902911A49009101922349079AD8E5012110
:2024E0000843012800D0D6E504200A994870099848600020C86008610883214CCBE5164B5B
:202500000A98079A0C21049115490391154902910A49009101930B49B9E5C04600004041E2
:20252000000010410000F041CDCC4C400000A040295C0F3D6F12033D0AD7233DEC51383D8F
:20254000FFFFFF7F00004842000020C2000070420000C8C20000BE42A69BC43CBC74933C17
:202560006666264000004040000048C2000020410000A041000040C0CDCCCCBF00002842CF
:20258000CDCC0CC0000020420000B4420000184200007041000096C2000070C20000F0C138
:2025A0009A99993ECDCC4CBEF0B58BB00D4607467648398B814201D0491C3983139A12995F
:2025C00009913C462434A97800291ED0119E0021F9713972AB8804937B802B78802B0793BD
:2025E000089201D0012B39D1397BFF2908D0002904D1FA89824201D0501CF881491C39737A
:20260000388A88422BD2398229E0FE79FF2E00D18BE008921099002E04D17A89824201D0AF
:20262000501C7881751CFD71002900D1FBE10120C00783435649184606F068FF002800D15F
:20264000F1E1022E089A00D9EEE10320207000250998056015600520387205E239730595DF
:202660000A97607806904B49304606F046FF00281FD0494D474F3046294605F0F8F90646AC
:20268000394606F03AFF002813D03046294605F0EEF90646394606F030FF002809D0304659
:2026A000294605F0E4F90646394606F026FF0028E1D100273046394606F00DFF00281ED0E5
:2026C000FA4D3046294605F0D2F90646002106F002FF002813D03046294605F0C8F90646B8
:2026E000002106F0F8FE002809D03046294605F0BEF90646002106F0EEFE0028E1D1EC49DD
:20270000304606F0E8FE002812D1EA49304606F0E2FE002801D001270AE0E749304606F036
:20272000DAFE002803D1032702E035467CE10227069B9F42079A1CD16770032010403F2AF5
:202740000AD8002808D00A9F3879FF2801D0401C3871002078712EE0402A0A9F29D30028F2
:2027600027D17879FF2801D0401C78710020387121E0B80001A108588746C0469D27000018
:20278000F5290000C1290000DB290000FFFF000000004842CD8C1944CD8C19C4032BCBD1EF
:2027A000C649304606F0B2FE079A0028C4D00327C2E70020B8802078411E012910D8D10686
:2027C000890F00D1EAE0B979491CCAB2B971052A00D2E5E000202070B871049A3A8002E0B0
:2027E00000202070049A3888101A03B211B2C9134A40541A0693D9134840401A00B207F045
:202800000BFAB24906F0E6F907F096FA20187C6B05B2284607F000FAAD4906F0DBF9214600
:2028200005F025F904465A2D06DBBF6B2046394606F06CFE002800D127460A98817C0491CA
:20284000002906D0866B3846314606F05FFE002800D13E460A98C76B3046394606F03BFECB
:20286000002800D137460A98846A3846214606F032FE0646012003908107204605F0F7F875
:202880000446394606F042FE0028384600D12046002E00D107460A9EB762306C0290059884
:2028A0008088079000B207F0B7F90546746C069807F0B2F901462046019106F08BF90446B2
:2028C00002980595294606F085F9214605F0CFF80446B56C294606F019FE06900398C607D9
:2028E0006E402046314606F0F6FD002800D126460698002800D13546049800283ED075495D
:202900000A9881627449019806F064F904467349059806F05FF9214605F0A9F807464120ED
:2029200005063846294606F0F1FD0446C12006063846314606F0CFFD002800D13E46002C24
:2029400000D135460A9F386B654906F043F9294605F08DF806465F4905F089F809990860A2
:20296000B86A314605F07EF808990860079838803046314605F07BF8054675E000210A9C37
:202980002163284606F0B9FD002840D12846394605F06DF809990860A06A3EE00021B9719C
:2029A0000128504950480A4600D00246034600D00B4609990A6008990B60B8624B4D53E0EE
:2029C000012B00D0B8E63F49304606F084FD079A002800D1B0E60127AEE6022B00D0ABE66E
:2029E0003749304606F077FD079A002800D1A3E60227A1E6002B00D09EE63349304606F03D
:202A00006AFD079A002800D196E6002794E609980760A06A294605F025F82746089908608F
:202A20000798208020E0089A387A002808D0401E387203202070002509980560156013E0B5
:202A4000052D14D81346002020700220385E00282B4A2C48114600D4014600D410461A468A
:202A6000099B196010600025FD620BB0F0BD232D0AD81346032020700220385E00281E4A57
:202A80001E481146E8D5E8E7412D0AD81346032020700220385E0028154A16481146DBD5ED
:202AA000DBE70420207000210846D9E7CD8C194400001643CD8C9943CD8CE443CD4C184438
:202AC000CD0CE743CD0C9C4300001B43CDCCCC3DEC5138BE0000B442CDCC4C3D0AD7233DAF
:202AE000E17A9641000040C100004842000078420000A0C100000C420000A04100005C4231
:202B00000000344200007042F0B583B015460E460446411E8841FD49B02205F0CFFF002E8B
:202B200006D021780520014205D0042003B0F0BD032003B0F0BD0296A71C0422114321707C
:202B40003A7B7B7B1B029A18BB7B1B042E46FD7B2D06EB189A18964200D930E23546387CE0
:202B6000797C09020818B97C0904FA7C12065118091838797A7912021018BA791204FB793E
:202B80001B069A1810180E1A6178B5423AD9022900D1D9E001296FD0002900D0FBE139788B
:202BA0007A7812025118BA781204FB781B069A18511808180299324607F07AFD387979796B
:202BC00009020818B9790904FA7912065118081801968119387C7A7C12021018BA7C120414
:202BE000FB7C1B069A1812185342914200D28FE1881A59188A4200D98BE1801A811A5018F6
:202C0000F3D386E1022900D1D1E0012969D0002900D0C0E1A178E27812025118227912043C
:202C200063791B069A185118081802992A4607F03FFD3879797909020818B9790904FA799E
:202C40001206511808184119387C7A7C12021018BA7C1204FB7C1B069A181218534291426B
:202C600000D290E1881A59188A4200D98CE1801A811A5018F3D387E1A178E2781202511831
:202C80002279120463791B069A1851184000081872000299009207F00BFD387979790902BF
:202CA0000818B9790904FA7912065118081801968119387C7A7C12021018BA7C1204FB7CC7
:202CC0001B069A1812185342914200D2A2E0881A59188A4200D99EE0801A811A5018F3D3A2
:202CE00099E0A178E278120251182279120463791B069A185118400008186A00029907F046
:202D0000D7FC3879797909020818B9790904FA791206511808184119387C7A7C120210187F
:202D2000BA7C1204FB7C1B069A1812185342914200D228E1881A59188A4200D924E1801A39
:202D4000811A5018F3D31FE1A178E278120251182279120463791B069A1851188000081851
:202D6000B2000299009207F0A3FC3879797909020818B9790904FA79120651180818019626
:202D80008119387C7A7C12021018BA7C1204FB7C1B069A181218534291427AD3881A59182B
:202DA0008A4277D8801A811A5018F5D372E0A178E278120251182279120463791B069A18F1
:202DC000511880000818AA00029907F071FC3879797909020818B9790904FA791206511840
:202DE00008184119387C7A7C12021018BA7C1204FB7C1B069A1812185342914200D2C2E0D7
:202E0000881A59188A4200D9BEE0801A811A5018F3D3B9E008463871010EF971010CB971B9
:202E2000010A797139787A7812025118BA781204FB781B069A185118400008180299009AF1
:202E40008918019AAE1A720007F032FC3879797909020818B9790904FA79120651180818B6
:202E60008119387C7A7C12021018BA7C1204FB7C1B069A1812185342914200D283E0881AD3
:202E800059188A4200D97FE0801A811A5018F3D37AE008463871010EF971010CB971010A4E
:202EA000797139787A7812025118BA781204FB781B069A185118800008180299009A89189B
:202EC000019AAE1AB20007F0F3FB3879797909020818B9790904FA7912065118081881193D
:202EE000387C7A7C12021018BA7C1204FB7C1B069A1812185342914245D3881A59188A42CD
:202F000042D8801A811A5018F5D33DE077AE000008463871010EF971010CB971010A797154
:202F200039787A7812025118BA781204FB781B069A1851180818019A02998918AE1A324643
:202F400007F0B6FB3879797909020818B9790904FA791206511808188119387C7A7C120250
:202F60001018BA7C1204FB7C1B069A1812185342914208D3881A59188A4205D8801A811A35
:202F80005018F5D300E008463871010EF971010CB971000A7871387B797B09020818B97B81
:202FA0000904FA7B120651180818401B3873010CB973010EF973000A787321780020FB2269
:202FC0000A40227003B0F0BDF0B591B0E4480078012800D0B0E1E34880690321C902405806
:202FE000E1490A78002A1DD0E0490A68002A1DD0841A0860DE480460204607F013F8064618
:20300000DC4905F0B3FE0546DB48844200D83546DA4928460C9106F05EFA00280ED0D84CB8
:20302000D84814E001220A70D04984E10860D04800210160D848016011B0F0BDD2492846E7
:2030400006F064FA002800D178E1D04CD048D24908600894D2483B210DAE0E23324603F0AA
:2030600011FA0D9800027178401800B206F0D4FD7121CF05394605F0ADFD0B90B07800029B
:20308000F178401800B206F0C7FD394605F0A2FD09900E9800027179401800B206F0BCFD0C
:2030A000394605F097FD0A900F980002717A401800B206F0B1FDBB4D294605F057FE044621
:2030C000B07A0002F17A401800B206F0A5FD294605F04CFE074610980002717B401800B21C
:2030E00006F09AFD294605F041FE0546AE4801682046049104F0B6FC0446AC480460AC48BF
:2031000001683846059104F0ADFC0746A9480760A94801682846069104F0A4FC0646A748C2
:203120000660A74800680790A64801680297384605F050FD054601942046079905F04AFD69
:20314000294604F094FC04469F4801680396304605F040FD214604F08AFC05460120C1078C
:20316000284688437D21C90506F0B5F900260028344600D12C462046804906F0C7F90746C9
:20318000924D2046294606F0A6F9002800D12546002F00D10C958E480C9F07608D480468B8
:2031A0002046314606F08EF905462046394604F05EFC3F210906079105F00CFD002D00D134
:2031C00007460898394605F005FD0C99814A1160814905F0FFFC0446804E314606F096F9DD
:2031E00007467F4D2046294606F075F9002800D12546002F00D12E467A4C2068314604F0EC
:2032000036FC05462060784F3868314604F02FFC38607649284606F079F9002820D0744EAD
:20322000724F2846314604F022FC0546394606F06DF9002813D02846314604F018FC05466D
:20324000394606F063F9002809D02846314604F00EFC0546394606F059F90028E1D1256048
:203260006449284606F037F9002820D0624E614F2846314604F0FBFB0546394606F02BF9E2
:20328000002813D02846314604F0F1FB0546394606F021F9002809D02846314604F0E7FBC8
:2032A0000546394606F017F90028E1D125600998014605F08FFC04460B98014605F08AFCC8
:2032C000214604F0D4FB04460A98014605F082FC214604F0CCFB494904F0C9FB484C2040BE
:2032E00048490D78484906F0F6F8002824D0002D22D00C982040079906F0EDF800281BD076
:20330000244C0198214605F065FC049904F0AFFB254908600298214605F05CFC059904F0F6
:20332000A6FB234908600398214605F053FC069904F09DFB2049086011B0F0BD154928469C
:2033400005F048FC144908601449284605F042FC0446002106F0C8F80028EDD179E6C04605
:20336000763D202094AF0000783D2020403D2020543D20200000A042400D03000000FA4325
:203380000BD7233C0000204100504347CDCC4C3D000048426F12833A443D2020BD37863557
:2033A000243B2020333383412C3D2020483D2020303D20204C3D2020343D2020503D2020E2
:2033C000583D20205C3D2020603D20200000FAC3283D20203C3D20201904963F0000A04075
:2033E0000000A0C0683D20206C3D2020000034430000B4C3000034C30000B443000080BF84
:20340000FFFFFF7F753D20209A99993EF0B58FB00646D54FF87C062801D3002200E0012245
:20342000831E591E8B41441F611E8C417021795C234200D0DDE0002900D1DAE00126B86EA0
:20344000F96E081A06F0EEFDC94905F0C3FBC94905F08CFC06F066FB02460B46C64908ADFA
:20346000284606F031FC0020039002F03FF9287804900224CE4D07E0284604F035FE0324C6
:203480000798C00700D16DE107960EA9039F0F702120487002262846324604F0B9FB0EA9CC
:2034A0000F704F702846324604F0B2FB0EA90F707F2048702846324604F0AAFB0EA90F7005
:2034C000222048702846324604F0A2FB0EA90F704C702846324604F09BFB0EA90F704C7027
:2034E0002846324604F094FB284604F099FD287A4006010E284602F0CBF9402128460691EA
:2035000002F0C6F90498002857D00024049805942E4601467F39C9B2A129059D01D3203830
:20352000054660080627394606F0DCFAE8B27843A04A1018405C0799C90716D001210140A4
:203540004A008307DB0F9D00AA18DB00D2184307DB0F1D0152195B01D218C308C000069D58
:2035600028401018DA01024315E0C106C90F4A008306DB0F9D005219DB00D2184306DB0F4A
:203580001D0152195B01D2184308069D2B40D318802202401A430A43D1B23546304602F024
:2035A00077F9671C0C21384606F09CFA08A9762C03D8085C00283C46AAD10026284631461F
:2035C00002F066F9781C40B2002800D554E70021284602F05DF9B81C40B2002800D54BE710
:2035E0000021284602F054F9FF1C78B20028E4D542E704280ED10796BA6E0026002A304618
:2036000028D0481E0D4685413B680020934214D2044613E03F2318403423C3401A4009D031
:20362000B86E00294ED0FA6E002A4BD0002849D0101A51E04D49002061E001242543012D22
:2036400008D1002900D0FB6E981A06F0EBFC484905F0C0FA474905F089FB06F063FA0246BC
:203660000B464D4908AD284606F02EFB3046294603F04AF865208000381807F026F806F0A7
:2036800051FA02460B464548009601904449284606F01AFB0220294603F036F8B620385C70
:2036A000002801D0404A00E03E4A079C3F49284606F00AFB0420294603F026F8002C42D1A8
:2036C000324C41E04A1E9141424242410A4301D0002001E03968081A06F0A4FC244905F030
:2036E00079FA244905F042FB06F01CFA02460B46214908AD284606F0E7FA0020294603F02D
:2037000003F8FA7C4F2080003B5C1C4908AD284606F0DAFA0220294602F0F6FFFF20203079
:20372000385C002801D0174A00E0154A112000013B5C1549284606F0C7FA0420294602F08B
:20374000E3FF002EBCD0124C386B06F0EBF90090019110492846224606F0B6FA0620294666
:2037600002F0D2FF0FB0F0BD40382020A9B100000000204100007A4438B2000083B10000CB
:20378000B0B20000B8B200009DB10000A7B20000B4B20000E5B10000D9B1000000C06240CE
:2037A00090B000009DB20000BBB200005AB20000043B2020D0A60000F0B581B001242D20C4
:2037C00006F0E0FCCD4D297888421AD1A97802291AD84A1CAA706978431A59425941032A49
:2037E000224600D10A46002A0ED16870002800D1EAE0287A002801D10120A8710020A8807E
:2038000002E028700020A8706878002809D1A888632806D8401CA880642802D10120E8711E
:203820002872372006F0AEFCA97A88421AD1297B02291AD84A1C2A73E97A431A5942594166
:20384000032A224600D10A46002A0ED1E872002800D1BDE0A87C002801D1012028740020BE
:20386000E88102E0A87200202873E87A002809D1E889632806D8401CE881642802D10120A5
:203880006874A8743A2006F07DFC297D88421AD1A97D02291AD84A1CAA75697D431A594266
:2038A0005941032A224600D10A46002A0ED16875002800D190E0287F002801D10120A87689
:2038C0000020288302E028750020A875687D002809D1288B632806D8401C2883642802D1F8
:2038E0000120E87628773B2006F04CFCA97F88421CD120216A5C022A1CD8521C6A54E97F77
:20390000431A59425941032A224600D10A46002A10D1E877002863D02620285C002802D1D5
:203920002420012129540020688403E0A877202000212954E87F00280BD1688C632808D8EE
:20394000401C6884642804D12520012129542620295425216A5C00206854002A05D12422E9
:20396000AB5C0021A954002B14D065490A78012A06D108706449087064490C7001B0F0BDBD
:20398000604A147008706049087060480470FA2001B0F0BD5B48007800280ED0584F397853
:2039A000A8790026AE7101291FD100282CD05C480178002926D0491E25E0A87EA97600284E
:2039C0001BD0FB2001B0F0BD0020A88028721BE70020E881A87448E700202883287775E705
:2039E0000020688426216854A4E7002840D048480078002825D0431E24E0A9712974084666
:203A000001B0F0BD03210170287C00262E74002805D043480178491C03220A400270A87EDA
:203A2000AE7600285AD0384908783D4A12783B4B1A700E7033490E703E7034490E7001B01C
:203A4000F0BD072333480078D9B281420A4600D30246171D81422E48037001D38F4204D882
:203A60008F4200D8DA1E2B48027028480470244F287C2E7400281AD025490878401C07239D
:203A800003402448027893421F4600D31746381D93420B7002D3C1B2994205D8C0B29842A2
:203AA00000D8DF1E1B48077018480470144FA87EAE76002814D016480078C0001649085C71
:203AC000062812D801218140742211420DD00E49087012480078124908703C700B4804703E
:203AE00001F032FD304601B0F0BD0021054A11703970064A117001B0F0BDC046A83A2020E1
:203B00008F3B2020843B2020873B2020893B20208E3B2020803B202008AD0000713D2020EF
:203B2000773D2020F0B585B0AA480078012800D04EE1A94880690321C9024058A7490A7852
:203B4000002A1DD0A6490A68002A1FD0841A0860A4480460204606F065FA0646A24905F097
:203B600005F90546A148844200D83546A04C2846214605F0B0FC002810D09E4D9E4816E0C9
:203B800001220A709649086005B0F0BD08609548002101609D48016005B0F0BD9749284622
:203BA00005F0B4FC002800D101E1954D954897490860019502949748432103AF06233A46B4
:203BC00002F060FC039800027978401800B206F023F8914C214605F0C9F89049096803F0B7
:203BE00041FF06468E480660B8780002F978401800B206F011F8214605F0B8F88949096802
:203C000003F030FF054688480560049800027979401800B206F000F8214605F0A7F88349B3
:203C2000096803F01FFF0746814807608148046881480168284604F0CDFF054630462146C8
:203C400004F0C8FF294603F012FF04467B480168384604F0BFFF214603F009FF07460120C0
:203C6000C107384688437D21C90505F034FC002500282E4600D13E4630465D4905F046FC39
:203C800004466F4F3046394605F025FC002800D13746002C00D102976A48029F07606A4E93
:203CA00034682046294605F00DFC05462046394603F0DDFE3F21090604F08CFF002D3946FD
:203CC00000D10146019804F085FF37605F4904F081FF04465E4D294605F018FC07465D4EA3
:203CE0002046314605F0F7FB002800D12646002F00D13546584F3868294603F0B8FE044677
:203D00003860564E3068294603F0B1FE30605449204605F0FBFB002820D0524D504E204685
:203D2000294603F0A4FE0446314605F0EFFB002813D02046294603F09AFE0446314605F0BE
:203D4000E5FB002809D02046294603F090FE0446314605F0DBFB0028E1D13C604249204639
:203D600005F0B9FB002833D0404D3F4E2046294603F07DFE0446314605F0ADFB002813D0A9
:203D80002046294603F073FE0446314605F0A3FB002809D02046294603F069FE04463146A5
:203DA00005F099FB0028E1D13C6005B0F0BD1649284604F00FFF154908601549284604F04D
:203DC00009FF0546002105F08FFB002800D1F0E605B0F0BD763D202094AF0000783D202094
:203DE000403D2020543D20200000A042400D03000000FA430BD7233C00002041005043474A
:203E0000CDCC4C3D000048426F12833A443D2020BD378635243B2020333383412C3D2020D6
:203E2000483D2020303D20204C3D2020343D2020503D2020583D20205C3D2020603D20203E
:203E40000000FAC3283D20203C3D20201904963F0000A0400000A0C0683D20206C3D202047
:203E6000000034430000B4C3000034C30000B443F0B591B00F90012548000D90400D5C002D
:203E8000670D59401095EE070E40AB494D1E44198C4200D203E17C198C4200D2FFE004963F
:203EA00010990C05611E00910B400025E9430E91A449019423430C93C01B40180290401C55
:203EC0000390D0020A90500DD9020B9247189E48C41B3846294622462B4606F0EDF84842BF
:203EE000294622462B4606F0E7F84900C00F4418204629463A462B4606F0DEF84A422046AD
:203F000029462B4606F0D8F84900C00F4418204629463A462B4606F0CFF84A4220462946A3
:203F20002B4606F0C9F84900C00F4018441E3846294622462B4606F0BFF806460F460A98D1
:203F4000294622462B4606F0B7F870186F411099081A0A902A46BA41204629462B4606F030
:203F6000ABF8C20F49008918099146000A98294622462B4606F0A0F84A00C00F8018CF0FFC
:203F8000341809994F41E13C0994AF410F9AD00F0D9909180691520008920E98401E0D9086
:203FA0002E46AE4108463040034607902046294606F082F80A910698C043614AD14301437C
:203FC000521A05922C466C4109982946234606F073F80690099138462946089A079B06F08E
:203FE0006BF80890079138462946059A234606F063F805900A9A069BD0182B466B41079F63
:204000003E400D9C089A224082185E41059838186941099A80186941841969410E98401C77
:204020004748684181424BD2002201988142109800D310460F9B01D3039A029281401F2268
:2040400042406708D7400F4384405E05204639460B9A0C9B06F030F840428E4102994A1E3C
:204060003449491E8A423EDC012A48DB00990F401205C10F73005B184000109921404018D1
:204080003A4304990A430021651C51410B9E301A0C98984100D3254644D3114642E0002F18
:2040A00028D024498F4204D0002823D0884200D0F5E62248064300253146284611B0F0BD3B
:2040C0006008CA0784184F080F980605204639460B9A0C9B05F0F0FF40428E41039A1549A1
:2040E000491E8A42C0DD1548049901430025284611B0F0BD00252946284611B0F0BD002A17
:2041000013D10E994C400E494F4027430DD1019A56403043294605D10499114300252846ED
:2041200011B0F0BD284611B0F0BD2946284611B0F0BDC046FF07000002F8FFFF0000F07F77
:20414000FFFF1F00FE03000033F30475F0B5D9B01C4603920F46029058A80026068057A8EB
:20416000068056AD2E8055A8068054A80680084605F0D6FF28808F4D2888002802D08E48E7
:20418000006880478D480078002800D10DE1288800283CD08A48036854A801884A1C02802E
:2041A0003046029A9847384605F0BAFF56A90880844800888449097805F094FC55A90880AE
:2041C000384605F0ADFF381857A90E800988012913D9421C56A8805F002827D4521C2AE065
:2041E0005799491C57AA11805699491E56AA118057A90988401E0229EBD256A9895F00290A
:20420000E7D401785C29EBD02F29E9D0ECE70120010214A806F06FF8704E31680298884749
:20422000002C00D1B8E000946D49B6E057A80088002800D1BBE0654914A805F045FD58A84D
:204240000680058814E057A8008804AA16545C4803686048007854994D1C54AF3D804843E8
:2042600081B2304698475898401C58A908800D8814A805F055FF55A9895F05F033FC401CE1
:20428000A84228D957A80680008855A9895F8842D9DA14A805F044FF57A9098858AA1288A2
:2042A00055AB9B5F534359188842CCD357A90A8858AB1B8855AFBD5F5D4314AB5B199A5C73
:2042C0000B8804ADEA54579A521C0A800988BA5F9142E1DBB7E7404914AE3046039A05F049
:2042E000F3FC374803683B48007854994A1C54AD2A80484381B20025284632469847002C18
:2043000053D058A80580068814E057A8008804AA15542B4803682F48007854994E1C54AFAE
:204320003E80484381B2284698475898401C58A908800E88204605F0F3FE55A9495F05F062
:20434000D1FB401CB04230D957A80580008855A9495F8842D9DA204605F0E2FE57A909883F
:2043600058AA128855AB5B5F534359188842CCD357A90A8858AB1B8855AE775F5F43E319C8
:204380009A5C0B8804AFFA54579A521C0A800988725F9142E2DBB8E7124914A83A46039BE4
:2043A00005F092FC316814A8884759B0F0BD084942E7C0467C3B2020503B20207A3D202067
:2043C0004C3B2020023B20207E3B20202FB200004FB100007F3B202041B20000483B20200F
:2043E000B0AF0000E2AF0000F0B587B09E4C3520C100204605F07FFF9C487F210391C90532
:2044000020626162274603F033FF04F00FFB0025284604F03DFE4F208000201805F0EAFF00
:2044200030201024112621462A46334602F0B0FE07200490012205922146334602F0A8FEE4
:2044400004F05EFA04F0A8FA38467C3006F00EF83846983006F00AF804F0E6FD3846BC30D5
:2044600005F0BAF90320C001381806F09DF865208000381806F0ADF800F04AFA1C200090E5
:204480007B4E3C210A221F23304604F02FFF642003F00EFA06A90D70AE2048700227304620
:2044A0003A4603F0B5FB06A90D70D520487030463A4603F0ADFB06A90D7080204870304675
:2044C0003A4603F0A5FB06A90D70A820487030463A4603F09DFB06A90D703F2048703046E3
:2044E0003A4603F095FB06A90D70D320487030463A4603F08DFB06A90D704D7030463A4692
:2045000003F086FB06A90D7040200290487030463A4603F07DFB06A90D708D2048703046E9
:204520003A4603F075FB06A90D701420487030463A4603F06DFB06A90D7020204870304695
:204540003A4603F065FB06A90D704D7030463A4603F05EFB06A90D70A120487030463A46C2
:2045600003F056FB06A90D70C8244C7030463A4603F04EFB06A90D70DA20487030463A461D
:2045800003F046FB06A90D701220487030463A4603F03EFB06A90D708120487030463A4634
:2045A00003F036FB06A90D700398487030463A4603F02EFB06A90D70D920487030463A4673
:2045C00003F026FB06A90D70F120487030463A4603F01EFB06A90D70DB20487030463A46FB
:2045E00003F016FB06A90D700298487030463A4603F00EFB06A90D70A420487030463A46A9
:2046000003F006FB06A90D70A620487030463A4603F0FEFA06A90D70AF20487030463A4672
:2046200003F0F6FA284601F061F81248124903F085FA049E3046294605F0A4FC204603F043
:2046400037F93046059C214605F09CFC284606F001F8054D6867204605F0FCFFA86700F04C
:2046600073FF07B0F0BDC0464038202000004041043B2020ED56000009670000F0B58BB013
:2046800093490978012900D01FE1002801D17D20800002900027059706973C463E463D4631
:2046A000049703963B2107AE0E238A48324601F0E9FE079800027178401800B20499091810
:2046C0000491B0780002F178401800B2059909180591089800027179401800B206990918FD
:2046E000069109980002717A401800B23F18B07A0002F17A401800B22D180A980002717BBE
:20470000039E401800B23618042003F0D1F8641CA0B202998842C4D301970395049805F031
:204720007BFA0446029805F07DFC05462046294604F01CFB0746059805F06EFA294604F0DD
:2047400015FB0446069805F067FA0695294604F00DFB054620460494214604F03BFA0446E2
:2047600038460597394604F035FA214603F07FF904462846294604F02DFA214603F077F99F
:2047800007467F20C4053846214604F0BFFE00285DD07120C105384604F01CFA8D21C9051E
:2047A00003F065F93F210C06214604F013FA029505463846294604F0D9FA0146284603F090
:2047C00056F9214604F006FA05463846294604F0CDFA0146284603F04AF9214604F0FAF903
:2047E00005463846294604F0C1FA0146284603F03EF9214604F0EEF905463846294604F085
:20480000B5FA0146284603F032F9214604F0E2F905463846294604F0A9FA0146284603F069
:2048200026F9214604F0D6F904460598214604F09DFA294908600498214604F097FA274984
:2048400008600298214604F091FA044604E022480021016021480160039D019820490C607E
:2048600005F0DAF9069F394604F080FA1D4C214604F07CFA1C490860284605F0CDF939462F
:2048800004F074FA214604F071FA18490860304605F0C2F9394604F069FA214604F066FA70
:2048A0001349086013480021016013480160134801601348017013480121017012488069E2
:2048C0000321C9024058114908600BB0F0BDC046763D2020243B2020583D20205C3D2020E1
:2048E000603D2020333383412C3D2020303D2020343D2020683D2020283D20203C3D202067
:20490000783D2020753D202094AF0000403D2020F0B583B002A80027077000978E4D682195
:204920000A220123284604F0E1FC642002F0C0FF752102AE012428463246234601F0A2FD69
:204940003078682800D1B6E0702800D1B3E0284603F0CAFB142002F0ABFF752102AE01235C
:204960002846324601F08EFD3078682800D1A2E0702800D19FE0284603F0B6FB142002F02A
:2049800097FF752102AE01232846324601F07AFD3078682800D18EE0702800D18BE0284610
:2049A00003F0A2FB142002F083FF752102AE01232846324601F066FD307868287BD0702800
:2049C00079D0284603F090FB142002F071FF752102AE01232846324601F054FD3078682842
:2049E00069D0702867D0284603F07EFB142002F05FFF752102AE01232846324601F042FDD1
:204A00003078682857D0702855D0284603F06CFB142002F04DFF752102AE012328463246F0
:204A200001F030FD3078682845D0702843D0284603F05AFB142002F03BFF752102AE0123E0
:204A40002846324601F01EFD3078682833D0702831D0284603F048FB142002F029FF752108
:204A600002AE01232846324601F00CFD3078682821D070281FD0284603F036FB142002F01A
:204A800017FF752102AE01232846324601F0FAFC307868280FD070280DD0284603F024FBBD
:204AA000142002F005FF38460A300A2F074600D23EE702A80078682801D0702842D1264EF5
:204AC0006B213046224604F089FF322002F0F0FE19210722304604F081FF1A210327304696
:204AE0003A4604F07BFF1B211822304604F076FF1C21002530462A4604F070FF0626304626
:204B0000214603F053FB304605F0D2FB13488069F90240581249086012480470124805707E
:204B200012480560124805601248056012480560124805601248056012480560124805706D
:204B400003B0F0BD074800210170074801700C48016003B0F0BDC046243B202094AF000057
:204B6000403D2020763D2020753D20202C3D2020303D2020343D2020683D20206C3D2020BE
:204B8000283D20203C3D2020783D2020F0B585B00492002800D114E10F46002900D110E124
:204BA0001C4605460126184600F042FF297AB87D002902D0E97988420BD001212972E871A2
:204BC000387C6978884204D1787CE978461A701E8641287804282DD003281CD0012800D0BE
:204BE000BDE0002E07D1787D402804D1B87C002801D1012068716879002829D06878801F37
:204C00000226F143884203D305F0BEFC00281FD02E70EC60A3E0002E05D1787D412802D130
:204C2000B87C00284ED0E868201A1E2800D296E00B2091E0002E2CD1787D432823D044285C
:204C400027D1387D002800D10C20287106201FE0A869201A322800D281E0287F02282FD814
:204C60006978EA781E202B5E0A2060430026049F009701960290302004F0D2FEAC61287F0C
:204C8000401C28776BE06878032802D06C61052028706878811F0222D24391424CD3039227
:204CA000397E0022002914D03978814211D17878E97888420DD17889972809D3002208E019
:204CC0000A2049E00120A87104202870EC6046E001222E462036304639462346FDF746F89C
:204CE000304605F00CFC002807D03A20285C1430287106262E70039A1EE03C20285E2146D9
:204D000002F0CEF968780328039A15D12878042812D1304605F0FCFB039A00280CD06C61CD
:204D2000304605F04FFC204603F05CFC05260028E0D104F0E5FFDDE76878801F904207D341
:204D400005F01AFC002803D01E20287106202870F87D002803D11F20287106202870287811
:204D6000411EC9B202290FD86978891F0222D243914214D305F000FC002804D01E20287107
:204D80000620287002E02878062806D104F0B8FF2846203005F016FC2878002811D0A969A3
:204DA000611A14290DD36978EA781E23EB5E0A266643049F009701900296332004F030FEDD
:204DC000AC6105B0F0BDFEE7F0B5A5B0059308920D46074600260A967A4C3246234604F052
:204DE00055FB002800D12C46354600D13D46284621463246334604F037FB46424641002806
:204E000007D10AAA2846214604F000FB0A98401E0A900898007B0BAF412801D06B4800E006
:204E2000694809900898806801903020049038700022284621460292134604F01EFB012170
:204E4000002801D0C80744400391781C0790002E0DD024AA2846214604F0D8FA24980121F5
:204E60000A1A2846214602F0B5FC05460C462846214604F001FD0646079904F07DFB069044
:204E8000304605F03FF802460B462846214600F099FE04460D460198471C20D307980699B1
:204EA0004618002220462946134604F0DDFA002848D1002220462946454B05F0F1FB044686
:204EC0000D4604F0D9FC0999095C771C317005F019F805F0CAFB04460D463E46E1E70BA81F
:204EE00006994618002F16D07F1E002220462946374B05F0D5FB04460D4604F0BDFC0999D9
:204F0000095C3246761C517004F0FCFF05F0ADFB04460D46E6E73178099C204605F00AFBBD
:204F2000001B08280EDB0196741E089D029F099E2178304605F0FEFA801B0E2805DD2770E1
:204F4000641EF5E7089D029F04E00999081840782070019E37700A98297B4129059C01D057
:204F6000702100E05021069E079F224604F00AFCAA68501C04D1384605F039FB421EAA603F
:204F800038463146234604F08DFFA8680028039A02D128680007C20F38463146234604F0D1
:204FA000ABF8287B412801D0782000E0582021684A1E226008702068411E21600499017020
:204FC00025B0F0BD0000F0FF1EB000002FB0000000003040F0B5A3B01E460F4604460392B3
:204FE0009168002903D0002904D5062100E001210398816007910AA830210891017000224E
:20500000204639460992134604F037FA01210028049101D0C8074740634D20463946614A4C
:205020002B4604F045FA00280BD00022204639465F4B05F031FB04460F460998401C0990C2
:20504000EBE70025204639462A462B4604F00CFA002813D1002220463946544B04F00DFAEC
:2050600000280BD0002220463946514B05F018FB04460F460998401E0990E3E702960AA837
:20508000461C2046394604F0F7FB0596314604F073FA07998842019004DD481C0AA90B185A
:2050A000085C20E0C9430E180AA90B180793581C06902046394604F0DFFB04F023FF0246CF
:2050C0000B462046394600F07DFD0022384B05F0E7FA04460F4604F0CFFB069B30300799B7
:2050E0004870761CE2D3C0B23528029E039F0DD3581E0178491CCAB201703A2A03D33021F4
:205100000170401EF5E70AA9884241D0099801990C181D700220C043844202DBB8688442BC
:2051200007DD601E397B891EC9B2324604F02AFB0124059805F05BFA401E0499A0421ADBC8
:205140000028089A01D4059A125C1346303B5D1EAB41C9431943C90705D13978090702D4D3
:205160000025049905E031684B1E33600A7001250021401EE2E73868082202402A43501E24
:20518000824105982146334603F0B6FF23B0F0BD581E00210170099801990818441C0AA832
:2051A0000590B7E70000C0FFFFFFDF410000F03F00002440F0B58DB00792089000220126F0
:2051C0000B9149004F0D5900490D0C91694C651E09977919A142314600D31146F7070A97B5
:2051E0001F460B9847400C984519A542344600D314465F4D0A980740214301290AD10C98EE
:20520000002800D184E0A8427BD0099800287FD0A84276D00096069700260125079A500D37
:20522000D90208180590D00203903146089C2246334604F041FF049007910195EF070598F4
:205240000743384631462246334604F035FF089005910B98C0434949CA4302438A1A029216
:205260003446744103983146234604F025FF05460B913846049F3146029A234604F01CFFD9
:205280003F4A17401540079AAA18334673410B9C20187141059C00197141089C12195841E4
:2052A0007141099B0C9CE318CC0221D4354C1B19C40F490009194000D40F0019FC0F5200A6
:2052C00012197D002A4C641EA342069F19DC019C2405002B21DD641E21401B050B43194610
:2052E00039436B420A9C2346934126D2401C2AE0244C1B195B1C1E4C3D46641EA342069F30
:20530000E5DD1D4807430026394630460DB0F0BD0026314630460DB0F0BD1B4D6940C04306
:20532000002A15DB0843002B009916D0002817D0009800283146E8D117E06240154303D19A
:20534000019A024080187141064630460DB0F0BD01960843002B0099E8D101990028E7D121
:205360000091009800283146CFD12743CBE7C046FF07000002F8FFFF0000F07FFFFF0F0029
:2053800000F8FFFF01FCFFFFFFFF1F00F0B587B002910546411E88416849C32203F08EFB0B
:2053A00028681F2241090592104001242246824088006349085895214B01C1581143019305
:2053C000C150E86806900698411E0691002809D00698411E0691002804D00698411E06911D
:2053E0000028F0D168684109059A104022468240880053490858534BC1581143C1500026CB
:20540000072003940DE0B10044000C43287904F0B9FE064626430499881EC9B20129039C15
:2054200068D0049029684A0905980140204688409100434A5158434A89180A6902430A6198
:20544000EA680692069B5F1E0697002B09D0069B5F1E0697002B04D0069B5F1E0697002B03
:20546000F0D10B6803430B6006920698411E0691002809D00698411E0691002804D00698EC
:20548000411E06910028F0D1287904F07BFE2A68530905990A40214691409A00284B9A5812
:2054A000284BD21813690B431361EB680693069F7C1E0694002F09D0069C671E0697002C94
:2054C00004D0069C671E0697002CF0D114680C431460069306994A1E0692002993D00699A5
:2054E0004A1E069200298ED006994A1E06920029F0D188E72868059901408C404009800029
:205500000F490858019A815821438150E86806900698411E0691002809D00698411E06911B
:20552000002804D00698411E06910028F0D12846029902F0FDFEF0B207B0F0BDF1AD000058
:20554000FC3C202090120000F0B587B057480078574E31780140C843564909684A424A417D
:205560000243554F3868434243411343D80700D084E000242046884750480078012824D1A9
:205580003A6853490020904752480078800052490B58524A01AD18262846314604F0B6F936
:2055A0003A680220294690474D4803784D4A2846314604F0ABF93A68042029463C4E904727
:2055C0003A6849490620904757E03D480078072853D83C490978884201D0202300E03E23E7
:2055E000C0003949081840680090384A01AD1821284604F08BF93A68002029469047304842
:205600000078401CC0B2072837D82E490978884201D0202300E03E23C0002B4908184068F3
:2056200000902A4A01AD1821284604F06FF93A6802202946904722480078801CC0B207288C
:205640001BD820490978884201D0202300E03E23C0001D490818406800901C4A01AD182183
:20566000284604F053F93A6804202946904714480078C01CC0B2072802D9347007B0F0BD3C
:2056800010490978884201D0202300E03E23C0000D490818406800900C4A01AD18212846F8
:2056A00004F034F93A68062029468CE7843B2020893B2020403B2020783B20208F3B202064
:2056C000803B20208E3B202008AD000093B2000069B10000773D202060B0000098B2000064
:2056E000873B202072B20000F7AF0000F0B587B0044601A900270F7021204870624D022698
:205700002846324602F084FA02A90F704F702846324602F07DFA03A90F707F20487028460B
:20572000324602F075FA04A90F70222048702846324602F06DFA05A90F704F702846324659
:2057400002F066FA06A90F70072048702846324602F05EFA284602F063FC287A4006010E04
:20576000284600F095F84021284600F091F82846214600F08DF82846214600F089F82846F8
:20578000214600F085F82846214600F081F82846214600F07DF82846214600F079F8284619
:2057A000214600F075F82846214600F071F82846214600F06DF82846214600F069F8284639
:2057C000214600F065F82846214600F061F82846214600F05DF82846214600F059F8284659
:2057E000214600F055F82846214600F051F82846214600F04DF82846214600F049F8284679
:20580000214600F045F82846214600F041F82846214600F03DF82846214600F039F8284698
:20582000214600F035F82846214600F031F82846214600F02DF82846214600F029F82846B8
:20584000214600F025F82846214600F021F82846214600F01DF82846214600F019F82846D8
:20586000214600F015F81F263E432846214600F00FF820370548864200D278E7024802F059
:2058800033FC07B0F0BDC046043B2020FF030000F0B587B001910646411E88416249A82297
:2058A00003F00CF98020009602E0800800D1B1E00199084201D05B4901E05A49103102903E
:2058C00073681F225D091340012703979F40AB005648C3585D583D435D50F5686B080693A3
:2058E00006994F1E0697002909D006994F1E0697002904D006994F1E06970029F0D131682B
:205900004E091140039F8F40B100484846584548311834583C4334500595059C651E0595D2
:20592000002C09D0059C651E0595002C04D0059C651E0595002CF0D10C693C430C61049301
:20594000029804994B1E0493002909D004994B1E0493002904D004994B1E04930029F0D1ED
:205960004408009E73685909890030484158019D2C4201D02B4D01E02A4D10351340039C82
:205980009C404B5923434B51F5686B08069306994C1E0694002909D006994C1E06940029AB
:2059A00004D006994C1E06940029F0D131680A40039F9740490989001C48425819481118C7
:2059C00014583C4314500595059A541E0594002A09D0059A541E0594002A04D0059A541E78
:2059E0000594002AF0D10A693A430A610493029804994A1E0492002900D156E704994A1EC0
:205A00000492002900D150E704994A1E04920029EED14AE7304601F031FC0399484007B09C
:205A2000F0BDC04690120000F1AD0000FC3C2020F0B587B0029055480078554E3178401AD2
:205A40008006000F00D184E003A8801D0190514C09E0781C084030704C4800783178401A92
:205A60008006000F75D03078235C3078401C3F210840205C3278921C0A40A25C3578ED1CA7
:205A80000D40655D3778012BE3D16B2DE1D13B1D0B40337040490A709F2ADDD0022A2DD135
:205AA0003E4A1168491C116000223D490A703D490978814201D13B490A703B490978F32833
:205AC00037D1012935D13A48039003A9394888800198C27082704270027002274F816B20DF
:205AE000087301200D2201F03FFCFD202D4908700298314908603149086027E0304A11684C
:205B0000491C116026490978FF2906D04A1C244B1A70012901D8002100E00121214A127847
:205B2000824202D100201F4A1070002994D005270CE0FD2805D1022903D11C480280042715
:205B400004E0FD2888D1032986D104271648077082E714480178002916D017490968029AA6
:205B6000511A0C2910D30021017015480168491C01600B490878FF2803D0421C0A700228B4
:205B800002D309480521017007B0F0BD8B3B20208D3B2020683A2020813B20203C3B202041
:205BA000393B2020863B2020903B20203A3B202001FD00001E640000703B2020643B202026
:205BC000543B2020FCB40124E407634002E0FCB40124E40708B41D03ED08D60D354356026D
:205BE0005F007F0D06D12C00344300D0AEE001B0FCBC7047A408254307242402FF34A74241
:205C000005D10020190D090501B0FCBC7047002B03D50024A61BAC4125000B03DB08C20D80
:205C2000134342024800400D07D11C00144300D08CE00EBC1000F0BC70470124640723437B
:205C400007242402FF34A04205D10020090D090501B0FCBC7047002903D50024A21A9C41E6
:205C60002300C11B08D51C002B0025001400320026000024611A3800362925D502B4393918
:205C800049420C00203C03D22F008F40374301E03700A740002F01D040210E4302BC20290C
:205CA0000BD500290ED04C42203420B4A5402C0020BC0D41CE40361904E000292E000D4126
:205CC00020390E4192196B411C0014433ED00024002B04D5012400218A1A99410B00401EEF
:205CE00052005B41FBD50121890215000D400CD0521800277B4101D3401C0BE00721C901A1
:205D000015000D4001D189008A43072109028A4352005B41801C19DD07210902FF3188424C
:205D200009D30EBC0020C90F0902FF31C900C91D0905F0BC7047190B00050143E4072143AE
:205D40001805120B104301B0FCBC70470021002001B0FCBC70477047F0B587B00393049276
:205D60000690006801F07EFE0746594903F0CEFB00281FD0574C564D3846214601F077FE65
:205D80000746294603F0C2FB002813D03846214601F06DFE0746294603F0B8FB002809D0E8
:205DA0003846214601F063FE0746294603F0AEFB0028E1D10F9D0E9805904749384603F092
:205DC0008AFB00281FD0454C434E3846214601F04EFE0746314603F07EFB002813D038462A
:205DE000214601F044FE0746314603F074FB002809D03846214601F03AFE0746314603F01D
:205E00006AFB0028E1D106984760C46838460295294602F0DFFE214601F029FE0646059C13
:205E2000214603F073FB05460120C007019044403046214603F04FFB002800D13446002D98
:205E4000059E00D126460D9805900C9800900698C6608168384601F005FE05462049029C83
:205E6000204603F053FB002800D11E4C2846214602F07CFF0546069887600398314602F002
:205E8000A9FE06460498394602F0A4FE314601F0EEFD06460098294602F09CFE314601F0C6
:205EA000E6FD0546059F394603F030FB0646019C7C402846214603F00EFB002800D12C4692
:205EC000002E00D1274606980761384607B0F0BD000034430000B4C3000034C30000B44392
:205EE0006F12833A0AD7233CF0B587B01C4606900E9D0C9805900D9E0846114601F0B2FD7C
:205F0000074630460494214602F064FE064605980597394602F05EFE314601F0A3FD0646C5
:205F200001200190C0072C46029044403046214603F0D1FA07463046294603F0E7FA002897
:205F4000039500D13546002F00D12C46474E059D2846304041210F06394603F0CEFA0028FD
:205F60002DD0049806403046394603F0BDFA002825D0109F2846214602F02CFE002103F0D2
:205F8000C5FA411E8841069A117E00291ED0002819D00498294602F01DFE002103F0B6FAE7
:205FA000069A002807D08120C105304603F0A5FA069A002807D11069401C10610FE0069A5E
:205FC000107E00282DD0002010762BE0002828D01069401C1061B84225D301991176C01B09
:205FE00004F020F8224902F0F5FD05460021059803F08CFA002819D01E49284601F037FDB9
:2060000005462046294603F081FA0028039E0AD12846314603F07AFA002800D12E4634461B
:2060200001E000201061204607B0F0BD0F98294601F01DFD0746002103F04DFA0646384691
:20604000039D294603F062FA002800D13D46002E02D10298454000E0029D2046294603F0FF
:206060003AFA0028DFD12C46DDE7C046FFFFFF7FCCCCCC3CCDCC0C40F0B585B00C46054660
:2060800000260846314603F01DFA00282ED104942C6800272046394603F038FA411E88415F
:2060A0000390049839462746049C03F014FA002805D00021384603F029FA002816D13C46E1
:2060C00000272046394603F006FA411E88410290049839462746049C03F018FA00280DD0D5
:2060E0000021384603F0F7F9002807D06E60AE60EE602E616E612C6005B0F0BD002138460A
:2061000003F0FBF90121CE07002800D177407F20C1053846019103F0F9F90028EBD0002193
:20612000204603F0EAF90028214601D121467140384601F097FC07463F200106384603F084
:20614000DCF90028D7D00096412006063846314603F0D3F98121C905002800D0314601D034
:20616000194E00E0174E384602F034FD0746314603F0CCF9002800D13E460298002801997D
:2061800000D10099EF680398002800D00F490846314602F01FFD394601F069FC07460C4909
:2061A00003F0B4F903900B4E3846314603F093F9002800D13E4603980028054800D130460B
:2061C000E86098E70000204200002043000080BF00A00C4600A00CC6F0B585B0039304928A
:2061E0000446084603F018FD4D4902F0F3FC4D4902F0BCFD6060A568294601F033FC7D214D
:20620000C90502F0E7FC294601F031FC0746A060256800262846314603F054F9002806D02B
:20622000201D066046608660C660066175E00A98019002952846394601F014FC05462669BB
:20624000314601F00FFC00900398294602F0C2FC07460498009902F0BDFC394601F007FCE1
:20626000074630460396314601F001FC01460495284601F0F7FB616901F0F9FB014601989D
:2062800002F0A8FC394601F0F2FB0146E06801F0EEFB0646244903F039F90746234D304691
:2062A000294603F018F9002800D13546002F1E4900D129460191E1600498206103986061D5
:2062C0000026029D2846314603F020F907462846314603F000F9002800D01548002F124E06
:2062E00001D07F20C005114FA16902F073FC019901F0BDFB0446314603F008F905462046F5
:20630000394603F0E8F8002800D12746002D00D13E46304603F010FD0646304605B0F0BDA9
:2063200000606A4700683F4700A00C4600A00CC6000080BFF0B585B014460191049000035E
:20634000060F0321304603F0A5FF4549642202F0B5FB00270125434803948442284600D3CB
:20636000384666223E4902F0A9FB304603F084FF0499C8B209040A0F1021132302F070FC0C
:20638000B00039490C583949112222206050022E3748034600D0374B12022903052E00D033
:2063A0001846324BE3180293A51861180091019903F098FB062E3E4613D0020C070E01903C
:2063C000000205D0791C104603F08CFB064607E07F1EF8B2411C104603F084FB0646FF3661
:2063E0000198FFB2791C03F07DFBF6B2711C03F079FB401E0821009A91601760EE60029F3F
:2064000078600498010D0F2008400126324682402B6813432B60012808D8812189054143F1
:206420008200A218154BD15013490BE080054A07801831408A00A218104BD0500E4A083228
:2064400008461146611880000D4A0A500498039902F074F838683043386005B0F0BDC04644
:20646000F8AE00001127000094AF000004180000005A620200B4C4047018000030180000D5
:2064800001040000F0B587B01C46164606910546411E88414C494D4F3A4602F00FFB711E17
:2064A00004968E417A1C3046474902F007FB284601F0B6FD287A4006010E2846FFF7E8F995
:2064C00028460699FFF7E4F9284601F0A9FD287A4000401CC1B22846FFF7DAF92A46002C53
:2064E0006CD01546601E032103F0FCFA491C0020032900D0084602D12746049932E0614219
:2065000003910121091A029140420190022600942746049880190590811E0691039884199B
:20652000601E414241412846FEF730FF0599491E069A107002988019022811D0BF1E06916F
:20654000614261412846FEF721FF06990870B61C019880190228DCD104988019811E00E0CD
:206560007F1E009C032C2A4628D3B81E0690781E0590F81E0490002603978D190598801B69
:206580000F464142414110461446FEF7FFFEB8550698801B414241412046FEF7F7FE68708C
:2065A0000498801B414241412046FEF7EFFE22463946A870039FF61CB742DED1104601F0B5
:2065C00093FD07B0F0BDC046F1AD0000FF010000F0B585B01D4616463021029000910170A5
:2065E0000024104619462246234602F046FF002802D00120C00745400B9801900A980490E9
:206600003E4F304629463C4A3B4602F051FF002809D00022304629463A4B04F03DF80646BD
:206620000D46641CEDE70027304629463A463B4602F01AFF002811D1002230462946304B0F
:2066400002F01BFF002809D00022304629462D4B04F026F806460D46641EE5E70298401CB9
:2066600003900498001904903046294603F004F9039902F081FF039909180019019A10607A
:206680000498441C012C1ADB04913046294603F0F3F803F037FC02460B4630462946FFF7EA
:2066A00091FA0022174B03F0FBFF06460D4603F0E3F83030049A511C1070641EE4D1481EE9
:2066C0000278352A0DD3891E009C0A78521CD3B20A703A2B02D30C70491EF6E7029A914266
:2066E00003D00770039805B0F0BD077001990868401C08600298F6E70000C0FFFFFFDF41BA
:206700000000F03F00002440F0B587B00091044601A900260E7021204870454D02272846BF
:206720003A4601F075FA02A90E704E7028463A4601F06EFA03A90E707F20487028463A46DC
:2067400001F066FA04A90E702220487028463A4601F05EFA05A90E704C7028463A4601F0C5
:2067600057FA06A90E704C7028463A4601F050FA284601F055FC287A4006010E2846FFF7AB
:2067800087F840212846FFF783F800990878002830D04D1C0027264C009701467F39C9B2E6
:2067A000A129009901D320380146C8B20621414320484618415C2046FFF76AF8717820466E
:2067C000FFF766F8B1782046FFF762F8F1782046FFF75EF831792046FFF75AF871792046C3
:2067E000FFF756F8BE1D2878002803D06D1C742F3746D2D30E4C00212046FFF749F8701CED
:2068000040B200280FD400212046FFF741F8B01C40B2002807D400212046FFF739F8F61C44
:2068200070B20028E7D5024801F05EFC07B0F0BD043B2020D0A60000F0B5CBB0484E50203E
:20684000305A129032684F20800030180124214602F0EAFF7020315C002905D1B16E002970
:2068600002D03168F16634540024B473712034547220345430467C302146FFF7FDFB304663
:2068800098302146FFF7F8FB204603F0E3FE70670120119003F0DEFEB06703F003F9706B5D
:2068A000B36BF16B376C1A185218D21930D00A256A43684310906B4369436F434420305A13
:2068C0000F904620305A0E904820305A0D904A20305A0C90C620305A0B90CA20305A0A9053
:2068E000CC20305A68430A9D089509900093019102970F9803900E9804900D9805900C988A
:2069000006900B980790174913A8109B03F0DCF91298002807D05325705D002803D100F03F
:206920007BFE119870554D203454B480622034546420345266203454F47334747474B47406
:20694000F4747463B463F46334647464B4640320C001301803F059FE03F000FB4BB0F0BDF6
:2069600040382020C5AB0000B0B50324002873D0002A71D00378072B6BD8C0467B441B7944
:206980005B009F44033F191F084653270024AA2962D101215AE0C17082794A40384B9A5CC2
:2069A000827115295AD3AA394A424A4102700021417181712046B0BD4170314A515C8171AA
:2069C00003214CE0817082794A402D49895C8171042144E083798B4244D14178117081784A
:2069E0005170C37893700179D170121DC11D044610461A4603F05CFE002020706071A071F1
:206A00000120B0BD0024AA2926D0552933D102211CE0017182794A401949895C8171002406
:206A20004471C178002910D006210FE042798318521CD5B24271D97182794A401049895C3E
:206A40008171C17800248D4206D3072101702046B0BD1B2103F04FFC2046B0BD05210170EF
:206A60000020B0BDAA394A424A4102700021417181710220B0BD002404702046B0BDC04658
:206A800010AA0000F0B58DB00246354F3878354E3178884201D10DB0F0BD012508E0354920
:206AA0000868401C08602246387831788842F2D0144638782C49095C3878401C7F22024082
:206AC0003A7007AA2948FFF74FFF032827D00228E5D001282246E7D107A80078022820D11A
:206AE0002548057025490868401C08602448026007A803A9164602F032FB002816D00698C2
:206B00000599049A039B1F4C23606260A160E0601D4806601D4805703246124EC4E7144925
:206B2000BEE713490868401C0860BDE707A801A902F00CFC00280CD001A90522144803F005
:206B4000B7FD07A84178134A1170C0781249087003E007490868401C08602246014EA3E788
:206B60008C3B20208A3B2020E8392020D03A2020583B2020443B2020853B20206C3B2020E5
:206B8000603B2020143B20205C3B2020013B2020343B2020833B2020823B2020F0B5CBB06E
:206BA0003E4E7020325C3168002A05D1B26E002A02D0F166012232540024B4734F2080003C
:206BC000301803F0AEFC712034547220345430467C302146FFF750FA304698302146FFF739
:206BE0004BFA204603F036FD70670120129003F031FDB06702F056FF622034546420345297
:206C000066203454706BB36BF16B376C1A185218D21930D00A256A43684311906B43694365
:206C20006F434420305A10904620305A0F904820305A0E904A20305A0D90C620305A0C9058
:206C4000CA20305A0B90CC20305A68430B9D08950990009301910297109803900F980490F2
:206C60000E9805900D9806900C9807900C4913A8119B03F029F85020305A002807D0532522
:206C8000705D002803D100F0C7FC12987055B480F4732046FCF7BAFB4BB0F0BD4038202000
:206CA000C5AB0000F0B585B01C4600910746D0B211040A0F1021132301F0D2FFE0B22104BA
:206CC0000A0F00210423029101F0CAFFB8002E490C5811200602A5192C49204603F006FCAC
:206CE0002B49204602F0EEFDA0590321C903884301210391C903401804960194A051032FFD
:206D000001D0254F00E0234F009803F0C3F902460B46029C2046394603F0BEFCFF22930513
:206D2000224603F0BDFC07460E4602F0A5FD009003F0B0F902460B4638463146FEF742FF1A
:206D4000164B224603F0ACFC154B2246FEF73FFF02F092FD2969134A0A400099511829618E
:206D600069693F2291431040081868616868039A104069689143081868600499019B5858A0
:206D80001043585005B0F0BD50B00000BEB200001CB20000D0129341D0128341000050406C
:206DA0000000E03F0000FFFF70B50446002606802E2003F0E7F9012807D12078012101437B
:206DC00021706078401C6070364E212003F0DAF9012807D120780221014321706078401CCE
:206DE0006070FA3E2025284603F0CCF9012807D120780421014321706078401C6070963EB5
:206E00001E2003F0BFF9012807D120780821014321706078401C6070323E362003F0B2F98A
:206E2000012807D120781021014321706078401C60703236352003F0A5F9012806D12078C9
:206E4000284320706078401C60709636322003F099F9012807D120784021014321706078E9
:206E6000401C6070FA36392003F08CF9012809D120788021014321706078401C6070AF2001
:206E8000400036186178481E0A468241A270002904D030B202F020FCA08070BD0020A08086
:206EA00070BDC046A2FE0000F0B59FB003930E46054604929168002902D5062104988160A3
:206EC00002910024344F2846314622463B4602F0DDFA002800D13746264600D12E46304644
:206EE00039462246234602F0BFFA002820D100242A4D03F0C7FB02F0C0FA002809D000225F
:206F000030463946264B03F0CBFB06460F46641EEFE7234D03F0B6FB02F0C1FA002807D099
:206F200003F0B0FB03F0B8FB06460F46641CF1E7029905A80091019006A832463B46FFF70D
:206F400047FB0646059F022F049D08D1641C304603F04DFB3018401E002101700127297B1F
:206F60002046039C224602F00DFCAA6830463946234602F097FF304603F039FB874203D177
:206F800028680007C20F00E0012230463946234602F0B2F81FB0F0BD0000F0FF0000F03FF2
:206FA00000002440F0B5E1B015460E4602463A480178491C0170090A6BD11C4670992591FF
:206FC0006F9924916E9923916D9921916C991F916B991E916A9927916999269168992291F1
:206FE00067992091669F002101703046289202F099FD1D901C91284602F094FD1B901A91F0
:20700000204602F08FFD19901891384602F08AFD179016913046214600F024FD02F082FD96
:2070200004460E462846394600F01CFD02F07AFD1E9A10921F9A1192219A1292239A1392DC
:20704000249A1492259A1592209A0892229A09AB54C30C900D9126980E9027980F901D98E2
:2070600000901C9801901B9802901A9803901998049018980590179806901698079007494D
:2070800029AC2046289A02F01FFE0320214602F04FFB61B0F0BDC046883B2020B8AC0000F3
:2070A000F0B585B00246334803780020042B5FD1314D2B78002B5BD1304B1B68CB1A042BAF
:2070C00056D3C723DB439A4200DC1A46C82A00DBC8222B4B1C88131B002C0CD026B214462E
:2070E0007443284C08D4D7177A40D21BF7177E40F61BB24200D3244C22781CB29442144648
:2071000000DC1C4623B25242934200DB224613042ED0009116B230B2C01331464140081A73
:2071200001A901240C70FD274F700022002E234600DC13468B70CA701E230B7164234B71FE
:207140008A71CA71030A0B7248728A72CA726B2008730D22204600F007F92046084A1188A1
:20716000891911802F700949009A0A6003490A6005B0F0BD903B2020863B2020643B2020E4
:207180003A3B2020703D2020743D2020703B2020F0B581B01C4600920E4607462D4D08463E
:2071A0001038414241411020184002090A407042704110432849B52201F080FC78091F2179
:2071C0003940621E132A19D87A4412795200974410091214151515151515151515151515D7
:2071E000090B150E6D1C09E01C4A551C06E01B4D04E0002502E01B4D00E0194D1A4A430180
:207200001A4FFB185B5C9B00194FDD51102E10D101238B408500174E7559174EAB51009E45
:20722000002E01D0164601E016461036AF591F43AF51032C03D0042C02D001B0F0BD103262
:2072400001238B4080000B49085881581943815001B0F0BD80000400A2AE0000800004024D
:2072600081000600810005009012000048AD000004804240FC3C2020D0120000F0B585B030
:207280000446411E88413549862201F017FC20681F26420930400125294681409000304B69
:2072A0001858304A8218106908431061676838463040009585400197780980001858294F7D
:2072C000C3592B43C351E36804930498451E0495002809D00498451E0495002804D0049865
:2072E000451E04950028F0D110680843106003930398411E0391002809D00398411E0391C3
:20730000002804D00398411E03910028F0D10198C0B202F037FF21680E40009DB54049090C
:2073200089000F4A5158952252018B582B438B50E168029102994A1E0292002909D002997C
:207340004A1E0292002904D002994A1E02920029F0D1411E884105B0F0BDC046F1AD000085
:20736000FC3C20209012000070B514460D460646491E284688413349592201F09FFB002C89
:2073800038D0B0003049085830494618601E032102F0A8FB481C0021032800D0014601D1B5
:2073A000204625E00022204606E09D1C5B78B361801E921C8A421BD02B463568ED0705D07A
:2073C0003568ED0702D03568ED07F6D11D78B561012515438D4209D03568ED07E5D035683E
:2073E000ED07E2D03568ED07F6D1DEE75D1C401E032C05D270BDCD1C8978B161C01EF9D01D
:2074000029463268D20705D03268D20702D03268D207F6D10A78B2613268D20705D03268BF
:20742000D20702D03268D207F6D14A78B2613268D207E0D03268D207DDD03268D207F6D115
:20744000D9E7C046CDAE000050B0000008110000F0B583B0314F324D0124660231480021D4
:2074600001602A1F10680F210191090288438019029210602846083801680322D3430B4018
:2074800003602868A043286028683840286010030A21224601F096FE234800F02DF901F061
:2074A000E3F9002822D0029F3868102100910843202188433860286B0199090388430921B6
:2074C0000903401828631A4801F0E0FE3868210301433960686B009908436863286B304363
:2074E0002863002002F036FA03B0F0BD0F4F03E001F0BAF90028D6D12868084908402860FA
:20750000286821020143296038683042F0D138683042EDD138683042F6D0E9E7FFFEFFFFA5
:2075200008010B4008030B404CAF000004020B4005AD0000B0B505294ED8C04679440979A5
:2075400049008F44023A1D2B0F4F81002E4A51582E4A8B580124E402A3438B502D490A5C88
:20756000EF2336E08100284A5158284A8B580124A5021D438D5027490A5C22430A543EE032
:207580008100214A5158214A8B580124E502AB438B508B58A402A3438B501EE081001A4A06
:2075A00051581A4A8B580124E4021C438C5019490A5C102313430B5421E08100124A51585E
:2075C000124A8B580124A402A3438B5011490A5CFE2313400B5400D0B0BD0D49085602F06A
:2075E000E1FDB0BD8100084A5158084A8B580124E5021D438D508B58A4021C438C50044935
:20760000085602F003FFB0BD50B0000028100000ACB20000643D2020F0B5BBB0314D50272F
:20762000EA5B52202B5C642000902F4913A802F04BFBE85B00284DD02C4E173600243046A4
:207640001738006812901220C043305E11901020C043305E10900E20C043305E0F900C2082
:20766000C043305E0E900A20C043305E0D900820C043305E0C90701E00780B900620C04364
:20768000335E31782A460425ED43755F38460227FF43F75F0891099515460A9707461198AB
:2076A0000090109801900F9802900E9803900D9804900C9805900B980690079313A80C493A
:2076C0002246129B02F000FB641CEA5B18369442B5D300E00022074913A802F0F5FA3BB05E
:2076E000F0BDC04640382020BDAD00000000202084AD0000C9AF0000F0B584B03049314AFF
:207700000125AC0316682B0203939E4316600E68264205D10E68264202D10E682642F6D0F3
:207720006C02467E9769AF432E40BD1995612025455DD6690327BE433D407519D561224DEA
:207740002E680727374005262E60466A33681362736853622F60C3695B065B0CD5697F267F
:207760003602B543EB18D361E8C8009707680197476802971B071B0B2D03ADB2ED183307F6
:207780001B0D007A009E35431D43019B1D43029B1D43054390690D4B03400D482840C01867
:2077A00090611068039B184310600868204205D10868204202D108682042F6D004B0F0BDB1
:2077C00004020B4008010B40001340408D00F0FF72FF0F00F8B515460C462B4E0A0D771CF8
:2077E0003A402A4B9A4213D0002A1AD10122D2079143014345D00022254B214602F050FF63
:207800000C4624498D4209DC234A244B214635E0214602462346FEF7DAF931E0220D3A4003
:20782000363A5119B1420ADD02F03EFF222101600120C00704401D482418002021E00129A9
:2078400004DB174A1440090564181AE03522D24391420ADC02F028FF22210160124885420D
:20786000E6DA0120C0070440E7E70D4A144009051B2252058918214300220A4B02F010FF84
:207880000C462146F8BDC046FE070000FF07000000005043AF3CFFFF59F3F8C21F6EA501B4
:2078A000FFFF0F800000903C51C300000000F07FF0B581B0334D344969600024AC600521FA
:2078C0002960002834D0012637040090401E032102F008F9481C032800D00446009B1846EA
:2078E00024D00021184606E0801E2A6832432A60891CA1421AD02A683A4205D12A683A429C
:2079000002D12A683A42F6D02A6832432A600A463243A24209D02A683A42E5D12A683A42DB
:20792000E2D12A683A42F6D0DEE7401E032B07D201B0F0BDC01E2968314329600028F7D0DD
:207940002968394205D12968394202D129683942F6D02968314329602968394205D1296893
:20796000394202D129683942F6D029683143296029683942DED129683942DBD129683942DA
:20798000F6D0D7E710E000E08038010070B5214A21485060214B5860214911601960214A4E
:2079A0005060214B586011601960204A5060204B5860204C6060204D6860204E70601160BC
:2079C00019602160296031601D4A50601D4B58601D4C60601D4D686011601960216029600D
:2079E0001B4A50601B4B5860116019601A4A50601A4B586011601960801E194A506011602D
:207A000002F07FFC01F0F3F901F05BFD01F06CF970BDC04600080A40030000B100280A40D2
:207A2000010000260008864000288640004808400088864000A886400008094000088740F7
:207A4000008810400008104000281040000850400088464000A846400008004000280040FA
:207A600000080340FCB40127FF07794002E0FCB40127FF070C024D002D0E03D1002C52D1AB
:207A8000FCBC70473C43FF2D50D0A408002900D56442020243001B0E04D1002A43D10800D1
:207AA000FCBC70473A43FF2B41D09208002800D552425E1B04D5170022003C0076422B00CA
:207AC000192E06D527003741D2191C27F71B7F42BC40002A27D002D55242012700E000272D
:207AE000013B5200FCD51500802635400FD01500202635402C43803208D21500402635405D
:207B00002C4304D101263602B24300E05B1C5200023308DDFF2B0BD2500ADB051843FF0768
:207B20003843FCBC70470020FCBC70470800C70FFF07FF20C0053843FCBC7047F0B581B044
:207B40002A4A10602A4801602A48012404702A4800250570294805702948057029480470A6
:207B6000294805702D2704230093384629462246FFF70EFB254E358135607560384602F0BA
:207B800001FB307074703727384629462246009BFFF7FEFA75823582F581B581758138465B
:207BA00002F0F0FAB072F4723A27384629462246009BFFF7EDFAB5837561B561384602F09F
:207BC000E1FA307574753B27384629462246009BFFF7DEFAF584B58475843584F5833846C2
:207BE00002F0D0FAB077F47701B0F0BD403B2020783B2020843B20208F3B20208E3B202019
:207C0000803B2020893B2020873B2020A83A2020F0B585B014460D460646411E8841304FC7
:207C2000FA22394600F04AFF691E28468841FB22394600F043FF304600F0F2F9307A4006A3
:207C4000010E3046FDF724FE002C43D0671E0321384601F047FF481C00210391032800D0D8
:207C6000039003D12746032C23D233E0019702940398471E04960026AC19A95D0498FDF7B0
:207C800007FEB7420ED061780498FDF701FEB61C0398B042F0D1029CA71BAD19049E032C89
:207CA00007D217E00198871B651C049E029C032C10D329783046FDF7EBFD69783046FDF7A8
:207CC000E7FDFF1EEC1CA9783046FDF7E1FD002F2546EED1304600F007FA05B0F0BDC0460A
:207CE000F1AD0000F0B589B0129D0024002D5DD0139E112E5AD3119C109F04970F9E009684
:207D00000E9E0896AA262E7055266E700226AE70E8700A2601962E716971AA71EB71029368
:207D20001346089A96B22A72320A03926A72009AAA72EF722C73260A05966E73260C069687
:207D4000AE73260E0796EE731A4EB7784740F8B2305C019F7840305C4840C0B2305C58407A
:207D6000C0B2305C02994840C0B2305C08994840C0B2305C03994840C0B2305C5040C0B299
:207D8000305C04994840C0B2305C6040C0B2305C05994840C0B2305C06994840C0B2305C4D
:207DA00007994840C0B2305C28741124204609B0F0BDC04610AA0000F0B581B004462B4FA6
:207DC00038602B4804602B48002101602A49204601F09CFB002820D0284D274E2046294607
:207DE000FFF745FE0446314601F090FB002813D020462946FFF73BFE0446314601F086FBCB
:207E0000002809D020462946FFF731FE0446314601F07CFB0028E1D13C601949204601F00F
:207E20005AFB002820D0174D154E20462946FFF71EFE0446314601F04EFB002813D02046BB
:207E40002946FFF714FE0446314601F044FB002809D020462946FFF70AFE0446314601F034
:207E60003AFB0028E1D13C6001B0F0BD683D20206C3D20203C3D2020000034430000B4C384
:207E8000000034C30000B443F0B581B0002949D00C4605462449C868E0608868A0604868C2
:207EA0006060086820602046103000276776A776E7761E49052202F0FBFB1D4800786075C6
:207EC0001C480078A0751C4800781C4909686B1AFE430028194600D13146E16218490A7844
:207EE00018490968691A002A0D4600D135462563332B01D33B4600E001231840E075012A4D
:207F000005D11E2903D8084880780127074027760D4800680D4909680D4A12680D4B1B68E5
:207F20001C340FC401B0F0BD143B2020343B2020833B2020823B2020853B2020603B2020AC
:207F4000013B20205C3B20206C3B2020443B2020583B2020683B2020F0B581B00D460446FF
:207F60002B49284601F0D2FA00281FD0294E284F28463146FFF77BFD0546394601F0C6FA8F
:207F8000002813D028463146FFF771FD0546394601F0BCFA002809D028463146FFF767FDDC
:207FA0000546394601F0B2FA0028E1D11A49284601F091FA00281FD0184E174F284631466B
:207FC000FFF755FD0546394601F085FA002813D028463146FFF74BFD0546394601F07BFAC1
:207FE000002809D028463146FFF741FD0546394601F071FA0028E1D12168284601F062FA23
:20800000002802D10020A060E060256001B0F0BD000034430000B4C3000034C30000B44346
:20802000F0B585B00446411E88412C49412200F045FD21681F224D0911400123184688402F
:20804000A900274D6F58274EB9190191B9590143B95161680A4093404909890069588D19DB
:208060008A591A438A51E268049204994C1E0494002909D004994C1E0494002904D004992B
:208080004C1E04940029F0D1296919432961039203994B1E0393002909D003994B1E0393AF
:2080A000002904D003994B1E03930029F0D1019B19690143196102920298411E029100281A
:2080C00009D00298411E0291002804D00298411E02910028F0D105B0F0BDC046F1AD0000C4
:2080E000FC3C202090120000F0B583B00446411E88412B49552200F0E1FC61681F224D0904
:208100001140012318468840A900264D6958264E89190F6907430F6127683A4093407A0940
:208120009200AA5895192A691A432A61E2680292029C661E0296002C09D0029C661E02962B
:20814000002C04D0029C661E0296002CF0D12C681C432C600192019B5C1E0194002B09D0B7
:20816000019B5C1E0194002B04D0019B5C1E0194002BF0D10B6803430B6000920098411E11
:208180000091002809D00098411E0091002804D00098411E00910028F0D103B0F0BDC046F2
:2081A000F1AD0000FC3C202090120000F0B581B00D4604462849085C002803D0411E4842DB
:2081C000484101E0012008552449B22200F076FCA00023490E580320C0023018214FF119FB
:2081E000009101210B03F318F2590A43F251202242601D4A8260022D0CD0012D15D1272540
:20820000022C2E4600D04F26052C00D0354600260F4613E06325022C2E4600D0C726052C75
:2082200000D035460227072608E0621F551EAA41A61E751EAE41164000252F460B4A1E60CD
:20824000009E7560175508229A6042688A4342600021016001B0F0BD143D202020AE0000C3
:2082600094AF000008110000FFFF00001B3D2020B0B51D48002404701C4804701C4804600A
:208280001C4804601C4804601C4804601C4804601C4804601C4804701C4804701C4804706E
:2082A0001C4804701C4804701C48046044608460C4601B48047044708470C4700471194811
:2082C00002F09CF9184A531CE120410202252846FEF7E8FC15492846224601F073FF0421D8
:2082E0002846FFF727F9B0BD8C3B20208A3B20206C3B20205C3B2020603B2020683B202005
:20830000583B2020443B2020913B2020823B2020833B2020013B2020853B2020143B2020B9
:20832000343B2020D03A20201720020029960000F0B583B000910446411E884127496A2275
:2083400000F0BCFB22681F26530932400120014691409A00224DAA58224FD3191A690A4368
:208360001A6162681640B04052099600AA59009D002D00D11037D5590543D551E46802941E
:20838000029A551E0295002A09D0029A551E0295002A04D0029A551E0295002AF0D11A687D
:2083A0000A431A600194019A541E0194002A09D0019A541E0194002A04D0019A541E01947A
:2083C000002AF0D11A690A431A6105498959054A8B5803438B5003B0F0BDC046F1AD0000E0
:2083E000FC3C202090120000F0B581B015460446C8174140081A01F015FE0646E817454092
:20840000281A01F00FFE05461F4F3046394600F0E1FB06462846394600F0DCFB0746656888
:208420001A49304600F0D6FB2946FFF720FB6060A5683846154900F0CDFB2946FFF717FB4A
:20844000A06030463946FFF712FB3F21090600F0C1FB25680D4900F0BDFB2946FFF707FB17
:2084600005462060E6680A49304601F04FF8002807D02846314601F040F8002801D00120BB
:20848000207401B0F0BDC0460B01A33DCDCCCC3D0AD7233CF0B583B01F46164601910446A1
:2084A0004009009000210122042320460292FEF76FFE1F252540A900194A5750002E00D1C1
:2084C000184E194A565000988100184A5158184A8B18184A8A18184C09196C000F2D08D8F2
:2084E0001E680327A740BE430198A0403043186009E01E691E273C400327A740BE430198A4
:20850000A0403043186102980346AB4014681C4314600A681A430A6001F078FF03B0F0BD71
:20852000143C202067880000943B2020FC3C2020901300004810000028100000F0B581B02C
:20854000054620480091814201D3002000E001201D49362200F0B2FAA80B3C2101401B4811
:2085600044581C482658304601F05CFD0746009801F058FD184900F0F9FB394600F02AFBB9
:2085800001F05EFC2A0D0F211140864200D1701C0F4B012903D88A00A218114D03E0D207F6
:2085A000520FA2180D4D5051E01801228A400099002902D00168914301E0016811430160F0
:2085C00001B0F0BD11270000F8AE000094AF0000041100000818000000401C461818000015
:2085E00010180000F0B585B00146224D2A78531F0120C443A34202D2002005B0F0BD032A1F
:2086000035D01D4A1288002A31D000911B480026067010B2C01311464140081A01A901243B
:208620000C70FD274F70E3039A42224600D832468A70CE701E220A7164224A718E71CE71EF
:20864000020A0A7248728E72CE726B2008730D222046FEF789FE204607490E8007490F706E
:208660000749009A0A6007490A600321297005B0F0BDC046903B20203A3B2020863B202006
:20868000703B2020643B2020F0B58B4200D1824204D90B0002000021002040E0002B00D1C2
:2086A000002A0CD10B00020000210020002B00D1002A01D0C943C04300F037F82FE01C0015
:2086C00015000B0002000CB4002126002F00FF19764102D2491C4029F9D100201E001700B2
:2086E000FF19764102D2401C4028F9D10E1A21002800320001F086FD0C0005000CBC002039
:208700000021A34200D1AA4201D3521BA341404149416D08E7073D436408761EF1D5059F19
:20872000002F01D03A607B60F0BD7047F0B585B00024002843D0CD1FEDB26D087D2D3ED36C
:20874000062904D1062101711F49018037E041708C1EE4B20026042C01D3354602E0E40020
:20876000184DE5400F4604920A9C8570C178491CCAB20121012A00D80A46C270C3838680DC
:208780008671067206770170C4600646203001F019FF032F02D3204600F07AFC7178F2788D
:2087A0001E20335E0A25654300270498009001970295302001F034F9B461012434772046D8
:2087C00005B0F0BD0100020106060000002A49D084468B071CD1830722D1102A08D370B4E5
:2087E000103A78C978C0103AFBD270BC103238D0042A2CD3082A05D30C2A01D308C908C04F
:2088000008C908C008C908C092072AD0920F22E00B780370491C401C521E22D08B07F7D17D
:20882000C30714D18307D8D0121F12D308C903801B0C4380001D121FF8D20AE008C90370BD
:208840001B0A43701B0A83701B0AC370001D121FF4D2121D05D00B780370491C401C521E91
:20886000F9D1604670477047F0B583B0204F214A01246506260510681F21090688431060AB
:20888000A2040020314601F0CDFC18481A4901603868284205D13868284202D138682842F6
:2088A000F6D0144880690290620400200190314601F0B8FC0D48104901603868284205D1F9
:2088C0003868284202D138682842F6D0094881697D20C000029A504301F004F9074940188E
:2088E0000B2800D3019C204603B0F0BD2C030B4004020B4038010B400100000E35F8FFFF86
:20890000F0B583B033200290102500241126294622463346FEF73CFC3127384629462246E0
:208920003346FEF735FC2846294622463346FEF72FFC38200190294622463346FEF728FC68
:208940001248134E31462246FDF7F4FC114831462246FDF7EFFC0298214601F013FB384604
:20896000214601F00FFB09482146FFF7E7FD2846214601F007FB0198214601F003FB0548FF
:208980002146FFF7DBFD03B0F0BDC0460C400200204E00000D501200F0B581B01E4F1F4C63
:2089A00019200090032529463A462346FFF772FDA31C0E26304629463A46FFF76BFD231D13
:2089C0001A2738462946144AFFF764FDA31D1B2420462946104AFFF75DFD009801F0D2FBE0
:2089E0004500304601F0CEFB28430D4D2870384601F0C8FB4600204601F0C4FB30436870CC
:208A0000084800210160084A1160516041609160D16001B0F0BDC046AD930000043D202028
:208A2000223D20200C3D2020EC3C2020B0B5154800240470144804701448046014480470EC
:208A40001448047014480460144804601448048014480470144804701448046014480460C6
:208A6000144A531CE120410201252846FEF71AF911492846224601F0A5FB04212846FEF700
:208A800059FDB0BD8D3B20208B3B2020743B2020903B2020863B2020643B2020703B202040
:208AA0003A3B2020393B2020813B2020543B20203C3B20202620010081960000F0B583B095
:208AC0000092002801D003B0F0BD1C4800780028F9D00D461A480178012900D1FEE70121AE
:208AE0000E040C02017001F09DFC002715482946009A3B46FBF72AFB02970197029702E08A
:208B00000298401C02900298A042EFD201970198B042F5D200BF0198401C01900198B042D6
:208B2000EED200BF0198401C01900198B042E7D200BF0198401C0190E9E7C046793D2020DB
:208B4000723D202076B1000040B542004B005E08164301D006004E4000D4D01A04D20120A4
:208B6000C90F06D1404204E003D90120C90F00D04042FF263606B24200D8B34200D901209D
:208B800040BD40B542004B005E08164301D006004E4000D4D01A04D20120C90F06D140424C
:208BA00004E003D90120C90F00D04042FF263606B24200D8B34201D90120404240BD4200CC
:208BC0004B000020FF2109068A4200D88B4200D901207047FCB40127FF0706004E4001D492
:208BE000002600E03E00020243001B0E30D03A43FF2B30D00C024D002D0E29D03C43FF2DE0
:208C000029D05B194240504042404C4061404C4000B501F01FF820BCAE4642405040424079
:208C20004C4061404C4025001400002C01D46400013B803401D3013364087E3B08DDFF2BB1
:208C400009D2BC43200ADB0518433043FCBC70470020FCBC7047FF20C0053043FCBC70479E
:208C600070B51E461546044608461038424242411020184003091340484248411843134978
:208C8000E722FFF71BFF12482843711E132916D87944097949008F440D120F0B1212121261
:208CA000121212121212121212091209094804E0094802E0002002E008480543284608492D
:208CC000095D8900074A885070BDC046A2AE000080000400800004028000060080000500E4
:208CE00048AD000004804240F0B581B019490124B52620463246FFF7E1FE17491748086067
:208D000017480068174FC45195214D0141592143415120460F493246FFF7D0FE0F480E49D5
:208D200048600F4800680221C15142590A434251204608493246FFF7C1FE0B480749016034
:208D400007480068A103C15142590A43425101B0F0BDC046A2AE00000480424081000400EC
:208D6000FC3C2020D012000090804240FCB40127FF0706004E40F60FF607020243001B0E23
:208D80002DD03A43FF2B2DD00C024D002D0E26D03C43FF2D26D05B1B002020216408520868
:208DA000A2424041A24200D3121B013904D0002A01D05200F4D18840384201D14000013BBA
:208DC000803001D3013300E040007F3307DDFF2B08D2400ADB0518433043FCBC704700209A
:208DE000FCBC7047FF20C0053043FCBC70477047F8B5451C00780023082B32D02F78C20739
:208E00000CD16A780F241440E41C122C0BD102242E57F4B2002E08D4EE1C0EE06D1C4A1CB0
:208E20000F7011461AE0AE1C08E02E1DED7800957F252C40009DED012C1912343D011209EC
:208E40005219094DAA420ED0D243002C05D08D5C4F1C0D70641E3946F7E7354640085B1C87
:208E6000CAE72846C5E7F8BDFF0F0000FEB502930F46194D0024E143184E00973740019014
:208E800043422B46BB4101D20C4623E0084602990E405342B54101D204461BE013460199EB
:208EA0000B433E431E43029D009E13D02B46334004D401998B1A3346AB4103E00199531A18
:208EC0002B46B341044605DB51406E400E43701E864134462046FEBD0000F07FFFFFFF7F98
:208EE000F0B583B004460020002C2ED02378022B2BD1E2602261032020700023A3716078BB
:208F0000C01EC0B20D46032802D2C000104BC34020462030D9B2164601F00AF860783021D8
:208F20000328084600D0182001F05CF96178E2781E20235E0A2070430127009501970290B4
:208F4000312000F06DFD3846A66103B0F0BDC04601020200F0B581B01E4614460D46164930
:208F60008B421F4600DC0F4614498F4200DB0F46012E07DB012101F005F80021284601F08F
:208F800001F812E000940024214600F0FBFF002E05D42846214600F0F5FF274604E00121AA
:208FA000284600F0EFFF7F42009CB9B22046FFF7C5FA01B0F0BDC046F0D8FFFF1027000021
:208FC000F8B50446164F174D0E462E400120009464423C46B4411AD31D405442AF4116D384
:208FE0001046009C20433543054311D00020C0431C460C400ED4009CA41A0C469C4106DB5E
:209000000098504059400143481E81410846F8BD0020F8BD009C141B1C468C41F0DAF6E7AA
:209020000000F07FFFFFFF7FB0B52E2000240325214622462B46FEF7ABF82120214622465E
:209040002B46FEF7A5F82020214622462B46FEF79FF81E20214622462B46FEF799F83620A7
:20906000214622462B46FEF793F83520214622462B46FEF78DF83220214622462B46FEF79A
:2090800087F83920214622462B46FEF781F8B0BDF0B583B00446124E3078401E04281CD33A
:2090A000104900200870104908801049087001A901250D70F3274F70AB228A70CD7008716A
:2090C0006B20487106222846FEF74EF9054807700748046007480460357003B0F0BDC04645
:2090E000903B2020863B20203A3B2020393B2020703B2020643B2020F8B51C4617460E4671
:20910000054601F074FA0021012E03DB864201DCA919491E002F04D02268531E23602E23D7
:2091200013703246824206DD23685F1E276030271F70521EF6E7B04200DB3046012808DB7C
:20914000A9420BD308782268531E23601070491EF6E72068411E216030210170F8BD002283
:2091600000282DD000292BD00378022B28D14378102B25D183780E2B22D102790A70427942
:209180004A7082798A70C279037A1B029A188A80427A837A1B029A18CA80C27A0A72027B88
:2091A000437B1B029A184A81827BC37B1B029A18037C1B04D218407C00061018C860012290
:2091C00010467047F0B5164B1D46083D2E680124A6432E601E6803273F03BE4338403018EF
:2091E00018601868FF26B043C9B2401818602868204328601D68002A0ED00A48210222076E
:2092000015431D6002680A4205D102680A4202D102680A42F6D0F0BD200785431D60F0BD22
:2092200010010B4004020B408446830706D0002A29D001700130013A8307F8D1042A1CD3E7
:209240000906090E0B0219430B041943082A10D30B00102A09D370B40F24161B22400C00E8
:209260000D003AC0103EFCD870BC082A01D30AC0083A042A01D302C0043A002A03D0013A4D
:209280008154013AFCD2604670477047F0B5154C154B0125AD020678360287781968FF224A
:2092A0000432914303223A40B2180D4E0A431A600A4A32602168294205D12168294202D1A2
:2092C00021682942F6D04078002803D01868102101431960501C3060F0BDC0460100009172
:2092E00014030B4004020B4014010B40F0B583B01D46029201910746089C411E8841114987
:20930000114E3246FFF7DAFB281B411E8841721C0C49FFF7D3FB3D607C6001983872029843
:20932000F860102601271123284631463A46FDF72FFF1223204631463A46FDF729FF03B05B
:20934000F0BDC046F1AD0000DE02000010B502460020002A29D0002927D01378022B24D1BF
:209360009378022B21D35378453B0424E443A3421BD300200871C8708870487008701079D2
:2093800008705079487093780120032B0DD393798B709378042B01D3D479CC70032B04D3F7
:2093A0005378442B01D192790A7110BD70B50D78E800124A1018497889004258521C425054
:2093C0001B210E241A221920002D00D0104600D00C4600F0D7FE4600204600F0D3FE304390
:2093E00007494A5D92000243D2B2064B9A56AB00054CE658B218E250485570BDEC3C202072
:20940000223D202040B000000C3D202070B514460F4D0B462B40002222600E4EB34215D8BB
:209420001E46064312D01E0D07D100220A4B01F037F90D403522D2432B461B0D9A18074BAC
:20944000D2182260064A0A400649511870BDC046FFFFFF7FFFFFEF7F0000504302FCFFFFA4
:20946000FFFF0F800000E03F10B5FFF7A9FD002801D0002010BD012010BD10B5FFF7A0FDB3
:20948000002801DB002010BD012010BD10B5FFF797FD002801DD002010BD012010BD10B5F8
:2094A000FFF7E4FC002801DA002010BD012010BD10B5FFF7DBFC002801DC002010BD012053
:2094C00010BD704710B5FFF73FFB002801D0002010BD012010BD10B5FFF736FB002801DB4F
:2094E000002010BD012010BD10B5FFF72DFB002801DD002010BD012010BD10B5FFF741FBD6
:20950000002801DA002010BD012010BD10B5FFF738FB002801DC002010BD012010BD7047E8
:2095200010B511490A68114881235C011359002B01D0101804E049680B59002B13D0081889
:20954000FF33D9B20F2902D80268480002E002691807C00EC240032010408900044A52585A
:20956000044B5958904710BDFC3C202090130000943B2020143C2020F0B587B001910646D3
:2095800002AD0020E874123537460A243846214600F0A2F84443391BCA175140891A3031EE
:2095A000297009376D1E122F0746EED8002E01D46D1C01E02D20287002A8441B22461432EA
:2095C0000198294601F074F81334204607B0F0BDF0B5FFB086B01C4615460246A86800284E
:2095E00001D50620A8602368039304AB0090019305A80B46FCF7ECFF0646049FAA68394617
:20960000234600F04FFC20680399814201D0012202E028680007C20F304639462346FFF72D
:209620006BFD7FB006B0F0BDF0B581B00220694600F0B6FA002819D00D4C0E4D0F4E0E4F6A
:2096400008E03068401C30600220694600F0A8FA00280BD02078411C7F20084029788842F1
:20966000EFD000992278B9542070EDE701B0F0BD8A3B20208C3B2020E8392020683B2020D9
:20968000F0B581B00120694600F08AFA002819D00D4C0E4D0F4E0E4F08E03068401C3060C5
:2096A0000120694600F07CFA00280BD02078411C3F20084029788842EFD000992278B9546B
:2096C0002070EDE701B0F0BD8B3B20208D3B2020683A2020743B20201CB5002922D04C08A9
:2096E000002900D5494242105440002800D5404200230A00904201D95200FBE790425B4101
:20970000904200D3801A914201D25208F6E71900002C00D54042640000D5494202000800C3
:2097200011001CBD01000020FCF715FB1CBD0000B0B50C460546491E204688410E496C22C5
:20974000FFF7BCF92078002815D0A9000B4A51580B4A891804E0541C8861507800280AD015
:2097600022460B68DB07F6D00B68DB07F3D00B68DB07F6D1EFE7B0BDCDAE000050B0000074
:20978000081100007CB515460C460646C01731464140081A009200210A226423F8F794FAB2
:2097A00030460930122808D8DF202040502804D02868411E296030210170002E01D42B20AD
:2097C00000E02D2029684A1E2A6008702868411E296004707CBD000070B5002141810173C0
:2097E0000183016041600172C1810182418281828175C16101628184064A074B074C084D1B
:20980000084E86648262C162064630363EC6456470BDC046000020430000E6420000B842EA
:20982000CDCC4C3E00009642F0B583B0002820D015460E46044600F0EFFE6178E2781E23F3
:20984000E35E0A276F43009001960297322000F0E7F8A5612046203000F0B4FE2846FEF742
:20986000C1FE002801D100F04BFA656100202080A07003B0F0BD00000CB54A00520D032374
:209880001B02FF33D21A13D31F239A1A12D98E46C9020123DB071943D1400B2A02D2153264
:2098A000D04001437346002B00D5494208000CBD00200CBD0B000120C007002B00D401382B
:2098C0000CBD000070B511221302C218C4580125AC43C4500C888D7825438C882C43C55892
:2098E000084E2E40084D25407419C4508879CB790343087A184351687E2399431840081833
:20990000506070BDE798FDFF1867000081B0B0B587B00C460B930592491E22468A41A11AC7
:2099200003910025049502900BA9069107480090074B05A802AAF7F7DBFC002C01D0029911
:209940000D7007B0B0BC02BC01B008470D9E0000C5A3000010B50E490E4A01235C059060AD
:209960000868204205D10868204202D108682042F6D010681B04034313600868C00605D4A3
:209980000868C00602D40868C006F6D510BDC04604020B4004010B4010B50F4A0178531844
:2099A0005B78401CDB06F9D42D2901D02B2901D1027801E0401E0A46431C0020303A092A58
:2099C00005D80A24444310191A785B1CF6E72D2900D1404210BDC04600A9000070B5154641
:2099E0000E460446411E88410C49FF223A32FFF765F82046FEF714FB207A4006010E2046AD
:209A0000FBF746FF20463146FBF742FF20462946FBF73EFF2046FEF767FB70BDF1AD000073
:209A2000F0B58FB007920691024614AFE0CF0C4801784C1C04701B20059008A8049000A8F3
:209A4000E8C01046069A079BFEF74CF9002804D00246022008A9FDF787FC0FB0F0BDC0468C
:209A6000913B202010B50C4C2068C0B20B2808D00C280ED109480268094801680220904737
:209A800007E006480268064801680120904700F069FB2069A06210BD20901040CC3C202084
:209AA000DC3C202010B533200024214600F06AFA3120214600F066FA08482146FEF73EFD68
:209AC0001020214600F05EFA3820214600F05AFA03482146FEF732FD10BDC0460C400200AD
:209AE0000D5012001CB50A0017D000230124E407A04200D20400944201D95200FBE7904294
:209B00005B41904200D3801A914201D25208F6E719000200080011001CBD01000020FCF76C
:209B20001AF91CBD08B443001B0E0FD0FF2B11D00721C9015B18C10FC9020B430100480789
:209B40004902090B1B05194308BC70470021002008BC704701004002C90DC900C91D09051D
:209B600008BC7047F0B5B9B01C461346089105463EAFC3CF429A0093019402ABC3C306926F
:209B8000064909AE30462A46089B00F09DF803203146FFF7CDFD39B0F0BDC0464CAE0000C1
:209BA000B0B50C460546491E2046884108499E22FEF784FFA80007490858074942585207E9
:209BC00004D44018C06920700120B0BD0020B0BDCDAE000050B000000811000070B50A4876
:209BE0000A4C84420CD00A4D0A4EB54208D02A686968501C12789200A25890470835F4E71B
:209C000000BF00BF70BDC0460CB3000000B3000014B3000024B3000006B49E22002802D40B
:209C200004D106BC7047414204D400E00100013A4900FCD5803101D3013200E04900490A11
:209C4000D2051143002802D50122D2071143080006BC7047FCB4020C0B0CFF242402FF34B8
:209C6000204021400C00444315005D4306005E430F005743320C3B0CA818C01832043B04F9
:209C80000025A1186841C9186841FCBC7047000080B5084808494160084A5160891E084BD0
:209CA00059600849016011601960102000F0D8FC80BDC04600080A40030000B100280A40A0
:209CC000000803400100002682B0F8B5069207930291019006A9039107480090074B02A8BF
:209CE00001AAF7F705FB019900220A7004B080BC02BC02B00847C046DDA300008FA600002B
:209D000080B582B069466B2008710748009001200522FDF729FB054800210170044801704E
:209D20000448018002B080BD01FE9800863B2020903B20203A3B202006B54100090E7F3944
:209D40000DD41F22511A0CD9864600020122D2071043C8407246002A00D5404206BD002050
:209D600006BD02000120C007002A00D4401E06BD10B5094C2068C0B20C2803D00B2807D1F1
:209D8000012000E0022005494A680549496890472069A06210BDC04620101040CC3C2020A4
:209DA000DC3C202010B5094C2068C0B20C2803D00B2807D1012000E0022005498A68054974
:209DC000896890472069A06210BDC04620301040CC3C2020DC3C202010B5094C2068C0B209
:209DE0000C2803D00B2807D1012000E002200549CA680549C96890472069A06210BDC046FA
:209E000020105040CC3C2020DC3C202070B514460D4601466A68A86882420CD9101A84424E
:209E2000264600D306462868324600F041FC286880192860A8680019A860204670BD0000ED
:209E400006B5002803D57346FFF776FF06BD4100090E7F3908D31F22511A07D300020122CA
:209E6000D2071043C84006BD002006BD0020401E06BD000070B5094C21402340002501243F
:209E80004042074E30468841204600D3284651429E4100D32C46204370BDC046FFFFFF7F3C
:209EA0000000F07FF8B51C4615460646571800F09EFB711E012D0CDB3022012F02DB8742B9
:209EC00000DCCA5D23685E1E26601A707F1E6D1EF0E7F8BD41091F220240880007490858AF
:209EE0002521C901435801219140054A0B4200D0103283580B4383507047C046FC3C2020E5
:209F00009012000004B40422002802D1002104BC704701D50832404212021F320100521EC6
:209F20004900FCD30805090B1205114304BC704770B5002810D015460C462421064600F0AB
:209F4000DAF934707560B560601E21468141E01E421E90410840707070BD00000548012106
:209F6000017005480022027004480270044801707047C046843B20208F3B2020873B20204C
:209F8000893B202042091F230340012098409200044B9A58044B002900D11033D158014328
:209FA000D1507047FC3C20209012000080B50B46002805D010203821044AFEF7CBFF80BD59
:209FC00033203121024AFEF7C5FF80BD0D5012000C400200B0B501461B220E241A2319204C
:209FE000002900D0184600D0144600F0CBF84500204600F0C7F82843C0B2B0BD084880F3C6
:20A00000088800BF00BF00F05EFB002801D0FFF7E5FD002000F012FA012000F04DFBC0469D
:20A020000080202002B49E21002805D401D102BC704701394000FCD5803001D3013100E0C2
:20A040004000400AC905084302BC7047054800218160C16001604160034804490160016814
:20A060000160704720804240A080424081000D0010B598B00B46024605496C462046FFF774
:20A0800023FE03202146FFF753FB18B010BDC0460CB00000002801D10021704704B40422CA
:20A0A00012021F320100521E4900FCD30805090B1205114304BC704730B514004C43250002
:20A0C0001C0044436419050010002900FFF7C2FD001904000D002100280030BDB0B5112275
:20A0E000120283180C784D7825434C882C43A4B284508888C988090408189860B0BDB0B53B
:20A1000004460020002B08D0D2B20D782570954204D0641C491C5B1EF7D1B0BD601CB0BD0D
:20A12000014600200A5C002A08D00A185378002B05D09278C01C002AF4D1401E7047401C1D
:20A1400070470000401EC0B2072804D88000044908584068704701487047C0468EB200009B
:20A1600074AF000010B5054C00202146FFF718FD034801222146F8F7C7FC10BD733D2020D0
:20A18000EB3A202041098900054A51582722D20189581F220240D140012008407047C046D8
:20A1A000FC3C2020002809D41F2108400121814003480160BFF34F8FBFF36F8F7047C0460E
:20A1C00080E100E08000044B1A50002900D10349034A11507047C046DC3C20201F95000048
:20A1E000CC3C2020012800D80120044A1070002900D00846024908707047C046743D20206F
:20A20000703D202018B520239B1A04D8010000205B42994004E004009140DC402143904010
:20A2200018BD00000843104304490A683F231B049A431840101808607047C04638010B4065
:20A240000548042101604F21416000218160016805220A430260704710E000E003480021E6
:20A26000017003480170034801707047843B20208F3B2020893B20208000044908580449B7
:20A2800042580123134343507047C04694AF000008110000054A135C002B03D0591A484245
:20A2A00048417047115401207047C046143D20208000044908580449425801231343435069
:20A2C0007047C04694AF00000418000070B50D460446002608463146FFF7FDF8002800D1D1
:20A2E0002E46A66170BD00000B4611461A4680B5FEF79AFF80BD0A46002180B5FEF794FF80
:20A3000080BD80B5FFF7C4FCFFF7A0FEFDF7A0F800F0CEF8FFF794FF80BD000080B50348F9
:20A320000268034801680020904780BD943C2020B03C202080B50348426803484168002051
:20A34000904780BD943C2020B03C202080B503488268034881680020904780BD943C2020CB
:20A36000B03C202080B503488269034881690020904780BD943C2020B03C202080B5034821
:20A38000C2680348C1680020904780BD943C2020B03C202080B503480269034801690020EF
:20A3A000904780BD943C2020B03C202080B503484269034841690020904780BD943C2020E9
:20A3C000B03C20204B688A689A4204D20A68531C0B6010708A68521C8A607047B0B514466E
:20A3E0000D460146286800F063F92868001928602046B0BD10B5002807D00446203444211C
:20A40000FFF779FF204600F0D6F810BD002805D41F21084001218140014801607047C0460A
:20A4200000E100E004490868002801D172B60868401C08607047C046383D202080B5044855
:20A44000FDF7A4FAF9F7D0FFF5F73AFE002080BD00B4C404034800780349097801400120BC
:20A4600008407047763D2020753D20200021044A016041608160C1600161416182617047E7
:20A4800000007A4401460020002905D00A78042A02D18878411E8841704710B5002806D074
:20A4A000002904D034301CC91CC01CC91CC010BD80B502490248FFF711FE80BDF8A8000040
:20A4C00000000340032800D902201C21414301484018704748AC000040B584B002AE009697
:20A4E000FEF7D2F8029A039B04B040BD10B50122120383180C789C604978815010BD002813
:20A5000004D041780B3948424841704700207047002804D041780A394842484170470020E7
:20A520007047002805D041614178022901D10521017070470278914204D0002A01D0401C49
:20A54000F8E70020704780B50B4603214258C11D184600F0ADF880BD00214258091D002AE8
:20A56000FBD1081F80107047C000024A1018890040587047EC3C202002480078411F484281
:20A5800048417047903B202002480078011F484248417047903B202080B50A460321415877
:20A5A0001046FFF7A8FE80BD0021016041608160C1600161704780B5002802D02421FFF7C4
:20A5C0009AFE80BD002803D00021018001628183704700210174016041608160C16070479A
:20A5E00000210174016041608160C16070470021425C491C002AFBD1481E704780B5002876
:20A6000002D01B21FFF777FE80BD002141608160C160016170470000014800787047C04629
:20A62000713D2020014800787047C046843B2020014800687047C046683D202001480068AB
:20A640007047C046283D2020014800687047C0466C3D202080000149085870470C3D2020D7
:20A66000811E091F00BFFCD2704702460B4620462946FFE782B00094014C019410BD00BF47
:20A68000C55B00000022304639462B4670470A68531C0B601070704780B5F9F7E9FB80BD92
:20A6A00080B5FAF787FD80BD00487047243D202080B5FEF78BF880BD00F001F8FEE700BF9C
:10A6C00070479BE4704701207047006870470000A6
:20A6D0000000000000000000002F000000000700070000147F147F1400242A7F2A12006288
:20A6F0006408132300364955225000000503000000001C224100000041221C000014083E02
:20A7100008140008083E0808000000A0600000080808080800006060000040201008040249
:20A73000003E5149453E0000427F4000004261514946002141454B31001814127F10002713
:20A7500045454539003C4A49493000017109050300364949493600064949291E0000363684
:20A77000000000005636000000081422410000141414141400004122140800020151090678
:20A7900000324959513E007C1211127C007F49494936003E41414122007F4141221C007FA8
:20A7B00049494941007F09090901003E4149497A007F0808087F0000417F4100002040418F
:20A7D0003F01007F08142241007F40404040007F020C027F007F0408107F003E4141413E45
:20A7F000007F09090906003E4151215E007F091929460046494949310001017F0101003F36
:20A810004040403F001F2040201F003F4038403F00631408146300070870080700615149B6
:20A83000454300007F414100020408102040000041417F00000402010204004040404040B3
:20A85000000001020400002054545478007F4844443800384444442000384444487F0038E3
:20A870005454541800087E0901020018A4A4A47C007F080404780000447D40000040808456
:20A890007D00007F102844000000417F4000007C04180478007C08040478003844444438DC
:20A8B00000FC242424180018242418FC007C0804040800485454542000043F444020003C79
:20A8D0004040207C001C2040201C003C4030403C004428102844001CA0A0A07C0044645410
:20A8F0004C4414141414141400000000000000000080808080808080808090909090908070
:20A91000808080808080808080808080808080808018040404040404040404040404040457
:20A93000040202020202020202020204040404040404434343434343414141414141414139
:20A950004141414141414141414141410404040404042323232323232121212121212121E9
:20A970002121212121212121212121210404040480000000000000000000000000000000AB
:20A990000000000000000000000000000000000000000000000000000000000000000000A7
:20A9B000000000000000000000000000000000000000000000000000000000000000000087
:20A9D000000000000000000000000000000000000000000000000000000000000000000067
:20A9F00000000000000000000000000000000000004241434B20544F2043414E43454C00AD
:20AA100000070E091C1B1215383F363124232A2D70777E796C6B6265484F464154535A5D36
:20AA3000E0E7EEE9FCFBF2F5D8DFD6D1C4C3CACD90979E998C8B8285A8AFA6A1B4B3BABD16
:20AA5000C7C0C9CEDBDCD5D2FFF8F1F6E3E4EDEAB7B0B9BEABACA5A28F88818693949D9AF6
:20AA70002720292E3B3C35321F18111603040D0A5750595E4B4C45426F68616673747D7AD6
:20AA9000898E878095929B9CB1B6BFB8ADAAA3A4F9FEF7F0E5E2EBECC1C6CFC8DDDAD3D4B6
:20AAB000696E676075727B7C51565F584D4A4344191E171005020B0C21262F283D3A333496
:20AAD0004E49404752555C5B7671787F6A6D64633E39303722252C2B0601080F1A1D141376
:20AAF000AEA9A0A7B2B5BCBB9691989F8A8D8483DED9D0D7C2C5CCCBE6E1E8EFFAFDF4F356
:20AB10004341522072756E3D2575206D697373696F6E3D2575206661756C743D2575206C6B
:20AB3000696E653D25303258206572723D256420766973696F6E3D25752062616C6C3D25D2
:20AB50007520636F6E663D2575207831303D256420763D2564206D697373696F6E3D2575BF
:20AB700020636D645B4C3D256420523D25645D2072706D3130305B4C3D256C6420523D25C2
:20AB90006C645D207961773D252B2E3166206F646F3D252E3166207061636B6574733D25BF
:20ABB0006C75206372633D256C75206F76663D256C750D0A00404C494E45535441542C3143
:20ABD0002C746F74616C3D256C752C73747261696768743D256C752C63757276653D256CDE
:20ABF000752C73686172703D256C752C6C6F73743D256C752C656E74726965733D25752FE6
:20AC100025752F25752F25752C6C6F73735F6576656E74733D25752C656467655F657665E0
:20AC30006E74733D25752C656467655F6D61785F6D733D25750D0A000000DC420000904255
:20AC5000000050428FC2753E000040410000803F0000000000000C430000C8420000A442CF
:20AC7000CDCC4C3E000040410000803F00000000000020430000E6420000B842CDCC4C3EB9
:20AC9000000040410000803F0000000000002F43000002430000B442CDCC4C3E00006041F3
:20ACB0009A99993F00000000405049442C332C256C752C252E33662C252E33662C252E33E9
:20ACD000662C252E33662C25642C25642C252E33662C252E33662C25752C25752C25642CDF
:20ACF00025752C256C752C256C752C256C752C256C750D0A000100030100000090B1000085
:20AD100002000000B5B1000003000000CDB1000004000000F1B1000005000000FCB10000E2
:20AD30000600000080B000000700000012B200000800000007B200000001060708090A0D0B
:20AD5000121314152122232425262728292D2E3435363A3B020304050B0C0E0F1011161749
:20AD700018191A1B1C1D1E1F202A2B2C2F303132333738394052554E4C4F472C444154414C
:20AD90002C332C25752C256C752C25642C25642C25642C25642C25642C25642C25752C25F7
:20ADB000642C25752C25642C25640D0A004052554E4C4F472C424547494E2C312C636F7560
:20ADD0006E743D25752C6F766572666C6F773D25752C706572696F645F6D733D25750D0A57
:20ADF000002E2E2F2E2E2F6C69627261726965732F7A665F6472697665722F7A665F647232
:20AE1000697665725F736F66745F6969632E63002E2E2F2E2E2F6C69627261726965732F2A
:20AE30007A665F6472697665722F7A665F6472697665725F74696D65722E630040454E4316
:20AE50002C312C256C752C256C642C256C752C256C752C25752C256C642C256C752C256CF8
:20AE7000752C25750D0A002E2E2F2E2E2F6C69627261726965732F7A665F636F6D6D6F6EA6
:20AE90002F7A665F636F6D6D6F6E5F6669666F2E63002E2E2F2E2E2F6C69627261726965B7
:20AEB000732F7A665F6472697665722F7A665F6472697665725F6770696F2E63002E2E2FF1
:20AED0002E2E2F6C69627261726965732F7A665F6472697665722F7A665F64726976657226
:20AEF0005F756172742E63002E2E2F2E2E2F6C69627261726965732F7A665F64726976653B
:20AF1000722F7A665F6472697665725F70776D2E63004046494E4953482C322C4252414BC6
:20AF3000455F53544152542C64697374616E63655F636D3D252E31660D0A000003000000E8
:20AF50000000000000000000000000000000000010000000000100000700000001000000C8
:20AF70002C00C44108AD000010AD000018AD000020AD000028AD000030AD000038AD0000F5
:20AF900040AD00000000864000208640004008400080864000A086400000094000008740C4
:20AFB0000D0A66696C65202573206C696E652025643A2025732E0D0A004052554E4C4F4753
:20AFD0002C454E442C312C636F756E743D25750D0A000D0A66696C65202573206C696E6587
:20AFF0002025642E0D0A004F4B205354415254204241434B2043414E43454C0040504944F7
:20B0100041434B2C312C25732C25730D0A0030313233343536373839414243444546003083
:20B030003132333435363738396162636465660000FF0100010000FFFF0000010001FF00CE
:20B05000008010400000104000201040000050405CB100007AB20000A2B2000081B2000000
:20B0700043414C4942524154494E4720494D55005441534B2036205245534552564544008C
:20B09000443A25352E31662F25332E3066636D00414C474F524954484D20454D5054590092
:20B0B0005441534B203620524553455256454400494D552043414C204641494C4544005483
:20B0D00041534B204E4F5420524541445900574149542043414D205245414459004B45454B
:20B0F0005020434152205354494C4C00656E636F6465725F7374616C6C004D495353494F1F
:20B110004E204641554C540054494D45522052554E4E494E470043414D20505245504152B8
:20B13000494E4700626F6172645F74696D656F7574004241434B20544F204D454E55006624
:20B15000696C653A206D646B2F257300434F4E5345525641544956450053454C45435420CF
:20B17000535045454400417373657274206572726F72005441534B3A2575204D3A2575004A
:20B190005441534B203120564944454F005649533A257320433A25750054492042414C4CB1
:20B1B00020434152005441534B20322052414345004F4B20544F20535441525400544153D6
:20B1D0004B20332042414C4C00414220543A25342E31667300257320593A252B352E31662F
:20B1F000005441534B203420412D42005441534B2035204C415000444941474E4F535449C1
:20B21000430043414C49425241544500000018000000003000005354415254494E4700663A
:20B23000696C653A20257300543A25352E316673006C696E653A20256400434F44453A25AD
:20B250007500252E316620636D004C494E453A25730052554E4E494E470053544F50504599
:20B2700044005441534B202575004E4F524D414C00535052494E54005245414459004E4FD2
:20B290004E450025632573003E202573004C4F535400464153540053544F50000F0D0E0312
:10B2B0004F46460052554E004F4E004F4B0008007F
:20B2C00000CF67880000003F6A001F8A018B92E6003F081F95003B0C9F100A40003D2000C2
:20B2E000300000010100210FAF43FB803F151930020000183F000002000100FFF000000097
:20B30000F18D000047A5000099A5000002000000923B0000C0B20000943B20200CB3000076
:08B320000000202000000000E5
:00000001FF
