:2000000000802020F7A50000B35B0000B35B00000000000000000000000000000000000068
:20002000000000000000000000000000B35B00000000000000000000B35B0000B35B000096
:20004000B35B000061940000E1A200000D9D0000B35B0000B35B0000B35B0000B35B000038
:2000600000000000B35B0000B35B00000000000000000000A59C0000D99C0000999900007C
:2000800081A20000B1A2000051A2000069A20000C9A2000099A20000000000000000000046
:2000A000B35B0000B35B00000000000000000000B35B000000000000B35B0000B35B0000FA
:2000C00000B5E9B07D20C100159180001F9001202590F14F01E006F053FD0A2007F0DAFB6C
:2000E0003868401C386003F067FB002800D145E1054600243C82801E062826D878440079CC
:2001000040008744032A0303CB98A7000AF03CF9002822D100263046E04906F0E7FA02208F
:20012000DF4906F0E3FA1F9804F05EF9304607F035FE0AF029F900280FD106F06FFB00207E
:20014000D84906F0D3FA1598A3E0FB2D00D1B9E0FA2D02D106F062FB10E1FD74FC81BC8091
:200160004D203C5464203C5266203C547C63BC63FC633C647C64BC64BC65FC6538465830D5
:2001800004818472BC66FC6638466830847204816520800038180AF0BDF94E203C543C652B
:2001A0000AF0E0F9F8620320C0013E1830460AF0C6F9F96A304607F0C1FE3846BC3009F0B7
:2001C000ABFA38467C30214605F048FF38469830214605F043FF20460AF0D6F9786701209A
:2001E0000AF0D2F9B86709F0F7FB09F0D1FF0AF0ADF90246386800904F20800038182946A1
:20020000234608F033FA0646204605F067FA0020002E0CD0A44906F069FA284609F02CFF46
:200220000146022006F062FA0620A04900E0A04906F05CFAA2E006F0F1FA00242046974912
:2002400006F054FA1F9804F0CFF8204607F0A6FD159830E0204605F041FA29AD2C72954844
:200260002A90954829902046294606F03FFA6520800038180AF0C3F909F0EEFB02460B46A4
:2002800028468E4909F0BAFC0320294606F02EFA8B4807F0FFFA05F04FF96FE000242046E1
:2002A00005F01CFA2046874906F020FA0220864906F01CFA824807F0EDFA09F0E9FD05F074
:2002C0003BF95BE00AF042F901463A684F208000381808F0A5FD002800D109E2FF203E3047
:2002E000385CF8740125BD73BC80386860217C5262217C54B866FC6638466C308480847197
:200300006520800038180AF005F94E203C543C653E46BC36304609F0FFF90AF017F90AF010
:200320006BF807460068299078682A90B8682B90F8682C9065482D9065482E9029A930463E
:200340000AF045F838695449086278694862B869514FB86238467C30214605F07FFE3846D7
:200360009830214605F07AFE20460AF00DF9786728460AF009F9B86709F02EFB387C3C6899
:20038000B9698C4201D3002100E001210028259800D00846002806D106F040FA4D484E4918
:2003A00009F000FE3C687D7C0A212046239109F033FB002D36D0002934D123984443002575
:2003C00028460AF0E1F82690284629460AF066F824900126284631460AF060F822902846BF
:2003E00009F092FD219030460AF0CEF82090304629460AF053F80546304631460AF04EF83C
:200400000746304609F080FD21990091209901AAA2C2214F049020462699249A229B09F0F3
:200420003BFB3C68204606F01FFB38682121C9007D18294607F01AFD0AF088F802463B684A
:200440004F20840038192690294604F09BFB2194385D73217A5C904200D17DE07854002504
:20046000284605F03BF92198385C401E052873D87844007940008744023831436F460020FF
:20048000094906F033F9FF203E30385C09F0F4FD014602202FE0C046403820202DB00000CA
:2004A000B0AF000000B0000066B0000041A900000FB00000455445524F444F4D92B10000CC
:2004C000DC050000F0AF0000E0AF0000CDCC4C3E00009642AAB1000074B000000020EF493B
:2004E00006F004F90220EE4934E00020ED4906F0FDF80220EC4906F0F9F80620EB4929E0BA
:200500000020EB4926E0BD7338467C30294605F0A5FD38469830294605F0A0FD28460AF072
:2005200033F8786701200AF02FF8B86709F054FA2846E04906F0DAF8052080013A5C29AD98
:200540002846DD4909F05AFB0220294606F0CEF80620DA4906F0CAF83E46B436304606F091
:2005600015FCB87B002805D0F87C1F2802D003F0D9FA01E002F028FD09F0F4FF3863B52093
:20058000385C042809D3B420395C0F200840421E90410F2903D8002502E0002501E0012568
:2005A00005406220C64F2490385C00282ED06424385BC449884200D18DE5411C39531F991B
:2005C000CA3989B2884200D985E565208000381822900AF014F8BC4908F02FFF002800D0A0
:2005E00079E52498385CC11E02296CD3022800D188E00128B24F00D0B2E0385B0C2800D27C
:20060000AEE0002D00D08DE003228CE0B87B002800D1C0E0F87C022802D0052800D0A2E096
:20062000002D4CD06125785DFF2804D0411C7955002800D194E06020395C002950D06520A0
:2006400080003C18204609F0DAFFA04908F0F5FE002800D184E02294204609F0D0FF09F080
:20066000FBF902460B4629A8994909F0C7FA7020395C002906D1B96E002903D03968F96638
:20068000012139540121209124983954642000243C5266203C547C55229809F03BFF384607
:2006A0007C30214605F0DAFC38469830214605F0D5FC204609F068FF786720984BE06120E0
:2006C000002139544CE0002D28D066217C4F785CFF2800D1FFE4421C7A54002840D0FAE4D8
:2006E0000121395265208000381809F013FF37E00024204604F0F2FF2046764905F0F6FF58
:20070000022092E5002D6E4F2AD104202499785400253D5366203D5422980BE06620002196
:20072000674FCEE70222229824997A5400253D5366217D5409F0EEFE38467C30294605F065
:200740008DFC38469830294605F088FC284609F01BFF7867012009F017FFB86709F03CF905
:20076000B87B002817D0269C204609F025FE002804D0B888312801D8401CB880B87B002599
:20078000002809D0204609F017FE002804D0B888312800D980E00025397C38687A69643223
:2007A000904203D20022002903D103E00122002900D01546B96E4A1E9141002D00D12599FC
:2007C00070222292BA5C531E9A410029259B00D11346F97C002B07D1052905D801228A40EE
:2007E00034231A4200D0B86600202890269027902498385CC0B2424242412A40012A00D0E5
:2008000078E11F2900D175E1052900D972E10122104688403421084200D16BE11D92209555
:2008200009F0ACFE1E9009F0A3FE054609F0ACFD3C46074665208000201809F0E0FE27A92D
:20084000039128A90291019000972046BC3031461E9A2B4601F0A8FE00266665CE20225C92
:20086000E027E05D431E01469941002A259A00D00A46002A65D109F087FD00285FD010481D
:20088000D549416509F074FE0546002108F0C3FD002821D11D9922E001257DE766B1000092
:2008A00058B00000C8B1000001B1000041A90000A2B100004AB000008AB1000082B0000061
:2008C00040382020FFFF00000000A0410080094462AE00001EB000001D99C807454089073C
:2008E000284608F098FD002829D11E96BA48294607F0AAF8FA4908F00DF90546F94908F057
:20090000A5FD06462846F84C214608F084FD002800D12C46002EF34900D12146EC20F34A01
:200920001058289D08F0F6F80646294607F091F828902798314607F087F827901E9EEB485F
:20094000C05D0028209D6DD02899279AE74FB965FA65042800D0CDE0BE7338467C303146A8
:2009600005F07CFB38469830314605F077FB1E96304609F009FE78670120269009F004FE0C
:20098000B86709F029F87C6BBB6BF96B3E6C1A195218921930D023984243444322944343B8
:2009A0004143464344257D5B249546257C5B219448257C5B20944A257C5B1D94C6257C5B88
:2009C0001C94CA27C94CE75BCC25655B45430897C64F0995009301910296249803902198CF
:2009E0000490209805901D9806901C98079029A8BF49229B09F002F95020395A5325785DA6
:200A0000421E90410029259900D0014600291E9C03D106F0F3FD26987855FC7409F038FAE4
:200A2000FFF75BFBB148806D00271B90394608F0F2FC054628981C90394608F007FD812179
:200A4000CC050028AB4E00D12646002D00D12646A648C06D1D90394608F0DDFC05462798DB
:200A60001E90394608F0F2FC0028A24800D12046002D00D120461A901B9D2846314606F079
:200A8000E8FF04461C9E3046214608F0DFFC07462846994906F0DDFF05463046294608F024
:200AA000BAFC002800D13546002F1E9E1A9900D12C468E4884651D9F384606F0CAFF054628
:200AC0003046294608F0C2FC1C9038468A4906F0C0FF07463046394608F09DFC002800D1FD
:200AE00037461C98002800D13D46804FFD6528942795209DF87CC1B2081F424242412A4064
:200B0000012A0BD165208000381809F078FD7B4908F093FC002817D1F97C06E0002D269A68
:200B200013461446104600D1A5E0052901D0022957D1E020385C401EC1B2042920D2C006BA
:200B4000010E6F48C8401FE00022BA7371200121395472203A5428922792229D785D0028EA
:200B60000AD1B86E002813461446104600D182E03868F866795500221346144610467AE0BF
:200B8000CE20385C411E88414D217A5C4C23002AC2B202D0FC5CA2420CD054003C1944255E
:200BA000655B584EB54202D044346D1C2580F854012078547A44127952009744010F050993
:200BC000786B401C78630CE0F86B401CF86308E0386C401C386404E077120642B86B401C3D
:200BE000B863F87C1F2842D10320C0013C18F96A204607F0A3F9396B4120000600250095B3
:200C0000414A01920290414803902046404A2B4604F0D0FF2290612080003E58FF7B012000
:200C20002090C0072690864330463A4908F005FC41424141002F259800D10846002825D09F
:200C4000002F0CD07F20C105304608F0E4FB002805D0264EF573204609F071FCF77BF8B216
:200C60000028229900D10146204F269813E0279C289AF8690123397C002900D004462294A1
:200C8000209300D002462692234E08E0174F2098F873269822992291484026901F4E3D4695
:200CA0007C352846314609F0ABFA3C4698342046314609F0A5FA2498385C042839D8800030
:200CC00002A108582699229E8746C046370D00002D0D0000210D0000210D0000270D0000B1
:200CE000CDCC4C3E0000C0400000C0C04038202005AB000000004041000020C1000016432E
:200D000002020303FFFF0000000090410AD7233CCDCC4C3F0000204000007A44000016441E
:200D20007E4E314607E07E4E314604E07D4E314601E000210E462846269105F08FF92046C2
:200D40002296314605F08AF93878C00700D00BE200201C9009F018FC07460120249009F0C4
:200D600013FC7149496F704A926FCE1B821A1D926D494F676C4FB8676520800038183146F1
:200D800007F024FB3A6A7B6AB86A00902846314605F014FA1E903A6A7B6AB86A00902046CB
:200DA0001D9905F00BFA064684201B9038585F4908407F21CD05294608F02DFB04465C4879
:200DC0001D96301880B25B49884201D31C982490A026B85955490840294608F01CFB411EA2
:200DE000884124990840397C002C259A00D102464F4B1E9DEB189BB24E4CA34200D302462D
:200E000000290FD0002A0DD0B87C322803D2411CB974312808D105F001FD4748474909F099
:200E2000C1F8A1E10020B8741D98404201B20024204609F055F801201690294609F050F8FA
:200E4000387C002851D01C943C68239844431B9838581A902496B859199000262698314643
:200E600008F0D0FA474247412298314608F0CAFA4142414139432C4DB420285C1890B822DE
:200E8000A85E1790E023EB5C5B1EDEB2042E04D2DB061E0E2A4BF34003E0CE23EB5C5E1EFE
:200EA000B3416E6B2048876BC56B006C239A564357435543504308971B4F09950A90D8B289
:200EC000199A00921E9D01951D9B0293039118990491179905910690079620462699229AFB
:200EE0001A9B06F051F8249E1C9CF87C052802D0022800D038E14E20395C491CCAB239548D
:200F0000052A00D230E13C545021785AC2084B2A18D352201699395426E1C046000090C1B6
:200F200000004041000020C240382020FFFFFF7FB4E2000069C50000AAB100003CB000000F
:200F4000020203032496421C7A5218254543386823994143E14841512698E14907F0DAFD8D
:200F600004460021199108F068FABF21090618913F21090600281C9100D11899204606F048
:200F800068FD0646D74908F061FA2390C72004063046214608F03FFA00281A9400D134465A
:200FA000204608F063FE23990029CA4900D10146CA484019239081802298C94907F0AAFDD9
:200FC0000446199908F039FA00281C9900D11899204606F03EFD0646C24908F037FA04462A
:200FE00030461A9D294608F016FA002800D13546284608F03BFE002CB64900D1014623983C
:20100000C1801B983858B64907F084FD0446199908F013FA00281C9900D11899204606F019
:2010200018FD0646AF4908F011FA044630461A9D294608F0F0F9002800D13546284608F0B3
:2010400015FE002CA34900D101462398018124983858A34907F05EFD0446199908F0EDF9AC
:2010600000281C9900D11899204606F0F2FC06469C4908F0EBF9044630461A9D294608F0DC
:20108000CAF9002800D13546284608F0EFFD002C904900D10146239A51811E9890811D989F
:2010A000D081B820385A108209F062FA8C4907F031FD0446199908F0C0F900281C9900D139
:2010C0001899204606F0C5FC0646864908F0BEF9044630461A9D294608F09DF9002800D10B
:2010E0003546284608F0C2FD002C7A4900D1014623984182786D7A4907F00CFD0446199927
:2011000008F09BF9002801D118981C9020461C9906F09FFC0646734908F098F904463046F0
:201120001A9D294608F077F9002800D13546284608F09CFD002C674900D10146239A9182EA
:20114000B420385C9075E020385C401EC1B2042904D2C006010E5E48C84003E0CE20385CD2
:20116000411E88412399C8757120385C00280BD07221785CFF2803D0421C7A54092803D392
:2011800005F0FEFCFEF7A9FF3889401C81B2132900D900203881F888401C81B2F8803229A3
:2011A00004D30020F880302008F02EFE7889401C81B27881322908D309F0CEF9002804D1D0
:2011C00000207881209802F021F9B889401C81B2B881C82901D2FEF780FF0020B8812198DF
:2011E000385C1E9005208001385C2490B420385C2390B820385E2190FF202030385C1D90D5
:2012000009204001385C1C9011200001385C1B9043208000385E1A9087204000385E19906A
:20122000269808F023FD2690229808F01FFD2290842038582C4C214607F06CFC08F016FD25
:201240001890A0203858214607F064FC08F00EFD1790386B08F000FC04460E4665208000F4
:20126000381809F0CCF908F0F7FB49229200BA582523DB00FB5813273F01174DEF590E9429
:201280000F9610901191129213931497124F1E9B08932698099022980A9018980B90179818
:2012A0000C902498009023980190219802901D9803901C9804901B9805901A9806901998DE
:2012C000079029A80949209A08F098FCFEF705FF02020303FF7F0000403820200000202095
:2012E0000000204100FEFF460000C84250AA0000F0B5FFB08EB0049306920646929802907D
:201300000025E84305908C913468204609F009F921188B9503918C4200D3C2E00020879067
:2013200087A908738890059889902F46049D2078002800D1B8E0252805D0641C3460069920
:20134000A8477F1CF3E78B97601C306087AC2046314600F0C1F88CAA2046314600F0DDF86A
:20136000306801787A2925D0682919D06A2908D06C290ED0742908D04C2922D187998022CD
:201380001BE087990122D20217E087990122520313E0427887996C2A6AD10122120205E0F2
:2013A00042788799682A66D10122520211438791801C05E08799012212030A438792401C0C
:2013C0000178441C346087A80173732913D06E291DD1879836490840411E02464A408A4216
:2013E0003DD900282DD04142014032484143C80E31A1085C26E087A80078400619D400956F
:2014000087A88CAA8BAB069900F046F92BE007AD87A98CAA284600F095F9024628460699FD
:20142000029B9847411C059D00D0C5198B9503991BE0009587A88CAA8BAB069900F0C9F84C
:2014400011E02020401F082809D8C0467844007940008744210404151C04150404008C9806
:2014600002C88C900F6003998B9D681C1BD052E7401C402201E0401C2022114387919FE77C
:20148000F8178C9904C98C9117605060EBE78C9802C88C900F70E6E78C9802C88C900F8046
:2014A000E1E72F4600E0059F38467FB00EB0F0BD603F000031B57C0700011C021D0E1803E6
:2014C0001E16140F191104081F1B0D17151310071A0C12060B050A0910B50A680124E3073B
:2014E0001AD01378302B0CD0232B0ED02B2B0AD02D2B04D00024202BF1D1042306E0012356
:2015000004E0102302E0022300E0082304681C430460521C0A60E1E710BDFEB516460D46A4
:201520000446086802782A2A10D13068011D316000686060002805D54042606020680121E5
:20154000014321602868471C2F6017E00021303A092A08D84218531C2B60435C6F467B5438
:201560005278491CF3E76A460023535412784718002A03D0684608F087F9606038782E2816
:2015800026D1781C286079782A2908D13068011D31600068A0602868401C2860FEBD00201D
:2015A0003039092908D839188A1C2A604A786B461A548978401CF3E76A4600211154107859
:2015C000002804D0684608F05FF9A060FEBDA160FEBDF0B587B01E460C9F13681C1D146087
:2015E0001D68002D3AD0049106908468002C04D4284608F04BFF844203D3284608F046FF1D
:20160000044606984068A042039000DC2046014630680191401805940399A142029630607A
:201620000EDD06980078C0070AD1059801990E1A0024B44204DA20200499B847641CF8E775
:201640000026049C069805998E420ADA2868010A18D12D1D2146B847761CF3E70020B84715
:2016600018E00599039A8A4214DD0078C00711D00198451A0024AC420CDA20200499B8478E
:20168000641CF8E70020C0430299086008F0A6FF5821016007B0F0BDF0B585B00C46064672
:2016A0000A9D1068011D116000680490002844D00393B768002F04D4049808F032FF8742FA
:2016C00003D3049808F02DFF074602967268BA42114600DC3946039B18680091401801926D
:2016E000BA4218600FDD02980078C0070BD10098C01B039000260398864204DA20202146C1
:20170000A847761CF7E70026BE4205DA0498805D2146A847761CF7E70198B84210DD02980C
:201720000078C0070CD00098C61B0027B74207DA20202146A8477F1CF8E700202146A8478E
:2017400005B0F0BDF0B58BB004920D460446FF210846FA302718686805900026099606917C
:20176000FE3120222046029208F058FD7F20800021180A9103973E71287B0246613A172AAE
:2017800008952BD8012393402546C34C23422C4609D009A90AAA089D2846049B00F082F905
:2017A00000260796B9E0712423422C46089D22D1022A13D1049B1868021D1A600068C2B225
:2017C000534253410793069AFC32A2180A920870286802218843286000269EE0014645393B
:2017E000032908D3252800D180E0412803D058280796CED092E00194049A1068C01D07214B
:201800008843014608311160076846682D7B2C467B3C384631463A46334608F0C5FA002851
:2018200000D021E10120C007314681439B48484038431FD0F60F002007902846413806280D
:201840003FD9613D062D019C00D922E1A80002A21058089D8746C046D91800001B190000D5
:201860001B1900001B1900001119000005190000F91800000022384631460792134607F0A7
:201880009CFD1921CA436921049149216E254E2366274626944200D33E46039AD670019C35
:2018A00000D32B46937000D3049951703F21C90061180A910028089D14D02D2010700426CB
:2018C0002BE0019C089DC0467844007940008744032424241F1913000AAB38462A4603F025
:2018E0006BFA1AE02B201070032616E00020607025202070012086E00AAB38462A4603F0BD
:2019000061FB0AE00AAB38462A4607F001FE04E00AAB38462A4605F0B9FA287B01250146A9
:201920006F39092904D801228A405D490A4201D158286AD1059B0595E5180A98089909788A
:20194000C907274609D10399091D091A089A52689142274601DC691A4F1C411C06984300E6
:2019600000263846324608F064FB0A900799002903D0411C0A91067000E00146A94206D860
:20198000481E691A491C202208F048FC2E70089D2878C00605D4391B2022204608F03EFCCB
:2019A0002CE0A7422AD0391B30262046324608F035FC09984142414105980140012905D103
:2019C0002878400702D43846214604E03878611C2070781C3E702A7B412A0CD0582A05D03F
:2019E000612A08D0782A01D0702A07D12B781B0701D4612A02D142784A704670204608F01F
:201A000090FD079940180BB0F0BD002E09D0012E059B90D101200990089801680220084075
:201A200007E0099A0898016802200840002A08D0059B0A994A1E0A922D220A70454245418A
:201A400079E70028059B08D1480700D473E70A98411E0A91029901706DE70A98411E0A9170
:201A60002B210170002566E71920C543612241216E234E20AC4200D31846039BD87000D33A
:201A80001146039A91700A925070002007900226019C089D41E7C04608C190000000F07FDE
:201AA00043020000F8B514460F4605468068002804D4286810218843286001E00120A86034
:201AC000287B1026582808D0782806D0702804D06F2801D1082600E00A262846194600F08F
:201AE00055F8AA68002A09D102460A4306D12878000749D52B7B0020024612E02B7B642B1D
:201B000003D16423002905D40AE0692B08D1002906D5692301223A60002240428A4100E075
:201B20000A4600941146324600F0CEF8A968884206DA401C21684A1E226030220A70F5E70A
:201B4000287B582803D0782801D070280FD1297809070CD5702800D1782021684A1E2260A0
:201B600008702068411E216030210170287B6F280AD12878000707D520684178302903D0BE
:201B8000411E216030210170F8BDC04610B5037B702B05D10868021D0A60006800227BE056
:201BA00002683E481040421E04465440944216D9002807D04242024039485043C00E39A260
:201BC000105C00E02020401F082808D878440079400087444C04041E38041E0404000022D4
:201BE0001846643814280DD801248440354804420AD12120044205D00868021D0A60006886
:201C0000C21749E0582B46D10868031D0B60006842E018466438142807D801228240294838
:201C2000024206D12120024203D10020582B024632D10868C21D0720824310460830086011
:201C40001068526828E0002218466438142807D8012484401B48044204D121200442CBD189
:201C6000582B18D10868031D0B60007814E0002218466438142807D80124844011480442D2
:201C800004D121200442B7D1582B04D10868031D0B60008800E01046114610BD603F00008C
:201CA00031B57C0700011C021D0E18031E16140F191104081F1B0D17151310071A0C1206EE
:201CC0000B050A0900081200FEB501920D460646582B01D0174800E0154800900898029030
:201CE0003046284305D1029A1068411E116030210170019C3046284313D0304629462246D9
:201D000000F01AF807460D46224608F06FF9301A0099085C029B19684A1E1A6008703E4616
:201D2000E8E70298006808F0FCFB401EFEBDC0465EAF00006FAF000080B5102A06D0082A22
:201D400009D1C0084A078018C90880BD00090A078018090980BD002904D1114607F05CFE43
:201D6000002180BD002308F051FB80BDF0B58BB0002800D1F3E115460F46064609930024F8
:201D800000292346224611D00420385E07F0DEFE484906F0BFFE0A95254604460620385E87
:201DA00007F0D4FE23462C460A9D0246307802280A962AD0012800D06DE17778012F48D1A5
:201DC000002D00D1D5E03C4D2B40412001061846174607F029FB002800D1CAE03A462A4091
:201DE0003649104607F020FB002800D1C1E0F068401CF060232800D24DE102200A99487096
:201E00000024099848608860E6E07678012E6BD1002D00D1C2E00A99C868401CC86005282A
:201E200000D238E116460A9D0998A860224C23402349184607F001FB002800D0D0E030465F
:201E40002040204907F0F9FA002800D0C8E00220C7E0002D00D18FE0089275680024746189
:201E600001200590C107079306918B431649184607F0E3FA002800D09DE0B81E0828099937
:201E800000D908E14F1B800001A10858079A8746CD1E000063210000252200005B220000F3
:201EA00091220000A1210000D7210000972000007D230000CDCCCC3DFFFFFF7F0000A0415F
:201EC000000010410000F0410000D242192F00D2E9E203200A994870099848600020C86078
:201EE00008610883E94CD6E00121002D5AD008920691CF070024184621461D4607F08BFABB
:201F00000028079500D07D40FD49284607F095FA00285AD1092E6CD0022E00D0BBE0F94993
:201F2000284607F08AFA002800D085E0089CBC43F549204607F081FA00287DD10A9E31460D
:201F40001931707E079DBD43002800D1FAE10F46EC49284607F071FA002806D1EB492046DE
:201F600007F06BFA002800D100E200203870E84F74E00024F4608EE07069632805D8411C53
:201F80000A9A5161632800D085E001200A9988760B2048700998486000241DE000240A9856
:201FA000C46078E00A984170099941600024C460046104836FE00220B0760B207070099898
:201FC0007060F4603461348365E002200A9988760B20487009984860CC600C610C835AE0FB
:201FE00009206870099868600024EC602C612C8351E041200106284607F016FA002825D0A0
:20200000089CBC43C149204607F00EFA00281DD00A9EF068401CF06028281AD302207070AE
:20202000099870600020F06030613083304619300990079DBD4386E109200A9E70700998C6
:2020400070600020F0603061307602E000200A9EF06000207076079DBD43AE4F4120010600
:20206000284607F0EAF9002801D0AB4800E0AB4801D0AB4900E0AB491422069B9B070091B6
:20208000019002970393049200213046079A089B03F058FE0446A44D2046294607F0BBF90B
:2020A00007468120C6052046314607F0CFF9002800D12646002F2C4600D134460A98046272
:2020C0002046294607F0A7F9002800D1254600272846394607F09FF90121CC072E460028FC
:2020E00000D066409149304607F095F9002834D17F20C105304607F097F900280ED17F4937
:20210000304607F091F900280DD18949304605F0A0FC884906F0FEFC87490CE08749304626
:2021200006F0F8FC09E08649304605F092FC814906F0F0FC814905F08CFC3F21090605F0AD
:2021400088FC06460021284607F080F9002800D16640304607F08AFD07460A9887830BB069
:20216000F0BD664C0F2F96D33F200106104607F064F90646401E8641EC49089807F05DF9B6
:202180000546401E85413540E649089807F055F9411E88412843402F00D9A0E100219FE14A
:2021A000E949104607F040F9089C06998C43002800D18FE0E549204607F036F9002800D13A
:2021C00088E008200A994870099848600020C86008610883D1E0DB49104605F03AFCD84C15
:2021E0002040CF4907F020F9002800D1C2E008980440CA49204607F017F9002800D1B9E0C6
:202200000A99C868401CC8601428079A00D2B5E00A200A994870099848600020C8600861A4
:202220000883ABE0D549104607F007F9002800D1FEE0142F00D2FBE00124E10708988843DE
:20224000B84907F0F1F8411E88411B2F0A9900D80024204300D0EEE04FE1C349104614469F
:2022600005F0F7FB0121C9078843C04907F0DCF800280A9900D1E7E006204870099848605C
:202280000020C860086108832DE0C046000040401E2F0A9D27D3A149104607F0C5F8044643
:2022A000AB49089807F0C0F82043411E88417C2F059900D800210843012814D107206870B6
:2022C000099868600020E860286128830120C007089C84439F49204607F0AFF8002800D0C2
:2022E000EEE09E4AEDE0A249089807F0AFF8002801D1A14CCFE69F4CCDE6C0460000404072
:202300000000D242000010410000F04100004041CDCC4C409A9979406F12033D295C0F3D03
:20232000EC51383D0AD7233D000080C0CDCCCC3C000040C000002042000020430000A04222
:20234000000080BF099141200106284607F06CF8754F002800D181E67449204607F064F8D9
:20236000002800D17AE606980999087000243476346190E600200A99C860079A7A481146CE
:2023800005F062FB04460A98407E06998C43002815D07F49089807F050F800280A9D0BD174
:2023A0007C49089807F040F8002805D16F49204607F043F8002817D0002068761CE0574992
:2023C000089807F031F800280A9D15D07249089807F033F800280FD05149204607F024F8F2
:2023E000002809D0059868766C49089807F01CF800280AD16B4C4EE641200106204607F04E
:202400001CF8002803D14C4802E0654C43E64B48089B01D1464900E046490C220492504AF8
:202420000392504A00AC07C44F492846079A2FE61C2F0A9961D305204870099848600020D2
:20244000C86008610883079C4E49204606F0E3FF002808D003208107089806F0E5FF00289B
:2024600001D0404C17E64849089806F0E6FF414C002800D00FE64549079806F0DEFF002854
:2024800006D03A49089806F0D8FF002800D002E60120C107089888432E4906F0CEFF0028E0
:2024A0002DD12E4B2CE00C2004902D4803902D4802902A4801902148009000210A98E6E540
:2024C000254A0A98089B0C21049125490391254902911A49009101922349079AD8E5012110
:2024E0000843012800D0D6E504200A994870099848600020C86008610883214CCBE5164B5B
:202500000A98079A0C21049115490391154902910A49009101930B49B9E5C04600004041E2
:20252000000010410000F041CDCC4C400000A040295C0F3D6F12033D0AD7233DEC51383D8F
:20254000FFFFFF7F00004842000020C2000070420000C8C20000BE42A69BC43CBC74933C17
:202560006666264000004040000048C2000020410000A041000040C0CDCCCCBF00002842CF
:20258000CDCC0CC0000020420000B4420000184200007041000096C2000070C20000F0C138
:2025A0009A99993ECDCC4CBEF0B58BB00D4607467648398B814201D0491C3983139A12995F
:2025C00009913C462434A97800291ED0119E0021F9713972AB8804937B802B78802B0793BD
:2025E000089201D0012B39D1397BFF2908D0002904D1FA89824201D0501CF881491C39737A
:20260000388A88422BD2398229E0FE79FF2E00D18BE008921099002E04D17A89824201D0AF
:20262000501C7881751CFD71002900D1FBE10120C00783435649184606F008FF002800D1BF
:20264000F1E1022E089A00D9EEE10320207000250998056015600520387205E239730595DF
:202660000A97607806904B49304606F0E6FE00281FD0494D474F3046294605F0EAF906461B
:20268000394606F0DAFE002813D03046294605F0E0F90646394606F0D0FE002809D0304629
:2026A000294605F0D6F90646394606F0C6FE0028E1D100273046394606F0ADFE00281ED0B5
:2026C000FA4D3046294605F0C4F90646002106F0A2FE002813D03046294605F0BAF9064635
:2026E000002106F098FE002809D03046294605F0B0F90646002106F08EFE0028E1D1EC49AB
:20270000304606F088FE002812D1EA49304606F082FE002801D001270AE0E749304606F0F6
:202720007AFE002803D1032702E035467CE10227069B9F42079A1CD16770032010403F2A55
:202740000AD8002808D00A9F3879FF2801D0401C3871002078712EE0402A0A9F29D30028F2
:2027600027D17879FF2801D0401C78710020387121E0B80001A108588746C0469D27000018
:20278000F5290000C1290000DB290000FFFF000000004842CD8C1944CD8C19C4032BCBD1EF
:2027A000C649304606F052FE079A0028C4D00327C2E70020B8802078411E012910D8D106E6
:2027C000890F00D1EAE0B979491CCAB2B971052A00D2E5E000202070B871049A3A8002E0B0
:2027E00000202070049A3888101A03B211B2C9134A40541A0693D9134840401A00B207F045
:20280000A5F9B24906F086F907F030FA20187C6B05B2284607F09AF9AD4906F07BF92146F4
:2028200005F017F904465A2D06DBBF6B2046394606F00CFE002800D127460A98817C049138
:20284000002906D0866B3846314606F0FFFD002800D13E460A98C76B3046394606F0DBFD8D
:20286000002800D137460A98846A3846214606F0D2FD0646012003908107204605F0E9F8E4
:202880000446394606F0E2FD0028384600D12046002E00D107460A9EB762306C02900598E5
:2028A0008088079000B207F051F90546746C069807F04CF901462046019106F02BF90446DE
:2028C00002980595294606F025F9214605F0C1F80446B56C294606F0B9FD06900398C607A8
:2028E0006E402046314606F096FD002800D126460698002800D13546049800283ED07549BD
:202900000A9881627449019806F004F904467349059806F0FFF8214605F09BF807464120BC
:2029200005063846294606F091FD0446C12006063846314606F06FFD002800D13E46002CE4
:2029400000D135460A9F386B654906F0E3F8294605F07FF806465F4905F07BF8099908601F
:20296000B86A314605F070F808990860079838803046314605F06DF8054675E000210A9C53
:202980002163284606F059FD002840D12846394605F05FF809990860A06A3EE00021B9710A
:2029A0000128504950480A4600D00246034600D00B4609990A6008990B60B8624B4D53E0EE
:2029C000012B00D0B8E63F49304606F024FD079A002800D1B0E60127AEE6022B00D0ABE6CE
:2029E0003749304606F017FD079A002800D1A3E60227A1E6002B00D09EE63349304606F09D
:202A00000AFD079A002800D196E6002794E609980760A06A294605F017F8274608990860FD
:202A20000798208020E0089A387A002808D0401E387203202070002509980560156013E0B5
:202A4000052D14D81346002020700220385E00282B4A2C48114600D4014600D410461A468A
:202A6000099B196010600025FD620BB0F0BD232D0AD81346032020700220385E00281E4A57
:202A80001E481146E8D5E8E7412D0AD81346032020700220385E0028154A16481146DBD5ED
:202AA000DBE70420207000210846D9E7CD8C194400001643CD8C9943CD8CE443CD4C184438
:202AC000CD0CE743CD0C9C4300001B43CDCCCC3DEC5138BE0000B442CDCC4C3D0AD7233DAF
:202AE000E17A9641000040C100004842000078420000A0C100000C420000A04100005C4231
:202B00000000344200007042F0B583B015460E460446411E8841FD49B02205F06FFF002EEB
:202B200006D021780520014205D0042003B0F0BD032003B0F0BD0296A71C0422114321707C
:202B40003A7B7B7B1B029A18BB7B1B042E46FD7B2D06EB189A18964200D930E23546387CE0
:202B6000797C09020818B97C0904FA7C12065118091838797A7912021018BA791204FB793E
:202B80001B069A1810180E1A6178B5423AD9022900D1D9E001296FD0002900D0FBE139788B
:202BA0007A7812025118BA781204FB781B069A18511808180299324607F014FD38797979D1
:202BC00009020818B9790904FA7912065118081801968119387C7A7C12021018BA7C120414
:202BE000FB7C1B069A1812185342914200D28FE1881A59188A4200D98BE1801A811A5018F6
:202C0000F3D386E1022900D1D1E0012969D0002900D0C0E1A178E27812025118227912043C
:202C200063791B069A185118081802992A4607F0D9FC3879797909020818B9790904FA7905
:202C40001206511808184119387C7A7C12021018BA7C1204FB7C1B069A181218534291426B
:202C600000D290E1881A59188A4200D98CE1801A811A5018F3D387E1A178E2781202511831
:202C80002279120463791B069A1851184000081872000299009207F0A5FC38797979090226
:202CA0000818B9790904FA7912065118081801968119387C7A7C12021018BA7C1204FB7CC7
:202CC0001B069A1812185342914200D2A2E0881A59188A4200D99EE0801A811A5018F3D3A2
:202CE00099E0A178E278120251182279120463791B069A185118400008186A00029907F046
:202D000071FC3879797909020818B9790904FA791206511808184119387C7A7C12021018E5
:202D2000BA7C1204FB7C1B069A1812185342914200D228E1881A59188A4200D924E1801A39
:202D4000811A5018F3D31FE1A178E278120251182279120463791B069A1851188000081851
:202D6000B2000299009207F03DFC3879797909020818B9790904FA7912065118081801968C
:202D80008119387C7A7C12021018BA7C1204FB7C1B069A181218534291427AD3881A59182B
:202DA0008A4277D8801A811A5018F5D372E0A178E278120251182279120463791B069A18F1
:202DC000511880000818AA00029907F00BFC3879797909020818B9790904FA7912065118A6
:202DE00008184119387C7A7C12021018BA7C1204FB7C1B069A1812185342914200D2C2E0D7
:202E0000881A59188A4200D9BEE0801A811A5018F3D3B9E008463871010EF971010CB971B9
:202E2000010A797139787A7812025118BA781204FB781B069A185118400008180299009AF1
:202E40008918019AAE1A720007F0CCFB3879797909020818B9790904FA791206511808181D
:202E60008119387C7A7C12021018BA7C1204FB7C1B069A1812185342914200D283E0881AD3
:202E800059188A4200D97FE0801A811A5018F3D37AE008463871010EF971010CB971010A4E
:202EA000797139787A7812025118BA781204FB781B069A185118800008180299009A89189B
:202EC000019AAE1AB20007F08DFB3879797909020818B9790904FA791206511808188119A3
:202EE000387C7A7C12021018BA7C1204FB7C1B069A1812185342914245D3881A59188A42CD
:202F000042D8801A811A5018F5D33DE0B7AD000008463871010EF971010CB971010A797115
:202F200039787A7812025118BA781204FB781B069A1851180818019A02998918AE1A324643
:202F400007F050FB3879797909020818B9790904FA791206511808188119387C7A7C1202B6
:202F60001018BA7C1204FB7C1B069A1812185342914208D3881A59188A4205D8801A811A35
:202F80005018F5D300E008463871010EF971010CB971000A7871387B797B09020818B97B81
:202FA0000904FA7B120651180818401B3873010CB973010EF973000A787321780020FB2269
:202FC0000A40227003B0F0BDF0B591B0E4480078012800D0B0E1E34880690321C902405806
:202FE000E1490A78002A1DD0E0490A68002A1DD0841A0860DE480460204606F0ADFF064678
:20300000DC4905F053FE0546DB48844200D83546DA4928460C9106F0FEF900280ED0D84C79
:20302000D84814E001220A70D04984E10860D04800210160D848016011B0F0BDD2492846E7
:2030400006F004FA002800D178E1D04CD048D24908600894D2483B210DAE0E23324603F00A
:2030600003FA0D9800027178401800B206F06EFD7121CF05394605F04DFD0B90B07800026F
:20308000F178401800B206F061FD394605F042FD09900E9800027179401800B206F056FD38
:2030A000394605F037FD0A900F980002717A401800B206F04BFDBB4D294605F0F7FD044648
:2030C000B07A0002F17A401800B206F03FFD294605F0ECFD074610980002717B401800B2E3
:2030E00006F034FD294605F0E1FD0546AE4801682046049104F0A8FC0446AC480460AC4894
:2031000001683846059104F09FFC0746A9480760A94801682846069104F096FC0646A748DE
:203120000660A74800680790A64801680297384605F0F0FC054601942046079905F0EAFC2B
:20314000294604F086FC04469F4801680396304605F0E0FC214604F07CFC05460120C10709
:20316000284688437D21C90506F055F900260028344600D12C462046804906F067F9074689
:20318000924D2046294606F046F9002800D12546002F00D10C958E480C9F07608D48046818
:2031A0002046314606F02EF905462046394604F050FC3F210906079105F0ACFC002D00D103
:2031C00007460898394605F0A5FC0C99814A1160814905F09FFC0446804E314606F036F9FE
:2031E00007467F4D2046294606F015F9002800D12546002F00D12E467A4C2068314604F04C
:2032000028FC05462060784F3868314604F021FC38607649284606F019F9002820D0744E29
:20322000724F2846314604F014FC0546394606F00DF9002813D02846314604F00AFC0546E9
:20324000394606F003F9002809D02846314604F000FC0546394606F0F9F80028E1D1256017
:203260006449284606F0D7F8002820D0624E614F2846314604F0EDFB0546394606F0CBF8B2
:20328000002813D02846314604F0E3FB0546394606F0C1F8002809D02846314604F0D9FB45
:2032A0000546394606F0B7F80028E1D125600998014605F02FFC04460B98014605F02AFCE9
:2032C000214604F0C6FB04460A98014605F022FC214604F0BEFB494904F0BBFB484C204048
:2032E00048490D78484906F096F8002824D0002D22D00C982040079906F08DF800281BD036
:20330000244C0198214605F005FC049904F0A1FB254908600298214605F0FCFB059904F0C5
:2033200098FB234908600398214605F0F3FB069904F08FFB2049086011B0F0BD1549284619
:2033400005F0E8FB144908601449284605F0E2FB0446002106F068F80028EDD179E6C04627
:20336000763D2020D4AE0000783D2020403D2020543D20200000A042400D03000000FA43E6
:203380000BD7233C0000204100504347CDCC4C3D000048426F12833A443D2020BD37863557
:2033A000243B2020333383412C3D2020483D2020303D20204C3D2020343D2020503D2020E2
:2033C000583D20205C3D2020603D20200000FAC3283D20203C3D20201904963F0000A04075
:2033E0000000A0C0683D20206C3D2020000034430000B4C3000034C30000B443000080BF84
:20340000FFFFFF7F753D20209A99993EF0B58FB00646D54FF87C062801D3002200E0012245
:20342000831E591E8B41441F611E8C417021795C234200D0DDE0002900D1DAE00126B86EA0
:20344000F96E081A06F088FDC94905F063FBC94905F02CFC06F000FB02460B46C64908AD86
:20346000284606F0CBFB0020039002F037F9287804900224CE4D07E0284604F027FE032443
:203480000798C00700D16DE107960EA9039F0F702120487002262846324604F0ABFB0EA9DA
:2034A0000F704F702846324604F0A4FB0EA90F707F2048702846324604F09CFB0EA90F7021
:2034C000222048702846324604F094FB0EA90F704C702846324604F08DFB0EA90F704C7043
:2034E0002846324604F086FB284604F08BFD287A4006010E284602F0C3F94021284606910E
:2035000002F0BEF90498002857D00024049805942E4601467F39C9B2A129059D01D3203838
:20352000054660080627394606F076FAE8B27843A04A1018405C0799C90716D0012101400A
:203540004A008307DB0F9D00AA18DB00D2184307DB0F1D0152195B01D218C308C000069D58
:2035600028401018DA01024315E0C106C90F4A008306DB0F9D005219DB00D2184306DB0F4A
:203580001D0152195B01D2184308069D2B40D318802202401A430A43D1B23546304602F024
:2035A0006FF9671C0C21384606F036FA08A9762C03D8085C00283C46AAD10026284631468D
:2035C00002F05EF9781C40B2002800D554E70021284602F055F9B81C40B2002800D54BE720
:2035E0000021284602F04CF9FF1C78B20028E4D542E704280ED10796BA6E0026002A304620
:2036000028D0481E0D4685413B680020934214D2044613E03F2318403423C3401A4009D031
:20362000B86E00294ED0FA6E002A4BD0002849D0101A51E04D49002061E001242543012D22
:2036400008D1002900D0FB6E981A06F085FC484905F060FA474905F029FB06F0FDF9024649
:203660000B464D4908AD284606F0C8FA3046294603F03CF865208000381806F0C0FF06F07C
:20368000EBF902460B464548009601904449284606F0B4FA0220294603F028F8B620385C4C
:2036A000002801D0404A00E03E4A079C3F49284606F0A4FA0420294603F018F8002C42D11D
:2036C000324C41E04A1E9141424242410A4301D0002001E03968081A06F03EFC244905F096
:2036E00019FA244905F0E2FA06F0B6F902460B46214908AD284606F081FA0020294602F0BC
:20370000F5FFFA7C4F2080003B5C1C4908AD284606F074FA0220294602F0E8FFFF202030F4
:20372000385C002801D0174A00E0154A112000013B5C1549284606F061FA0420294602F0F1
:20374000D5FF002EBCD0124C386B06F085F90090019110492846224606F050FA0620294640
:2037600002F0C4FF0FB0F0BD40382020E9B000000000204100007A4478B10000C3B000001C
:20378000F0B10000F8B10000DDB00000E7B10000F4B1000025B1000019B1000000C0624013
:2037A000D0AF0000DDB10000FBB100009AB10000043B202010A60000F0B581B001242D2088
:2037C00006F07AFCCD4D297888421AD1A97802291AD84A1CAA706978431A59425941032AAF
:2037E000224600D10A46002A0ED16870002800D1EAE0287A002801D10120A8710020A8807E
:2038000002E028700020A8706878002809D1A888632806D8401CA880642802D10120E8711E
:203820002872372006F048FCA97A88421AD1297B02291AD84A1C2A73E97A431A59425941CC
:20384000032A224600D10A46002A0ED1E872002800D1BDE0A87C002801D1012028740020BE
:20386000E88102E0A87200202873E87A002809D1E889632806D8401CE881642802D10120A5
:203880006874A8743A2006F017FC297D88421AD1A97D02291AD84A1CAA75697D431A5942CC
:2038A0005941032A224600D10A46002A0ED16875002800D190E0287F002801D10120A87689
:2038C0000020288302E028750020A875687D002809D1288B632806D8401C2883642802D1F8
:2038E0000120E87628773B2006F0E6FBA97F88421CD120216A5C022A1CD8521C6A54E97FDE
:20390000431A59425941032A224600D10A46002A10D1E877002863D02620285C002802D1D5
:203920002420012129540020688403E0A877202000212954E87F00280BD1688C632808D8EE
:20394000401C6884642804D12520012129542620295425216A5C00206854002A05D12422E9
:20396000AB5C0021A954002B14D065490A78012A06D108706449087064490C7001B0F0BDBD
:20398000604A147008706049087060480470FA2001B0F0BD5B48007800280ED0584F397853
:2039A000A8790026AE7101291FD100282CD05C480178002926D0491E25E0A87EA97600284E
:2039C0001BD0FB2001B0F0BD0020A88028721BE70020E881A87448E700202883287775E705
:2039E0000020688426216854A4E7002840D048480078002825D0431E24E0A9712974084666
:203A000001B0F0BD03210170287C00262E74002805D043480178491C03220A400270A87EDA
:203A2000AE7600285AD0384908783D4A12783B4B1A700E7033490E703E7034490E7001B01C
:203A4000F0BD072333480078D9B281420A4600D30246171D81422E48037001D38F4204D882
:203A60008F4200D8DA1E2B48027028480470244F287C2E7400281AD025490878401C07239D
:203A800003402448027893421F4600D31746381D93420B7002D3C1B2994205D8C0B29842A2
:203AA00000D8DF1E1B48077018480470144FA87EAE76002814D016480078C0001649085C71
:203AC000062812D801218140742211420DD00E49087012480078124908703C700B4804703E
:203AE00001F02AFD304601B0F0BD0021054A11703970064A117001B0F0BDC046A83A2020E9
:203B00008F3B2020843B2020873B2020893B20208E3B2020803B202048AC0000713D2020B0
:203B2000773D2020F0B585B0AA480078012800D04EE1A94880690321C9024058A7490A7852
:203B4000002A1DD0A6490A68002A1FD0841A0860A4480460204606F0FFF90646A24905F0FE
:203B6000A5F80546A148844200D83546A04C2846214605F050FC002810D09E4D9E4816E08A
:203B800001220A709649086005B0F0BD08609548002101609D48016005B0F0BD9749284622
:203BA00005F054FC002800D101E1954D954897490860019502949748432103AF06233A4614
:203BC00002F052FC039800027978401800B205F0BDFF914C214605F069F89049096803F085
:203BE00033FF06468E480660B8780002F978401800B205F0ABFF214605F058F889490968D0
:203C000003F022FF054688480560049800027979401800B205F09AFF214605F047F8834981
:203C2000096803F011FF0746814807608148046881480168284604F06DFF05463046214636
:203C400004F068FF294603F004FF04467B480168384604F05FFF214603F0FBFE074601209D
:203C6000C107384688437D21C90505F0D4FB002500282E4600D13E4630465D4905F0E6FBFB
:203C800004466F4F3046394605F0C5FB002800D13746002C00D102976A48029F07606A4EF4
:203CA00034682046294605F0ADFB05462046394603F0CFFE3F21090604F02CFF002D3946CC
:203CC00000D10146019804F025FF37605F4904F021FF04465E4D294605F0B8FB07465D4EC4
:203CE0002046314605F097FB002800D12646002F00D13546584F3868294603F0AAFE0446E5
:203D00003860564E3068294603F0A3FE30605449204605F09BFB002820D0524D504E2046F3
:203D2000294603F096FE0446314605F08FFB002813D02046294603F08CFE0446314605F03A
:203D400085FB002809D02046294603F082FE0446314605F07BFB0028E1D13C604249204607
:203D600005F059FB002833D0404D3F4E2046294603F06FFE0446314605F04DFB002813D077
:203D80002046294603F065FE0446314605F043FB002809D02046294603F05BFE0446314621
:203DA00005F039FB0028E1D13C6005B0F0BD1649284604F0AFFE154908601549284604F00E
:203DC000A9FE0546002105F02FFB002800D1F0E605B0F0BD763D2020D4AE0000783D202016
:203DE000403D2020543D20200000A042400D03000000FA430BD7233C00002041005043474A
:203E0000CDCC4C3D000048426F12833A443D2020BD378635243B2020333383412C3D2020D6
:203E2000483D2020303D20204C3D2020343D2020503D2020583D20205C3D2020603D20203E
:203E40000000FAC3283D20203C3D20201904963F0000A0400000A0C0683D20206C3D202047
:203E6000000034430000B4C3000034C30000B443F0B591B00F90012548000D90400D5C002D
:203E8000670D59401095EE070E40AB494D1E44198C4200D203E17C198C4200D2FFE004963F
:203EA00010990C05611E00910B400025E9430E91A449019423430C93C01B40180290401C55
:203EC0000390D0020A90500DD9020B9247189E48C41B3846294622462B4606F087F8484225
:203EE000294622462B4606F081F84900C00F4418204629463A462B4606F078F84A42204679
:203F000029462B4606F072F84900C00F4418204629463A462B4606F069F84A42204629466F
:203F20002B4606F063F84900C00F4018441E3846294622462B4606F059F806460F460A989D
:203F4000294622462B4606F051F870186F411099081A0A902A46BA41204629462B4606F096
:203F600045F8C20F49008918099146000A98294622462B4606F03AF84A00C00F8018CF0FC8
:203F8000341809994F41E13C0994AF410F9AD00F0D9909180691520008920E98401E0D9086
:203FA0002E46AE4108463040034607902046294606F01CF80A910698C043614AD1430143E2
:203FC000521A05922C466C4109982946234606F00DF80690099138462946089A079B06F0F4
:203FE00005F80890079138462946059A234605F0FDFF05900A9A069BD0182B466B41079F29
:204000003E400D9C089A224082185E41059838186941099A80186941841969410E98401C77
:204020004748684181424BD2002201988142109800D310460F9B01D3039A029281401F2268
:2040400042406708D7400F4384405E05204639460B9A0C9B05F0CAFF40428E4102994A1E9C
:204060003449491E8A423EDC012A48DB00990F401205C10F73005B184000109921404018D1
:204080003A4304990A430021651C51410B9E301A0C98984100D3254644D3114642E0002F18
:2040A00028D024498F4204D0002823D0884200D0F5E62248064300253146284611B0F0BD3B
:2040C0006008CA0784184F080F980605204639460B9A0C9B05F08AFF40428E41039A154907
:2040E000491E8A42C0DD1548049901430025284611B0F0BD00252946284611B0F0BD002A17
:2041000013D10E994C400E494F4027430DD1019A56403043294605D10499114300252846ED
:2041200011B0F0BD284611B0F0BD2946284611B0F0BDC046FF07000002F8FFFF0000F07F77
:20414000FFFF1F00FE03000033F30475F0B5D9B01C4603920F46029058A80026068057A8EB
:20416000068056AD2E8055A8068054A80680084605F070FF28808F4D2888002802D08E484D
:20418000006880478D480078002800D10DE1288800283CD08A48036854A801884A1C02802E
:2041A0003046029A9847384605F054FF56A90880844800888449097805F02EFC55A908807A
:2041C000384605F047FF381857A90E800988012913D9421C56A8805F002827D4521C2AE0CB
:2041E0005799491C57AA11805699491E56AA118057A90988401E0229EBD256A9895F00290A
:20420000E7D401785C29EBD02F29E9D0ECE70120010214A806F009F8704E316802988847AF
:20422000002C00D1B8E000946D49B6E057A80088002800D1BBE0654914A805F0DFFC58A8B4
:204240000680058814E057A8008804AA16545C4803686048007854994D1C54AF3D804843E8
:2042600081B2304698475898401C58A908800D8814A805F0EFFE55A9895F05F0CDFB401CAF
:20428000A84228D957A80680008855A9895F8842D9DA14A805F0DEFE57A9098858AA128809
:2042A00055AB9B5F534359188842CCD357A90A8858AB1B8855AFBD5F5D4314AB5B199A5C73
:2042C0000B8804ADEA54579A521C0A800988BA5F9142E1DBB7E7404914AE3046039A05F049
:2042E0008DFC374803683B48007854994A1C54AD2A80484381B20025284632469847002C7E
:2043000053D058A80580068814E057A8008804AA15542B4803682F48007854994E1C54AFAE
:204320003E80484381B2284698475898401C58A908800E88204605F08DFE55A9495F05F0C8
:204340006BFB401CB04230D957A80580008855A9495F8842D9DA204605F07CFE57A909880B
:2043600058AA128855AB5B5F534359188842CCD357A90A8858AB1B8855AE775F5F43E319C8
:204380009A5C0B8804AFFA54579A521C0A800988725F9142E2DBB8E7124914A83A46039BE4
:2043A00005F02CFC316814A8884759B0F0BD084942E7C0467C3B2020503B20207A3D2020CD
:2043C0004C3B2020023B20207E3B20206FB100008FB000007F3B202081B10000483B202052
:2043E000F0AE000022AF0000F0B58BB093490978012900D01FE1002801D17D20800002906E
:204400000027059706973C463E463D46049703963B2107AE0E238A48324602F025F8079845
:2044200000027178401800B2049909180491B0780002F178401800B20599091805910898A2
:2044400000027179401800B206990918069109980002717A401800B23F18B07A0002F17A89
:20446000401800B22D180A980002717B039E401800B23618042003F00DFA641CA0B20299D9
:204480008842C4D301970395049805F05FFB0446029805F061FD05462046294604F006FC53
:2044A0000746059805F052FB294604F0FFFB0446069805F04BFB0695294604F0F7FB054615
:2044C00020460494214604F025FB044638460597394604F01FFB214603F0BBFA04462846AB
:2044E000294604F017FB214603F0B3FA07467F20C4053846214604F0A9FF00285DD0712024
:20450000C105384604F006FB8D21C90503F0A1FA3F210C06214604F0FDFA02950546384634
:20452000294604F0C3FB0146284603F092FA214604F0F0FA05463846294604F0B7FB0146BC
:20454000284603F086FA214604F0E4FA05463846294604F0ABFB0146284603F07AFA2146EC
:2045600004F0D8FA05463846294604F09FFB0146284603F06EFA214604F0CCFA05463846B5
:20458000294604F093FB0146284603F062FA214604F0C0FA04460598214604F087FB2949DB
:2045A00008600498214604F081FB274908600298214604F07BFB044604E0224800210160C3
:2045C00021480160039D019820490C6005F0BEFA069F394604F06AFB1D4C214604F066FBB4
:2045E0001C490860284605F0B1FA394604F05EFB214604F05BFB18490860304605F0A6FA8F
:20460000394604F053FB214604F050FB1349086013480021016013480160134801601348BF
:204620000170134801210170124880690321C9024058114908600BB0F0BDC046763D20202E
:20464000243B2020583D20205C3D2020603D2020333383412C3D2020303D2020343D2020FF
:20466000683D2020283D20203C3D2020783D2020753D2020D4AE0000403D2020F0B587B0F5
:204680009C4C3520C100204605F0CFFD9A487F210391C90520626162274603F0DBFD04F0A0
:2046A00065F94F208000201805F03EFE302010240025112621462A46334602F05BFD0720A3
:2046C0000490012205922146334602F053FD04F0B7F804F001F938467C3005F061FE3846DD
:2046E000983005F05DFE04F03FFC3846BC3005F013F80320C001381805F0F0FE65208000ED
:20470000381805F000FF00F0FFF81C2000907B4E3C210A221F23304604F088FD642003F0A8
:20472000B9F806A90D70AE204870022730463A4603F060FA06A90D70D520487030463A46DB
:2047400003F058FA06A90D708020487030463A4603F050FA06A90D70A820487030463A46BB
:2047600003F048FA06A90D703F20487030463A4603F040FA06A90D70D320487030463A46D1
:2047800003F038FA06A90D704D7030463A4603F031FA06A90D7040200290487030463A462B
:2047A00003F028FA06A90D708D20487030463A4603F020FA06A90D701420487030463A4642
:2047C00003F018FA06A90D702020487030463A4603F010FA06A90D704D7030463A4603F0EB
:2047E00009FA06A90D70A120487030463A4603F001FA06A90D70C8244C7030463A4603F070
:20480000F9F906A90D70DA20487030463A4603F0F1F906A90D701220487030463A4603F0F6
:20482000E9F906A90D708120487030463A4603F0E1F906A90D700398487030463A4603F0E6
:20484000D9F906A90D70D920487030463A4603F0D1F906A90D70F120487030463A4603F018
:20486000C9F906A90D70DB20487030463A4603F0C1F906A90D700298487030463A4603F08D
:20488000B9F906A90D70A420487030463A4603F0B1F906A90D70A620487030463A4603F098
:2048A000A9F906A90D70AF20487030463A4603F0A1F9284600F012FF1148124903F030F9E1
:2048C000049E3046294605F0F7FA204602F0E2FF3046059C214605F0EFFA284605F054FE21
:2048E000044D6867204605F04FFEA86700F024FE07B0F0BD4038202000004041043B2020B3
:20490000DD560000ED660000F0B583B002A80027077000978E4D68210A220123284604F044
:2049200085FC642002F0B6FF752102AE012428463246234601F098FD3078682800D1B6E0EC
:20494000702800D1B3E0284603F0C0FB142002F0A1FF752102AE01232846324601F084FDB7
:204960003078682800D1A2E0702800D19FE0284603F0ACFB142002F08DFF752102AE0123A0
:204980002846324601F070FD3078682800D18EE0702800D18BE0284603F098FB142002F06E
:2049A00079FF752102AE01232846324601F05CFD307868287BD0702879D0284603F086FB9F
:2049C000142002F067FF752102AE01232846324601F04AFD3078682869D0702867D0284615
:2049E00003F074FB142002F055FF752102AE01232846324601F038FD3078682857D070286E
:204A000055D0284603F062FB142002F043FF752102AE01232846324601F026FD30786828AF
:204A200045D0702843D0284603F050FB142002F031FF752102AE01232846324601F014FD62
:204A40003078682833D0702831D0284603F03EFB142002F01FFF752102AE01232846324654
:204A600001F002FD3078682821D070281FD0284603F02CFB142002F00DFF752102AE012372
:204A80002846324601F0F0FC307868280FD070280DD0284603F01AFB142002F0FBFE3846B4
:204AA0000A300A2F074600D23EE702A80078682801D0702842D1264E6B213046224604F03F
:204AC00027FF322002F0E6FE19210722304604F01FFF1A21032730463A4604F019FF1B21FA
:204AE0001822304604F014FF1C21002530462A4604F00EFF06263046214603F049FB304600
:204B000005F070FB13488069F9024058124908601248047012480570124805601248056080
:204B200012480560124805601248056012480560124805601248057003B0F0BD074800211B
:204B40000170074801700C48016003B0F0BDC046243B2020D4AE0000403D2020763D202038
:204B6000753D20202C3D2020303D2020343D2020683D20206C3D2020283D20203C3D202010
:204B8000783D2020F0B585B00492002800D111E10F46002900D10DE11C4605460126184656
:204BA00001F098F9297AB87D002902D0E97988420BD001212972E871387C6978884204D14F
:204BC000787CE978461A701E86412878401E042800D9BDE0784400794000874402B91C2FE5
:204BE0002B00002E07D1787D402804D1B87C002801D101206871687900282DD06878801FA5
:204C00000226F143884203D305F058FC002823D02E70EC609CE0002E05D1787D412802D199
:204C2000B87C002851D0E868201A1E2800D28FE00B208AE06878032800D089E0002E2BD1E3
:204C4000787D432822D0442826D1387D002800D10C20287106201EE0A869201A322877D319
:204C6000287F02282FD86978EA781E202B5E0A2060430026049F009701960290302004F0B8
:204C800069FEAC61287F401C287761E06878032802D06C61052028706878811F0222D2439D
:204CA000914242D30392397E0022002914D03978814211D17878E97888420DD17889972882
:204CC00009D3002208E00A203FE00120A87104202870EC603CE001222E4620363046394665
:204CE0002346FDF743F8304605F0A3FB002807D03A20285C143028710620039A287014E00A
:204D00003C20285E214602F0BDF968780328039A0BD12878042808D1304605F093FB039AE3
:204D2000002802D06C610520E8E76878801F904207D305F0BBFB002803D01E2028710620EA
:204D40002870F87D002803D11F202871062028702878411EC9B202290FD86978891F02227B
:204D6000D243914214D305F0A1FB002804D01E2028710620287002E02878062806D104F0C7
:204D800059FF2846203005F0B7FB2878002811D0A969611A14290DD36978EA781E23EB5E36
:204DA0000A266643049F009701900296332004F0D1FDAC6105B0F0BDF0B5A5B00593089207
:204DC0000D46074600260A967A4C3246234604F0FDFA002800D12C46354600D13D46284633
:204DE00021463246334604F0DFFA46424641002807D10AAA2846214604F0A8FA0A98401E60
:204E00000A900898007B0BAF412801D06B4800E06948099008988068019030200490387067
:204E20000022284621460292134604F0C6FA0121002801D0C80744400391781C0790002E7F
:204E40000DD024AA2846214604F080FA249801210A1A2846214602F0AFFC05460C462846E5
:204E6000214604F081FC0646079904F025FB0690304604F0E1FF02460B462846214600F01C
:204E8000CFFD04460D460198471C20D3079806994618002220462946134604F085FA002833
:204EA00048D1002220462946454B05F093FB04460D4604F059FC0999095C771C317004F0BA
:204EC000BBFF05F06CFB04460D463E46E1E70BA806994618002F16D07F1E0022204629467A
:204EE000374B05F077FB04460D4604F03DFC0999095C3246761C517004F09EFF05F04FFB5D
:204F000004460D46E6E73178099C204605F0ACFA001B08280EDB0196741E089D029F099E8E
:204F20002178304605F0A0FA801B0E2805DD2770641EF5E7089D029F04E009990818407887
:204F40002070019E37700A98297B4129059C01D0702100E05021069E079F224604F0B2FB24
:204F6000AA68501C04D1384605F0DBFA421EAA6038463146234604F02FFFA8680028039AD7
:204F800002D128680007C20F38463146234604F053F8287B412801D0782000E058202168E3
:204FA0004A1E226008702068411E21600499017025B0F0BD0000F0FF5EAF00006FAF00007D
:204FC00000003040F0B5A3B01E460F46044603929168002903D0002904D5062100E00121B1
:204FE0000398816007910AA83021089101700022204639460992134604F0DFF9012100287F
:20500000049101D0C8074740634D20463946614A2B4604F0EDF900280BD00022204639463F
:205020005F4B05F0D3FA04460F460998401C0990EBE70025204639462A462B4604F0B4F971
:20504000002813D1002220463946544B04F0B5F900280BD0002220463946514B05F0BAFAAD
:2050600004460F460998401E0990E3E702960AA8461C2046394604F077FB0596314604F032
:205080001BFA07998842019004DD481C0AA90B18085C20E0C9430E180AA90B180793581C6B
:2050A00006902046394604F05FFB04F0C5FE02460B462046394600F0B3FC0022384B05F0B9
:2050C00089FA04460F4604F04FFB069B303007994870761CE2D3C0B23528029E039F0DD3DF
:2050E000581E0178491CCAB201703A2A03D330210170401EF5E70AA9884241D00998019970
:205100000C181D700220C043844202DBB868844207DD601E397B891EC9B2324604F0D2FAC0
:205120000124059805F0FDF9401E0499A0421ADB0028089A01D4059A125C1346303B5D1E05
:20514000AB41C9431943C90705D13978090702D40025049905E031684B1E33600A700125E2
:205160000021401EE2E73868082202402A43501E824105982146334603F05EFF23B0F0BDF0
:20518000581E00210170099801990818441C0AA80590B7E70000C0FFFFFFDF410000F03F5B
:2051A00000002440F0B58DB007920890002201260B9149004F0D5900490D0C91694C651E6A
:2051C00009977919A142314600D31146F7070A971F460B9847400C984519A542344600D3B5
:2051E00014465F4D0A980740214301290AD10C98002800D184E0A8427BD0099800287FD009
:20520000A84276D00096069700260125079A500DD90208180590D00203903146089C224669
:20522000334604F0E3FE049007910195EF0705980743384631462246334604F0D7FE08904A
:2052400005910B98C0434949CA4302438A1A02923446744103983146234604F0C7FE054648
:205260000B913846049F3146029A234604F0BEFE3F4A17401540079AAA18334673410B9CD9
:2052800020187141059C00197141089C121958417141099B0C9CE318CC0221D4354C1B19DF
:2052A000C40F490009194000D40F0019FC0F520012197D002A4C641EA342069F19DC019C5B
:2052C0002405002B21DD641E21401B050B43194639436B420A9C2346934126D2401C2AE062
:2052E000244C1B195B1C1E4C3D46641EA342069FE5DD1D4807430026394630460DB0F0BDA4
:205300000026314630460DB0F0BD1B4D6940C043002A15DB0843002B009916D0002817D0DE
:20532000009800283146E8D117E06240154303D1019A024080187141064630460DB0F0BD65
:2053400001960843002B0099E8D101990028E7D10091009800283146CFD12743CBE7C046EA
:20536000FF07000002F8FFFF0000F07FFFFF0F0000F8FFFF01FCFFFFFFFF1F00F0B587B0C9
:2053800002910546411E88416849C32203F036FB28681F22410905921040012422468240FC
:2053A00088006349085895214B01C15811430193C150E86806900698411E0691002809D0CA
:2053C0000698411E0691002804D00698411E06910028F0D168684109059A1040224682408D
:2053E000880053490858534BC1581143C1500026072003940DE0B10044000C43287904F063
:205400005BFE064626430499881EC9B20129039C68D0049029684A0905980140204688403B
:205420009100434A5158434A89180A6902430A61EA680692069B5F1E0697002B09D0069B0A
:205440005F1E0697002B04D0069B5F1E0697002BF0D10B6803430B6006920698411E06913C
:20546000002809D00698411E0691002804D00698411E06910028F0D1287904F01DFE2A68DC
:20548000530905990A40214691409A00284B9A58284BD21813690B431361EB680693069F65
:2054A0007C1E0694002F09D0069C671E0697002C04D0069C671E0697002CF0D114680C4370
:2054C0001460069306994A1E0692002993D006994A1E069200298ED006994A1E06920029A6
:2054E000F0D188E72868059901408C40400980000F490858019A815821438150E868069031
:205500000698411E0691002809D00698411E0691002804D00698411E06910028F0D128467B
:20552000029902F0F7FEF0B207B0F0BD31AD0000FC3C202090120000F0B587B057480078F8
:20554000574E31780140C843564909684A424A410243554F3868434243411343D80700D0F3
:2055600084E000242046884750480078012824D13A685349002090475248007880005249DE
:205580000B58524A01AD18262846314604F036F93A680220294690474D4803784D4A2846F9
:2055A000314604F02BF93A68042029463C4E90473A6849490620904757E03D480078072832
:2055C00053D83C490978884201D0202300E03E23C0003949081840680090384A01AD182178
:2055E000284604F00BF93A6800202946904730480078401CC0B2072837D82E49097888427F
:2056000001D0202300E03E23C0002B490818406800902A4A01AD1821284604F0EFF83A6863
:2056200002202946904722480078801CC0B207281BD820490978884201D0202300E03E23E7
:20564000C0001D490818406800901C4A01AD1821284604F0D3F83A680420294690471448EA
:205660000078C01CC0B2072802D9347007B0F0BD10490978884201D0202300E03E23C00099
:205680000D490818406800900C4A01AD1821284604F0B4F83A68062029468CE7843B202068
:2056A000893B2020403B2020783B20208F3B2020803B20208E3B202048AC0000D3B10000B2
:2056C000A9B00000773D2020A0AF0000D8B10000873B2020B2B1000037AF0000F0B587B07E
:2056E000044601A900270F7021204870624D02262846324602F07EFA02A90F704F70284699
:20570000324602F077FA03A90F707F2048702846324602F06FFA04A90F7022204870284657
:20572000324602F067FA05A90F704F702846324602F060FA06A90F7007204870284632468D
:2057400002F058FA284602F05DFC287A4006010E284600F095F84021284600F091F82846B4
:20576000214600F08DF82846214600F089F82846214600F085F82846214600F081F8284619
:20578000214600F07DF82846214600F079F82846214600F075F82846214600F071F8284639
:2057A000214600F06DF82846214600F069F82846214600F065F82846214600F061F8284659
:2057C000214600F05DF82846214600F059F82846214600F055F82846214600F051F8284679
:2057E000214600F04DF82846214600F049F82846214600F045F82846214600F041F8284699
:20580000214600F03DF82846214600F039F82846214600F035F82846214600F031F82846B8
:20582000214600F02DF82846214600F029F82846214600F025F82846214600F021F82846D8
:20584000214600F01DF82846214600F019F82846214600F015F81F263E432846214600F0A9
:205860000FF820370548864200D278E7024802F02DFC07B0F0BDC046043B2020FF03000034
:20588000F0B587B001910646411E88416249A82203F0B4F88020009602E0800800D1B1E010
:2058A0000199084201D05B4901E05A491031029073681F225D091340012703979F40AB0017
:2058C0005648C3585D583D435D50F5686B08069306994F1E0697002909D006994F1E069770
:2058E000002904D006994F1E06970029F0D131684E091140039F8F40B100484846584548FA
:20590000311834583C4334500595059C651E0595002C09D0059C651E0595002C04D0059CF3
:20592000651E0595002CF0D10C693C430C610493029804994B1E0493002909D004994B1E26
:205940000493002904D004994B1E04930029F0D14408009E73685909890030484158019DCD
:205960002C4201D02B4D01E02A4D10351340039C9C404B5923434B51F5686B080693069957
:205980004C1E0694002909D006994C1E0694002904D006994C1E06940029F0D131680A40F1
:2059A000039F9740490989001C4842581948111814583C4314500595059A541E0594002A4E
:2059C00009D0059A541E0594002A04D0059A541E0594002AF0D10A693A430A610493029825
:2059E00004994A1E0492002900D156E704994A1E0492002900D150E704994A1E0492002945
:205A0000EED14AE7304601F02BFC0399484007B0F0BDC0469012000031AD0000FC3C202082
:205A2000FCB40124E407634002E0FCB40124E40708B41D03ED08D60D354356025F007F0DF2
:205A400006D12C00344300D0AEE001B0FCBC7047A408254307242402FF34A74205D10020D7
:205A6000190D090501B0FCBC7047002B03D50024A61BAC4125000B03DB08C20D134342027E
:205A80004800400D07D11C00144300D08CE00EBC1000F0BC70470124640723430724240266
:205AA000FF34A04205D10020090D090501B0FCBC7047002903D50024A21A9C412300C11BDA
:205AC00008D51C002B0025001400320026000024611A3800362925D502B4393949420C0022
:205AE000203C03D22F008F40374301E03700A740002F01D040210E4302BC20290BD500293C
:205B00000ED04C42203420B4A5402C0020BC0D41CE40361904E000292E000D4120390E4128
:205B200092196B411C0014433ED00024002B04D5012400218A1A99410B00401E52005B414A
:205B4000FBD50121890215000D400CD0521800277B4101D3401C0BE00721C90115000D40CE
:205B600001D189008A43072109028A4352005B41801C19DD07210902FF31884209D30EBCAA
:205B80000020C90F0902FF31C900C91D0905F0BC7047190B00050143E40721431805120BBC
:205BA000104301B0FCBC70470021002001B0FCBC7047FEE7F0B587B0039304920690006826
:205BC00001F042FF0746594903F040FC00281FD0574C564D3846214601F03BFF074629464C
:205BE00003F034FC002813D03846214601F031FF0746294603F02AFC002809D038462146B6
:205C000001F027FF0746294603F020FC0028E1D10F9D0E9805904749384603F0FCFB0028C1
:205C20001FD0454C434E3846214601F012FF0746314603F0F0FB002813D03846214601F0E9
:205C400008FF0746314603F0E6FB002809D03846214601F0FEFE0746314603F0DCFB00281C
:205C6000E1D106984760C46838460295294602F051FF214601F0EDFE0646059C214603F0B1
:205C8000E5FB05460120C007019044403046214603F0C1FB002800D13446002D059E00D13C
:205CA00026460D9805900C9800900698C6608168384601F0C9FE05462049029C204603F07C
:205CC000C5FB002800D11E4C2846214602F0EEFF0546069887600398314602F01BFF0646B3
:205CE0000498394602F016FF314601F0B2FE06460098294602F00EFF314601F0AAFE0546BD
:205D0000059F394603F0A2FB0646019C7C402846214603F080FB002800D12C46002E00D17E
:205D2000274606980761384607B0F0BD000034430000B4C3000034C30000B4436F12833AF4
:205D40000AD7233CF0B587B01C4606900E9D0C9805900D9E0846114601F076FE07463046D3
:205D60000494214602F0D6FE064605980597394602F0D0FE314601F067FE064601200190CF
:205D8000C0072C46029044403046214603F043FB07463046294603F059FB0028039500D19C
:205DA0003546002F00D12C46474E059D2846304041210F06394603F040FB00282DD00498FC
:205DC00006403046394603F02FFB002825D0109F2846214602F09EFE002103F037FB411E97
:205DE0008841069A117E00291ED0002819D00498294602F08FFE002103F028FB069A0028FA
:205E000007D08120C105304603F017FB069A002807D11069401C10610FE0069A107E00289E
:205E20002DD0002010762BE0002828D01069401C1061B84225D301991176C01B04F08CF8E8
:205E4000224902F067FE05460021059803F0FEFA002819D01E49284601F0FBFD054620460C
:205E6000294603F0F3FA0028039E0AD12846314603F0ECFA002800D12E46344601E0002089
:205E80001061204607B0F0BD0F98294601F0E1FD0746002103F0BFFA06463846039D2946EF
:205EA00003F0D4FA002800D13D46002E02D10298454000E0029D2046294603F0ACFA002870
:205EC000DFD12C46DDE7C046FFFFFF7FCCCCCC3CCDCC0C40F0B587B0029052480078524EB5
:205EE0003178401A8006000F7ED003A8801D01904E4C09E0781C084030704A480078317831
:205F0000401A8006000F6FD03078235C3078401C3F210840205C3278921C0A40A25C3578B7
:205F2000ED1C0D40655D3778012BE3D16B2DE1D13B1D0B4033703E490A709F2ADDD0022A87
:205F40002DD13C4A1168491C116000223A490A703A490978814201D138490A7038490978B9
:205F6000F32837D1012935D13748039003A9374888800198C27082704270027002274F81AF
:205F80006B20087301200D2201F0E0F9FD202B49087002982E4908602E49086021E02E4A07
:205FA0001168491C116024490978FF2906D04A1C214B1A70012901D8002100E001211F4ABB
:205FC0001278824202D100201C4A1070002994D0042706E0FD2890D102298ED11948028009
:205FE00003271748077088E714480178002916D017490968029A511A0C2910D300210170CC
:2060000015480168491C01600B490878FF2803D0421C0A70022802D309480421017007B0B1
:20602000F0BDC0468B3B20208D3B2020683A2020813B20203C3B2020393B2020863B202055
:20604000903B20203A3B202001FD00001E640000703B2020643B2020543B2020F0B585B08D
:206060000C46054600260846314603F0CBF900282ED104942C6800272046394603F0E6F9B0
:20608000411E88410390049839462746049C03F0C2F9002805D00021384603F0D7F90028E8
:2060A00016D13C4600272046394603F0B4F9411E88410290049839462746049C03F0C6F937
:2060C00000280DD00021384603F0A5F9002807D06E60AE60EE602E616E612C6005B0F0BD16
:2060E0000021384603F0A9F90121CE07002800D177407F20C1053846019103F0A7F9002895
:20610000EBD00021204603F098F90028214601D121467140384601F097FC07463F2001068B
:20612000384603F08AF90028D7D00096412006063846314603F081F98121C905002800D0CF
:20614000314601D0194E00E0174E384602F0E2FC0746314603F07AF9002800D13E460298BC
:206160000028019900D10099EF680398002800D00F490846314602F0CDFC394601F069FC5C
:2061800007460C4903F062F903900B4E3846314603F041F9002800D13E4603980028054874
:2061A00000D13046E86098E70000204200002043000080BF00A00C4600A00CC6F0B585B08F
:2061C000039304920446084603F0C0FC4D4902F0A1FC4D4902F06AFD6060A568294601F00B
:2061E00033FC7D21C90502F095FC294601F031FC0746A060256800262846314603F002F921
:20620000002806D0201D066046608660C660066175E00A98019002952846394601F014FCB7
:2062200005462669314601F00FFC00900398294602F070FC07460498009902F06BFC3946BF
:2062400001F007FC074630460396314601F001FC01460495284601F0F7FB616901F0F9FBA9
:206260000146019802F056FC394601F0F2FB0146E06801F0EEFB0646244903F0E7F807465C
:20628000234D3046294603F0C6F8002800D13546002F1E4900D129460191E16004982061BE
:2062A000039860610026029D2846314603F0CEF807462846314603F0AEF8002800D01548FF
:2062C000002F124E01D07F20C005114FA16902F021FC019901F0BDFB0446314603F0B6F8DC
:2062E00005462046394603F096F8002800D12746002D00D13E46304603F0B8FC0646304626
:2063000005B0F0BD00606A4700683F4700A00C4600A00CC6000080BFF0B585B014460191B3
:2063200004900003060F0321304603F04DFF4549642202F063FB002701254348039484423F
:20634000284600D3384666223E4902F057FB304603F02CFF0499C8B209040A0F10211323F3
:2063600002F01EFCB00039490C583949112222206050022E3748034600D0374B120229034A
:20638000052E00D01846324BE3180293A51861180091019903F040FB062E3E4613D0020C57
:2063A000070E0190000205D0791C104603F034FB064607E07F1EF8B2411C104603F02CFB0C
:2063C0000646FF360198FFB2791C03F025FBF6B2711C03F021FB401E0821009A916017607D
:2063E000EE60029F78600498010D0F2008400126324682402B6813432B60012808D8812135
:20640000890541438200A218154BD15013490BE080054A07801831408A00A218104BD050C8
:206420000E4A083208461146611880000D4A0A500498039902F074F838683043386005B085
:20644000F0BDC04638AE000011270000D4AE000004180000005A620200B4C404701800000B
:206460003018000001040000F0B587B01C46164606910546411E88414C494D4F3A4602F088
:20648000BDFA711E04968E417A1C3046474902F0B5FA284601F0B6FD287A4006010E284699
:2064A000FFF7EEF928460699FFF7EAF9284601F0A9FD287A4000401CC1B22846FFF7E0F926
:2064C0002A46002C6CD01546601E032103F0A4FA491C0020032900D0084602D127460499AA
:2064E00032E0614203910121091A029140420190022600942746049880190590811E06913F
:2065000003988419601E414241412846FEF736FF0599491E069A107002988019022811D0C5
:20652000BF1E0691614261412846FEF727FF06990870B61C019880190228DCD104988019F2
:20654000811E00E07F1E009C032C2A4628D3B81E0690781E0590F81E0490002603978D1942
:206560000598801B0F464142414110461446FEF705FFB8550698801B414241412046FEF73A
:20658000FDFE68700498801B414241412046FEF7F5FE22463946A870039FF61CB742DED143
:2065A000104601F093FD07B0F0BDC04631AD0000FF010000F0B585B01D4616463021029040
:2065C000009101700024104619462246234602F0F4FE002802D00120C00745400B98019090
:2065E0000A9804903E4F304629463C4A3B4602F0FFFE002809D00022304629463A4B03F07D
:20660000E5FF06460D46641CEDE70027304629463A463B4602F0C8FE002811D1002230463C
:206620002946304B02F0C9FE002809D00022304629462D4B03F0CEFF06460D46641EE5E78A
:206640000298401C03900498001904903046294603F08AF8039902F02FFF0399091800197C
:20666000019A10600498441C012C1ADB04913046294603F079F803F0DFFB02460B46304637
:206680002946FFF7CDF90022174B03F0A3FF06460D4603F069F83030049A511C1070641E56
:2066A000E4D1481E0278352A0DD3891E009C0A78521CD3B20A703A2B02D30C70491EF6E7DA
:2066C000029A914203D00770039805B0F0BD077001990868401C08600298F6E70000C0FF89
:2066E000FFFFDF410000F03F00002440F0B587B00091044601A900260E7021204870454D59
:20670000022728463A4601F075FA02A90E704E7028463A4601F06EFA03A90E707F20487053
:2067200028463A4601F066FA04A90E702220487028463A4601F05EFA05A90E704C70284668
:206740003A4601F057FA06A90E704C7028463A4601F050FA284601F055FC287A4006010EBE
:206760002846FFF78DF840212846FFF789F800990878002830D04D1C0027264C00970146C9
:206780007F39C9B2A129009901D320380146C8B20621414320484618415C2046FFF770F8A4
:2067A00071782046FFF76CF8B1782046FFF768F8F1782046FFF764F831792046FFF760F8CC
:2067C00071792046FFF75CF8BE1D2878002803D06D1C742F3746D2D30E4C00212046FFF784
:2067E0004FF8701C40B200280FD400212046FFF747F8B01C40B2002807D400212046FFF7CF
:206800003FF8F61C70B20028E7D5024801F05EFC07B0F0BD043B202010A60000F0B5CBB0DB
:20682000484E5020305A129032684F20800030180124214603F04AF87020315C002905D178
:20684000B16E002902D03168F16634540024B473712034547220345430467C302146FFF7A9
:20686000FDFB304698302146FFF7F8FB204603F08BFE70670120119003F086FEB06703F096
:20688000ABF8706BB36BF16B376C1A185218D21930D00A256A43684310906B4369436F43A3
:2068A0004420305A0F904620305A0E904820305A0D904A20305A0C90C620305A0B90CA20A9
:2068C000305A0A90CC20305A68430A9D089509900093019102970F9803900E9804900D98BF
:2068E00005900C9806900B980790174913A8109B03F084F91298002807D05325705D002843
:2069000003D100F07BFE119870554D203454B480622034546420345266203454F473347472
:206920007474B474F4747463B463F46334647464B4640320C001301803F001FE03F0A8FA5F
:206940004BB0F0BD4038202005AB0000B0B50324002873D0002A71D00378072B6BD8C046CF
:206960007B441B795B009F44033F191F084653270024AA2962D101215AE0C17082794A4008
:20698000384B9A5C827115295AD3AA394A424A4102700021417181712046B0BD4170314AF0
:2069A000515C817103214CE0817082794A402D49895C8171042144E083798B4244D1417845
:2069C000117081785170C37893700179D170121DC11D044610461A4603F004FE00202070D1
:2069E0006071A0710120B0BD0024AA2926D0552933D102211CE0017182794A401949895C5B
:206A0000817100244471C178002910D006210FE042798318521CD5B24271D97182794A4086
:206A20001049895C8171C17800248D4206D3072101702046B0BD1B2103F0F7FB2046B0BDC1
:206A4000052101700020B0BDAA394A424A4102700021417181710220B0BD00240470204654
:206A6000B0BDC04650A90000F0B58DB00246354F3878354E3178884201D10DB0F0BD0125F4
:206A800008E035490868401C08602246387831788842F2D0144638782C49095C3878401C1F
:206AA0007F2202403A7007AA2948FFF74FFF032827D00228E5D001282246E7D107A8007872
:206AC000022820D12548057025490868401C08602448026007A803A9164602F0E0FA00289E
:206AE00016D006980599049A039B1F4C23606260A160E0601D4806601D4805703246124ECA
:206B0000C4E71449BEE713490868401C0860BDE707A801A902F0BAFB00280CD001A90522BF
:206B2000144803F05FFD07A84178134A1170C0781249087003E007490868401C086022468A
:206B4000014EA3E78C3B20208A3B2020E8392020D03A2020583B2020443B2020853B202013
:206B60006C3B2020603B2020143B20205C3B2020013B2020343B2020833B2020823B2020C7
:206B8000F0B5CBB03E4E7020325C3168002A05D1B26E002A02D0F166012232540024B4732B
:206BA0004F208000301803F056FC712034547220345430467C302146FFF750FA304698301F
:206BC0002146FFF74BFA204603F0DEFC70670120129003F0D9FCB06702F0FEFE622034546F
:206BE0006420345266203454706BB36BF16B376C1A185218D21930D00A256A4368431190D6
:206C00006B4369436F434420305A10904620305A0F904820305A0E904A20305A0D90C62044
:206C2000305A0C90CA20305A0B90CC20305A68430B9D089509900093019102971098039027
:206C40000F9804900E9805900D9806900C9807900C4913A8119B02F0D1FF5020305A0028A8
:206C600007D05325705D002803D100F0C7FC12987055B480F4732046FCF7C8FB4BB0F0BD7B
:206C80004038202005AB0000F0B585B01C4600910746D0B211040A0F1021132301F080FFEB
:206CA000E0B221040A0F00210423029101F078FFB8002E490C5811200602A5192C4920465C
:206CC00003F0AEFB2B49204602F074FDA0590321C903884301210391C9034018049601941E
:206CE000A051032F01D0254F00E0234F009803F06BF902460B46029C2046394603F066FC7A
:206D0000FF229305224603F065FC07460E4602F02BFD009003F058F902460B4638463146E1
:206D2000FEF77EFE164B224603F054FC154B2246FEF77BFE02F018FD2969134A0A400099C7
:206D40005118296169693F2291431040081868616868039A10406968914308186860049919
:206D6000019B58581043585005B0F0BD90AF0000FEB100005CB10000D0129341D012834113
:206D8000000050400000E03F0000FFFF70B50446002606802E2003F08FF9012807D12078C9
:206DA0000121014321706078401C6070364E212003F082F9012807D1207802210143217014
:206DC0006078401C6070FA3E2025284603F074F9012807D120780421014321706078401C9D
:206DE0006070963E1E2003F067F9012807D120780821014321706078401C6070323E3620FD
:206E000003F05AF9012807D120781021014321706078401C60703236352003F04DF901286A
:206E200006D12078284320706078401C60709636322003F041F9012807D12078402101435B
:206E400021706078401C6070FA36392003F034F9012809D120788021014321706078401CAF
:206E60006070AF20400036186178481E0A468241A270002904D030B202F0CEFBA08070BD9A
:206E80000020A08070BDC046A2FE0000F0B59FB003930E46054604929168002902D5062100
:206EA0000498816002910024344F2846314622463B4602F08BFA002800D13746264600D123
:206EC0002E46304639462246234602F06DFA002820D100242A4D03F06FFB02F06EFA00288C
:206EE00009D0002230463946264B03F073FB06460F46641EEFE7234D03F05EFB02F06FFAC0
:206F0000002807D003F058FB03F060FB06460F46641CF1E7029905A80091019006A8324655
:206F20003B46FFF747FB0646059F022F049D08D1641C304603F0F5FA3018401E00210170ED
:206F40000127297B2046039C224602F0BBFBAA6830463946234602F03FFF304603F0E1FA6C
:206F6000874203D128680007C20F00E0012230463946234602F060F81FB0F0BD0000F0FFF6
:206F80000000F03F00002440F0B5E1B015460E4602463A480178491C0170090A6BD11C46AF
:206FA000709925916F9924916E9923916D9921916C991F916B991E916A9927916999269106
:206FC0006899229167992091669F002101703046289202F041FD1D901C91284602F03CFD62
:206FE0001B901A91204602F037FD19901891384602F032FD179016913046214600F024FD82
:2070000002F02AFD04460E462846394600F01CFD02F022FD1E9A10921F9A1192219A12929D
:20702000239A1392249A1492259A1592209A0892229A09AB54C30C900D9126980E902798F4
:207040000F901D9800901C9801901B9802901A980390199804901898059017980690169800
:207060000790074929AC2046289A02F0C7FD0320214602F0FDFA61B0F0BDC046883B20203C
:20708000F8AB0000F0B585B00246334803780020032B5FD1314D2B78002B5BD1304B1B6841
:2070A000CB1A042B56D3C723DB439A4200DC1A46C82A00DBC8222B4B1C88131B002C0CD06C
:2070C00026B214467443284C08D4D7177A40D21BF7177E40F61BB24200D3244C22781CB266
:2070E0009442144600DC1C4623B25242934200DB224613042ED0009116B230B2C013314607
:207100004140081A01A901240C70FD274F700022002E234600DC13468B70CA701E230B71BE
:2071200064234B718A71CA71030A0B7248728A72CA726B2008730D22204600F007F9204669
:20714000084A1188891911802F700949009A0A6003490A6005B0F0BD903B2020863B2020F8
:20716000643B20203A3B2020703D2020743D2020703B2020F0B581B01C4600920E46074647
:207180002D4D08461038414241411020184002090A407042704110432849B52201F02EFCE4
:2071A00078091F213940621E132A19D87A441279520097441009121415151515151515158A
:2071C00015151515090B150E6D1C09E01C4A551C06E01B4D04E0002502E01B4D00E0194DF4
:2071E0001A4A43011A4FFB185B5C9B00194FDD51102E10D101238B408500174E7559174E58
:20720000AB51009E002E01D0164601E016461036AF591F43AF51032C03D0042C02D001B0D7
:20722000F0BD103201238B4080000B49085881581943815001B0F0BD80000400E2AD0000C5
:207240008000040281000600810005009012000088AC000004804240FC3C2020D012000065
:20726000F0B585B00446411E88413549862201F0C5FB20681F26420930400125294681400D
:207280009000304B1858304A8218106908431061676838463040009585400197780980007A
:2072A0001858294FC3592B43C351E36804930498451E0495002809D00498451E049500280D
:2072C00004D00498451E04950028F0D110680843106003930398411E0391002809D0039866
:2072E000411E0391002804D00398411E03910028F0D10198C0B202F0DFFE21680E40009DDA
:20730000B540490989000F4A5158952252018B582B438B50E168029102994A1E02920029C9
:2073200009D002994A1E0292002904D002994A1E02920029F0D1411E884105B0F0BDC046CF
:2073400031AD0000FC3C20209012000070B514460D460646491E284688413349592201F091
:207360004DFB002C38D0B0003049085830494618601E032102F050FB481C0021032800D0D2
:20738000014601D1204625E00022204606E09D1C5B78B361801E921C8A421BD02B4635684A
:2073A000ED0705D03568ED0702D03568ED07F6D11D78B561012515438D4209D03568ED07E7
:2073C000E5D03568ED07E2D03568ED07F6D1DEE75D1C401E032C05D270BDCD1C8978B16192
:2073E000C01EF9D029463268D20705D03268D20702D03268D207F6D10A78B2613268D207A8
:2074000005D03268D20702D03268D207F6D14A78B2613268D207E0D03268D207DDD0326866
:20742000D207F6D1D9E7C0460DAE000090AF000008110000F0B583B0314F324D012466026F
:207440003148002101602A1F10680F210191090288438019029210602846083801680322FF
:20746000D3430B4003602868A043286028683840286010030A21224601F044FE234800F089
:207480002DF901F091F9002822D0029F3868102100910843202188433860286B0199090306
:2074A000884309210903401828631A4801F08EFE3868210301433960686B009908436863E6
:2074C000286B30432863002002F0BCF903B0F0BD0F4F03E001F068F90028D6D128680849B1
:2074E00008402860286821020143296038683042F0D138683042EDD138683042F6D0E9E7F1
:20750000FFFEFFFF08010B4008030B408CAE000004020B4045AC0000B0B505294ED8C0468B
:207520007944097949008F44023A1D2B0F4F81002E4A51582E4A8B580124E402A3438B5045
:207540002D490A5CEF2336E08100284A5158284A8B580124A5021D438D5027490A5C2243F2
:207560000A543EE08100214A5158214A8B580124E502AB438B508B58A402A3438B501EE08F
:2075800081001A4A51581A4A8B580124E4021C438C5019490A5C102313430B5421E081009E
:2075A000124A5158124A8B580124A402A3438B5011490A5CFE2313400B5400D0B0BD0D49D5
:2075C000085602F089FDB0BD8100084A5158084A8B580124E5021D438D508B58A4021C4386
:2075E0008C500449085602F0ABFEB0BD90AF000028100000ECB10000643D2020F0B5BBB0F7
:20760000314D5027EA5B52202B5C642000902F4913A802F0F3FAE85B00284DD02C4E1736C2
:20762000002430461738006812901220C043305E11901020C043305E10900E20C043305ED3
:207640000F900C20C043305E0E900A20C043305E0D900820C043305E0C90701E00780B90E2
:207660000620C043335E31782A460425ED43755F38460227FF43F75F0891099515460A9798
:20768000074611980090109801900F9802900E9803900D9804900C9805900B980690079374
:2076A00013A80C492246129B02F0A8FA641CEA5B18369442B5D300E00022074913A802F0A1
:2076C0009DFA3BB0F0BDC04640382020FDAC000000002020C4AC000009AF0000F0B584B0D3
:2076E0003049314A0125AC0316682B0203939E4316600E68264205D10E68264202D10E684E
:207700002642F6D06C02467E9769AF432E40BD1995612025455DD6690327BE433D40751981
:20772000D561224D2E680727374005262E60466A33681362736853622F60C3695B065B0CDD
:20774000D5697F263602B543EB18D361E8C8009707680197476802971B071B0B2D03ADB272
:20776000ED1833071B0D007A009E35431D43019B1D43029B1D43054390690D4B03400D4888
:207780002840C01890611068039B184310600868204205D10868204202D108682042F6D0F2
:2077A00004B0F0BD04020B4008010B40001340408D00F0FF72FF0F00F8B515460C462B4E61
:2077C0000A0D771C3A402A4B9A4213D0002A1AD10122D2079143014345D00022254B21461A
:2077E00002F0F8FE0C4624498D4209DC234A244B214635E0214602462346FEF716F931E0A9
:20780000220D3A40363A5119B1420ADD02F0E6FE222101600120C00704401D4824180020A4
:2078200021E0012904DB174A1440090564181AE03522D24391420ADC02F0D0FE222101607C
:2078400012488542E6DA0120C0070440E7E70D4A144009051B2252058918214300220A4B84
:2078600002F0B8FE0C462146F8BDC046FE070000FF07000000005043AF3CFFFF59F3F8C25F
:207880001F6EA501FFFF0F800000903C51C300000000F07FF0B581B0334D34496960002419
:2078A000AC6005212960002834D0012637040090401E032102F0B0F8481C032800D004462A
:2078C000009B184624D00021184606E0801E2A6832432A60891CA1421AD02A683A4205D1D1
:2078E0002A683A4202D12A683A42F6D02A6832432A600A463243A24209D02A683A42E5D1FC
:207900002A683A42E2D12A683A42F6D0DEE7401E032B07D201B0F0BDC01E296831432960DE
:207920000028F7D02968394205D12968394202D129683942F6D0296831432960296839422B
:2079400005D12968394202D129683942F6D029683143296029683942DED129683942DBD19F
:2079600029683942F6D0D7E710E000E08038010070B5214A21485060214B58602149116046
:207980001960214A5060214B586011601960204A5060204B5860204C6060204D6860204E39
:2079A0007060116019602160296031601D4A50601D4B58601D4C60601D4D686011601960F6
:2079C000216029601B4A50601B4B5860116019601A4A50601A4B586011601960801E194A64
:2079E0005060116002F027FC01F0EFFB01F037FD01F01AF970BDC04600080A40030000B114
:207A000000280A40010000260008864000288640004808400088864000A886400008094074
:207A200000088740008810400008104000281040000850400088464000A8464000080040B3
:207A40000028004000080340FCB40127FF07794002E0FCB40127FF070C024D002D0E03D1B2
:207A6000002C52D1FCBC70473C43FF2D50D0A408002900D56442020243001B0E04D1002ABE
:207A800043D10800FCBC70473A43FF2B41D09208002800D552425E1B04D5170022003C00B1
:207AA00076422B00192E06D527003741D2191C27F71B7F42BC40002A27D002D55242012771
:207AC00000E00027013B5200FCD51500802635400FD01500202635402C43803208D2150051
:207AE000402635402C4304D101263602B24300E05B1C5200023308DDFF2B0BD2500ADB050F
:207B00001843FF073843FCBC70470020FCBC70470800C70FFF07FF20C0053843FCBC7047D9
:207B2000F0B581B02A4A10602A4801602A48012404702A48002505702948057029480570D5
:207B400029480470294805702D2704230093384629462246FFF70EFB254E35813560756065
:207B6000384602F0A9FA307074703727384629462246009BFFF7FEFA75823582F581B581D8
:207B80007581384602F098FAB072F4723A27384629462246009BFFF7EDFAB5837561B56113
:207BA000384602F089FA307574753B27384629462246009BFFF7DEFAF584B58475843584C0
:207BC000F583384602F078FAB077F47701B0F0BD403B2020783B2020843B20208F3B2020A4
:207BE0008E3B2020803B2020893B2020873B2020A83A2020F0B585B014460D460646411E27
:207C00008841304FFA22394600F0F8FE691E28468841FB22394600F0F1FE304600F0F2F911
:207C2000307A4006010E3046FDF72AFE002C43D0671E0321384601F0EFFE481C0021039156
:207C4000032800D0039003D12746032C23D233E0019702940398471E04960026AC19A95D65
:207C60000498FDF70DFEB7420ED061780498FDF707FEB61C0398B042F0D1029CA71BAD19DE
:207C8000049E032C07D217E00198871B651C049E029C032C10D329783046FDF7F1FD69785B
:207CA0003046FDF7EDFDFF1EEC1CA9783046FDF7E7FD002F2546EED1304600F007FA05B067
:207CC000F0BDC04631AD0000F0B589B0129D0024002D5DD0139E112E5AD3119C109F0497F4
:207CE0000F9E00960E9E0896AA262E7055266E700226AE70E8700A2601962E716971AA7137
:207D0000EB7102931346089A96B22A72320A03926A72009AAA72EF722C73260A05966E7384
:207D2000260C0696AE73260E0796EE731A4EB7784740F8B2305C019F7840305C4840C0B2F0
:207D4000305C5840C0B2305C02994840C0B2305C08994840C0B2305C03994840C0B2305C97
:207D60005040C0B2305C04994840C0B2305C6040C0B2305C05994840C0B2305C0699484069
:207D8000C0B2305C07994840C0B2305C28741124204609B0F0BDC04650A90000F0B581B04D
:207DA00004462B4F38602B4804602B48002101602A49204601F04AFB002820D0284D274E8A
:207DC00020462946FFF745FE0446314601F03EFB002813D020462946FFF73BFE04463146DA
:207DE00001F034FB002809D020462946FFF731FE0446314601F02AFB0028E1D13C601949B9
:207E0000204601F008FB002820D0174D154E20462946FFF71EFE0446314601F0FCFA002872
:207E200013D020462946FFF714FE0446314601F0F2FA002809D020462946FFF70AFE0446C6
:207E4000314601F0E8FA0028E1D13C6001B0F0BD683D20206C3D20203C3D20200000344306
:207E60000000B4C3000034C30000B443F0B581B0002949D00C4605462449C868E06088681B
:207E8000A06048686060086820602046103000276776A776E7761E49052202F0A3FB1D48DB
:207EA000007860751C480078A0751C4800781C4909686B1AFE430028194600D13146E162FA
:207EC00018490A7818490968691A002A0D4600D135462563332B01D33B4600E0012318400A
:207EE000E075012A05D11E2903D8084880780127074027760D4800680D4909680D4A126861
:207F00000D4B1B681C340FC401B0F0BD143B2020343B2020833B2020823B2020853B2020CC
:207F2000603B2020013B20205C3B20206C3B2020443B2020583B2020683B2020F0B581B0E1
:207F40000D4604462B49284601F080FA00281FD0294E284F28463146FFF77BFD0546394615
:207F600001F074FA002813D028463146FFF771FD0546394601F06AFA002809D02846314649
:207F8000FFF767FD0546394601F060FA0028E1D11A49284601F03FFA00281FD0184E174FBA
:207FA00028463146FFF755FD0546394601F033FA002813D028463146FFF74BFD05463946B4
:207FC00001F029FA002809D028463146FFF741FD0546394601F01FFA0028E1D121682846CE
:207FE00001F010FA002802D10020A060E060256001B0F0BD000034430000B4C3000034C363
:208000000000B443F0B585B00446411E88412C49412200F0F3FC21681F224D0911400123D1
:2080200018468840A900274D6F58274EB9190191B9590143B95161680A409340490989003C
:2080400069588D198A591A438A51E268049204994C1E0494002909D004994C1E0494002955
:2080600004D004994C1E04940029F0D1296919432961039203994B1E0393002909D003995D
:208080004B1E0393002904D003994B1E03930029F0D1019B19690143196102920298411EF6
:2080A0000291002809D00298411E0291002804D00298411E02910028F0D105B0F0BDC046C7
:2080C00031AD0000FC3C202090120000F0B583B00446411E88412B49552200F08FFC61682F
:2080E0001F224D091140012318468840A900264D6958264E89190F6907430F6127683A4020
:2081000093407A099200AA5895192A691A432A61E2680292029C661E0296002C09D0029C11
:20812000661E0296002C04D0029C661E0296002CF0D12C681C432C600192019B5C1E0194BF
:20814000002B09D0019B5C1E0194002B04D0019B5C1E0194002BF0D10B6803430B60009224
:208160000098411E0091002809D00098411E0091002804D00098411E00910028F0D103B0CE
:20818000F0BDC04631AD0000FC3C202090120000F0B581B00D4604462849085C002803D0F1
:2081A000411E4842484101E0012008552449B22200F024FCA00023490E580320C0023018FE
:2081C000214FF119009101210B03F318F2590A43F251202242601D4A8260022D0CD0012D18
:2081E00015D12725022C2E4600D04F26052C00D0354600260F4613E06325022C2E4600D082
:20820000C726052C00D035460227072608E0621F551EAA41A61E751EAE41164000252F46A2
:208220000B4A1E60009E7560175508229A6042688A4342600021016001B0F0BD143D2020DE
:2082400060AD0000D4AE000008110000FFFF00001B3D2020B0B51D48002404701C480470A6
:208260001C4804601C4804601C4804601C4804601C4804601C4804601C4804701C4804709E
:208280001C4804701C4804701C4804701C48046044608460C4601B48047044708470C4702F
:2082A0000471194802F044F9184A531CE120410202252846FEF7E8FC15492846224601F011
:2082C0001BFF04212846FFF727F9B0BD8C3B20208A3B20206C3B20205C3B2020603B2020C9
:2082E000683B2020583B2020443B2020913B2020823B2020833B2020013B2020853B202086
:20830000143B2020343B2020D03A20201720020069950000F0B583B000910446411E8841C3
:2083200027496A2200F06AFB22681F26530932400120014691409A00224DAA58224FD319AE
:208340001A690A431A6162681640B04052099600AA59009D002D00D11037D5590543D55150
:20836000E4680294029A551E0295002A09D0029A551E0295002A04D0029A551E0295002AFE
:20838000F0D11A680A431A600194019A541E0194002A09D0019A541E0194002A04D0019A5E
:2083A000541E0194002AF0D11A690A431A6105498959054A8B5803438B5003B0F0BDC04697
:2083C00031AD0000FC3C202090120000F0B581B015460446C8174140081A01F0BDFD0646B1
:2083E000E8174540281A01F0B7FD05461F4F3046394600F08FFB06462846394600F08AFB3C
:20840000074665681A49304600F084FB2946FFF720FB6060A5683846154900F07BFB2946FC
:20842000FFF717FBA06030463946FFF712FB3F21090600F06FFB25680D4900F06BFB2946CB
:20844000FFF707FB05462060E6680A49304600F0FDFF002807D02846314600F0EEFF00286D
:2084600001D00120207401B0F0BDC0460B01A33DCDCCCC3D0AD7233CF0B583B01F461646AB
:20848000019104464009009000210122042320460292FEF76FFE1F252540A900194A575004
:2084A000002E00D1184E194A565000988100184A5158184A8B18184A8A18184C09196C002F
:2084C0000F2D08D81E680327A740BE430198A0403043186009E01E691E273C400327A74042
:2084E000BE430198A0403043186102980346AB4014681C4314600A681A430A6001F020FFB0
:2085000003B0F0BD143C20202F8D0000943B2020FC3C2020901300004810000028100000F5
:20852000F0B581B0054620480091814201D3002000E001201D49362200F060FAA80B3C2151
:2085400001401B4844581C482658304601F004FD0746009801F000FD184900F0A7FB39464C
:2085600000F0D8FA01F006FC2A0D0F211140864200D1701C0F4B012903D88A00A218114D68
:2085800003E0D207520FA2180D4D5051E01801228A400099002902D00168914301E0016809
:2085A0001143016001B0F0BD1127000038AE0000D4AE0000041100000818000000401C4631
:2085C0001818000010180000F0B58B4200D1824204D90B0002000021002040E0002B00D1F5
:2085E000002A0CD10B00020000210020002B00D1002A01D0C943C04300F0D5F82FE01C0038
:2086000015000B0002000CB4002126002F00FF19764102D2491C4029F9D100201E00170072
:20862000FF19764102D2401C4028F9D10E1A21002800320001F080FD0C0005000CBC0020FF
:208640000021A34200D1AA4201D3521BA341404149416D08E7073D436408761EF1D5059FDA
:20866000002F01D03A607B60F0BD7047F0B585B00024002843D0CD1FEDB26D087D2D3ED32D
:20868000062904D1062101711F49018037E041708C1EE4B20026042C01D3354602E0E400E1
:2086A000184DE5400F4604920A9C8570C178491CCAB20121012A00D80A46C270C38386809D
:2086C0008671067206770170C4600646203001F013FF032F02D3204600F07AFC7178F27854
:2086E0001E20335E0A25654300270498009001970295302001F02EF9B4610124347720469F
:2087000005B0F0BD0100020106060000002A49D084468B071CD1830722D1102A08D370B4A5
:20872000103A78C978C0103AFBD270BC103238D0042A2CD3082A05D30C2A01D308C908C00F
:2087400008C908C008C908C092072AD0920F22E00B780370491C401C521E22D08B07F7D13E
:20876000C30714D18307D8D0121F12D308C903801B0C4380001D121FF8D20AE008C903707E
:208780001B0A43701B0A83701B0AC370001D121FF4D2121D05D00B780370491C401C521E52
:2087A000F9D1604670477047F0B583B0204F214A01246506260510681F210906884310606C
:2087C000A2040020314601F0C7FC18481A4901603868284205D13868284202D138682842BD
:2087E000F6D0144880690290620400200190314601F0B2FC0D48104901603868284205D1C0
:208800003868284202D138682842F6D0094881697D20C000029A504301F0FEF80749401855
:208820000B2800D3019C204603B0F0BD2C030B4004020B4038010B400100000E35F8FFFF46
:20884000F0B583B033200290102500241126294622463346FEF78EFC31273846294622464F
:208860003346FEF787FC2846294622463346FEF781FC38200190294622463346FEF77AFC33
:208880001248134E31462246FDF746FD114831462246FDF741FD0298214601F00DFB384625
:2088A000214601F009FB09482146FFF739FE2846214601F001FB0198214601F0FDFA054880
:2088C0002146FFF72DFE03B0F0BDC0460C400200204E00000D501200F0B581B01E4F1F4CD1
:2088E00019200090032529463A462346FFF7C4FDA31C0E26304629463A46FFF7BDFD231D30
:208900001A2738462946144AFFF7B6FDA31D1B2420462946104AFFF7AFFD009801F0CCFB02
:208920004500304601F0C8FB28430D4D2870384601F0C2FB4600204601F0BEFB304368709E
:20894000084800210160084A1160516041609160D16001B0F0BDC046ED920000043D2020AA
:20896000223D20200C3D2020EC3C2020B0B5154800240470144804701448046014480470AD
:20898000144804701448046014480460144804801448047014480470144804601448046087
:2089A000144A531CE120410201252846FEF76CF911492846224601F09FFB04212846FEF775
:2089C000ABFDB0BD8D3B20208B3B2020743B2020903B2020863B2020643B2020703B2020AF
:2089E0003A3B2020393B2020813B2020543B20203C3B202026200100C1950000F0B583B017
:208A00000092002801D003B0F0BD1C4800780028F9D00D461A480178012900D1FEE701216E
:208A20000E040C02017001F097FC002715482946009A3B46FBF78AFB02970197029702E0F0
:208A40000298401C02900298A042EFD201970198B042F5D200BF0198401C01900198B04297
:208A6000EED200BF0198401C01900198B042E7D200BF0198401C0190E9E7C046793D20209C
:208A8000723D2020B6B0000040B542004B005E08164301D006004E4000D4D01A04D2012026
:208AA000C90F06D1404204E003D90120C90F00D04042FF263606B24200D8B34200D901205E
:208AC00040BD40B542004B005E08164301D006004E4000D4D01A04D20120C90F06D140420D
:208AE00004E003D90120C90F00D04042FF263606B24200D8B34201D90120404240BD42008D
:208B00004B000020FF2109068A4200D88B4200D901207047FCB40127FF0706004E4001D452
:208B2000002600E03E00020243001B0E30D03A43FF2B30D00C024D002D0E29D03C43FF2DA0
:208B400029D05B194240504042404C4061404C4000B501F019F820BCAE4642405040424040
:208B60004C4061404C4025001400002C01D46400013B803401D3013364087E3B08DDFF2B72
:208B800009D2BC43200ADB0518433043FCBC70470020FCBC7047FF20C0053043FCBC70475F
:208BA00070B51E461546044608461038424242411020184003091340484248411843134939
:208BC000E722FFF71BFF12482843711E132916D87944097949008F440D120F0B1212121222
:208BE000121212121212121212091209094804E0094802E0002002E00848054328460849EE
:208C0000095D8900074A885070BDC046E2AD00008000040080000402800006008000050065
:208C200088AC000004804240F0B581B019490124B52620463246FFF7E1FE174917480860E8
:208C400017480068174FC45195214D0141592143415120460F493246FFF7D0FE0F480E4996
:208C600048600F4800680221C15142590A434251204608493246FFF7C1FE0B4807490160F5
:208C800007480068A103C15142590A43425101B0F0BDC046E2AD000004804240810004006E
:208CA000FC3C2020D012000090804240FCB40127FF0706004E40F60FF607020243001B0EE4
:208CC0002DD03A43FF2B2DD00C024D002D0E26D03C43FF2D26D05B1B002020216408520829
:208CE000A2424041A24200D3121B013904D0002A01D05200F4D18840384201D14000013B7B
:208D0000803001D3013300E040007F3307DDFF2B08D2400ADB0518433043FCBC704700205A
:208D2000FCBC7047FF20C0053043FCBC70477047F8B5451C00780023082B32D02F78C207F9
:208D40000CD16A780F241440E41C122C0BD102242E57F4B2002E08D4EE1C0EE06D1C4A1C71
:208D60000F7011461AE0AE1C08E02E1DED7800957F252C40009DED012C1912343D011209AD
:208D80005219094DAA420ED0D243002C05D08D5C4F1C0D70641E3946F7E7354640085B1C48
:208DA000CAE72846C5E7F8BDFF0F0000FEB502930F46194D0024E143184E009737400190D5
:208DC00043422B46BB4101D20C4623E0084602990E405342B54101D204461BE013460199AC
:208DE0000B433E431E43029D009E13D02B46334004D401998B1A3346AB4103E00199531AD9
:208E00002B46B341044605DB51406E400E43701E864134462046FEBD0000F07FFFFFFF7F58
:208E2000F0B583B004460020002C2ED02378022B2BD1E2602261032020700023A37160787B
:208E4000C01EC0B20D46032802D2C000104BC34020462030D9B2164601F004F8607830219F
:208E60000328084600D0182001F056F96178E2781E20235E0A20704301270095019702907B
:208E8000312000F067FD3846A66103B0F0BDC04601020200F0B581B01E4614460D461649F7
:208EA0008B421F4600DC0F4614498F4200DB0F46012E07DB012100F0FFFF0021284600F051
:208EC000FBFF12E000940024214600F0F5FF002E05D42846214600F0EFFF274604E0012176
:208EE000284600F0E9FF7F42009CB9B22046FFF717FB01B0F0BDC046F0D8FFFF1027000095
:208F0000F8B50446164F174D0E462E400120009464423C46B4411AD31D405442AF4116D344
:208F20001046009C20433543054311D00020C0431C460C400ED4009CA41A0C469C4106DB1E
:208F40000098504059400143481E81410846F8BD0020F8BD009C141B1C468C41F0DAF6E76B
:208F60000000F07FFFFFFF7FB0B52E2000240325214622462B46FEF7FDF8212021462246CD
:208F80002B46FEF7F7F82020214622462B46FEF7F1F81E20214622462B46FEF7EBF8362072
:208FA000214622462B46FEF7E5F83520214622462B46FEF7DFF83220214622462B46FEF7B7
:208FC000D9F83920214622462B46FEF7D3F8B0BDF0B583B00446124E3078401E02281CD359
:208FE000104900200870104908801049087001A901250D70F3274F70AB228A70CD7008712B
:209000006B20487106222846FEF7A0F9054807700748046007480460357003B0F0BDC046B3
:20902000903B2020863B20203A3B2020393B2020703B2020643B2020F8B51C4617460E4631
:20904000054601F06EFA0021012E03DB864201DCA919491E002F04D02268531E23602E239E
:2090600013703246824206DD23685F1E276030271F70521EF6E7B04200DB3046012808DB3D
:20908000A9420BD308782268531E23601070491EF6E72068411E216030210170F8BD002244
:2090A00000282DD000292BD00378022B28D14378102B25D183780E2B22D102790A70427903
:2090C0004A7082798A70C279037A1B029A188A80427A837A1B029A18CA80C27A0A72027B49
:2090E000437B1B029A184A81827BC37B1B029A18037C1B04D218407C00061018C860012251
:2091000010467047F0B5164B1D46083D2E680124A6432E601E6803273F03BE4338403018AF
:2091200018601868FF26B043C9B2401818602868204328601D68002A0ED00A48210222072E
:2091400015431D6002680A4205D102680A4202D102680A42F6D0F0BD200785431D60F0BDE3
:2091600010010B4004020B408446830706D0002A29D001700130013A8307F8D1042A1CD3A8
:209180000906090E0B0219430B041943082A10D30B00102A09D370B40F24161B22400C00A9
:2091A0000D003AC0103EFCD870BC082A01D30AC0083A042A01D302C0043A002A03D0013A0E
:2091C0008154013AFCD2604670477047F0B5154C154B0125AD020678360287781968FF220B
:2091E0000432914303223A40B2180D4E0A431A600A4A32602168294205D12168294202D163
:2092000021682942F6D04078002803D01868102101431960501C3060F0BDC0460100009132
:2092200014030B4004020B4014010B40F0B583B01D46029201910746089C411E8841114947
:20924000114E3246FFF7DAFB281B411E8841721C0C49FFF7D3FB3D607C6001983872029804
:20926000F860102601271123284631463A46FDF781FF1223204631463A46FDF77BFF03B078
:20928000F0BDC04631AD0000DE02000010B502460020002A29D0002927D01378022B24D140
:2092A0009378022B21D35378453B0424E443A3421BD300200871C870887048700870107993
:2092C00008705079487093780120032B0DD393798B709378042B01D3D479CC70032B04D3B8
:2092E0005378442B01D192790A7110BD70B50D78E800124A1018497889004258521C425015
:209300001B210E241A221920002D00D0104600D00C4600F0D1FE4600204600F0CDFE30435C
:2093200007494A5D92000243D2B2064B9A56AB00054CE658B218E250485570BDEC3C202032
:20934000223D202080AF00000C3D202070B514460F4D0B462B40002222600E4EB34215D83D
:209360001E46064312D01E0D07D100220A4B01F031F90D403522D2432B461B0D9A18074B73
:20938000D2182260064A0A400649511870BDC046FFFFFF7FFFFFEF7F0000504302FCFFFF65
:2093A000FFFF0F800000E03F10B5FFF7A9FD002801D0002010BD012010BD10B5FFF7A0FD74
:2093C000002801DB002010BD012010BD10B5FFF797FD002801DD002010BD012010BD10B5B9
:2093E000FFF7E4FC002801DA002010BD012010BD10B5FFF7DBFC002801DC002010BD012014
:2094000010BD704710B5FFF73FFB002801D0002010BD012010BD10B5FFF736FB002801DB0F
:20942000002010BD012010BD10B5FFF72DFB002801DD002010BD012010BD10B5FFF741FB96
:20944000002801DA002010BD012010BD10B5FFF738FB002801DC002010BD012010BD7047A9
:2094600010B511490A68114881235C011359002B01D0101804E049680B59002B13D008184A
:20948000FF33D9B20F2902D80268480002E002691807C00EC240032010408900044A52581B
:2094A000044B5958904710BDFC3C202090130000943B2020143C2020F0B587B00191064694
:2094C00002AD0020E874123537460A243846214600F0A2F84443391BCA175140891A3031AF
:2094E000297009376D1E122F0746EED8002E01D46D1C01E02D20287002A8441B22461432AB
:209500000198294601F06EF81334204607B0F0BDF0B5FFB086B01C4615460246A868002814
:2095200001D50620A8602368039304AB0090019305A80B46FDF73EF80646049FAA6839468B
:20954000234600F049FC20680399814201D0012202E028680007C20F304639462346FFF7F4
:209560006BFD7FB006B0F0BDF0B581B00220694600F0B0FA002819D00D4C0E4D0F4E0E4F31
:2095800008E03068401C30600220694600F0A2FA00280BD02078411C7F20084029788842B8
:2095A000EFD000992278B9542070EDE701B0F0BD8A3B20208C3B2020E8392020683B20209A
:2095C000F0B581B00120694600F084FA002819D00D4C0E4D0F4E0E4F08E03068401C30608C
:2095E0000120694600F076FA00280BD02078411C3F20084029788842EFD000992278B95432
:209600002070EDE701B0F0BD8B3B20208D3B2020683A2020743B20201CB5002922D04C0869
:20962000002900D5494242105440002800D5404200230A00904201D95200FBE790425B41C1
:20964000904200D3801A914201D25208F6E71900002C00D54042640000D549420200080084
:2096600011001CBD01000020FEF7FFFF1CBD7047B0B50C460546491E204688410E496C22DF
:20968000FFF7BCF92078002815D0A9000B4A51580B4A891804E0541C8861507800280AD0D6
:2096A00022460B68DB07F6D00B68DB07F3D00B68DB07F6D1EFE7B0BD0DAE000090AF0000B6
:2096C000081100007CB515460C460646C01731464140081A009200210A226423F8F7F4FA13
:2096E00030460930122808D8DF202040502804D02868411E296030210170002E01D42B206E
:2097000000E02D2029684A1E2A6008702868411E296004707CBD000070B500214181017380
:209720000183016041600172C1810182418281828175C16101628184064A074B074C084DDB
:20974000084E86648262C162064630363EC6456470BDC046000020430000E6420000B842AB
:20976000CDCC4C3E000096420CB54A00520D03231B02FF33D21A13D31F239A1A12D98E4688
:20978000C9020123DB071943D1400B2A02D21532D04001437346002B00D5494208000CBDD2
:2097A00000200CBD0B000120C007002B00D401380CBD000070B511221302C218C458012543
:2097C000AC43C4500C888D7825438C882C43C558084E2E40084D25407419C4508879CB7981
:2097E0000343087A184351687E23994318400818506070BDE798FDFF1867000081B0B0B52B
:2098000087B00C460B930592491E22468A41A11A03910025049502900BA906910748009027
:20982000074B05A802AAF7F763FD002C01D002990D7007B0B0BC02BC01B00847419D00005B
:20984000F9A2000010B50E490E4A01235C0590600868204205D10868204202D10868204265
:20986000F6D010681B04034313600868C00605D40868C00602D40868C006F6D510BDC046E3
:2098800004020B4004010B4010B50F4A017853185B78401CDB06F9D42D2901D02B2901D1FB
:2098A000027801E0401E0A46431C0020303A092A05D80A24444310191A785B1CF6E72D298C
:2098C00000D1404210BDC04640A80000F0B583B000281BD015460E46044600F037FE617898
:2098E000E2781E23E35E0A276F43009001960297322000F02FF8A56100F09CF9204620303F
:2099000000F0FAFD656100202080A07003B0F0BD70B515460E460446411E88410C49FF22AE
:209920003A32FFF76BF82046FEF76CFB207A4006010E2046FBF7A4FF20463146FBF7A0FF48
:2099400020462946FBF79CFF2046FEF7BFFB70BD31AD0000F0B58FB007920691024614AF66
:20996000E0CF0C4801784C1C04701B20059008A8049000A8E8C01046069A079BFEF7A4F901
:20998000002804D00246022008A9FDF7DFFC0FB0F0BDC046913B202010B50C4C2068C0B24C
:2099A0000B2808D00C280ED109480268094801680220904707E006480268064801680120A4
:2099C000904700F069FB2069A06210BD20901040CC3C2020DC3C202010B5332000242146C1
:2099E00000F06AFA3120214600F066FA08482146FEF796FD1020214600F05EFA382021462E
:209A000000F05AFA03482146FEF78AFD10BDC0460C4002000D5012001CB50A0017D000235F
:209A20000124E407A04200D20400944201D95200FBE790425B41904200D3801A914201D227
:209A40005208F6E719000200080011001CBD01000020FEF70AFE1CBD08B443001B0E0FD0C4
:209A6000FF2B11D00721C9015B18C10FC9020B43010048074902090B1B05194308BC7047E7
:209A80000021002008BC704701004002C90DC900C91D090508BC7047F0B5B9B01C461346F0
:209AA000089105463EAFC3CF429A0093019402ABC3C30692064909AE30462A46089B00F0F5
:209AC0009DF803203146FFF7D3FD39B0F0BDC0468CAD0000B0B50C460546491E2046884124
:209AE00008499E22FEF78AFFA8000749085807494258520704D44018C06920700120B0BDC5
:209B00000020B0BD0DAE000090AF00000811000070B50A480A4C84420CD00A4D0A4EB54290
:209B200008D02A686968501C12789200A25890470835F4E700BF00BF70BDC0464CB20000CA
:209B400040B2000054B2000064B2000006B49E22002802D404D106BC7047414204D400E0F6
:209B60000100013A4900FCD5803101D3013200E04900490AD2051143002802D50122D20735
:209B80001143080006BC7047FCB4020C0B0CFF242402FF34204021400C00444315005D4396
:209BA00006005E430F005743320C3B0CA818C01832043B040025A1186841C9186841FCBCFA
:209BC0007047000080B5084808494160084A5160891E084B596008490160116019601020D5
:209BE00000F0D8FC80BDC04600080A40030000B100280A40000803400100002682B0F8B595
:209C0000069207930291019006A9039107480090074B02A801AAF7F76BFB019900220A709B
:209C200004B080BC02BC02B00847C04611A30000C3A5000080B582B069466B2008710748EA
:209C4000009001200522FDF781FB054800210170044801700448018002B080BD01FE9800CD
:209C6000863B2020903B20203A3B202006B54100090E7F390DD41F22511A0CD98646000218
:209C80000122D2071043C8407246002A00D5404206BD002006BD02000120C007002A00D4A6
:209CA000401E06BD10B5094C2068C0B20C2803D00B2807D1012000E0022005494A680549EC
:209CC000496890472069A06210BDC04620101040CC3C2020DC3C202010B5094C2068C0B26A
:209CE0000C2803D00B2807D1012000E0022005498A680549896890472069A06210BDC0467B
:209D000020301040CC3C2020DC3C202010B5094C2068C0B20C2803D00B2807D1012000E0DC
:209D200002200549CA680549C96890472069A06210BDC04620105040CC3C2020DC3C20206D
:209D400070B514460D4601466A68A86882420CD9101A8442264600D306462868324600F0EC
:209D600041FC286880192860A8680019A860204670BD000006B5002803D57346FFF776FF52
:209D800006BD4100090E7F3908D31F22511A07D300020122D2071043C84006BD002006BD90
:209DA0000020401E06BD000070B5094C21402340002501244042074E30468841204600D38B
:209DC000284651429E4100D32C46204370BDC046FFFFFF7F0000F07FF8B51C461546064627
:209DE000571800F09EFB711E012D0CDB3022012F02DB874200DCCA5D23685E1E26601A7085
:209E00007F1E6D1EF0E7F8BD41091F2202408800074908582521C901435801219140054A9C
:209E20000B4200D0103283580B4383507047C046FC3C20209012000004B40422002802D117
:209E4000002104BC704701D50832404212021F320100521E4900FCD30805090B120511435E
:209E600004BC704770B5002810D015460C462421064600F0DAF934707560B560601E2146CA
:209E80008141E01E421E90410840707070BD000005480121017005480022027004480270FD
:209EA000044801707047C046843B20208F3B2020873B2020893B202042091F230340012028
:209EC00098409200044B9A58044B002900D11033D1580143D1507047FC3C202090120000EC
:209EE00080B50B46002805D010203821044AFEF7D1FF80BD33203121024AFEF7CBFF80BD19
:209F00000D5012000C400200B0B501461B220E241A231920002900D0184600D0144600F082
:209F2000CBF84500204600F0C7F82843C0B2B0BD084880F3088800BF00BF00F05EFB002878
:209F400001D0FFF7E5FD002000F012FA012000F04DFBC0460080202002B49E21002805D4A7
:209F600001D102BC704701394000FCD5803001D3013100E04000400AC905084302BC7047A1
:209F8000054800218160C1600160416003480449016001680160704720804240A080424011
:209FA00081000D0010B598B00B46024605496C462046FFF723FE03202146FFF759FB18B054
:209FC00010BDC0464CAF0000002801D10021704704B4042212021F320100521E4900FCD315
:209FE0000805090B1205114304BC704730B514004C4325001C004443641905001000290053
:20A00000FFF7C2FD001904000D002100280030BDB0B51122120283180C784D7825434C885F
:20A020002C43A4B284508888C988090408189860B0BDB0B504460020002B08D0D2B20D78B9
:20A040002570954204D0641C491C5B1EF7D1B0BD601CB0BD014600200A5C002A08D00A1853
:20A060005378002B05D09278C01C002AF4D1401E7047401C70470000401EC0B2072804D83D
:20A080008000044908584068704701487047C046CEB10000B4AE000010B5054C00202146B0
:20A0A000FFF718FD034801222146F8F72DFD10BD733D2020EB3A202041098900054A5158BA
:20A0C0002722D20189581F220240D140012008407047C046FC3C2020002809D41F210840C4
:20A0E0000121814003480160BFF34F8FBFF36F8F7047C04680E100E08000044B1A50002931
:20A1000000D10349034A11507047C046DC3C20206F960000CC3C2020012800D80120044AA2
:20A120001070002900D00846024908707047C046743D2020703D202018B520239B1A04D859
:20A14000010000205B42994004E004009140DC402143904018BD00000843104304490A682D
:20A160003F231B049A431840101808607047C04638010B400548042101604F214160002153
:20A180008160016805220A430260704710E000E0034800210170034801700348017070470C
:20A1A000843B20208F3B2020893B2020800004490858044942580123134343507047C046B4
:20A1C000D4AE000008110000054A135C002B03D0591A484248417047115401207047C046A8
:20A1E000143D2020800004490858044942580123134343507047C046D4AE00000418000052
:20A2000070B50D460446002608463146FFF703F9002800D12E46A66170BD00000B46114656
:20A220001A4680B5FEF7A0FF80BD0A46002180B5FEF79AFF80BD80B5FFF7C4FCFFF7A0FEC8
:20A24000FDF7F8F800F0CEF8FFF794FF80BD000080B503480268034801680020904780BDCC
:20A26000943C2020B03C202080B503484268034841680020904780BD943C2020B03C202014
:20A2800080B503488268034881680020904780BD943C2020B03C202080B5034882690348FA
:20A2A00081690020904780BD943C2020B03C202080B50348C2680348C1680020904780BDF2
:20A2C000943C2020B03C202080B503480269034801690020904780BD943C2020B03C202032
:20A2E00080B503484269034841690020904780BD943C2020B03C20204B688A689A4204D277
:20A300000A68531C0B6010708A68521C8A607047B0B514460D460146286800F063F92868AB
:20A32000001928602046B0BD10B5002807D0044620344421FFF779FF204600F0D6F810BD83
:20A34000002805D41F21084001218140014801607047C04600E100E004490868002801D1B2
:20A3600072B60868401C08607047C046383D202080B50448FDF7FCFAFAF780F9F5F7A0FEB0
:20A38000002080BD00B4C40403480078034909780140012008407047763D2020753D20200E
:20A3A0000021044A016041608160C160016141618261704700007A4401460020002905D069
:20A3C0000A78042A02D18878411E8841704710B5002806D0002904D034301CC91CC01CC951
:20A3E0001CC010BD80B502490248FFF711FE80BD38A8000000000340032800D902201C2122
:20A40000414301484018704788AB000040B584B002AE0096FEF7D8F8029A039B04B040BD0E
:20A4200010B50122120383180C789C604978815010BD002804D041780B39484248417047E2
:20A4400000207047002804D041780A3948424841704700207047002805D041614178022909
:20A4600001D10521017070470278914204D0002A01D0401CF8E70020704780B50B460321E4
:20A480004258C11D184600F0ADF880BD00214258091D002AFBD1081F80107047C000024AC3
:20A4A0001018890040587047EC3C202002480078011F484248417047903B202002480078BB
:20A4C000C11E484248417047903B202080B50A46032141581046FFF7A8FE80BD00210160D5
:20A4E00041608160C1600161704780B5002802D02421FFF79AFE80BD002803D000210180C4
:20A5000001628183704700210174016041608160C160704700210174016041608160C16032
:20A5200070470021425C491C002AFBD1481E704780B5002802D01B21FFF777FE80BD0021F9
:20A5400041608160C160016170470000014800787047C046713D2020014800787047C04655
:20A56000843B2020014800687047C046683D2020014800687047C046283D202001480068C5
:20A580007047C0466C3D202080000149085870470C3D2020811E091F00BFFCD27047024658
:20A5A0000B4620462946FFE782B00094014C019410BD00BF215A00000022304639462B4658
:20A5C00070470A68531C0B601070704780B5F9F74FFC80BD80B5FAF7E5FD80BD0048704750
:20A5E000243D202080B5FEF791F880BD00F001F8FEE700BF70479BE4704701207047006810
:08A6000070470000000000009B
:20A610000000000000000000002F000000000700070000147F147F1400242A7F2A12006248
:20A630006408132300364955225000000503000000001C224100000041221C000014083EC2
:20A6500008140008083E0808000000A060000008080808080000606000004020100804020A
:20A67000003E5149453E0000427F4000004261514946002141454B31001814127F100027D4
:20A6900045454539003C4A49493000017109050300364949493600064949291E0000363645
:20A6B000000000005636000000081422410000141414141400004122140800020151090639
:20A6D00000324959513E007C1211127C007F49494936003E41414122007F4141221C007F69
:20A6F00049494941007F09090901003E4149497A007F0808087F0000417F41000020404150
:20A710003F01007F08142241007F40404040007F020C027F007F0408107F003E4141413E05
:20A73000007F09090906003E4151215E007F091929460046494949310001017F0101003FF6
:20A750004040403F001F2040201F003F4038403F0063140814630007087008070061514977
:20A77000454300007F414100020408102040000041417F0000040201020400404040404074
:20A79000000001020400002054545478007F4844443800384444442000384444487F0038A4
:20A7B0005454541800087E0901020018A4A4A47C007F080404780000447D40000040808417
:20A7D0007D00007F102844000000417F4000007C04180478007C080404780038444444389D
:20A7F00000FC242424180018242418FC007C0804040800485454542000043F444020003C3A
:20A810004040207C001C2040201C003C4030403C004428102844001CA0A0A07C00446454D0
:20A830004C4414141414141400000000000000000080808080808080808090909090908030
:20A85000808080808080808080808080808080808018040404040404040404040404040418
:20A870000402020202020202020202040404040404044343434343434141414141414141FA
:20A890004141414141414141414141410404040404042323232323232121212121212121AA
:20A8B00021212121212121212121212104040404800000000000000000000000000000006C
:20A8D000000000000000000000000000000000000000000000000000000000000000000068
:20A8F000000000000000000000000000000000000000000000000000000000000000000048
:20A91000000000000000000000000000000000000000000000000000000000000000000027
:20A9300000000000000000000000000000000000004241434B20544F2043414E43454C006D
:20A9500000070E091C1B1215383F363124232A2D70777E796C6B6265484F464154535A5DF7
:20A97000E0E7EEE9FCFBF2F5D8DFD6D1C4C3CACD90979E998C8B8285A8AFA6A1B4B3BABDD7
:20A99000C7C0C9CEDBDCD5D2FFF8F1F6E3E4EDEAB7B0B9BEABACA5A28F88818693949D9AB7
:20A9B0002720292E3B3C35321F18111603040D0A5750595E4B4C45426F68616673747D7A97
:20A9D000898E878095929B9CB1B6BFB8ADAAA3A4F9FEF7F0E5E2EBECC1C6CFC8DDDAD3D477
:20A9F000696E676075727B7C51565F584D4A4344191E171005020B0C21262F283D3A333457
:20AA10004E49404752555C5B7671787F6A6D64633E39303722252C2B0601080F1A1D141336
:20AA3000AEA9A0A7B2B5BCBB9691989F8A8D8483DED9D0D7C2C5CCCBE6E1E8EFFAFDF4F316
:20AA50004341522072756E3D2575206D697373696F6E3D2575206661756C743D2575206C2C
:20AA7000696E653D25303258206572723D256420766973696F6E3D25752062616C6C3D2593
:20AA90007520636F6E663D2575207831303D256420763D2564206D697373696F6E3D257580
:20AAB00020636D645B4C3D256420523D25645D2072706D3130305B4C3D256C6420523D2583
:20AAD0006C645D207961773D252B2E3166206F646F3D252E3166207061636B6574733D2580
:20AAF0006C75206372633D256C75206F76663D256C750D0A00404C494E45535441542C3104
:20AB10002C746F74616C3D256C752C73747261696768743D256C752C63757276653D256C9E
:20AB3000752C73686172703D256C752C6C6F73743D256C752C656E74726965733D25752FA6
:20AB500025752F25752F25752C6C6F73735F6576656E74733D25752C656467655F657665A1
:20AB70006E74733D25752C656467655F6D61785F6D733D25750D0A000000DC420000904216
:20AB9000000050428FC2753E000040410000803F0000000000000C430000C8420000A44290
:20ABB000CDCC4C3E000040410000803F00000000000020430000E6420000B842CDCC4C3E7A
:20ABD000000040410000803F0000000000002F43000002430000B442CDCC4C3E00006041B4
:20ABF0009A99993F00000000405049442C332C256C752C252E33662C252E33662C252E33AA
:20AC1000662C252E33662C25642C25642C252E33662C252E33662C25752C25752C25642C9F
:20AC300025752C256C752C256C752C256C752C256C750D0A0001000301000000D0B0000006
:20AC500002000000F5B00000030000000DB100000400000031B10000050000003CB10000A4
:20AC700006000000C0AF00000700000052B100000800000047B100000001060708090A0D0F
:20AC9000121314152122232425262728292D2E3435363A3B020304050B0C0E0F101116170A
:20ACB00018191A1B1C1D1E1F202A2B2C2F303132333738394052554E4C4F472C444154410D
:20ACD0002C332C25752C256C752C25642C25642C25642C25642C25642C25642C25752C25B8
:20ACF000642C25752C25642C25640D0A004052554E4C4F472C424547494E2C312C636F7521
:20AD10006E743D25752C6F766572666C6F773D25752C706572696F645F6D733D25750D0A17
:20AD3000002E2E2F2E2E2F6C69627261726965732F7A665F6472697665722F7A665F6472F2
:20AD5000697665725F736F66745F6969632E63002E2E2F2E2E2F6C69627261726965732FEB
:20AD70007A665F6472697665722F7A665F6472697665725F74696D65722E630040454E43D7
:20AD90002C312C256C752C256C642C256C752C256C752C25752C256C642C256C752C256CB9
:20ADB000752C25750D0A002E2E2F2E2E2F6C69627261726965732F7A665F636F6D6D6F6E67
:20ADD0002F7A665F636F6D6D6F6E5F6669666F2E63002E2E2F2E2E2F6C6962726172696578
:20ADF000732F7A665F6472697665722F7A665F6472697665725F6770696F2E63002E2E2FB2
:20AE10002E2E2F6C69627261726965732F7A665F6472697665722F7A665F647269766572E6
:20AE30005F756172742E63002E2E2F2E2E2F6C69627261726965732F7A665F6472697665FB
:20AE5000722F7A665F6472697665725F70776D2E63004046494E4953482C322C4252414B87
:20AE7000455F53544152542C64697374616E63655F636D3D252E31660D0A000003000000A9
:20AE9000000000000000000000000000000000001000000000010000070000000100000089
:20AEB0002C00C44148AC000050AC000058AC000060AC000068AC000070AC000078AC0000FD
:20AED00080AC00000000864000208640004008400080864000A08640000009400000874046
:20AEF0000D0A66696C65202573206C696E652025643A2025732E0D0A004052554E4C4F4714
:20AF10002C454E442C312C636F756E743D25750D0A000D0A66696C65202573206C696E6547
:20AF30002025642E0D0A004F4B205354415254204241434B2043414E43454C0040504944B7
:20AF500041434B2C312C25732C25730D0A0030313233343536373839414243444546003044
:20AF70003132333435363738396162636465660000FF0100010000FFFF0000010001FF008F
:20AF9000008010400000104000201040000050409CB00000BAB10000E2B10000C1B10000C5
:20AFB00043414C4942524154494E4720494D55005441534B2036205245534552564544004D
:20AFD000443A25352E31662F25332E3066636D00414C474F524954484D20454D5054590053
:20AFF0005441534B203620524553455256454400494D552043414C204641494C4544005444
:20B0100041534B204E4F5420524541445900574149542043414D205245414459004B45450B
:20B030005020434152205354494C4C00656E636F6465725F7374616C6C004D495353494FDF
:20B050004E204641554C540054494D45522052554E4E494E470043414D2050524550415279
:20B07000494E4700626F6172645F74696D656F7574004241434B20544F204D454E550066E5
:20B09000696C653A206D646B2F257300434F4E5345525641544956450053454C4543542090
:20B0B000535045454400417373657274206572726F72005441534B3A2575204D3A2575000B
:20B0D0005441534B203120564944454F005649533A257320433A25750054492042414C4C72
:20B0F00020434152005441534B20322052414345004F4B20544F2053544152540054415397
:20B110004B20332042414C4C00414220543A25342E31667300257320593A252B352E3166EF
:20B13000005441534B203420412D42005441534B2035204C415000444941474E4F53544981
:20B15000430043414C49425241544500000018000000003000005354415254494E470066FB
:20B17000696C653A20257300543A25352E316673006C696E653A20256400434F44453A256E
:20B190007500252E316620636D004C494E453A25730052554E4E494E470053544F5050455A
:20B1B00044005441534B202575004E4F524D414C00535052494E54005245414459004E4F93
:20B1D0004E450025632573003E202573004C4F535400464153540053544F50000F0D0E03D3
:10B1F0004F46460052554E004F4E004F4B00080040
:20B2000000CF2F8D0000003F6A001F8A010394E6003F086F96003B0C9F100A40003D2000EA
:20B22000300000010100210FAF43FB803F151930020000183F000002000100FFF000000057
:20B24000318D00007BA40000CDA4000002000000923B000000B20000943B20204CB2000012
:08B260000000202000000000A6
:00000001FF
