:20000000008020206BAD00009B5300009B530000000000000000000000000000000000002C
:200020000000000000000000000000009B53000000000000000000009B5300009B530000F6
:200040009B530000C99B000055AA000081A400009B5300009B5300009B5300009B53000072
:20006000000000009B5300009B530000000000000000000019A400004DA400000DA1000048
:20008000F5A9000025AA0000C5A90000DDA900003DAA00000DAA0000000000000000000061
:2000A0009B5300009B53000000000000000000009B530000000000009B5300009B5300009A
:2000C00000B5EDB07D20C100159122908000169001202A90F54E01E007F04CF80A2007F097
:2000E000D5FE3068401C306003F04EFE002800D158E1054600243482801E062828D8C04641
:200100007844007940008744032B0303D09DAC000AF0F4FC002823D100263046EA4906F087
:2001200077FE0220E94906F073FE169804F090FD3046DE4E08F02EF90AF0E0FC00280FD1C1
:2001400006F0CCFD0020E24906F062FE1598A7E0FB2D00D1BDE0FA2D02D106F0BFFD21E1C7
:20016000F574F481B4804D20345464203452662034547463B463F46334647464B464B4657A
:20018000F4653046583004818472B466F46630466830847204816B20800030180AF074FDD2
:2001A0004E20345434650AF097FDF0623320C0003746361830460AF07CFDF96A304608F038
:2001C0001FFA3846C83009F007FE38468830214606F03CFA3846A430214606F037FA204683
:2001E0000AF08CFD8021785001200AF087FD8421785009F0ABFF0AF085FB0AF061FD02464A
:20020000386800905520800038182946234608F0E1FD0646204605F053FD0020002E0CD09A
:20022000AC4906F0F5FD28460AF0E0FA0146022006F0EEFD0620A84900E0A84906F0E8FD92
:200240009A4EAFE006F04AFD002420469E4906F0DFFD169804F0FCFC204608F09BF815986F
:2002600030E0204605F02CFD2DAD2C729C482E909C482D902046294606F0CAFD6B20800092
:2002800030180AF076FD09F0A1FF02460B46284695490AF06DF80320294606F0B9FD9348B3
:2002A00007F0F4FD05F03AFC7CE00024204605F007FD20468E4906F0ABFD02208D4906F083
:2002C000A7FD8A4807F0E2FD0AF09CF905F026FC68E00AF0F5FC01463268552080003018DB
:2002E00009F052F9002851D0FF205630305CF0740125B573B4803068602174526221745430
:20030000B066F46630466C30848084716B20800030180AF0B9FC4E2034543465634EC83622
:20032000304609F059FD0AF0CBFC0AF01FFC074600682D9078682E90B8682F90F868309013
:200340006D4831906D4832902DA93046574E0AF0F8FB3869306278697062B869B062304643
:200360008830214606F072F93046A430214606F06DF920460AF0C2FC8021705028460AF009
:20038000BDFC8421705009F0E1FE0BE00024204605F096FC20465A4906F03AFD02204E497C
:2003A00006F036FD307C3468B1698C4201D3002100E0012100282A9800D00846002806D1E6
:2003C00006F08CFC4F4850490AF0A6F93468757C0A212046269109F0D9FE002D36D00029D5
:2003E00034D126984443002528460AF087FC2990284629460AF00CFC289001262846314647
:200400000AF006FC279028460AF038F9259030460AF074FC2490304629460AF0F9FB054629
:20042000304631460AF0F4FB074630461F4E0AF025F925990091249901AAA2C20490204689
:200440002999289A279B09F0E1FE3468204606F005FE3068092149017418214608F002F892
:200460000AF02EFC0246336855208700F5192846214604F075FE2497F05D2299715C8842D5
:2004800000D183E0229970540024204605F018FC2498305C401E052800D977E078440079DE
:2004A00040008744053A33457348C046403820200020084906F0ACFCFF205630305C0AF0C7
:2004C00095F9014602202EE09DB7000020B7000070B70000D6B70000B1B000007FB70000A1
:2004E000455445524F444F4D02B90000DC05000060B7000040B70000CDCC4C3E00009642F8
:200500008EB700001AB90000E4B700000020EF4906F07EFC0220EE4936E00020ED4906F0A5
:2005200077FC0220EC4906F073FC0620EB492BE00020EB4928E0B47330468830214606F019
:2005400085F83046A430214606F080F820460AF0D5FB8021705001200AF0D0FB8421705023
:2005600009F0F4FD2046DF4906F052FC2B20C000325C2DAC2046DC4909F0FAFE0220214648
:2005800006F046FC0620D94906F042FC3046C030259006F0F7FEB07B002805D0F07C1F28C6
:2005A00002D003F0A7FD01E002F0F6FF0AF094FB3063C120305C042809D3C020305C0F21DD
:2005C00001404A1E91410F2803D8002002E0002001E00120084062212991715C002911D00E
:2005E0006424305BC249884201D0401C30538120C00507F09FFF002800D06DE5305B642807
:200600006ED369E5B17B002969D0BA49C97C052901D0022963D16024B64A115D00294AD0E2
:20062000002859D06127D05DFF2803D0411CD155002854D06B208000AE490C1820460AF065
:2006400098FBAD4909F0ADFA002848D020460AF090FB09F0BBFD02460B462DA8A74909F03E
:2006600087FE7020A34E315C002906D1B16E002903D03168F166012131540120299970548E
:2006800064200024345266203454F455B76D3846214609F08FFA002800D107467767F76DC2
:2006A0003846214609F086FA002800D10746B7677C20345413E0002811D16B2080008D4976
:2006C00008180AF056FB8E4909F06BFA002806D001208849085302E0612000211154854E73
:2006E000B07B00240028274619D028460AF01EFA002804D0B088312801D8401CB080B07B90
:20070000002827460BD028460AF010FA0028274605D0B088312801D8002700E00127317C47
:200720003068726964320123904227931A4600D22246002900D01746B16E4A1E9141002F88
:2007400000D12A9970222092B25C531E9A4100292A9B00D11346F17C002B07D1052905D8D4
:2007600001228A4034231A4200D0B06600202C9023902B902998305CC0B2424242413A4069
:200780007125012A2197289500D0D2E2705D002800D0CEE21F2900D1CBE2052900D9C8E2B3
:2007A0000122104688403421084200D1C1E21F920AF09EFA1E900AF095FA05460AF09EF98F
:2007C000344606466B208000271838460AF0D1FA2BA903912CA90291019000962046C83071
:2007E00025991E9A2B4601F005FC38460AF0C1FA0546E07C052805D0042800D18CE00228B1
:2008000000D023E128463F4909F0CBF9002800D11CE128463C4907F018FC3C4908F0FAFDE9
:2008200005460024214609F0B3F9002819D17F20C4052846214609F0B4F9002811D12846D0
:20084000294608F01BFD04462846294607F0FDFB01462F4807F0F4FB0146204608F00EFDAF
:2008600004462120C00023490D582A48294607F0E7FB214608F002FD294607F0E6FB0646B1
:200880002C9D2B9C2846214609F094F900282F4600D127463846314609F07AF9002800D039
:2008A000D4E03846314607F0CBFB06462846314607F0C6FB07462C902046314607F0C0FB51
:2008C00004462B9000253846B2E0C046D6B80000C8B7000038B9000065B80000B1B000005C
:2008E00012B90000BAB70000FAB80000FFB70000FFFF0000403820200000FA43D2B50000DA
:200900000000204100800944008009C40000484200004040000070422846C34909F041F9F3
:20092000002834D12846C14909F03BF9002800D18CE02846BE4907F088FBBE4908F06AFD2B
:2009400005460024214609F023F9002819D17F20C4052846214609F024F9002811D12846CF
:20096000294608F08BFC04462846294607F06DFB0146B14807F064FB0146204608F07EFC4E
:2009800004462120C000AD490D58AD486EE72846AC4907F05AFBAC4908F03CFD0446002127
:2009A00009F0F6F80028A64D1FD17F20C105204609F0F7F80028A54D17D12046214608F0CB
:2009C0005DFC05462046214607F03FFB01469A4807F036FB0146284608F050FC9C4908F04E
:2009E0004DFC974907F031FB05462C9E2B9C3046214609F0DFF80028374600D127463846C1
:200A0000294609F0C5F8002820D13846294607F017FB05463046294607F012FB06462C9066
:200A20002046294607F00CFB04462B9000253046294609F0A4F8002800D02C9500212046FF
:200A400009F09DF8002801D000202B9000247B4E74651F9800021E903058214609F098F88F
:200A6000EC27F15D4B1E0A469A4100282A9800D110460028289D64D125940AF03FF800283C
:200A80005CD0432080006D4E305811210901715807F0DBFA3F21090608F0F0FB6D4908F033
:200AA000EDFB6D4908F0B6FC6C4908F0B3FCFE4908F0E4FB044670650AF014F906460021E1
:200AC00009F05DF8002801D11F9902E01F99C80746408907304609F052F800282ED1204651
:200AE000314607F0ADFAFA4908F0C8FB0446F94909F060F806462046F74D294609F03FF871
:200B0000002800D12546002EF24800D128464B4C1E99615808F0B2FB01464120800020587E
:200B20002C9C08F0ABFB0646214607F08EFA2C902B98314607F084FA2B90289D3F4EF15D57
:200B4000259C002900D18BE02C982B9AB065F2650429219F00D0ECE0B47330468830214635
:200B600005F074FD3046A430214605F06FFD259420460AF0C3F880217050012738460AF028
:200B8000BDF88421705009F0E1FA746BB36BF16B356C1A195218521930D02698424344439B
:200BA00028944343414345434424345B27944624345B24944824345B23944A24345B219420
:200BC000D224345B20942997D627F75BD824345B44430897299F099400930191029527983C
:200BE0000390249804902398059021980690209807902DA8B949289B09F0BAFB5020315AE1
:200C00005324305D421E904100292A9900D00146002902D106F0EEFF37552598F07409F017
:200C2000F1FCFFF75BFAC04600000C430000DC420000DCC20000F041000040404038202002
:200C400000005C4200000CC3000020410000C8410000F0C100004343000070420000FA4397
:200C6000B06D00251D90294608F089FF07462C981E90294608F09EFF8121CE050028984C52
:200C800000D13446002F00D134469648C06D1F90294608F074FF07462B982590294608F0CF
:200CA00089FF00288E4800D13046002F00D130461C901D9F3846214607F0C7F906461E9CE7
:200CC0002046314608F076FF05463846864907F0BCF907462046394608F051FF002800D113
:200CE0002746002D1C9900D13E467E4886651F9D284607F0AAF90446259F3846214608F0F0
:200D000059FF1E902846784907F09FF905463846294608F034FF002800D13D461E98002852
:200D200000D12C466F48C4652C9606462B94219F289D279A7A40F07C011F481E8141002AE5
:200D40002A9800D10846715D4A1E914100282A9800D1084600282ED16B20800030180AF02D
:200D600008F8624908F01DFF002824D0012528983554722023993154B46D204608F01AFFBE
:200D8000002800D104467467F46D2046239908F011FF002800D10446B4677C20239931546F
:200DA0002098305C002806D1B06E002803D03068F06620983554002F00D1A8E0F07C02288A
:200DC00004D01F280DD0052800D0A0E0EC20305C401EC1B2042944D2C006010E4448C84089
:200DE00047E03320C0003418F16A204607F008FC316B41200006002500953E4A0192029047
:200E00003D480390209420463C4A2B4605F08EFA25906720800031463658CF7B0124E00715
:200E2000279086433046364908F0BBFE41424141002F2A9800D1084600283DD0002F00D142
:200E40007CE37F20C105304608F099FE0028254E259C00D174E3F573209809F02AFFF77B91
:200E60006EE3012000023058002108F0A3FE411E88414D21725C4C23002AC2B202D0F45C29
:200E8000A2420DD0540034194425655B1D4EB54202D044346D1C2580124EF0540120705464
:200EA00002A18A5C52009744E12E6542032F0B0F706B401C70632AE00A4EF473259C43E3C0
:200EC000F06B401CF06322E0306C401C30641EE0CDCC4C3E0000C0400000C0C075B20000B2
:200EE0000000404140382020000020C10000164302020303000090410AD7233CCDCC4C3F40
:200F000000002040FFFF0000B06B401CB063307C002F07D13A4607D0F16907D02C9B0028BF
:200F200007D107E02B9AF7D13946F7D13B46002800D00A46259200D00B4627938B4C37466F
:200F400088373846214609F015FD3546A4352846214609F00FFD2998305C002808D12898A6
:200F6000305C0028259C279904D0814807F0E2FA716FB46F3846279105F068FB2846214666
:200F800005F064FB3078C00700D01AE2259400201E9009F0B3FE064601201F9009F0AEFED0
:200FA0008021744A5258921B29928422714B9B58C41A704B5E506F4EB0506B208000301814
:200FC0002999224607F064FD326A736AB06A00903846299905F0EAFB2990326A736AB06A06
:200FE00000902846214605F0E1FB074690201D903058614908407F21CC05214608F0BFFD0B
:2010000005465E48209738181F9F80B25C49884200D31E9FAC201F90305857490840214697
:2010200008F0ADFD411E88413840317C002D2A9A00D10246514B299FFB189BB2504CA34272
:2010400000D302460029259C0FD0002A0DD0B07C322803D2411CB174312808D105F03EFE65
:201060004848494909F058FBABE10020B0742098404201B20025284609F0ECFA394601272C
:20108000384609F0E7FA307C002857D01C951E973168269841431B911D9830581A901F9872
:2010A00030581990274600242798214608F05EFD454245413846214608F058FD44424441AB
:2010C0002C43C020305C1890C420305E1790EC20305C401EC1B2042905D2C006010E2B48BF
:2010E000C8401E9F07E01E9F38023058002108F061FD411E8841334634330ECB1D4E366C60
:20110000269D69436A436B436E4308AD4CC5194EC0B2199A0092299A0192209A0292039435
:20112000189A0492179A0592069007911B982799259C22461A9B06F023FA1C9DF07C05283B
:2011400002D0022800D03CE14E20315C491CCAB23154052A00D234E135545021705A169ABB
:201160006332904214D9522037542AE100007A440000404040382020FFFFFF7FB4E200000B
:2011800069C500001AB90000ACB7000002020303421C7252314618264643086826994143CE
:2011A000F14881512798EE4908F068F8044600211A9108F0F6FCBF21090619913F210906CE
:2011C00000281C9100D11999204606F03EFF0546E64908F0EFFC2690C72004062846214645
:2011E00008F0CDFC00281B9400D12C461E97204609F0F6F826990029D74900D10146DA48D0
:201200008019269081802598D54908F037F804461A9908F0C6FC00281C9900D119992046FF
:2012200006F013FF0546D14908F0C4FC044628461B9E314608F0A3FC00283046C74E00D186
:20124000284609F0CDF8002CC34900D101462698C1801D983058C24908F010F804461A99CE
:2012600008F09FFC00281C9900D11999204606F0ECFE0546BD4908F09DFC044628461B9FE1
:20128000394608F07CFC002800D12F46384609F0A7F8002CB04900D10146269801811F98A7
:2012A0003058AF4907F0EAFF04461A9908F079FC00281C9900D11999204606F0C6FE054699
:2012C000AA4908F077FC044628461B9F394608F056FC002800D12F46384609F081F8002CEB
:2012E0009D4900D10146269A5181299890812098D081C420305A108209F0F4FC984907F0C2
:20130000BDFF04461A9908F04CFC00281C9900D11999204606F099FE0546944908F04AFC1B
:20132000044628461B9F394608F029FC002800D12F46384609F054F8002C874900D101465A
:2013400026984182706D864907F098FF04461A9908F027FC002801D119981C9020461C9948
:2013600006F073FE0546814908F024FC044628461B9F394608F003FC002800D12F46384605
:2013800009F02EF8002C744900D10146269A9182C020305C9075EC20305C401EC1B2042953
:2013A000259C04D2C006010E6A48C84007E01E9800023058002108F0FDFB411E88412699E8
:2013C000C8752898305C00280FD07221705CFF2803D105F0CFFEFEF781FE421C72547C212C
:2013E000715C0929F5D86328F3D23089401C81B2132900D8239023983081F088401C81B24F
:20140000F0803229219F04D30020F080302009F0B5F87089401C81B27081322908D309F03C
:2014200055FC002804D100207081384602F0D6FAB089401C81B2B081C82901D2FEF74EFE0F
:201440000020B0812498305C25902B20C000305C2990C020305C2890C420305E2690FF2083
:201460003830305C24902720C000305C23902520C000305C209049208000305E1F90932064
:201480004000305E1E90279808F0AAFF2790204608F0A6FF1D9090203058354C214607F0F2
:2014A000EDFE08F09DFF1C90AC203058214607F0E5FE08F095FF1B90306B08F087FE0546D2
:2014C0000E466B2080002549081809F052FC08F07DFE4F229200214B9A5805239B011F4FD2
:2014E000FB582927FF001D4CE7590E950F961B4E10901191129213931497259B089327989F
:2015000009901D980A901C980B901B980C9029980090289801902698029024980390239849
:201520000490209805901F9806901E9807902DA81049219A08F01CFFFEF7D0FD074E259C5C
:20154000F8B2002800D104462798259460402790044CF4E402020303FF7F00004038202067
:2015600000002041000016440000202000FEFF460000C842C0B10000F0B5FFB08EB0049389
:2015800006920646929802900025E84305908C913468204609F07FFB21188B9503918C4279
:2015A00000D3C2E00020879087A908738890059889902F46049D2078002800D1B8E025287A
:2015C00005D0641C34600699A8477F1CF3E78B97601C306087AC2046314600F0C1F88CAA02
:2015E0002046314600F0DDF8306801787A2925D0682919D06A2908D06C290ED0742908D0D3
:201600004C2922D1879980221BE087990122D20217E087990122520313E0427887996C2A9C
:201620006AD10122120205E042788799682A66D10122520211438791801C05E08799012209
:2016400012030A438792401C0178441C346087A80173732913D06E291DD1879836490840B9
:20166000411E02464A408A423DD900282DD04142014032484143C80E31A1085C26E087A82F
:201680000078400619D4009587A88CAA8BAB069900F046F92BE007AD87A98CAA284600F01E
:2016A00095F9024628460699029B9847411C059D00D0C5198B9503991BE0009587A88CAA6D
:2016C0008BAB069900F0C9F811E02020401F082809D8C0467844007940008744210404155F
:2016E0001C04150404008C9802C88C900F6003998B9D681C1BD052E7401C402201E0401CCD
:201700002022114387919FE7F8178C9904C98C9117605060EBE78C9802C88C900F70E6E728
:201720008C9802C88C900F80E1E72F4600E0059F38467FB00EB0F0BD603F000031B57C072F
:2017400000011C021D0E18031E16140F191104081F1B0D17151310071A0C12060B050A0999
:2017600010B50A680124E3071AD01378302B0CD0232B0ED02B2B0AD02D2B04D00024202B80
:20178000F1D1042306E0012304E0102302E0022300E0082304681C430460521C0A60E1E75E
:2017A00010BDFEB516460D460446086802782A2A10D13068011D316000686060002805D520
:2017C0004042606020680121014321602868471C2F6017E00021303A092A08D84218531C78
:2017E0002B60435C6F467B545278491CF3E76A460023535412784718002A03D0684608F02C
:201800001FFC606038782E2826D1781C286079782A2908D13068011D31600068A060286878
:20182000401C2860FEBD00203039092908D839188A1C2A604A786B461A548978401CF3E7D5
:201840006A46002111541078002804D0684608F0F7FBA060FEBDA160FEBDF0B587B01E467F
:201860000C9F13681C1D14601D68002D3AD0049106908468002C04D4284609F0C1F98442D7
:2018800003D3284609F0BCF9044606984068A042039000DC204601463068019140180594AD
:2018A0000399A142029630600EDD06980078C0070AD1059801990E1A0024B44204DA202047
:2018C0000499B847641CF8E70026049C069805998E420ADA2868010A18D12D1D2146B84723
:2018E000761CF3E70020B84718E00599039A8A4214DD0078C00711D00198451A0024AC4243
:201900000CDA20200499B847641CF8E70020C0430299086009F01CFA5821016007B0F0BD33
:20192000F0B585B00C4606460A9D1068011D116000680490002844D00393B768002F04D48D
:20194000049809F0A8F9874203D3049809F0A3F9074602967268BA42114600DC3946039B76
:201960001868009140180192BA4218600FDD02980078C0070BD10098C01B0390002603988F
:20198000864204DA20202146A847761CF7E70026BE4205DA0498805D2146A847761CF7E757
:2019A0000198B84210DD02980078C0070CD00098C61B0027B74207DA20202146A8477F1C47
:2019C000F8E700202146A84705B0F0BDF0B58BB004920D460446FF210846FA302718686896
:2019E0000590002609960691FE3120222046029208F0CEFF7F20800021180A9103973E718A
:201A0000287B0246613A172A08952BD8012393402546C34C23422C4609D009A90AAA089D33
:201A20002846049B00F082F900260796B9E0712423422C46089D22D1022A13D1049B18689F
:201A4000021D1A600068C2B2534253410793069AFC32A2180A9208702868022188432860AC
:201A600000269EE001464539032908D3252800D180E0412803D058280796CED092E001947A
:201A8000049A1068C01D07218843014608311160076846682D7B2C467B3C384631463A460C
:201AA000334608F03BFD002800D021E10120C007314681439B48484038431FD0F60F002066
:201AC00007902846413806283FD9613D062D019C00D922E1A80002A21058089D8746C046CC
:201AE000611B0000A31B0000A31B0000A31B0000991B00008D1B0000811B00000022384698
:201B000031460792134608F00CF81921CA436921049149216E254E2366274626944200D3EA
:201B20003E46039AD670019C00D32B46937000D3049951703F21C90061180A910028089D1F
:201B400014D02D20107004262BE0019C089DC0467844007940008744032424241F1913005D
:201B60000AAB38462A4603F019FC1AE02B201070032616E00020607025202070012086E08A
:201B80000AAB38462A4603F00FFD0AE00AAB38462A4608F071F804E00AAB38462A4605F039
:201BA00071FC287B012501466F39092904D801228A405D490A4201D158286AD1059B05954C
:201BC000E5180A9808990978C907274609D10399091D091A089A52689142274601DC691A4C
:201BE0004F1C411C0698430000263846324608F0DAFD0A900799002903D0411C0A910670AD
:201C000000E00146A94206D8481E691A491C202208F0BEFE2E70089D2878C00605D4391BBA
:201C20002022204608F0B4FE2CE0A7422AD0391B30262046324608F0ABFE09984142414194
:201C400005980140012905D12878400702D43846214604E03878611C2070781C3E702A7B7C
:201C6000412A0CD0582A05D0612A08D0782A01D0702A07D12B781B0701D4612A02D14278CC
:201C80004A704670204609F006F8079940180BB0F0BD002E09D0012E059B90D10120099026
:201CA000089801680220084007E0099A0898016802200840002A08D0059B0A994A1E0A926B
:201CC0002D220A704542454179E70028059B08D1480700D473E70A98411E0A910299017008
:201CE0006DE70A98411E0A912B210170002566E71920C543612241216E234E20AC4200D3DF
:201D00001846039BD87000D31146039A91700A925070002007900226019C089D41E7C0460C
:201D200008C190000000F07F43020000F8B514460F4605468068002804D42868102188437B
:201D4000286001E00120A860287B1026582808D0782806D0702804D06F2801D1082600E067
:201D60000A262846194600F055F8AA68002A09D102460A4306D12878000749D52B7B00201C
:201D8000024612E02B7B642B03D16423002905D40AE0692B08D1002906D5692301223A60D3
:201DA000002240428A4100E00A4600941146324600F0CEF8A968884206DA401C21684A1E63
:201DC000226030220A70F5E7287B582803D0782801D070280FD1297809070CD5702800D1FF
:201DE000782021684A1E226008702068411E216030210170287B6F280AD12878000707D59E
:201E000020684178302903D0411E216030210170F8BDC04610B5037B702B05D10868021DB5
:201E20000A60006800227BE002683E481040421E04465440944216D9002807D0424202404B
:201E400039485043C00E39A2105C00E02020401F082808D878440079400087444C04041E18
:201E600038041E04040000221846643814280DD801248440354804420AD12120044205D0E0
:201E80000868021D0A600068C21749E0582B46D10868031D0B60006842E01846643814288A
:201EA00007D8012282402948024206D12120024203D10020582B024632D10868C21D072015
:201EC00082431046083008601068526828E0002218466438142807D8012484401B48044244
:201EE00004D121200442CBD1582B18D10868031D0B60007814E0002218466438142807D8E0
:201F0000012484401148044204D121200442B7D1582B04D10868031D0B60008800E0104644
:201F2000114610BD603F000031B57C0700011C021D0E18031E16140F191104081F1B0D1725
:201F4000151310071A0C12060B050A0900081200FEB501920D460646582B01D0174800E04F
:201F600015480090089802903046284305D1029A1068411E116030210170019C3046284367
:201F800013D030462946224600F01AF807460D46224608F0E5FB301A0099085C029B1968CA
:201FA0004A1E1A6008703E46E8E70298006808F072FE401EFEBDC046CEB60000DFB60000D2
:201FC00080B5102A06D0082A09D1C0084A078018C90880BD00090A078018090980BD0029C7
:201FE00004D1114608F0D2F8002180BD002308F0C7FD80BDF0B591B07F4D048BAC4203D077
:20200000651C0583312C01D3002600E00126199F189D169C0B94044613340F948C78002C37
:2020200010900D9522D0179B0E930023C37103728C880994448006910C78802C0C970492D8
:20204000059601D0012C3FD1017BFF2909D0002905D1C389684FBB4201D05B1CC381491C6A
:202060000173028A8A4230D201822EE000254563C679FF2E00D190E00C97002E109A05D136
:2020800051895D48814201D0481C5081741CD4710B98002800D124E30120C0078343574932
:2020A000184607F087FD002800D11AE3022E0C9F00D917E303200F9948740D9805603D6075
:2020C0000520109E3072C6E303730F98807C0A904B490E9D284607F064FD002820D0494E7B
:2020E000474F0E9D2846314605F0AFFF0546394607F057FD002813D02846314605F0A5FF79
:202100000546394607F04DFD002809D02846314605F09BFF0546394607F043FD0028E1D164
:2021200000272846394607F02AFD00281ED0344E2846314605F089FF0546002107F01FFDF4
:20214000002813D02846314605F07FFF0546002107F015FD002809D02846314605F075FF58
:202160000546002107F00BFD0028E1D12649284607F005FD0028109E12D12449284607F0B9
:20218000FEFC002801D001270AE02149284607F0F6FC002803D1032702E03446A2E202274A
:2021A0000A9A97421BD10F9B9F74032020403F2C09D8002807D03079FF2801D0401C30718D
:2021C0000020707132E0402C2ED300282CD17079FF2801D0401C70710020307126E0B800BD
:2021E00001A108588746C04615220000E1230000B1230000C9230000FFFF00000000484287
:20220000CD8C1944CD8C19C400001643CD8C9943CD8CE443032AC6D1B549284607F0CAFCD7
:202220000028C0D00327BEE70020B080587C411E012910D8E106890F00D1A7E0B179491C1C
:20224000CAB2B171052A00D2A2E000205874B0710999318002E000205874099930880D1AAE
:2022600008B208F02DF8346B0390214605F0E8FEA04907F003F8214605F0E7FE09903063CB
:202280002EB2304608F01CF804469B4D294607F076FC002800D12546642E00DD974D109E6D
:2022A000746B2846214605F0CBFE954906F0E6FF214605F0CAFE089070630021099D28462F
:2022C000079107F05CFC01210A91CE07002800D07540089C2046079907F051FC002801D1F0
:2022E000264600E066408749304606F0C7FF294605F0ABFE08F074F8109E356C029007F0A1
:20230000DFFF814906F0BAFF294605F09EFE0446002F7E4802D0022F36D17D480E9905F0BC
:202320008FFE06467B4907F02AFC002823D00021304607F03FFC00281DD01098416C019103
:20234000284605F07DFE254604467249304607F061F80146204606F091FF019905F075FE34
:2023600004462846214607F025FC002800D12C46109E0F9D4AE00021304607F009FC00287C
:202380000F9D39D1109E41E00F9D3FE00021B1710128614961480A4600D00246034600D0AD
:2023A0000B460D990A600C990B60B0625C4D52E2012A00D0F7E65B49284607F0E0FB0028D9
:2023C00000D1F0E60127EEE6022A00D0EBE65649284607F0D4FB002800D1E4E60227E2E606
:2023E000002A00D0DFE65149284607F0C8FB002800D1D8E60027D6E6109E2046746C01903D
:20240000214607F0D7FB002800D1019C48490E9807F0C7FB002802D0002F0A980DD0B81E88
:20242000019727464442444142490E9807F0B9FB411E884120403C46019F0B9900290AD05F
:202440000A990F40074306D0F07C411E88410599084300D137E1B07C0028079800D0B0741D
:20246000E870A87068702870B76C2046394607F086FB0028079700D12746B46A38462146F5
:2024800007F07DFB054601200B908107204605F0DCFD0446394607F08DFB0028394600D14A
:2024A0002146002D089800D10F460F97B762F46C316D06F0E3FE05462046099906F0DEFE09
:2024C000294605F0C2FD35460646A86B0A99002932D0E94905F0B9FD0746A8630024214671
:2024E00007F04DFB002836D0AC63EC63274632E0CD4C18449A99993E0000C8C20000C8427F
:20250000CDCC4C3ECDCCCC3DEC5138BE00001643CD8CE4430000A041000040C1000048427E
:2025200000007842CD0C9C43CD0CE74300001B4300000243CD8CDA43CE4905F086FD044634
:202540007F20C7052046394607F034FB002800D12746109DAF630E976D6D3046294607F085
:2025600029FB04460B98C7076F403046394607F006FB002800D13746002C00D13D460021C9
:202580000E9807F017FB0028109E00D180E0716C079805F05AFD3F21090606F06FFE0B9050
:2025A000B449089806F06AFE0446B449099806F065FE214605F049FD07464120010638460A
:2025C0000A9107F0F7FA0446C12006063846314607F0D5FA002800D13E46002C0A9C00D166
:2025E00034461098C06B0B9906F048FEA44906F045FEA44906F00EFF0146204605F025FDD4
:2026000007460021284607F0CCFA06460F9C2046294605F015FD0A902846214605F015FDD8
:202620000546002E00D00F9D01D00A980F900B9E3046394605F009FD04463046394605F0C6
:20264000FFFC0B902046294605F0FAFC01460E9806F014FE294605F0F8FC0D990860109E1B
:20266000B46B0B980F9D294605F0EAFC0146204606F004FE294605F0E8FC0C99086006980A
:20268000808830803846394605F0DFFC0546E2E00021284607F085FA0028069C07D1284693
:2026A0000F9905F0D2FC0D990860B06A06E00D980F990160B06A294605F0C2FC0C990860AA
:2026C000A0883080C7E0B07C002858D16449099807F067FA00283FD1002070750A980790E2
:2026E0004DE00C9F109E307A002809D0401E307203200F99487400250D9805603D60AAE0CC
:20270000052C0ED800200F9948740220305E0028604A6148114600D4014600D598E01046DE
:2027200096E0232C0AD803200F9948740220305E00284A4A56481146EED5EEE7412C00D92C
:2027400081E003200F9948740220305E00284E4A4E481146E0D5E0E7707DFF2805D0411C72
:20276000717502280A98079009D30120B0747F20C005F0630498F06100200790B0750F94CC
:20278000F169049805F05CFC0546364F394607F011FA0646344C2846214607F0F0F90028FC
:2027A00000D12C46002E00D1274600263846314607F0E5F90124002801D0E0074740109D41
:2027C0002F62E86B039906F059FD284907F0E0F900281CD100202875079800280F9C20D1B7
:2027E0002349384607F0DDF900281ED002983C281BDC109A907DFF2803D0411C91750428D7
:2028000015D3002090745075907516462CE6287DFF2803D0411C29750428DDD320026882F2
:202820000F9C1098867506461EE6109A96752546546C2846214607F0BDF9002800D12C462D
:202840000A96109E10E604200F994874002108460D9B19603860F56211B0F0BD0000A041DE
:20286000000020420000B4430000B4C3000016C300002043CDCC4C3DCDCC4CBD0AD7233D47
:202880000000514300007A440000A0C100000C4200005C420000344200007042F0B58BB091
:2028A000002800D1F3E115460F4606460993002400292346224611D00420385E07F000FD06
:2028C000484906F0DBFC0A95254604460620385E07F0F6FC23462C460A9D02463078022805
:2028E0000A962AD0012800D06DE17778012F48D1002D00D1D5E03C4D2B4041200106184652
:20290000174607F045F9002800D1CAE03A462A403649104607F03CF9002800D1C1E0F068A5
:20292000401CF060232800D24DE102200A9948700024099848608860E6E07678012E6BD1AF
:20294000002D00D1C2E00A99C868401CC860052800D238E116460A9D0998A860224C2340EB
:202960002349184607F01DF9002800D0D0E030462040204907F015F9002800D0C8E00220D2
:20298000C7E0002D00D18FE0089275680024746101200590C107079306918B431649184679
:2029A00007F0FFF8002800D09DE0B81E0828099900D908E14F1B800001A10858079A8746F0
:2029C000FD290000932C0000552D00008B2D0000C12D0000D12C0000072D0000C72B0000C7
:2029E000AD2E0000CDCCCC3DFFFFFF7F0000A041000010410000F0410000D242192F00D24D
:202A0000E9E203200A994870099848600020C86008610883E94CD6E00121002D5AD00892EA
:202A20000691CF070024184621461D4607F0A7F80028079500D07D40FD49284607F0B1F8A2
:202A400000285AD1092E6CD0022E00D0BBE0F949284607F0A6F8002800D085E0089CBC43D0
:202A6000F549204607F09DF800287DD10A9E31461931707E079DBD43002800D1FAE10F468C
:202A8000EC49284607F08DF8002806D1EB49204607F087F8002800D100E200203870E84F2E
:202AA00074E00024F4608EE07069632805D8411C0A9A5161632800D085E001200A99887666
:202AC0000B2048700998486000241DE000240A98C46078E00A984170099941600024C46089
:202AE000046104836FE00220B0760B20707009987060F4603461348365E002200A9988762F
:202B00000B20487009984860CC600C610C835AE009206870099868600024EC602C612C8311
:202B200051E041200106284607F032F8002825D0089CBC43C149204607F02AF800281DD00F
:202B40000A9EF068401CF06028281AD302207070099870600020F0603061308330461930A6
:202B60000990079DBD4386E109200A9E7070099870600020F0603061307602E000200A9E3E
:202B8000F06000207076079DBD43AE4F41200106284607F006F8002801D0AB4800E0AB48B4
:202BA00001D0AB4900E0AB491422069B9B070091019002970393049200213046079A089B41
:202BC00003F07CFC0446A44D2046294606F0D7FF07468120C6052046314606F0EBFF002810
:202BE00000D12646002F2C4600D134460A9804622046294606F0C3FF002800D1254600278C
:202C00002846394606F0BBFF0121CC072E46002800D066409149304606F0B1FF002834D1ED
:202C20007F20C105304606F0B3FF00280ED17F49304606F0ADFF00280DD18949304605F0E7
:202C400004FA884906F01AFB87490CE08749304606F014FB09E08649304605F0F6F98149B7
:202C600006F00CFB814905F0F0F93F21090605F0ECF906460021284606F09CFF002800D101
:202C80006640304607F0ACFB07460A9887830BB0F0BD664C0F2F96D33F200106104606F00E
:202CA00080FF0646401E8641EC49089806F079FF0546401E85413540E649089806F071FFC8
:202CC000411E88412843402F00D9A0E100219FE1E949104606F05CFF089C06998C430028E4
:202CE00000D18FE0E549204606F052FF002800D188E008200A994870099848600020C86044
:202D000008610883D1E0DB49104605F09EF9D84C2040CF4906F03CFF002800D1C2E0089800
:202D20000440CA49204606F033FF002800D1B9E00A99C868401CC8601428079A00D2B5E081
:202D40000A200A994870099848600020C86008610883ABE0D549104606F023FF002800D159
:202D6000FEE0142F00D2FBE00124E10708988843B84906F00DFF411E88411B2F0A9900D81D
:202D80000024204300D0EEE04FE1C3491046144605F05BF90121C9078843C04906F0F8FE27
:202DA00000280A9900D1E7E006204870099848600020C860086108832DE0C04600004040BA
:202DC0001E2F0A9D27D3A149104606F0E1FE0446AB49089806F0DCFE2043411E88417C2F0C
:202DE000059900D800210843012814D107206870099868600020E860286128830120C007F7
:202E0000089C84439F49204606F0CBFE002800D0EEE09E4AEDE0A249089806F0CBFE00284D
:202E200001D1A14CCFE69F4CCDE6C046000040400000D242000010410000F04100004041E3
:202E4000CDCC4C409A9979406F12033D295C0F3DEC51383D0AD7233D000080C0CDCCCC3CFB
:202E6000000040C000002042000020430000A042000080BF099141200106284606F088FE80
:202E8000754F002800D181E67449204606F080FE002800D17AE60698099908700024347698
:202EA000346190E600200A99C860079A7A48114605F0C6F804460A98407E06998C4300286F
:202EC00015D07F49089806F06CFE00280A9D0BD17C49089806F05CFE002805D16F492046C9
:202EE00006F05FFE002817D0002068761CE05749089806F04DFE00280A9D15D072490898E6
:202F000006F04FFE00280FD05149204606F040FE002809D0059868766C49089806F038FE36
:202F200000280AD16B4C4EE641200106204606F038FE002803D14C4802E0654C43E64B48CA
:202F4000089B01D1464900E046490C220492504A0392504A00AC07C44F492846079A2FE63E
:202F60001C2F0A9961D305204870099848600020C86008610883079C4E49204606F0FFFD3B
:202F8000002808D003208107089806F001FE002801D0404C17E64849089806F002FE414CBB
:202FA000002800D00FE64549079806F0FAFD002806D03A49089806F0F4FD002800D002E622
:202FC0000120C107089888432E4906F0EAFD00282DD12E4B2CE00C2004902D4803902D4861
:202FE00002902A4801902148009000210A98E6E5254A0A98089B0C210491254903912549CF
:2030000002911A49009101922349079AD8E501210843012800D0D6E504200A99487009988B
:2030200048600020C86008610883214CCBE5164B0A98079A0C210491154903911549029146
:203040000A49009101930B49B9E5C04600004041000010410000F041CDCC4C400000A040F8
:20306000295C0F3D6F12033D0AD7233DEC51383DFFFFFF7F00004842000020C20000704231
:203080000000C8C20000BE42A69BC43CBC74933C6666264000004040000048C20000204149
:2030A0000000A041000040C0CDCCCCBF00002842CDCC0CC0000020420000B442000018428A
:2030C00000007041000096C2000070C20000F0C19A99993ECDCC4CBEF0B583B015460E46D0
:2030E0000446411E8841FD49B02206F03BF8002E06D021780520014205D0042003B0F0BDBF
:20310000032003B0F0BD0296A71C0422114321703A7B7B7B1B029A18BB7B1B042E46FD7B0B
:203120002D06EB189A18964200D930E23546387C797C09020818B97C0904FA7C120651185C
:20314000091838797A7912021018BA791204FB791B069A1810180E1A6178B5423AD9022980
:2031600000D1D9E001296FD0002900D0FBE139787A7812025118BA781204FB781B069A18D9
:20318000511808180299324607F0E6FD3879797909020818B9790904FA7912065118081898
:2031A00001968119387C7A7C12021018BA7C1204FB7C1B069A1812185342914200D28FE18E
:2031C000881A59188A4200D98BE1801A811A5018F3D386E1022900D1D1E0012969D00029C8
:2031E00000D0C0E1A178E278120251182279120463791B069A185118081802992A4607F083
:20320000ABFD3879797909020818B9790904FA791206511808184119387C7A7C12021018A5
:20322000BA7C1204FB7C1B069A1812185342914200D290E1881A59188A4200D98CE1801A64
:20324000811A5018F3D387E1A178E278120251182279120463791B069A1851184000081824
:2032600072000299009207F077FD3879797909020818B9790904FA7912065118081801968C
:203280008119387C7A7C12021018BA7C1204FB7C1B069A1812185342914200D2A2E0881A90
:2032A00059188A4200D99EE0801A811A5018F3D399E0A178E2781202511822791204637921
:2032C0001B069A185118400008186A00029907F043FD3879797909020818B9790904FA7996
:2032E0001206511808184119387C7A7C12021018BA7C1204FB7C1B069A18121853429142C5
:2033000000D228E1881A59188A4200D924E1801A811A5018F3D31FE1A178E27812025118C2
:203320002279120463791B069A18511880000818B2000299009207F00FFD38797979090294
:203340000818B9790904FA7912065118081801968119387C7A7C12021018BA7C1204FB7C20
:203360001B069A181218534291427AD3881A59188A4277D8801A811A5018F5D372E0A1789D
:20338000E278120251182279120463791B069A18511880000818AA00029907F0DDFC387927
:2033A000797909020818B9790904FA791206511808184119387C7A7C12021018BA7C120411
:2033C000FB7C1B069A1812185342914200D2C2E0881A59188A4200D9BEE0801A811A5018AA
:2033E000F3D3B9E008463871010EF971010CB971010A797139787A7812025118BA7812046A
:20340000FB781B069A185118400008180299009A8918019AAE1A720007F09EFC38797979BE
:2034200009020818B9790904FA791206511808188119387C7A7C12021018BA7C1204FB7CCB
:203440001B069A1812185342914200D283E0881A59188A4200D97FE0801A811A5018F3D358
:203460007AE008463871010EF971010CB971010A797139787A7812025118BA781204FB787B
:203480001B069A185118800008180299009A8918019AAE1AB20007F05FFC38797979090265
:2034A0000818B9790904FA791206511808188119387C7A7C12021018BA7C1204FB7C1B0635
:2034C0009A1812185342914245D3881A59188A4242D8801A811A5018F5D33DE027B5000039
:2034E00008463871010EF971010CB971010A797139787A7812025118BA781204FB781B0634
:203500009A1851180818019A02998918AE1A324607F022FC3879797909020818B979090437
:20352000FA791206511808188119387C7A7C12021018BA7C1204FB7C1B069A1812185342A2
:20354000914208D3881A59188A4205D8801A811A5018F5D300E008463871010EF971010C3F
:20356000B971000A7871387B797B09020818B97B0904FA7B120651180818401B3873010CF2
:20358000B973010EF973000A787321780020FB220A40227003B0F0BDF0B591B0E4480078F3
:2035A000012800D0B0E1E34880690321C9024058E1490A78002A1DD0E0490A68002A1DD071
:2035C000841A0860DE480460204607F07FF80646DC4905F01FFF0546DB48844200D835467C
:2035E000DA4928460C9106F0CAFA00280ED0D84CD84814E001220A70D04984E10860D0480A
:2036000000210160D848016011B0F0BDD249284606F0D0FA002800D178E1D04CD048D2494F
:2036200008600894D2483B210DAE0E23324603F013FA0D9800027178401800B206F040FEDE
:203640007121CF05394605F019FE0B90B0780002F178401800B206F033FE394605F00EFE9A
:2036600009900E9800027179401800B206F028FE394605F003FE0A900F980002717A4018FE
:2036800000B206F01DFEBB4D294605F0C3FE0446B07A0002F17A401800B206F011FE2946DB
:2036A00005F0B8FE074610980002717B401800B206F006FE294605F0ADFE0546AE480168BF
:2036C0002046049104F0BCFC0446AC480460AC4801683846059104F0B3FC0746A9480760E8
:2036E000A94801682846069104F0AAFC0646A7480660A74800680790A648016802973846D4
:2037000005F0BCFD054601942046079905F0B6FD294604F09AFC04469F48016803963046CB
:2037200005F0ACFD214604F090FC05460120C107284688437D21C90506F021FA00260028CC
:20374000344600D12C462046804906F033FA0746924D2046294606F012FA002800D12546F3
:20376000002F00D10C958E480C9F07608D4804682046314606F0FAF905462046394604F095
:2037800064FC3F210906079105F078FD002D00D107460898394605F071FD0C99814A1160AA
:2037A000814905F06BFD0446804E314606F002FA07467F4D2046294606F0E1F9002800D1AA
:2037C0002546002F00D12E467A4C2068314604F03CFC05462060784F3868314604F035FC4B
:2037E00038607649284606F0E5F9002820D0744E724F2846314604F028FC0546394606F0D8
:20380000D9F9002813D02846314604F01EFC0546394606F0CFF9002809D02846314604F076
:2038200014FC0546394606F0C5F90028E1D125606449284606F0A3F9002820D0624E614F76
:203840002846314604F001FC0546394606F097F9002813D02846314604F0F7FB05463946A2
:2038600006F08DF9002809D02846314604F0EDFB0546394606F083F90028E1D125600998CE
:20388000014605F0FBFC04460B98014605F0F6FC214604F0DAFB04460A98014605F0EEFC98
:2038A000214604F0D2FB494904F0CFFB484C204048490D78484906F062F9002824D0002D5B
:2038C00022D00C982040079906F059F900281BD0244C0198214605F0D1FC049904F0B5FB84
:2038E000254908600298214605F0C8FC059904F0ACFB234908600398214605F0BFFC0699DA
:2039000004F0A3FB2049086011B0F0BD1549284605F0B4FC144908601449284605F0AEFC36
:203920000446002106F034F90028EDD179E6C0468E3D202044B60000903D2020583D2020C7
:203940006C3D20200000A042400D03000000FA430BD7233C0000204100504347CDCC4C3D71
:20396000000048426F12833A5C3D2020BD3786353C3B202033338341443D2020603D202078
:20398000483D2020643D20204C3D2020683D2020703D2020743D2020783D20200000FAC343
:2039A000403D2020543D20201904963F0000A0400000A0C0803D2020843D202000003443D2
:2039C0000000B4C3000034C30000B443000080BFFFFFFF7F8D3D20209A99993EF0B58FB0CF
:2039E0000646D54FF87C062801D3002200E00122831E591E8B41441F611E8C417021795CC3
:203A0000234200D0DDE0002900D1DAE00126B86EF96E081A06F05AFEC94905F02FFCC94998
:203A200005F0F8FC06F0D2FB02460B46C64908AD284606F09DFC0020039002F041F9287801
:203A400004900224CE4D07E0284604F0A1FE03240798C00700D16DE107960EA9039F0F7088
:203A60002120487002262846324604F0BFFB0EA90F704F702846324604F0B8FB0EA90F70D9
:203A80007F2048702846324604F0B0FB0EA90F70222048702846324604F0A8FB0EA90F7067
:203AA0004C702846324604F0A1FB0EA90F704C702846324604F09AFB284604F005FE287A6C
:203AC0004006010E284602F0CDF940212846069102F0C8F90498002857D00024049805940E
:203AE0002E4601467F39C9B2A129059D01D32038054660080627394606F048FBE8B2784353
:203B0000A04A1018405C0799C90716D0012101404A008307DB0F9D00AA18DB00D218430712
:203B2000DB0F1D0152195B01D218C308C000069D28401018DA01024315E0C106C90F4A0010
:203B40008306DB0F9D005219DB00D2184306DB0F1D0152195B01D2184308069D2B40D318DF
:203B6000802202401A430A43D1B23546304602F079F9671C0C21384606F008FB08A9762C65
:203B800003D8085C00283C46AAD100262846314602F068F9781C40B2002800D554E7002184
:203BA000284602F05FF9B81C40B2002800D54BE70021284602F056F9FF1C78B20028E4D562
:203BC00042E704280ED10796BA6E0026002A304628D0481E0D4685413B680020934214D231
:203BE000044613E03F2318403423C3401A4009D0B86E00294ED0FA6E002A4BD0002849D0E6
:203C0000101A51E04D49002061E001242543012D08D1002900D0FB6E981A06F057FD4849CF
:203C200005F02CFB474905F0F5FB06F0CFFA02460B464D4908AD284606F09AFB3046294672
:203C400003F0E6F86B208000381807F092F806F0BDFA02460B4645480096019044492846C2
:203C600006F086FB0220294603F0D2F8C220385C002801D0404A00E03E4A079C3F49284685
:203C800006F076FB0420294603F0C2F8002C42D1324C41E04A1E9141424242410A4301D040
:203CA000002001E03968081A06F010FD244905F0E5FA244905F0AEFB06F088FA02460B46E0
:203CC000214908AD284606F053FB0020294603F09FF8FA7C552080003B5C1C4908AD284670
:203CE00006F046FB0220294603F092F8FF203830385C002801D0174A00E0154A2520C000C6
:203D00003B5C1549284606F033FB0420294603F07FF8002EBCD0124C386B06F057FA00908D
:203D2000019110492846224606F022FB0620294603F06EF80FB0F0BD403820207DB8000068
:203D40000000204100007A44E8B80000F2B7000060B9000068B9000095B8000057B9000064
:203D600064B9000089B800004DB8000000C0624050B7000048B900006BB900000AB900008F
:203D80001C3B202080AD0000F0B581B001242D2006F04CFDCD4D297888421AD1A97802291C
:203DA0001AD84A1CAA706978431A59425941032A224600D10A46002A0ED16870002800D18E
:203DC000EAE0287A002801D10120A8710020A88002E028700020A8706878002809D1A88837
:203DE000632806D8401CA880642802D10120E8712872372006F01AFDA97A88421AD1297B83
:203E000002291AD84A1C2A73E97A431A59425941032A224600D10A46002A0ED1E87200284C
:203E200000D1BDE0A87C002801D1012028740020E88102E0A87200202873E87A002809D195
:203E4000E889632806D8401CE881642802D101206874A8743A2006F0E9FC297D88421AD1BB
:203E6000A97D02291AD84A1CAA75697D431A59425941032A224600D10A46002A0ED1687566
:203E8000002800D190E0287F002801D10120A8760020288302E028750020A875687D002845
:203EA00009D1288B632806D8401C2883642802D10120E87628773B2006F0B8FCA97F884291
:203EC0001CD120216A5C022A1CD8521C6A54E97F431A59425941032A224600D10A46002AC8
:203EE00010D1E877002863D02620285C002802D12420012129540020688403E0A877202031
:203F000000212954E87F00280BD1688C632808D8401C6884642804D1252001212954262066
:203F2000295425216A5C00206854002A05D12422AB5C0021A954002B14D065490A78012A47
:203F400006D108706449087064490C7001B0F0BD604A147008706049087060480470FA2069
:203F600001B0F0BD5B48007800280ED0584F3978A8790026AE7101291FD100282CD05C4822
:203F80000178002926D0491E25E0A87EA97600281BD0FB2001B0F0BD0020A88028721BE768
:203FA0000020E881A87448E700202883287775E70020688426216854A4E7002840D0484805
:203FC0000078002825D0431E24E0A9712974084601B0F0BD03210170287C00262E7400285B
:203FE00005D043480178491C03220A400270A87EAE7600285AD0384908783D4A12783B4B6E
:204000001A700E7033490E703E7034490E7001B0F0BD072333480078D9B281420A4600D309
:204020000246171D81422E48037001D38F4204D88F4200D8DA1E2B48027028480470244FFA
:20404000287C2E7400281AD025490878401C072303402448027893421F4600D31746381DAC
:2040600093420B7002D3C1B2994205D8C0B2984200D8DF1E1B48077018480470144FA87E98
:20408000AE76002814D016480078C0001649085C062812D801218140742211420DD00E497F
:2040A000087012480078124908703C700B48047001F034FD304601B0F0BD0021054A117089
:2040C0003970064A117001B0F0BDC046C03A2020A73B20209C3B20209F3B2020A13B202059
:2040E000A63B2020983B2020B8B30000893D20208F3D2020F0B585B0AA480078012800D0D2
:204100004EE1A94880690321C9024058A7490A78002A1DD0A6490A68002A1FD0841A086006
:20412000A4480460204606F0D1FA0646A24905F071F90546A148844200D83546A04C2846CB
:20414000214605F01CFD002810D09E4D9E4816E001220A709649086005B0F0BD0860954890
:20416000002101609D48016005B0F0BD9749284605F020FD002800D101E1954D954897493B
:204180000860019502949748432103AF06233A4602F062FC039800027978401800B206F00F
:2041A0008FF8914C214605F035F99049096803F047FF06468E480660B8780002F97840180B
:2041C00000B206F07DF8214605F024F98949096803F036FF054688480560049800027979CE
:2041E000401800B206F06CF8214605F013F98349096803F025FF07468148076081480468ED
:2042000081480168284605F039F805463046214605F034F8294603F018FF04467B480168A0
:20422000384605F02BF8214603F00FFF07460120C107384688437D21C90505F0A0FC0025DF
:2042400000282E4600D13E4630465D4905F0B2FC04466F4F3046394605F091FC002800D136
:204260003746002C00D102976A48029F07606A4E34682046294605F079FC054620463946AE
:2042800003F0E3FE3F21090604F0F8FF002D394600D10146019804F0F1FF37605F4904F07C
:2042A000EDFF04465E4D294605F084FC07465D4E2046314605F063FC002800D12646002F7C
:2042C00000D13546584F3868294603F0BEFE04463860564E3068294603F0B7FE30605449CB
:2042E000204605F067FC002820D0524D504E2046294603F0AAFE0446314605F05BFC002806
:2043000013D02046294603F0A0FE0446314605F051FC002809D02046294603F096FE0446AA
:20432000314605F047FC0028E1D13C604249204605F025FC002833D0404D3F4E2046294637
:2043400003F083FE0446314605F019FC002813D02046294603F079FE0446314605F00FFC13
:20436000002809D02046294603F06FFE0446314605F005FC0028E1D13C6005B0F0BD164919
:20438000284604F07BFF154908601549284604F075FF0546002105F0FBFB002800D1F0E621
:2043A00005B0F0BD8E3D202044B60000903D2020583D20206C3D20200000A042400D030099
:2043C0000000FA430BD7233C0000204100504347CDCC4C3D000048426F12833A5C3D202061
:2043E000BD3786353C3B202033338341443D2020603D2020483D2020643D20204C3D202020
:20440000683D2020703D2020743D2020783D20200000FAC3403D2020543D20201904963FA7
:204420000000A0400000A0C0803D2020843D2020000034430000B4C3000034C30000B44362
:20444000F0B591B00F90012548000D90400D5C00670D59401095EE070E40AB494D1E441972
:204460008C4200D203E17C198C4200D2FFE0049610990C05611E00910B400025E9430E9105
:20448000A449019423430C93C01B40180290401C0390D0020A90500DD9020B9247189E485B
:2044A000C41B3846294622462B4606F059F94842294622462B4606F053F94900C00F441887
:2044C000204629463A462B4606F04AF94A42204629462B4606F044F94900C00F44182046FE
:2044E00029463A462B4606F03BF94A42204629462B4606F035F94900C00F4018441E3846EC
:20450000294622462B4606F02BF906460F460A98294622462B4606F023F970186F411099BB
:20452000081A0A902A46BA41204629462B4606F017F9C20F49008918099146000A9829465C
:2045400022462B4606F00CF94A00C00F8018CF0F341809994F41E13C0994AF410F9AD00F48
:204560000D9909180691520008920E98401E0D902E46AE410846304003460790204629467A
:2045800006F0EEF80A910698C043614AD1430143521A05922C466C4109982946234606F06F
:2045A000DFF80690099138462946089A079B06F0D7F80890079138462946059A234606F0E3
:2045C000CFF805900A9A069BD0182B466B41079F3E400D9C089A224082185E41059838183E
:2045E0006941099A80186941841969410E98401C4748684181424BD20022019881421098A5
:2046000000D310460F9B01D3039A029281401F2242406708D7400F4384405E05204639465A
:204620000B9A0C9B06F09CF840428E4102994A1E3449491E8A423EDC012A48DB00990F4050
:204640001205C10F73005B1840001099214040183A4304990A430021651C51410B9E301A5D
:204660000C98984100D3254644D3114642E0002F28D024498F4204D0002823D0884200D001
:20468000F5E62248064300253146284611B0F0BD6008CA0784184F080F9806052046394651
:2046A0000B9A0C9B06F05CF840428E41039A1549491E8A42C0DD1548049901430025284677
:2046C00011B0F0BD00252946284611B0F0BD002A13D10E994C400E494F4027430DD1019AF2
:2046E00056403043294605D1049911430025284611B0F0BD284611B0F0BD2946284611B000
:20470000F0BDC046FF07000002F8FFFF0000F07FFFFF1F00FE03000033F30475F0B5D9B08E
:204720001C4603920F46029058A80026068057A8068056AD2E8055A8068054A80680084666
:2047400006F042F828808F4D2888002802D08E48006880478D480078002800D10DE1288812
:2047600000283CD08A48036854A801884A1C02803046029A9847384606F026F856A9088051
:20478000844800888449097805F000FD55A90880384606F019F8381857A90E8009880129E1
:2047A00013D9421C56A8805F002827D4521C2AE05799491C57AA11805699491E56AA118069
:2047C00057A90988401E0229EBD256A9895F0029E7D401785C29EBD02F29E9D0ECE7012079
:2047E000010214A806F0DBF8704E316802988847002C00D1B8E000946D49B6E057A8008875
:20480000002800D1BBE0654914A805F0B1FD58A80680058814E057A8008804AA16545C48AD
:2048200003686048007854994D1C54AF3D80484381B2304698475898401C58A908800D885A
:2048400014A805F0C1FF55A9895F05F09FFC401CA84228D957A80680008855A9895F88426D
:20486000D9DA14A805F0B0FF57A9098858AA128855AB9B5F534359188842CCD357A90A88FC
:2048800058AB1B8855AFBD5F5D4314AB5B199A5C0B8804ADEA54579A521C0A800988BA5F74
:2048A0009142E1DBB7E7404914AE3046039A05F05FFD374803683B48007854994A1C54ADE3
:2048C0002A80484381B20025284632469847002C53D058A80580068814E057A8008804AAFB
:2048E00015542B4803682F48007854994E1C54AF3E80484381B2284698475898401C58A912
:2049000008800E88204605F05FFF55A9495F05F03DFC401CB04230D957A80580008855A98B
:20492000495F8842D9DA204605F04EFF57A9098858AA128855AB5B5F534359188842CCD353
:2049400057A90A8858AB1B8855AE775F5F43E3199A5C0B8804AFFA54579A521C0A800988A4
:20496000725F9142E2DBB8E7124914A83A46039B05F0FEFC316814A8884759B0F0BD0849E8
:2049800042E7C046943B2020683B2020923D2020643B20201A3B2020963B2020DFB80000CB
:2049A0000CB80000973B2020F1B80000603B202060B6000092B60000F0B587B09F4C07274A
:2049C000B9010497204605F0EAFF9D487F210391C9052062616203F09FFF04F07BFB0026F1
:2049E000304604F0A9FE55208000201806F056F8302010241125214632462B4602F0B6FE85
:204A000001220592384621462B4602F0AFFE04F0CBFA04F015FB894C2046883006F07AF8CF
:204A20002046A43006F076F804F052FE2046C83005F0D2F93320C000201806F009F96B20A8
:204A40008000201806F019F900F04CFA1C2000907C4F3C210A221F23384604F09BFF64206E
:204A600003F014FA06A90E70AE204870022538462A4603F0BBFB06A90E70D520487038466C
:204A80002A4603F0B3FB06A90E7080200290487038462A4603F0AAFB06A90E70A8204870BB
:204AA00038462A4603F0A2FB06A90E703F20487038462A4603F09AFB06A90E70D3204870E6
:204AC00038462A4603F092FB06A90E704E7038462A4603F08BFB06A90E7040200190487040
:204AE00038462A4603F082FB06A90E708D20487038462A4603F07AFB06A90E701420487057
:204B000038462A4603F072FB06A90E702020487038462A4603F06AFB06A90E704E70384673
:204B20002A4603F063FB06A90E70A120487038462A4603F05BFB06A90E70C8244C70384684
:204B40002A4603F053FB06A90E70DA20487038462A4603F04BFB06A90E7012204870384609
:204B60002A4603F043FB06A90E708120487038462A4603F03BFB06A90E70039848703846F9
:204B80002A4603F033FB06A90E70D920487038462A4603F02BFB06A90E70F120487038462B
:204BA0002A4603F023FB06A90E70DB20487038462A4603F01BFB06A90E70019848703846A1
:204BC0002A4603F013FB06A90E70A420487038462A4603F00BFB06A90E70A62048703846AB
:204BE0002A4603F003FB06A90E70AF20487038462A4603F0FBFA304601F062F81248134953
:204C000003F08AFA049D2846314605F00FFD204603F03CF92846059C214605F007FD304623
:204C200006F06CF8054D02996850204606F066F88421685000F072FF07B0F0BD40382020E1
:204C4000000040411C3B2020C15C0000116E0000F0B58BB093490978012900D01FE1002841
:204C600001D17D20800002900027059706973C463E463D46049703963B2107AE0E238A4882
:204C8000324601F0E9FE079800027178401800B2049909180491B0780002F178401800B240
:204CA000059909180591089800027179401800B206990918069109980002717A401800B21A
:204CC0003F18B07A0002F17A401800B22D180A980002717B039E401800B23618042003F0F7
:204CE000D5F8641CA0B202998842C4D301970395049805F0E5FA0446029805F0E7FC054672
:204D00002046294604F086FB0746059805F0D8FA294604F07FFB0446069805F0D1FA069578
:204D2000294604F077FB054620460494214604F0A5FA044638460597394604F09FFA214684
:204D400003F083F904462846294604F097FA214603F07BF907467F20C4053846214604F0DC
:204D600029FF00285DD07120C105384604F086FA8D21C90503F069F93F210C06214604F0CF
:204D80007DFA029505463846294604F043FB0146284603F05AF9214604F070FA0546384612
:204DA000294604F037FB0146284603F04EF9214604F064FA05463846294604F02BFB01461D
:204DC000284603F042F9214604F058FA05463846294604F01FFB0146284603F036F9214606
:204DE00004F04CFA05463846294604F013FB0146284603F02AF9214604F040FA04460598F8
:204E0000214604F007FB294908600498214604F001FB274908600298214604F0FBFA04465C
:204E200004E022480021016021480160039D019820490C6005F044FA069F394604F0EAFA9B
:204E40001D4C214604F0E6FA1C490860284605F037FA394604F0DEFA214604F0DBFA184971
:204E60000860304605F02CFA394604F0D3FA214604F0D0FA134908601348002101601348D8
:204E800001601348016013480170134801210170124880690321C9024058114908600BB0F4
:204EA000F0BDC0468E3D20203C3B2020703D2020743D2020783D202033338341443D2020BF
:204EC000483D20204C3D2020803D2020403D2020543D2020903D20208D3D202044B60000A8
:204EE000583D2020F0B583B002A80027077000978E4D68210A220123284604F04BFD642044
:204F000002F0C4FF752102AE012428463246234601F0A2FD3078682800D1B6E0702800D18A
:204F2000B3E0284603F034FC142002F0AFFF752102AE01232846324601F08EFD3078682875
:204F400000D1A2E0702800D19FE0284603F020FC142002F09BFF752102AE01232846324689
:204F600001F07AFD3078682800D18EE0702800D18BE0284603F00CFC142002F087FF7521D3
:204F800002AE01232846324601F066FD307868287BD0702879D0284603F0FAFB142002F023
:204FA00075FF752102AE01232846324601F054FD3078682869D0702867D0284603F0E8FB67
:204FC000142002F063FF752102AE01232846324601F042FD3078682857D0702855D028463F
:204FE00003F0D6FB142002F051FF752102AE01232846324601F030FD3078682845D0702824
:2050000043D0284603F0C4FB142002F03FFF752102AE01232846324601F01EFD3078682865
:2050200033D0702831D0284603F0B2FB142002F02DFF752102AE01232846324601F00CFD2A
:205040003078682821D070281FD0284603F0A0FB142002F01BFF752102AE01232846324614
:2050600001F0FAFC307868280FD070280DD0284603F08EFB142002F009FF38460A300A2FB4
:20508000074600D23EE702A80078682801D0702842D1264E6B213046224604F0F3FF322088
:2050A00002F0F4FE19210722304604F0EBFF1A21032730463A4604F0E5FF1B211822304636
:2050C00004F0E0FF1C21002530462A4604F0DAFF06263046214603F0BDFB304605F03CFC91
:2050E00013488069F90240581249086012480470124805701248056012480560124805603C
:20510000124805601248056012480560124805601248057003B0F0BD074800210170074834
:2051200001700C48016003B0F0BDC0463C3B202044B60000583D20208E3D20208D3D202048
:20514000443D2020483D20204C3D2020803D2020843D2020403D2020543D2020903D202067
:20516000F0B585B00492002800D114E10F46002900D110E11C4605460126184600F042FF2E
:20518000297AB87D002902D0E97988420BD001212972E871387C6978884204D1787CE97896
:2051A000461A701E8641287804282DD003281CD0012800D0BDE0002E07D1787D402804D18C
:2051C000B87C002801D1012068716879002829D06878801F0226F143884203D305F028FD10
:2051E00000281FD02E70EC60A3E0002E05D1787D412802D1B87C00284ED0E868201A1E28AC
:2052000000D296E00B2091E0002E2CD1787D432823D0442827D1387D002800D10C20287155
:2052200006201FE0A869201A322800D281E0287F02282FD86978EA781E202B5E0A206043C2
:205240000026049F009701960290302004F03CFFAC61287F401C28776BE06878032802D06F
:205260006C61052028706878811F0222D24391424CD30392397E0022002914D0397881420A
:2052800011D17878E97888420DD17889972809D3002208E00A2049E00120A8710420287044
:2052A000EC6046E001222E462036304639462346FDF7F4FA304605F076FC002807D03A2019
:2052C000285C1430287106262E70039A1EE03C20285E214602F0D2F968780328039A15D174
:2052E0002878042812D1304605F066FC039A00280CD06C61304605F0B9FC204603F0C6FC89
:2053000005260028E0D105F04FF8DDE76878801F904207D305F084FC002803D01E20287117
:2053200006202870F87D002803D11F202871062028702878411EC9B202290FD86978891F93
:205340000222D243914214D305F06AFC002804D01E2028710620287002E02878062806D1E7
:2053600005F022F82846203005F080FC2878002811D0A969611A14290DD36978EA781E2318
:20538000EB5E0A266643049F009701900296332004F09AFEAC6105B0F0BDFEE7F0B5A5B05B
:2053A000059308920D46074600260A967A4C3246234604F0BFFB002800D12C46354600D149
:2053C0003D46284621463246334604F0A1FB46424641002807D10AAA2846214604F06AFB03
:2053E0000A98401E0A900898007B0BAF412801D06B4800E0694809900898806801903020BE
:20540000049038700022284621460292134604F088FB0121002801D0C80744400391781C5F
:205420000790002E0DD024AA2846214604F042FB249801210A1A2846214602F0B9FC05462D
:205440000C462846214604F06BFD0646079904F0E7FB0690304605F0A9F802460B4628465E
:20546000214600F099FE04460D460198471C20D3079806994618002220462946134604F0D2
:2054800047FB002848D1002220462946454B05F05BFC04460D4604F043FD0999095C771C4B
:2054A000317005F083F805F034FC04460D463E46E1E70BA806994618002F16D07F1E002249
:2054C00020462946374B05F03FFC04460D4604F027FD0999095C3246761C517005F066F86B
:2054E00005F017FC04460D46E6E73178099C204605F074FB001B08280EDB0196741E089D20
:20550000029F099E2178304605F068FB801B0E2805DD2770641EF5E7089D029F04E0099968
:20552000081840782070019E37700A98297B4129059C01D0702100E05021069E079F224607
:2055400004F09EFCAA68501C04D1384605F0A3FB421EAA6038463146234604F0F7FFA86897
:205560000028039A02D128680007C20F38463146234604F015F9287B412801D0782000E076
:20558000582021684A1E226008702068411E21600499017025B0F0BD0000F0FFCEB600003D
:2055A000DFB6000000003040F0B5A3B01E460F46044603929168002903D0002904D5062138
:2055C00000E001210398816007910AA83021089101700022204639460992134604F0A1FA1E
:2055E00001210028049101D0C8074740634D20463946614A2B4604F0AFFA00280BD0002232
:20560000204639465F4B05F09BFB04460F460998401C0990EBE70025204639462A462B467E
:2056200004F076FA002813D1002220463946544B04F077FA00280BD0002220463946514B49
:2056400005F082FB04460F460998401E0990E3E702960AA8461C2046394604F061FC05965A
:20566000314604F0DDFA07998842019004DD481C0AA90B18085C20E0C9430E180AA90B1866
:205680000793581C06902046394604F049FC04F08DFF02460B462046394600F07DFD0022BE
:2056A000384B05F051FB04460F4604F039FC069B303007994870761CE2D3C0B23528029E4F
:2056C000039F0DD3581E0178491CCAB201703A2A03D330210170401EF5E70AA9884241D043
:2056E000099801990C181D700220C043844202DBB868844207DD601E397B891EC9B2324660
:2057000004F0BEFB0124059805F0C5FA401E0499A0421ADB0028089A01D4059A125C13468F
:20572000303B5D1EAB41C9431943C90705D13978090702D40025049905E031684B1E3360B6
:205740000A7001250021401EE2E73868082202402A43501E824105982146334604F020F82E
:2057600023B0F0BD581E00210170099801990818441C0AA80590B7E70000C0FFFFFFDF4124
:205780000000F03F00002440F0B58DB007920890002201260B9149004F0D5900490D0C918D
:2057A000694C651E09977919A142314600D31146F7070A971F460B9847400C984519A542E4
:2057C000344600D314465F4D0A980740214301290AD10C98002800D184E0A8427BD009984D
:2057E00000287FD0A84276D00096069700260125079A500DD90208180590D0020390314619
:20580000089C2246334604F0ABFF049007910195EF0705980743384631462246334604F0FC
:205820009FFF089005910B98C0434949CA4302438A1A02923446744103983146234604F03C
:205840008FFF05460B913846049F3146029A234604F086FF3F4A17401540079AAA183346AC
:2058600073410B9C20187141059C00197141089C121958417141099B0C9CE318CC0221D453
:20588000354C1B19C40F490009194000D40F0019FC0F520012197D002A4C641EA342069F52
:2058A00019DC019C2405002B21DD641E21401B050B43194639436B420A9C2346934126D250
:2058C000401C2AE0244C1B195B1C1E4C3D46641EA342069FE5DD1D480743002639463046C2
:2058E0000DB0F0BD0026314630460DB0F0BD1B4D6940C043002A15DB0843002B009916D09E
:20590000002817D0009800283146E8D117E06240154303D1019A02408018714106463046DA
:205920000DB0F0BD01960843002B0099E8D101990028E7D10091009800283146CFD1274352
:20594000CBE7C046FF07000002F8FFFF0000F07FFFFF0F0000F8FFFF01FCFFFFFFFF1F0007
:20596000F0B587B002910546411E88416849C32203F0F8FB28681F224109059210400124A2
:205980002246824088006349085895214B01C15811430193C150E86806900698411E0691BB
:2059A000002809D00698411E0691002804D00698411E06910028F0D168684109059A1040D0
:2059C00022468240880053490858534BC1581143C1500026072003940DE0B10044000C43E8
:2059E000287904F023FF064626430499881EC9B20129039C68D0049029684A090598014026
:205A0000204688409100434A5158434A89180A6902430A61EA680692069B5F1E0697002B70
:205A200009D0069B5F1E0697002B04D0069B5F1E0697002BF0D10B6803430B6006920698D2
:205A4000411E0691002809D00698411E0691002804D00698411E06910028F0D1287904F0AD
:205A6000E5FE2A68530905990A40214691409A00284B9A58284BD21813690B431361EB6848
:205A80000693069F7C1E0694002F09D0069C671E0697002C04D0069C671E0697002CF0D117
:205AA00014680C431460069306994A1E0692002993D006994A1E069200298ED006994A1EB6
:205AC00006920029F0D188E72868059901408C40400980000F490858019A81582143815070
:205AE000E86806900698411E0691002809D00698411E0691002804D00698411E06910028DF
:205B0000F0D12846029902F067FFF0B207B0F0BDA1B40000143D202090120000F0B587B0F9
:205B200057480078574E31780140C843564909684A424A410243554F3868434243411343A5
:205B4000D80700D084E000242046884750480078012824D13A685349002090475248007864
:205B6000800052490B58524A01AD18262846314604F020FA3A680220294690474D48037812
:205B80004D4A2846314604F015FA3A68042029463C4E90473A6849490620904757E03D4803
:205BA0000078072853D83C490978884201D0202300E03E23C0003949081840680090384AD2
:205BC00001AD1821284604F0F5F93A6800202946904730480078401CC0B2072837D82E4913
:205BE0000978884201D0202300E03E23C0002B490818406800902A4A01AD1821284604F0BC
:205C0000D9F93A6802202946904722480078801CC0B207281BD820490978884201D02023CE
:205C200000E03E23C0001D490818406800901C4A01AD1821284604F0BDF93A68042029460B
:205C4000904714480078C01CC0B2072802D9347007B0F0BD10490978884201D0202300E0A1
:205C60003E23C0000D490818406800900C4A01AD1821284604F09EF93A68062029468CE775
:205C80009C3B2020A13B2020583B2020903B2020A73B2020983B2020A63B2020B8B3000032
:205CA00043B9000026B800008F3D202010B700004DB900009F3B202022B90000A7B60000DF
:205CC000F0B587B0044601A900270F7021204870624D02262846324602F088FA02A90F70FA
:205CE0004F702846324602F081FA03A90F707F2048702846324602F079FA04A90F70222057
:205D000048702846324602F071FA05A90F704F702846324602F06AFA06A90F700720487053
:205D20002846324602F062FA284602F0CDFC287A4006010E284600F095F84021284600F065
:205D400091F82846214600F08DF82846214600F089F82846214600F085F82846214600F023
:205D600081F82846214600F07DF82846214600F079F82846214600F075F82846214600F043
:205D800071F82846214600F06DF82846214600F069F82846214600F065F82846214600F063
:205DA00061F82846214600F05DF82846214600F059F82846214600F055F82846214600F083
:205DC00051F82846214600F04DF82846214600F049F82846214600F045F82846214600F0A3
:205DE00041F82846214600F03DF82846214600F039F82846214600F035F82846214600F0C3
:205E000031F82846214600F02DF82846214600F029F82846214600F025F82846214600F0E2
:205E200021F82846214600F01DF82846214600F019F82846214600F015F81F263E43284693
:205E4000214600F00FF820370548864200D278E7024802F09DFC07B0F0BDC0461C3B202071
:205E6000FF030000F0B587B001910646411E88416249A82203F076F98020009602E08008C7
:205E800000D1B1E00199084201D05B4901E05A491031029073681F225D0913400127039759
:205EA0009F40AB005648C3585D583D435D50F5686B08069306994F1E0697002909D006990A
:205EC0004F1E0697002904D006994F1E06970029F0D131684E091140039F8F40B100484835
:205EE00046584548311834583C4334500595059C651E0595002C09D0059C651E0595002C58
:205F000004D0059C651E0595002CF0D10C693C430C610493029804994B1E0493002909D0D1
:205F200004994B1E0493002904D004994B1E04930029F0D14408009E736859098900304818
:205F40004158019D2C4201D02B4D01E02A4D10351340039C9C404B5923434B51F5686B0872
:205F6000069306994C1E0694002909D006994C1E0694002904D006994C1E06940029F0D1B6
:205F800031680A40039F9740490989001C4842581948111814583C4314500595059A541E48
:205FA0000594002A09D0059A541E0594002A04D0059A541E0594002AF0D10A693A430A61AD
:205FC0000493029804994A1E0492002900D156E704994A1E0492002900D150E704994A1EED
:205FE00004920029EED14AE7304601F035FC0399484007B0F0BDC04690120000A1B40000D5
:20600000143D2020F0B587B0029055480078554E3178401A8006000F00D184E003A8801DB4
:206020000190514C09E0781C084030704C4800783178401A8006000F75D03078235C307815
:20604000401C3F210840205C3278921C0A40A25C3578ED1C0D40655D3778012BE3D16B2D34
:20606000E1D13B1D0B40337040490A709F2ADDD0022A2DD13E4A1168491C116000223D4906
:206080000A703D490978814201D13B490A703B490978F32837D1012935D13A48039003A9D3
:2060A000394888800198C27082704270027002274F816B20087301200D2201F043FCFD20DA
:2060C0002D4908700298314908603149086027E0304A1168491C116026490978FF2906D0B6
:2060E0004A1C244B1A70012901D8002100E00121214A1278824202D100201F4A107000295D
:2061000094D005270CE0FD2805D1022903D11C480280042704E0FD2888D1032986D10427E8
:206120001648077082E714480178002916D017490968029A511A0C2910D30021017015485E
:206140000168491C01600B490878FF2803D0421C0A70022802D309480521017007B0F0BD1F
:20616000A33B2020A53B2020803A2020993B2020543B2020513B20209E3B2020A83B2020FC
:20618000523B202001FD00001E640000883B20207C3B20206C3B2020FCB40124E40763406E
:2061A00002E0FCB40124E40708B41D03ED08D60D354356025F007F0D06D12C00344300D084
:2061C000AEE001B0FCBC7047A408254307242402FF34A74205D10020190D090501B0FCBCFD
:2061E0007047002B03D50024A61BAC4125000B03DB08C20D134342024800400D07D11C000B
:20620000144300D08CE00EBC1000F0BC704701246407234307242402FF34A04205D100205C
:20622000090D090501B0FCBC7047002903D50024A21A9C412300C11B08D51C002B00250014
:206240001400320026000024611A3800362925D502B4393949420C00203C03D22F008F40B4
:20626000374301E03700A740002F01D040210E4302BC20290BD500290ED04C42203420B44F
:20628000A5402C0020BC0D41CE40361904E000292E000D4120390E4192196B411C0014436B
:2062A0003ED00024002B04D5012400218A1A99410B00401E52005B41FBD5012189021500FB
:2062C0000D400CD0521800277B4101D3401C0BE00721C90115000D4001D189008A43072189
:2062E00009028A4352005B41801C19DD07210902FF31884209D30EBC0020C90F0902FF3140
:20630000C900C91D0905F0BC7047190B00050143E40721431805120B104301B0FCBC7047F4
:206320000021002001B0FCBC70477047F0B587B0039304920690006801F082FE07465949DF
:2063400003F038FC00281FD0574C564D3846214601F07BFE0746294603F02CFC002813D088
:206360003846214601F071FE0746294603F022FC002809D03846214601F067FE0746294613
:2063800003F018FC0028E1D10F9D0E9805904749384603F0F4FB00281FD0454C434E38468E
:2063A000214601F052FE0746314603F0E8FB002813D03846214601F048FE0746314603F0BD
:2063C000DEFB002809D03846214601F03EFE0746314603F0D4FB0028E1D106984760C46800
:2063E00038460295294602F049FF214601F02DFE0646059C214603F0DDFB05460120C0070A
:20640000019044403046214603F0B9FB002800D13446002D059E00D126460D9805900C9885
:2064200000900698C6608168384601F009FE05462049029C204603F0BDFB002800D11E4CE3
:206440002846214602F0E6FF0546069887600398314602F013FF06460498394602F00EFF44
:20646000314601F0F2FD06460098294602F006FF314601F0EAFD0546059F394603F09AFB36
:206480000646019C7C402846214603F078FB002800D12C46002E00D12746069807613846C1
:2064A00007B0F0BD000034430000B4C3000034C30000B4436F12833A0AD7233CF0B587B042
:2064C0001C4606900E9D0C9805900D9E0846114601F0B6FD074630460494214602F0CEFE6C
:2064E000064605980597394602F0C8FE314601F0A7FD064601200190C0072C460290444087
:206500003046214603F03BFB07463046294603F051FB0028039500D13546002F00D12C4686
:20652000474E059D2846304041210F06394603F038FB00282DD0049806403046394603F03B
:2065400027FB002825D0109F2846214602F096FE002103F02FFB411E8841069A117E002934
:206560001ED0002819D00498294602F087FE002103F020FB069A002807D08120C1053046EF
:2065800003F00FFB069A002807D11069401C10610FE0069A107E00282DD0002010762BE025
:2065A000002828D01069401C1061B84225D301991176C01B04F08AF8224902F05FFE05460C
:2065C0000021059803F0F6FA002819D01E49284601F03BFD05462046294603F0EBFA0028EB
:2065E000039E0AD12846314603F0E4FA002800D12E46344601E000201061204607B0F0BD46
:206600000F98294601F021FD0746002103F0B7FA06463846039D294603F0CCFA002800D1B8
:206620003D46002E02D10298454000E0029D2046294603F0A4FA0028DFD12C46DDE7C046BE
:20664000FFFFFF7FCCCCCC3CCDCC0C40F0B585B00C46054600260846314603F087FA00283B
:206660002ED104942C6800272046394603F0A2FA411E88410390049839462746049C03F07E
:206680007EFA002805D00021384603F093FA002816D13C4600272046394603F070FA411E0D
:2066A00088410290049839462746049C03F082FA00280DD00021384603F061FA002807D0F7
:2066C0006E60AE60EE602E616E612C6005B0F0BD0021384603F065FA0121CE07002800D163
:2066E00077407F20C1053846019103F063FA0028EBD00021204603F054FA0028214601D112
:2067000021467140384601F09BFC07463F200106384603F046FA0028D7D000964120060625
:206720003846314603F03DFA8121C905002800D0314601D0194E00E0174E384602F09EFDD3
:206740000746314603F036FA002800D13E4602980028019900D10099EF680398002800D025
:206760000F490846314602F089FD394601F06DFC07460C4903F01EFA03900B4E384631461D
:2067800003F0FDF9002800D13E4603980028054800D13046E86098E70000204200002043B0
:2067A000000080BF00A00C4600A00CC6F0B585B0039304920446084603F082FD4D4902F09E
:2067C0005DFD4D4902F026FE6060A568294601F037FC7D21C90502F051FD294601F035FC16
:2067E0000746A060256800262846314603F0BEF9002806D0201D066046608660C660066150
:2068000075E00A98019002952846394601F018FC05462669314601F013FC0090039829467C
:2068200002F02CFD07460498009902F027FD394601F00BFC074630460396314601F005FC69
:2068400001460495284601F0FBFB616901F0FDFB0146019802F012FD394601F0F6FB0146C7
:20686000E06801F0F2FB0646244903F0A3F90746234D3046294603F082F9002800D1354626
:20688000002F1E4900D129460191E16004982061039860610026029D2846314603F08AF9B6
:2068A00007462846314603F06AF9002800D01548002F124E01D07F20C005114FA16902F0DB
:2068C000DDFC019901F0C1FB0446314603F072F905462046394603F052F9002800D12746A5
:2068E000002D00D13E46304603F07AFD0646304605B0F0BD00606A4700683F4700A00C4621
:2069000000A00CC6000080BFF0B585B01446019104900003060F0321304604F00FF8454931
:20692000642202F01FFC00270125434803948442284600D3384666223E4902F013FC30464A
:2069400003F0EEFF0499C8B209040A0F1021132302F0DAFCB00039490C583949112222205E
:206960006050022E3748034600D0374B12022903052E00D01846324BE3180293A518611839
:206980000091019903F002FC062E3E4613D0020C070E0190000205D0791C104603F0F6FBE6
:2069A000064607E07F1EF8B2411C104603F0EEFB0646FF360198FFB2791C03F0E7FBF6B2F1
:2069C000711C03F0E3FB401E0821009A91601760EE60029F78600498010D0F2008400126C1
:2069E000324682402B6813432B60012808D88121890541438200A218154BD15013490BE028
:206A000080054A07801831408A00A218104BD0500E4A083208461146611880000D4A0A50F7
:206A20000498039902F0DEF838683043386005B0F0BDC046A8B500001127000044B60000B4
:206A400004180000005A620200B4C404701800003018000001040000F0B587B01C46164671
:206A600006910546411E88414C494D4F3A4602F079FB711E04968E417A1C3046474902F06F
:206A800071FB284601F020FE287A4006010E2846FFF7E8F928460699FFF7E4F9284601F092
:206AA00013FE287A4000401CC1B22846FFF7DAF92A46002C6CD01546601E032103F066FBB4
:206AC000491C0020032900D0084602D12746049932E0614203910121091A029140420190D6
:206AE000022600942746049880190590811E069103988419601E414241412846FEF730FF20
:206B00000599491E069A107002988019022811D0BF1E0691614261412846FEF721FF069937
:206B20000870B61C019880190228DCD104988019811E00E07F1E009C032C2A4628D3B81EA5
:206B40000690781E0590F81E0490002603978D190598801B0F464142414110461446FEF72D
:206B6000FFFEB8550698801B414241412046FEF7F7FE68700498801B414241412046FEF70E
:206B8000EFFE22463946A870039FF61CB742DED1104601F0FDFD07B0F0BDC046A1B40000AD
:206BA000FF010000F0B585B01D46164630210290009101700024104619462246234602F0BB
:206BC000B0FF002802D00120C00745400B9801900A9804903E4F304629463C4A3B4602F0CA
:206BE000BBFF002809D00022304629463A4B04F0A7F806460D46641CEDE7002730462946BC
:206C00003A463B4602F084FF002811D1002230462946304B02F085FF002809D00022304663
:206C200029462D4B04F090F806460D46641EE5E70298401C0390049800190490304629464D
:206C400003F06EF9039902F0EBFF039909180019019A10600498441C012C1ADB0491304658
:206C6000294603F05DF903F0A1FC02460B4630462946FFF791FA0022174B04F065F80646AC
:206C80000D4603F04DF93030049A511C1070641EE4D1481E0278352A0DD3891E009C0A7862
:206CA000521CD3B20A703A2B02D30C70491EF6E7029A914203D00770039805B0F0BD077040
:206CC00001990868401C08600298F6E70000C0FFFFFFDF410000F03F00002440F0B5CBB0DF
:206CE000494E5020305A129032685520800030180124214603F0EDF87020315C002905D10A
:206D0000B16E002902D03168F16634540024B4737120345472203454304688302146FFF7D8
:206D200095FC3046A4302146FFF790FC204603F0E5FF802170500120119003F0DFFF8421B9
:206D4000705003F003FA706BB36BF16B376C1A185218D21930D00A256A43684310906B432F
:206D600069436F434420305A0F904620305A0E904820305A0D904A20305A0C90D220305AFF
:206D80000B90D620305A0A90D820305A68430A9D089509900093019102970F9803900E9896
:206DA00004900D9805900C9806900B980790174913A8109B03F0DCFA1298002807D05325E1
:206DC000705D002803D100F015FF119870554D203454B4806220345464203452662034542D
:206DE000F47334747474B474F4747463B463F46334647464B4643320C000301803F059FF99
:206E000003F000FC4BB0F0BD4038202075B20000F0B587B00091044601A900260E702120B6
:206E20004870454D022728463A4601F0DFF902A90E704E7028463A4601F0D8F903A90E7067
:206E40007F20487028463A4601F0D0F904A90E702220487028463A4601F0C8F905A90E7042
:206E60004C7028463A4601F0C1F906A90E704C7028463A4601F0BAF9284601F025FC287A20
:206E80004006010E2846FEF7EDFF40212846FEF7E9FF00990878002830D04D1C0027264C5F
:206EA000009701467F39C9B2A129009901D320380146C8B20621414320484618415C2046FD
:206EC000FEF7D0FF71782046FEF7CCFFB1782046FEF7C8FFF1782046FEF7C4FF31792046FD
:206EE000FEF7C0FF71792046FEF7BCFFBE1D2878002803D06D1C742F3746D2D30E4C00219F
:206F00002046FEF7AFFF701C40B200280FD400212046FEF7A7FFB01C40B2002807D40021DB
:206F20002046FEF79FFFF61C70B20028E7D5024801F02EFC07B0F0BD1C3B202080AD0000B3
:206F4000B0B50324002873D0002A71D00378072B6BD8C0467B441B795B009F44033F191FCE
:206F6000084653270024AA2962D101215AE0C17082794A40384B9A5C827115295AD3AA3953
:206F80004A424A4102700021417181712046B0BD4170314A515C817103214CE081708279C9
:206FA0004A402D49895C8171042144E083798B4244D14178117081785170C3789370017927
:206FC000D170121DC11D044610461A4603F0C4FE002020706071A0710120B0BD0024AA2997
:206FE00026D0552933D102211CE0017182794A401949895C817100244471C178002910D0AF
:2070000006210FE042798318521CD5B24271D97182794A401049895C8171C17800248D4231
:2070200006D3072101702046B0BD1B2103F0B7FC2046B0BD052101700020B0BDAA394A42C3
:207040004A4102700021417181710220B0BD002404702046B0BDC046C0B00000F0B58DB01C
:207060000246354F3878354E3178884201D10DB0F0BD012508E035490868401C086022463A
:20708000387831788842F2D0144638782C49095C3878401C7F2202403A7007AA2948FFF776
:2070A0004FFF032827D00228E5D001282246E7D107A80078022820D1254805702549086836
:2070C000401C08602448026007A803A9164602F09AFB002816D006980599049A039B1F4CEF
:2070E00023606260A160E0601D4806601D4805703246124EC4E71449BEE713490868401CB8
:207100000860BDE707A801A902F074FC00280CD001A90522144803F01FFE07A84178134AA2
:207120001170C0781249087003E007490868401C08602246014EA3E7A43B2020A23B2020DF
:20714000003A2020E83A2020703B20205C3B20209D3B2020843B2020783B20202C3B2020E0
:20716000743B2020193B20204C3B20209B3B20209A3B2020F0B5CBB03F4E7020325C316836
:20718000002A05D1B26E002A02D0F166012232540024B47355208000301803F016FD7120B4
:2071A000345472203454304688302146FFF74EFA3046A4302146FFF749FA204603F09EFD7C
:2071C000802170500120129003F098FD8421705002F0BCFF622034546420345266203454CF
:2071E000706BB36BF16B376C1A185218D21930D00A256A43684311906B4369436F43442078
:20720000305A10904620305A0F904820305A0E904A20305A0D90D220305A0C90D620305AFC
:207220000B90D820305A68430B9D08950990009301910297109803900F9804900E98059039
:207240000D9806900C9807900C4913A8119B03F08FF85020305A002807D05325705D00281C
:2072600003D100F0C7FC12987055B480F4732046FCF7B4FB4BB0F0BD4038202075B20000EE
:20728000F0B585B01C4600910746D0B211040A0F1021132302F038F8E0B221040A0F0021AA
:2072A0000423029102F030F8B8002E490C5811200602A5192C49204603F06CFC2B49204660
:2072C00002F054FEA0590321C903884301210391C903401804960194A051032F01D0254F45
:2072E00000E0234F009803F029FA02460B46029C2046394603F024FDFF229305224603F04A
:2073000023FD07460E4602F00BFE009003F016FA02460B4638463146FEF73EFF164B224695
:2073200003F012FD154B2246FEF73BFF02F0F8FD2969134A0A4000995118296169693F2275
:2073400091431040081868616868039A104069689143081868600499019B585810435850F2
:2073600005B0F0BD00B700006EB90000CCB80000D0129341D0128341000050400000E03F3E
:207380000000FFFF70B50446002606802E2003F04DFA012807D120780121014321706078E4
:2073A000401C6070364E212003F040FA012807D120780221014321706078401C6070FA3EE2
:2073C0002025284603F032FA012807D120780421014321706078401C6070963E1E2003F03F
:2073E00025FA012807D120780821014321706078401C6070323E362003F018FA012807D107
:2074000020781021014321706078401C60703236352003F00BFA012806D120782843207082
:207420006078401C60709636322003F0FFF9012807D120784021014321706078401C60706C
:20744000FA36392003F0F2F9012809D120788021014321706078401C6070AF204000361853
:207460006178481E0A468241A270002904D030B202F086FCA08070BD0020A08070BDC04695
:20748000A2FE0000F0B59FB003930E46054604929168002902D50621049881600291002439
:2074A000344F2846314622463B4602F043FB002800D13746264600D12E46304639462246C7
:2074C000234602F025FB002820D100242A4D03F02DFC02F026FB002809D000223046394636
:2074E000264B03F031FC06460F46641EEFE7234D03F01CFC02F027FB002807D003F016FC6F
:2075000003F01EFC06460F46641CF1E7029905A80091019006A832463B46FFF743FB0646D4
:20752000059F022F049D08D1641C304603F0B3FB3018401E002101700127297B2046039C5C
:20754000224602F09DFCAA6830463946234602F0FDFF304603F09FFB874203D128680007A3
:20756000C20F00E0012230463946234602F018F91FB0F0BD0000F0FF0000F03F00002440D8
:20758000F0B5E1B015460E4602463A480178491C0170090A6BD11C46709925916F992491C0
:2075A0006E9923916D9921916C991F916B991E916A99279169992691689922916799209117
:2075C000669F002101703046289202F0FFFD1D901C91284602F0FAFD1B901A91204602F097
:2075E000F5FD19901891384602F0F0FD179016913046214600F024FD02F0E8FD04460E4639
:207600002846394600F01CFD02F0E0FD1E9A10921F9A1192219A1292239A1392249A1492CA
:20762000259A1592209A0892229A09AB54C30C900D9126980E9027980F901D9800901C981C
:2076400001901B9802901A98039019980490189805901798069016980790074929AC204670
:20766000289A02F085FE0320214602F0DFFB61B0F0BDC046A03B202068B30000F0B585B0A9
:207680000246334803780020042B5FD1314D2B78002B5BD1304B1B68CB1A042B56D3C72390
:2076A000DB439A4200DC1A46C82A00DBC8222B4B1C88131B002C0CD026B214467443284C30
:2076C00008D4D7177A40D21BF7177E40F61BB24200D3244C22781CB29442144600DC1C464F
:2076E00023B25242934200DB224613042ED0009116B230B2C01331464140081A01A90124FD
:207700000C70FD274F700022002E234600DC13468B70CA701E230B7164234B718A71CA71B1
:20772000030A0B7248728A72CA726B2008730D22204600F007F92046084A118889191180BE
:207740002F700949009A0A6003490A6005B0F0BDA83B20209E3B20207C3B2020523B20201C
:20776000883D20208C3D2020883B2020F0B581B01C4600920E4607462D4D084610384142FA
:2077800041411020184002090A407042704110432849B52201F0E6FC78091F213940621EFF
:2077A000132A19D87A4412795200974410091214151515151515151515151515090B150EB3
:2077C0006D1C09E01C4A551C06E01B4D04E0002502E01B4D00E0194D1A4A43011A4FFB1855
:2077E0005B5C9B00194FDD51102E10D101238B408500174E7559174EAB51009E002E01D0DD
:20780000164601E016461036AF591F43AF51032C03D0042C02D001B0F0BD103201238B408C
:2078200080000B49085881581943815001B0F0BD8000040052B50000800004028100060018
:207840008100050090120000F8B3000004804240143D2020D0120000F0B585B00446411E59
:2078600088413549862201F07DFC20681F26420930400125294681409000304B1858304ADC
:207880008218106908431061676838463040009585400197780980001858294FC3592B43F7
:2078A000C351E36804930498451E0495002809D00498451E0495002804D00498451E04950D
:2078C0000028F0D110680843106003930398411E0391002809D00398411E0391002804D0DD
:2078E0000398411E03910028F0D10198C0B202F09DFF21680E40009DB540490989000F4ADB
:207900005158952252018B582B438B50E168029102994A1E0292002909D002994A1E02927C
:20792000002904D002994A1E02920029F0D1411E884105B0F0BDC046A1B40000143D202053
:207940009012000070B514460D460646491E284688413349592201F005FC002C38D0B000FC
:207960003049085830494618601E032102F00EFC481C0021032800D0014601D1204625E0B5
:207980000022204606E09D1C5B78B361801E921C8A421BD02B463568ED0705D03568ED076E
:2079A00002D03568ED07F6D11D78B561012515438D4209D03568ED07E5D03568ED07E2D043
:2079C0003568ED07F6D1DEE75D1C401E032C05D270BDCD1C8978B161C01EF9D029463268D4
:2079E000D20705D03268D20702D03268D207F6D10A78B2613268D20705D03268D20702D038
:207A00003268D207F6D14A78B2613268D207E0D03268D207DDD03268D207F6D1D9E7C04614
:207A20007DB5000000B7000008110000F0B583B0314F324D012466023148002101602A1F9C
:207A400010680F210191090288438019029210602846083801680322D3430B4003602868E9
:207A6000A043286028683840286010030A21224601F0FCFE234800F02DF901F049FA00289D
:207A800022D0029F3868102100910843202188433860286B01990903884309210903401870
:207AA00028631A4801F046FF3868210301433960686B009908436863286B304328630020CF
:207AC00002F09CFA03B0F0BD0F4F03E001F020FA0028D6D12868084908402860286821023F
:207AE0000143296038683042F0D138683042EDD138683042F6D0E9E7FFFEFFFF08010B401F
:207B000008030B40FCB5000004020B40B5B30000B0B505294ED8C0467944097949008F448B
:207B2000023A1D2B0F4F81002E4A51582E4A8B580124E402A3438B502D490A5CEF2336E096
:207B40008100284A5158284A8B580124A5021D438D5027490A5C22430A543EE08100214A88
:207B60005158214A8B580124E502AB438B508B58A402A3438B501EE081001A4A51581A4AFF
:207B80008B580124E4021C438C5019490A5C102313430B5421E08100124A5158124A8B5846
:207BA0000124A402A3438B5011490A5CFE2313400B5400D0B0BD0D49085602F047FEB0BD11
:207BC0008100084A5158084A8B580124E5021D438D508B58A4021C438C500449085602F04A
:207BE00069FFB0BD00B70000281000005CB900007C3D2020F0B5BBB0314D5027EA5B5220F7
:207C00002B5C642000902F4913A802F0B1FBE85B00284DD02C4E1736002430461738006858
:207C200012901220C043305E11901020C043305E10900E20C043305E0F900C20C043305EC2
:207C40000E900A20C043305E0D900820C043305E0C90701E00780B900620C043335E3178D5
:207C60002A460425ED43755F38460227FF43F75F0891099515460A970746119800901098C7
:207C800001900F9802900E9803900D9804900C9805900B980690079313A80C492246129B77
:207CA00002F066FB641CEA5B18369442B5D300E00022074913A802F05BFB3BB0F0BDC0460D
:207CC000403820206DB400000000202034B4000079B60000F0B584B03049314A0125AC03D2
:207CE00016682B0203939E4316600E68264205D10E68264202D10E682642F6D06C02467EB1
:207D00009769AF432E40BD1995612025455DD6690327BE433D407519D561224D2E68072772
:207D2000374005262E60466A33681362736853622F60C3695B065B0CD5697F263602B5432D
:207D4000EB18D361E8C8009707680197476802971B071B0B2D03ADB2ED1833071B0D007A9E
:207D6000009E35431D43019B1D43029B1D43054390690D4B03400D482840C01890611068BA
:207D8000039B184310600868204205D10868204202D108682042F6D004B0F0BD04020B40E3
:207DA00008010B40001340408D00F0FF72FF0F00F8B515460C462B4E0A0D771C3A402A4B74
:207DC0009A4213D0002A1AD10122D2079143014345D00022254B214602F0B6FF0C46244947
:207DE0008D4209DC234A244B214635E0214602462346FEF7D6F931E0220D3A40363A511907
:207E0000B1420ADD02F0A4FF222101600120C00704401D482418002021E0012904DB174AF7
:207E20001440090564181AE03522D24391420ADC02F08EFF2221016012488542E6DA012020
:207E4000C0070440E7E70D4A144009051B2252058918214300220A4B02F076FF0C46214660
:207E6000F8BDC046FE070000FF07000000005043AF3CFFFF59F3F8C21F6EA501FFFF0F80FA
:207E80000000903C51C300000000F07FF0B581B0334D344969600024AC60052129600028F0
:207EA00034D0012637040090401E032102F06EF9481C032800D00446009B184624D000213A
:207EC000184606E0801E2A6832432A60891CA1421AD02A683A4205D12A683A4202D12A6866
:207EE0003A42F6D02A6832432A600A463243A24209D02A683A42E5D12A683A42E2D12A6816
:207F00003A42F6D0DEE7401E032B07D201B0F0BDC01E2968314329600028F7D02968394230
:207F200005D12968394202D129683942F6D02968314329602968394205D12968394202D16B
:207F400029683942F6D029683143296029683942DED129683942DBD129683942F6D0D7E7BE
:207F600010E000E08038010070B5214A21485060214B5860214911601960214A5060214BD0
:207F8000586011601960204A5060204B5860204C6060204D6860204E7060116019602160F8
:207FA000296031601D4A50601D4B58601D4C60601D4D686011601960216029601B4A50600C
:207FC0001B4B5860116019601A4A50601A4B586011601960801E194A5060116002F0E5FC89
:207FE00001F059FA01F0C1FD01F0D2F970BDC04600080A40030000B100280A400100002600
:208000000008864000288640004808400088864000A8864000080940000887400088104060
:208020000008104000281040000850400088464000A84640000800400028004000080340A1
:20804000FCB40127FF07794002E0FCB40127FF070C024D002D0E03D1002C52D1FCBC7047A1
:208060003C43FF2D50D0A408002900D56442020243001B0E04D1002A43D10800FCBC7047EB
:208080003A43FF2B41D09208002800D552425E1B04D5170022003C0076422B00192E06D531
:2080A00027003741D2191C27F71B7F42BC40002A27D002D55242012700E00027013B5200DB
:2080C000FCD51500802635400FD01500202635402C43803208D21500402635402C4304D1C1
:2080E00001263602B24300E05B1C5200023308DDFF2B0BD2500ADB051843FF073843FCBC94
:2081000070470020FCBC70470800C70FFF07FF20C0053843FCBC7047F0B581B02A4A1060AD
:208120002A4801602A48012404702A480025057029480570294805702948047029480570BE
:208140002D2704230093384629462246FFF70EFB254E358135607560384602F067FB3070B8
:2081600074703727384629462246009BFFF7FEFA75823582F581B5817581384602F056FBCE
:20818000B072F4723A27384629462246009BFFF7EDFAB5837561B561384602F047FB3075AE
:2081A00074753B27384629462246009BFFF7DEFAF584B58475843584F583384602F036FB39
:2081C000B077F47701B0F0BD583B2020903B20209C3B2020A73B2020A63B2020983B202064
:2081E000A13B20209F3B2020C03A2020F0B585B014460D460646411E8841304FFA223946FA
:2082000000F0B0FF691E28468841FB22394600F0A9FF304600F058FA307A4006010E3046A0
:20822000FDF720FE002C43D0671E0321384601F0ADFF481C00210391032800D0039003D1AE
:208240002746032C23D233E0019702940398471E04960026AC19A95D0498FDF703FEB74237
:208260000ED061780498FDF7FDFDB61C0398B042F0D1029CA71BAD19049E032C07D217E0D6
:208280000198871B651C049E029C032C10D329783046FDF7E7FD69783046FDF7E3FDFF1E99
:2082A000EC1CA9783046FDF7DDFD002F2546EED1304600F06DFA05B0F0BDC046A1B400006E
:2082C000F0B589B0129D0024002D5DD0139E112E5AD3119C109F04970F9E00960E9E0896F2
:2082E000AA262E7055266E700226AE70E8700A2601962E716971AA71EB7102931346089AD2
:2083000096B22A72320A03926A72009AAA72EF722C73260A05966E73260C0696AE73260E47
:208320000796EE731A4EB7784740F8B2305C019F7840305C4840C0B2305C5840C0B2305CEB
:2083400002994840C0B2305C08994840C0B2305C03994840C0B2305C5040C0B2305C049988
:208360004840C0B2305C6040C0B2305C05994840C0B2305C06994840C0B2305C0799484068
:20838000C0B2305C28741124204609B0F0BDC046C0B00000F0B581B004462B4F38602B4827
:2083A00004602B48002101602A49204601F002FC002820D0284D274E20462946FFF745FE8C
:2083C0000446314601F0F6FB002813D020462946FFF73BFE0446314601F0ECFB002809D051
:2083E00020462946FFF731FE0446314601F0E2FB0028E1D13C601949204601F0C0FB0028E2
:2084000020D0174D154E20462946FFF71EFE0446314601F0B4FB002813D020462946FFF787
:2084200014FE0446314601F0AAFB002809D020462946FFF70AFE0446314601F0A0FB00288A
:20844000E1D13C6001B0F0BD803D2020843D2020543D2020000034430000B4C3000034C3BC
:208460000000B443F0B581B0002949D00C4605462449C868E0608868A060486860600868A3
:2084800020602046103000276776A776E7761E49052202F061FC1D48007860751C480078CD
:2084A000A0751C4800781C4909686B1AFE430028194600D13146E16218490A781849096868
:2084C000691A002A0D4600D135462563332B01D33B4600E001231840E075012A05D11E291C
:2084E00003D8084880780127074027760D4800680D4909680D4A12680D4B1B681C340FC4FA
:2085000001B0F0BD2C3B20204C3B20209B3B20209A3B20209D3B2020783B2020193B2020C5
:20852000743B2020843B20205C3B2020703B2020803B2020F0B583B005462F48466F2846D3
:208540003146FFF782FD04460027394601F017FB019030462946FFF773FD064602973946FC
:2085600001F028FB002800D106460198002800D1344621484467846F28462146FFF765FD62
:208580000646029F394601F0FAFA019020462946FFF756FD0446394601F00CFB002800D121
:2085A00004460198002800D12646134886670646902030580125EC07A043104901F0E8FA7F
:2085C000002807D0AC203058A0430C4901F0E0FA002805D17C2000253554284603B0F0BD2F
:2085E0007C21705CFF28F8D0421C7254082801D8029DF2E70125F0E7403820200000A040E9
:20860000F0B581B00D4604462B49284601F0D2FA00281FD0294E284F28463146FFF715FD56
:208620000546394601F0C6FA002813D028463146FFF70BFD0546394601F0BCFA002809D05F
:2086400028463146FFF701FD0546394601F0B2FA0028E1D11A49284601F091FA00281FD09C
:20866000184E174F28463146FFF7EFFC0546394601F085FA002813D028463146FFF7E5FC67
:208680000546394601F07BFA002809D028463146FFF7DBFC0546394601F071FA0028E1D1F7
:2086A0002168284601F062FA002802D10020A060E060256001B0F0BD000034430000B4C34A
:2086C000000034C30000B443F0B585B00446411E88412C49412200F045FD21681F224D0936
:2086E0001140012318468840A900274D6F58274EB9190191B9590143B95161680A409340DC
:208700004909890069588D198A591A438A51E268049204994C1E0494002909D004994C1E74
:208720000494002904D004994C1E04940029F0D1296919432961039203994B1E039300294A
:2087400009D003994B1E0393002904D003994B1E03930029F0D1019B1969014319610292B3
:208760000298411E0291002809D00298411E0291002804D00298411E02910028F0D105B0BA
:20878000F0BDC046A1B40000143D202090120000F0B583B00446411E88412B49552200F079
:2087A000E1FC61681F224D091140012318468840A900264D6958264E89190F6907430F61BC
:2087C00027683A4093407A099200AA5895192A691A432A61E2680292029C661E0296002CB9
:2087E00009D0029C661E0296002C04D0029C661E0296002CF0D12C681C432C600192019B91
:208800005C1E0194002B09D0019B5C1E0194002B04D0019B5C1E0194002BF0D10B6803434B
:208820000B6000920098411E0091002809D00098411E0091002804D00098411E009100287E
:20884000F0D103B0F0BDC046A1B40000143D202090120000F0B581B00D4604462849085C21
:20886000002803D0411E4842484101E0012008552449B22200F076FCA00023490E580320F4
:20888000C0023018214FF119009101210B03F318F2590A43F251202242601D4A8260022D51
:2088A0000CD0012D15D12725022C2E4600D04F26052C00D0354600260F4613E06325022CF5
:2088C0002E4600D0C726052C00D035460227072608E0621F551EAA41A61E751EAE41164032
:2088E00000252F460B4A1E60009E7560175508229A6042688A4342600021016001B0F0BD0F
:208900002C3D2020D0B4000044B6000008110000FFFF0000333D2020B0B51D480024047007
:208920001C4804701C4804601C4804601C4804601C4804601C4804601C4804601C480470D7
:208940001C4804701C4804701C4804701C4804701C48046044608460C4601B4804704470B8
:208960008470C4700471194802F09CF9184A531CE120410202252846FEF782FC1549284689
:20898000224601F073FF04212846FFF7C1F8B0BDA43B2020A23B2020843B2020743B202033
:2089A000783B2020803B2020703B20205C3B2020A93B20209A3B20209B3B2020193B202024
:2089C0009D3B20202C3B20204C3B2020E83A202017200200D19C0000F0B583B00091044656
:2089E000411E884127496A2200F0BCFB22681F26530932400120014691409A00224DAA58CB
:208A0000224FD3191A690A431A6162681640B04052099600AA59009D002D00D11037D5599A
:208A20000543D551E4680294029A551E0295002A09D0029A551E0295002A04D0029A551E8A
:208A40000295002AF0D11A680A431A600194019A541E0194002A09D0019A541E0194002A45
:208A600004D0019A541E0194002AF0D11A690A431A6105498959054A8B5803438B5003B014
:208A8000F0BDC046A1B40000143D202090120000F0B581B015460446C8174140081A01F0AD
:208AA00015FE0646E8174540281A01F00FFE05461F4F3046394600F0E1FB064628463946E0
:208AC00000F0DCFB074665681A49304600F0D6FB2946FFF7BAFA6060A5683846154900F069
:208AE000CDFB2946FFF7B1FAA06030463946FFF7ACFA3F21090600F0C1FB25680D4900F01F
:208B0000BDFB2946FFF7A1FA05462060E6680A49304601F04FF8002807D02846314601F0AE
:208B200040F8002801D00120207401B0F0BDC0460B01A33DCDCCCC3D0AD7233CF0B583B045
:208B40001F461646019104464009009000210122042320460292FEF709FE1F252540A900EC
:208B6000194A5750002E00D1184E194A565000988100184A5158184A8B18184A8A18184CEC
:208B800009196C000F2D08D81E680327A740BE430198A0403043186009E01E691E273C40FE
:208BA0000327A740BE430198A0403043186102980346AB4014681C4314600A681A430A60E8
:208BC00001F078FF03B0F0BD2C3C20200F8F0000AC3B2020143D20209013000048100000D4
:208BE00028100000F0B581B0054620480091814201D3002000E001201D49362200F0B2FA11
:208C0000A80B3C2101401B4844581C482658304601F05CFD0746009801F058FD184900F0E6
:208C2000F9FB394600F02AFB01F05EFC2A0D0F211140864200D1701C0F4B012903D88A009B
:208C4000A218114D03E0D207520FA2180D4D5051E01801228A400099002902D00168914374
:208C600001E001681143016001B0F0BD11270000A8B5000044B600000411000008180000D3
:208C800000401C461818000010180000F0B585B00146224D2A78531F0120C443A34202D255
:208CA000002005B0F0BD032A35D01D4A1288002A31D000911B480026067010B2C013114658
:208CC0004140081A01A901240C70FD274F70E3039A42224600D832468A70CE701E220A7156
:208CE00064224A718E71CE71020A0A7248728E72CE726B2008730D222046FEF723FE20465C
:208D000007490E8007490F700749009A0A6007490A600321297005B0F0BDC046A83B202050
:208D2000523B20209E3B2020883B20207C3B2020F0B58B4200D1824204D90B000200002141
:208D4000002040E0002B00D1002A0CD10B00020000210020002B00D1002A01D0C943C0437C
:208D600000F037F82FE01C0015000B0002000CB4002126002F00FF19764102D2491C4029E0
:208D8000F9D100201E001700FF19764102D2401C4028F9D10E1A21002800320001F086FD6C
:208DA0000C0005000CBC00200021A34200D1AA4201D3521BA341404149416D08E7073D43E4
:208DC0006408761EF1D5059F002F01D03A607B60F0BD7047F0B585B00024002843D0CD1F2B
:208DE000EDB26D087D2D3ED3062904D1062101711F49018037E041708C1EE4B20026042CC0
:208E000001D3354602E0E400184DE5400F4604920A9C8570C178491CCAB20121012A00D8EE
:208E20000A46C270C38386808671067206770170C4600646203001F019FF032F02D32046D1
:208E400000F07AFC7178F2781E20335E0A25654300270498009001970295302001F034F9C3
:208E6000B46101243477204605B0F0BD0100020106060000002A49D084468B071CD183071F
:208E800022D1102A08D370B4103A78C978C0103AFBD270BC103238D0042A2CD3082A05D31F
:208EA0000C2A01D308C908C008C908C008C908C092072AD0920F22E00B780370491C401CF0
:208EC000521E22D08B07F7D1C30714D18307D8D0121F12D308C903801B0C4380001D121F53
:208EE000F8D20AE008C903701B0A43701B0A83701B0AC370001D121FF4D2121D05D00B7897
:208F00000370491C401C521EF9D1604670477047F0B583B0204F214A0124650626051068EA
:208F20001F21090688431060A2040020314601F0CDFC18481A4901603868284205D138680C
:208F4000284202D138682842F6D0144880690290620400200190314601F0B8FC0D4810494C
:208F600001603868284205D13868284202D138682842F6D0094881697D20C000029A50433C
:208F800001F004F9074940180B2800D3019C204603B0F0BD2C030B4004020B4038010B4083
:208FA0000100000E35F8FFFFF0B583B033200290102500241126294622463346FEF7D6FB14
:208FC00031273846294622463346FEF7CFFB2846294622463346FEF7C9FB382001902946DD
:208FE00022463346FEF7C2FB1248134E31462246FDF78AFC114831462246FDF785FC029883
:20900000214601F013FB3846214601F00FFB09482146FFF7E7FD2846214601F007FB019817
:20902000214601F003FB05482146FFF7DBFD03B0F0BDC0460C400200204E00000D501200C7
:20904000F0B581B01E4F1F4C19200090032529463A462346FFF772FDA31C0E2630462946DC
:209060003A46FFF76BFD231D1A2738462946144AFFF764FDA31D1B2420462946104AFFF7CB
:209080005DFD009801F0D2FB4500304601F0CEFB28430D4D2870384601F0C8FB4600204670
:2090A00001F0C4FB30436870084800210160084A1160516041609160D16001B0F0BDC04648
:2090C000559A00001C3D20203A3D2020243D2020043D2020B0B51548002404701448047005
:2090E000144804601448047014480470144804601448046014480480144804701448047010
:209100001448046014480460144A531CE120410201252846FEF7B4F811492846224601F068
:20912000A5FB04212846FEF7F3FCB0BDA53B2020A33B20208C3B2020A83B20209E3B20202A
:209140007C3B2020883B2020523B2020513B2020993B20206C3B2020543B2020262001006B
:20916000299D0000F0B583B00092002801D003B0F0BD1C4800780028F9D00D461A4801786B
:20918000012900D1FEE701210E040C02017001F09DFC002715482946009A3B46FBF7BEFAFA
:2091A00002970197029702E00298401C02900298A042EFD201970198B042F5D200BF0198FC
:2091C000401C01900198B042EED200BF0198401C01900198B042E7D200BF0198401C019089
:2091E000E9E7C046913D20208A3D202033B8000040B542004B005E08164301D006004E40F3
:2092000000D4D01A04D20120C90F06D1404204E003D90120C90F00D04042FF263606B24208
:2092200000D8B34200D9012040BD40B542004B005E08164301D006004E4000D4D01A04D230
:209240000120C90F06D1404204E003D90120C90F00D04042FF263606B24200D8B34201D9B5
:209260000120404240BD42004B000020FF2109068A4200D88B4200D901207047FCB4012778
:20928000FF0706004E4001D4002600E03E00020243001B0E30D03A43FF2B30D00C024D00A9
:2092A0002D0E29D03C43FF2D29D05B194240504042404C4061404C4000B501F01FF820BC7C
:2092C000AE464240504042404C4061404C4025001400002C01D46400013B803401D30133B7
:2092E00064087E3B08DDFF2B09D2BC43200ADB0518433043FCBC70470020FCBC7047FF206B
:20930000C0053043FCBC704770B51E461546044608461038424242411020184003091340F4
:209320004842484118431349E722FFF71BFF12482843711E132916D87944097949008F4471
:209340000D120F0B12121212121212121212121212091209094804E0094802E0002002E05C
:209360000848054328460849095D8900074A885070BDC04652B5000080000400800004023A
:209380008000060080000500F8B3000004804240F0B581B019490124B52620463246FFF705
:2093A000E1FE17491748086017480068174FC45195214D0141592143415120460F4932469B
:2093C000FFF7D0FE0F480E4948600F4800680221C15142590A434251204608493246FFF7DF
:2093E000C1FE0B480749016007480068A103C15142590A43425101B0F0BDC04652B5000057
:209400000480424081000400143D2020D012000090804240FCB40127FF0706004E40F60F45
:20942000F607020243001B0E2DD03A43FF2B2DD00C024D002D0E26D03C43FF2D26D05B1B7B
:209440000020202164085208A2424041A24200D3121B013904D0002A01D05200F4D18840B4
:20946000384201D14000013B803001D3013300E040007F3307DDFF2B08D2400ADB0518432D
:209480003043FCBC70470020FCBC7047FF20C0053043FCBC70477047F8B5451C0078002335
:2094A000082B32D02F78C2070CD16A780F241440E41C122C0BD102242E57F4B2002E08D44C
:2094C000EE1C0EE06D1C4A1C0F7011461AE0AE1C08E02E1DED7800957F252C40009DED0143
:2094E0002C1912343D0112095219094DAA420ED0D243002C05D08D5C4F1C0D70641E394615
:20950000F7E7354640085B1CCAE72846C5E7F8BDFF0F0000FEB502930F46194D0024E1435A
:20952000184E00973740019043422B46BB4101D20C4623E0084602990E405342B54101D277
:2095400004461BE0134601990B433E431E43029D009E13D02B46334004D401998B1A33460F
:20956000AB4103E00199531A2B46B341044605DB51406E400E43701E864134462046FEBD06
:209580000000F07FFFFFFF7FF0B583B004460020002C2ED02378022B2BD1E26022610320C8
:2095A00020700023A3716078C01EC0B20D46032802D2C000104BC34020462030D9B21646AF
:2095C00001F00AF8607830210328084600D0182001F05CF96178E2781E20235E0A207043D9
:2095E0000127009501970290312000F06DFD3846A66103B0F0BDC04601020200F0B581B013
:209600001E4614460D4616498B421F4600DC0F4614498F4200DB0F46012E07DB012101F0F5
:2096200005F80021284601F001F812E000940024214600F0FBFF002E05D42846214600F0ED
:20964000F5FF274604E00121284600F0EFFF7F42009CB9B22046FFF7C5FA01B0F0BDC04610
:20966000F0D8FFFF10270000F8B50446164F174D0E462E400120009464423C46B4411AD3AC
:209680001D405442AF4116D31046009C20433543054311D00020C0431C460C400ED4009CB9
:2096A000A41A0C469C4106DB0098504059400143481E81410846F8BD0020F8BD009C141B0C
:2096C0001C468C41F0DAF6E70000F07FFFFFFF7FB0B52E2000240325214622462B46FEF795
:2096E00045F82120214622462B46FEF73FF82020214622462B46FEF739F81E2021462246CD
:209700002B46FEF733F83620214622462B46FEF72DF83520214622462B46FEF727F832200D
:20972000214622462B46FEF721F83920214622462B46FEF71BF8B0BDF0B583B00446124E4B
:209740003078401E04281CD3104900200870104908801049087001A901250D70F3274F701F
:20976000AB228A70CD7008716B20487106222846FEF7E8F805480770074804600748046093
:20978000357003B0F0BDC046A83B20209E3B2020523B2020513B2020883B20207C3B2020EF
:2097A000F8B51C4617460E46054601F074FA0021012E03DB864201DCA919491E002F04D040
:2097C0002268531E23602E2313703246824206DD23685F1E276030271F70521EF6E7B04264
:2097E00000DB3046012808DBA9420BD308782268531E23601070491EF6E72068411E216019
:2098000030210170F8BD002200282DD000292BD00378022B28D14378102B25D183780E2BA5
:2098200022D102790A7042794A7082798A70C279037A1B029A188A80427A837A1B029A18BD
:20984000CA80C27A0A72027B437B1B029A184A81827BC37B1B029A18037C1B04D218407CE3
:2098600000061018C860012210467047F0B5164B1D46083D2E680124A6432E601E680327D2
:209880003F03BE433840301818601868FF26B043C9B2401818602868204328601D68002A40
:2098A0000ED00A482102220715431D6002680A4205D102680A4202D102680A42F6D0F0BD19
:2098C000200785431D60F0BD10010B4004020B408446830706D0002A29D001700130013A98
:2098E0008307F8D1042A1CD30906090E0B0219430B041943082A10D30B00102A09D370B4A4
:209900000F24161B22400C000D003AC0103EFCD870BC082A01D30AC0083A042A01D302C04A
:20992000043A002A03D0013A8154013AFCD2604670477047F0B5154C154B0125AD02067806
:20994000360287781968FF220432914303223A40B2180D4E0A431A600A4A326021682942BF
:2099600005D12168294202D121682942F6D04078002803D01868102101431960501C306073
:20998000F0BDC0460100009114030B4004020B4014010B40F0B583B01D46029201910746C1
:2099A000089C411E88411149114E3246FFF7DAFB281B411E8841721C0C49FFF7D3FB3D6030
:2099C0007C60019838720298F860102601271123284631463A46FDF7C9FE122320463146B2
:2099E0003A46FDF7C3FE03B0F0BDC046A1B40000DE02000010B502460020002A29D000291E
:209A000027D01378022B24D19378022B21D35378453B0424E443A3421BD300200871C87038
:209A2000887048700870107908705079487093780120032B0DD393798B709378042B01D32D
:209A4000D479CC70032B04D35378442B01D192790A7110BD70B50D78E800124A1018497842
:209A600089004258521C42501B210E241A221920002D00D0104600D00C4600F0D7FE460060
:209A8000204600F0D3FE304307494A5D92000243D2B2064B9A56AB00054CE658B218E25063
:209AA000485570BD043D20203A3D2020F0B60000243D202070B514460F4D0B462B400022A4
:209AC00022600E4EB34215D81E46064312D01E0D07D100220A4B01F037F90D403522D243E3
:209AE0002B461B0D9A18074BD2182260064A0A400649511870BDC046FFFFFF7FFFFFEF7FF0
:209B00000000504302FCFFFFFFFF0F800000E03F10B5FFF7A9FD002801D0002010BD0120A2
:209B200010BD10B5FFF7A0FD002801DB002010BD012010BD10B5FFF797FD002801DD0020AC
:209B400010BD012010BD10B5FFF7E4FC002801DA002010BD012010BD10B5FFF7DBFC002817
:209B600001DC002010BD012010BD704710B5FFF73FFB002801D0002010BD012010BD10B5E8
:209B8000FFF736FB002801DB002010BD012010BD10B5FFF72DFB002801DD002010BD0120C8
:209BA00010BD10B5FFF741FB002801DA002010BD012010BD10B5FFF738FB002801DC0020F0
:209BC00010BD012010BD704710B511490A68114881235C011359002B01D0101804E0496803
:209BE0000B59002B13D00818FF33D9B20F2902D80268480002E002691807C00EC2400320F3
:209C000010408900044A5258044B5958904710BD143D202090130000AC3B20202C3C2020CC
:209C2000F0B587B00191064602AD0020E874123537460A243846214600F0A2F84443391B03
:209C4000CA175140891A3031297009376D1E122F0746EED8002E01D46D1C01E02D20287084
:209C600002A8441B224614320198294601F074F81334204607B0F0BDF0B5FFB086B01C46CB
:209C800015460246A868002801D50620A8602368039304AB0090019305A80B46FCF782FF7F
:209CA0000646049FAA683946234600F04FFC20680399814201D0012202E028680007C20F5B
:209CC000304639462346FFF76BFD7FB006B0F0BDF0B581B00220694600F0B6FA002819D0DE
:209CE0000D4C0E4D0F4E0E4F08E03068401C30600220694600F0A8FA00280BD02078411C2F
:209D00007F20084029788842EFD000992278B9542070EDE701B0F0BDA23B2020A43B2020F4
:209D2000003A2020803B2020F0B581B00120694600F08AFA002819D00D4C0E4D0F4E0E4F15
:209D400008E03068401C30600120694600F07CFA00280BD02078411C3F2008402978884257
:209D6000EFD000992278B9542070EDE701B0F0BDA33B2020A53B2020803A20208C3B2020E3
:209D80001CB5002922D04C08002900D5494242105440002800D5404200230A00904201D9BC
:209DA0005200FBE790425B41904200D3801A914201D25208F6E71900002C00D540426400E5
:209DC00000D549420200080011001CBD01000020FCF7ABFA1CBD000070B500214181017321
:209DE0000183016041600172C1810182418281828175C16101628184074A084B084C094D11
:209E0000094E056546658262C1620163416381633C303EC070BDC046000020430000E642BB
:209E20000000B842CDCC4C3E00009642B0B50C460546491E204688410E496C22FFF792F92F
:209E40002078002815D0A9000B4A51580B4A891804E0541C8861507800280AD022460B68DE
:209E6000DB07F6D00B68DB07F3D00B68DB07F6D1EFE7B0BD7DB5000000B7000008110000C1
:209E80007CB515460C460646C01731464140081A009200210A226423F8F75AF83046093051
:209EA000122808D8DF202040502804D02868411E296030210170002E01D42B2000E02D2028
:209EC00029684A1E2A6008702868411E296004707CBDF0B583B0002820D015460E46044679
:209EE00000F0EEFE6178E2781E23E35E0A276F43009001960297322000F0E6F8A5612046A2
:209F0000203000F0B3FE2846FEF7C0FE002801D100F04AFA656100202080A07003B0F0BD0B
:209F20000CB54A00520D03231B02FF33D21A13D31F239A1A12D98E46C9020123DB0719438E
:209F4000D1400B2A02D21532D04001437346002B00D5494208000CBD00200CBD0B00012022
:209F6000C007002B00D401380CBD000070B511221302C218C4580125AC43C4500C888D78F4
:209F800025438C882C43C558084E2E40084D25407419C4508879CB790343087A1843516879
:209FA0007E23994318400818506070BDE798FDFF1867000081B0B0B587B00C460B93059281
:209FC000491E22468A41A11A03910025049502900BA9069107480090074B05A802AAF7F785
:209FE000CBFA002C01D002990D7007B0B0BC02BC01B00847B5A400006DAA000010B50E491A
:20A000000E4A01235C0590600868204205D10868204202D108682042F6D010681B040343B1
:20A0200013600868C00605D40868C00602D40868C006F6D510BDC04604020B4004010B401D
:20A0400010B50F4A017853185B78401CDB06F9D42D2901D02B2901D1027801E0401E0A46CB
:20A06000431C0020303A092A05D80A24444310191A785B1CF6E72D2900D1404210BDC046A7
:20A08000B0AF000070B515460E460446411E88410C49FF223A32FFF765F82046FEF714FB7C
:20A0A000207A4006010E2046FBF7DCFE20463146FBF7D8FE20462946FBF7D4FE2046FEF7E6
:20A0C00067FB70BDA1B40000F0B58FB007920691024614AFE0CF0C4801784C1C04701B20EA
:20A0E000059008A8049000A8E8C01046069A079BFEF7E6F8002804D00246022008A9FDF7C1
:20A1000021FC0FB0F0BDC046A93B202010B50C4C2068C0B20B2808D00C280ED1094802689C
:20A12000094801680220904707E006480268064801680120904700F069FB2069A06210BD72
:20A1400020901040E43C2020F43C202010B533200024214600F06AFA3120214600F066FA30
:20A1600008482146FEF73EFD1020214600F05EFA3820214600F05AFA03482146FEF732FD40
:20A1800010BDC0460C4002000D5012001CB50A0017D000230124E407A04200D204009442AC
:20A1A00001D95200FBE790425B41904200D3801A914201D25208F6E71900020008001100D3
:20A1C0001CBD01000020FCF7B0F81CBD08B443001B0E0FD0FF2B11D00721C9015B18C10FCA
:20A1E000C9020B43010048074902090B1B05194308BC70470021002008BC704701004002A1
:20A20000C90DC900C91D090508BC7047F0B5B9B01C461346089105463EAFC3CF429A009395
:20A22000019402ABC3C30692064909AE30462A46089B00F09DF803203146FFF7F7FD39B03D
:20A24000F0BDC046FCB40000B0B50C460546491E2046884108499E22FEF784FFA800074982
:20A26000085807494258520704D44018C06920700120B0BD0020B0BD7DB5000000B700004E
:20A280000811000070B50A480A4C84420CD00A4D0A4EB54208D02A686968501C12789200CD
:20A2A000A25890470835F4E700BF00BF70BDC046BCB90000B0B90000C4B90000D4B900001C
:20A2C00006B49E22002802D404D106BC7047414204D400E00100013A4900FCD5803101D3A2
:20A2E000013200E04900490AD2051143002802D50122D2071143080006BC7047FCB4020CF6
:20A300000B0CFF242402FF34204021400C00444315005D4306005E430F005743320C3B0CCC
:20A32000A818C01832043B040025A1186841C9186841FCBC7047000080B508480849416019
:20A34000084A5160891E084B59600849016011601960102000F0D8FC80BDC04600080A4022
:20A36000030000B100280A40000803400100002682B0F8B5069207930291019006A90391CD
:20A3800007480090074B02A801AAF7F7F5F8019900220A7004B080BC02BC02B00847C04671
:20A3A00085AA000037AD000080B582B069466B2008710748009001200522FDF7C3FA05484B
:20A3C00000210170044801700448018002B080BD01FE98009E3B2020A83B2020523B2020D2
:20A3E00006B54100090E7F390DD41F22511A0CD9864600020122D2071043C8407246002A19
:20A4000000D5404206BD002006BD02000120C007002A00D4401E06BD10B5094C2068C0B222
:20A420000C2803D00B2807D1012000E0022005494A680549496890472069A06210BDC046B3
:20A4400020101040E43C2020F43C202010B5094C2068C0B20C2803D00B2807D1012000E085
:20A46000022005498A680549896890472069A06210BDC04620301040E43C2020F43C202096
:20A4800010B5094C2068C0B20C2803D00B2807D1012000E002200549CA680549C96890479D
:20A4A0002069A06210BDC04620105040E43C2020F43C202070B514460D4601466A68A868B3
:20A4C00082420CD9101A8442264600D306462868324600F041FC286880192860A868001949
:20A4E000A860204670BD000006B5002803D57346FFF776FF06BD4100090E7F3908D31F22F3
:20A50000511A07D300020122D2071043C84006BD002006BD0020401E06BD000070B5094C3C
:20A5200021402340002501244042074E30468841204600D3284651429E4100D32C46204336
:20A5400070BDC046FFFFFF7F0000F07FF8B51C4615460646571800F09EFB711E012D0CDB8B
:20A560003022012F02DB874200DCCA5D23685E1E26601A707F1E6D1EF0E7F8BD41091F225A
:20A5800002408800074908582521C901435801219140054A0B4200D0103283580B438350F9
:20A5A0007047C046143D20209012000004B40422002802D1002104BC704701D508324042A8
:20A5C00012021F320100521E4900FCD30805090B1205114304BC704770B5002810D0154602
:20A5E0000C462421064600F0DAF934707560B560601E21468141E01E421E90410840707029
:20A6000070BD000005480121017005480022027004480270044801707047C0469C3B2020FD
:20A62000A73B20209F3B2020A13B202042091F230340012098409200044B9A58044B0029AE
:20A6400000D11033D1580143D1507047143D20209012000080B50B46002805D01020382162
:20A66000044AFEF7CBFF80BD33203121024AFEF7C5FF80BD0D5012000C400200B0B5014640
:20A680001B220E241A231920002900D0184600D0144600F0CBF84500204600F0C7F82843DC
:20A6A000C0B2B0BD084880F3088800BF00BF00F05EFB002801D0FFF7E5FD002000F012FAB4
:20A6C000012000F04DFBC0460080202002B49E21002805D401D102BC704701394000FCD553
:20A6E000803001D3013100E04000400AC905084302BC7047054800218160C160016041603A
:20A7000003480449016001680160704720804240A080424081000D0010B598B00B460246C7
:20A7200005496C462046FFF723FE03202146FFF77DFB18B010BDC046BCB60000002801D19D
:20A740000021704704B4042212021F320100521E4900FCD30805090B1205114304BC704752
:20A7600030B514004C4325001C0044436419050010002900FFF7C2FD001904000D002100CE
:20A78000280030BDB0B51122120283180C784D7825434C882C43A4B284508888C9880904D1
:20A7A00008189860B0BDB0B504460020002B08D0D2B20D782570954204D0641C491C5B1E9B
:20A7C000F7D1B0BD601CB0BD014600200A5C002A08D00A185378002B05D09278C01C002A8F
:20A7E000F4D1401E7047401C70470000401EC0B2072804D8800004490858406870470148BC
:20A800007047C0463EB9000024B6000010B5054C00202146FFF718FD034801222146F8F73E
:20A820005BFC10BD8B3D2020033B202041098900054A51582722D20189581F220240D14012
:20A84000012008407047C046143D2020002809D41F2108400121814003480160BFF34F8F95
:20A86000BFF36F8F7047C04680E100E08000044B1A50002900D10349034A11507047C04640
:20A88000F43C2020C79B0000E43C2020012800D80120044A1070002900D00846024908708C
:20A8A0007047C0468C3D2020883D202018B520239B1A04D8010000205B42994004E00400AD
:20A8C0009140DC402143904018BD00000843104304490A683F231B049A43184010180860DF
:20A8E0007047C04638010B400548042101604F21416000218160016805220A43026070473B
:20A9000010E000E0034800210170034801700348017070479C3B2020A73B2020A13B202006
:20A92000800004490858044942580123134343507047C04644B6000008110000054A135C68
:20A94000002B03D0591A484248417047115401207047C0462C3D2020800004490858044956
:20A9600042580123134343507047C04644B600000418000070B50D460446002608463146B0
:20A98000FFF7FDF8002800D12E46A66170BD00000B4611461A4680B5FEF79AFF80BD0A46D3
:20A9A000002180B5FEF794FF80BD80B5FFF7C4FCFFF7A0FEFDF73AF800F0CEF8FFF794FF98
:20A9C00080BD000080B503480268034801680020904780BDAC3C2020C83C202080B503487C
:20A9E0004268034841680020904780BDAC3C2020C83C202080B5034882680348816800205B
:20AA0000904780BDAC3C2020C83C202080B503488269034881690020904780BDAC3C2020BA
:20AA2000C83C202080B50348C2680348C1680020904780BDAC3C2020C83C202080B5034894
:20AA40000269034801690020904780BDAC3C2020C83C202080B503484269034841690020F6
:20AA6000904780BDAC3C2020C83C20204B688A689A4204D20A68531C0B6010708A68521CD3
:20AA80008A607047B0B514460D460146286800F063F92868001928602046B0BD10B50028EF
:20AAA00007D0044620344421FFF779FF204600F0D6F810BD002805D41F21084001218140F1
:20AAC000014801607047C04600E100E004490868002801D172B60868401C08607047C0467E
:20AAE000503D202080B50448FDF73EFAF9F764FFF5F7E6FA002080BD00B4C4040348007821
:20AB00000349097801400120084070478E3D20208D3D20200021044A016041608160C1607F
:20AB2000016141618261704700007A4401460020002905D00A78042A02D18878411E8841A9
:20AB4000704710B5002806D0002904D040301CC91CC01CC91CC010BD80B502490248FFF7FF
:20AB600011FE80BDA8AF000000000340032800D902201C214143014840187047F8B2000006
:20AB800040B584B002AE0096FEF7D2F8029A039B04B040BD10B50122120383180C789C6084
:20ABA0004978815010BD002804D041780B3948424841704700207047002804D041780A39A4
:20ABC00048424841704700207047002805D041614178022901D105210170704702789142E4
:20ABE00004D0002A01D0401CF8E70020704780B50B4603214258C11D184600F0ADF880BD22
:20AC000000214258091D002AFBD1081F80107047C000024A1018890040587047043D202062
:20AC200002480078411F484248417047A83B202002480078011F484248417047A83B202036
:20AC400080B50A46032141581046FFF7A8FE80BD0021016041608160C1600161704780B510
:20AC6000002802D02421FFF79AFE80BD002803D00021018001628183704700210174016018
:20AC800041608160C160704700210174016041608160C16070470021425C491C002AFBD1EF
:20ACA000481E704780B5002802D01B21FFF777FE80BD002141608160C16001617047000087
:20ACC000014800787047C046893D2020014800787047C0469C3B2020014800687047C046ED
:20ACE000803D2020014800687047C046403D2020014800687047C046843D202080000149F3
:20AD000008587047243D2020811E091F00BFFCD2704702460B4620462946FFE782B0009456
:20AD2000014C019410BD00BF996100000022304639462B4670470A68531C0B6010707047E9
:20AD400080B5F9F77DFB80BD80B5FAF71DFD80BD004870473C3D202080B5FEF78BF880BDFA
:18AD600000F001F8FEE700BF70479BE47047012070470068704700006A
:20AD80000000000000000000002F000000000700070000147F147F1400242A7F2A120062D1
:20ADA0006408132300364955225000000503000000001C224100000041221C000014083E4B
:20ADC00008140008083E0808000000A0600000080808080800006060000040201008040293
:20ADE000003E5149453E0000427F4000004261514946002141454B31001814127F1000275D
:20AE000045454539003C4A49493000017109050300364949493600064949291E00003636CD
:20AE20000000000056360000000814224100001414141414000041221408000201510906C1
:20AE400000324959513E007C1211127C007F49494936003E41414122007F4141221C007FF1
:20AE600049494941007F09090901003E4149497A007F0808087F0000417F410000204041D8
:20AE80003F01007F08142241007F40404040007F020C027F007F0408107F003E4141413E8E
:20AEA000007F09090906003E4151215E007F091929460046494949310001017F0101003F7F
:20AEC0004040403F001F2040201F003F4038403F0063140814630007087008070061514900
:20AEE000454300007F414100020408102040000041417F00000402010204004040404040FD
:20AF0000000001020400002054545478007F4844443800384444442000384444487F00382C
:20AF20005454541800087E0901020018A4A4A47C007F080404780000447D4000004080849F
:20AF40007D00007F102844000000417F4000007C04180478007C0804047800384444443825
:20AF600000FC242424180018242418FC007C0804040800485454542000043F444020003CC2
:20AF80004040207C001C2040201C003C4030403C004428102844001CA0A0A07C0044645459
:20AFA0004C44141414141414000000000000000000808080808080808080909090909080B9
:20AFC0008080808080808080808080808080808080180404040404040404040404040404A1
:20AFE000040202020202020202020204040404040404434343434343414141414141414183
:20B00000414141414141414141414141040404040404232323232323212121212121212132
:20B020002121212121212121212121210404040480000000000000000000000000000000F4
:20B040000000000000000000000000000000000000000000000000000000000000000000F0
:20B060000000000000000000000000000000000000000000000000000000000000000000D0
:20B080000000000000000000000000000000000000000000000000000000000000000000B0
:20B0A00000000000000000000000000000000000004241434B20544F2043414E43454C00F6
:20B0C00000070E091C1B1215383F363124232A2D70777E796C6B6265484F464154535A5D80
:20B0E000E0E7EEE9FCFBF2F5D8DFD6D1C4C3CACD90979E998C8B8285A8AFA6A1B4B3BABD60
:20B10000C7C0C9CEDBDCD5D2FFF8F1F6E3E4EDEAB7B0B9BEABACA5A28F88818693949D9A3F
:20B120002720292E3B3C35321F18111603040D0A5750595E4B4C45426F68616673747D7A1F
:20B14000898E878095929B9CB1B6BFB8ADAAA3A4F9FEF7F0E5E2EBECC1C6CFC8DDDAD3D4FF
:20B16000696E676075727B7C51565F584D4A4344191E171005020B0C21262F283D3A3334DF
:20B180004E49404752555C5B7671787F6A6D64633E39303722252C2B0601080F1A1D1413BF
:20B1A000AEA9A0A7B2B5BCBB9691989F8A8D8483DED9D0D7C2C5CCCBE6E1E8EFFAFDF4F39F
:20B1C0004341522072756E3D2575206D697373696F6E3D2575206661756C743D2575206CB5
:20B1E000696E653D25303258206572723D256420766973696F6E3D25752062616C6C3D251C
:20B200007520636F6E663D2575207831303D256420763D2564206D697373696F6E3D257508
:20B2200020636D645B4C3D256420523D25645D2072706D3130305B4C3D256C6420523D250B
:20B240006C645D207961773D252B2E3166206F646F3D252E3166207061636B6574733D2508
:20B260006C75206372633D256C75206F76663D256C750D0A00404C494E45535441542C318C
:20B280002C746F74616C3D256C752C73747261696768743D256C752C63757276653D256C27
:20B2A000752C73686172703D256C752C6C6F73743D256C752C656E74726965733D25752F2F
:20B2C00025752F25752F25752C6C6F73735F6576656E74733D25752C656467655F6576652A
:20B2E0006E74733D25752C656467655F6D61785F6D733D25750D0A000000DC42000090429F
:20B30000000050428FC2753E000040410000803F0000000000000C430000C8420000A44218
:20B32000CDCC4C3E000040410000803F00000000000020430000E6420000B842CDCC4C3E02
:20B34000000040410000803F0000000000002F43000002430000B442CDCC4C3E000060413C
:20B360009A99993F00000000405049442C332C256C752C252E33662C252E33662C252E3332
:20B38000662C252E33662C25642C25642C252E33662C252E33662C25752C25752C25642C28
:20B3A00025752C256C752C256C752C256C752C256C750D0A000100030100000040B8000017
:20B3C0000200000059B800000300000071B8000004000000A1B8000005000000ACB8000068
:20B3E0000600000030B7000007000000C2B8000008000000B7B800000001060708090A0D32
:20B40000121314152122232425262728292D2E3435363A3B020304050B0C0E0F1011161792
:20B4200018191A1B1C1D1E1F202A2B2C2F303132333738394052554E4C4F472C4441544195
:20B440002C332C25752C256C752C25642C25642C25642C25642C25642C25642C25752C2540
:20B46000642C25752C25642C25640D0A004052554E4C4F472C424547494E2C312C636F75A9
:20B480006E743D25752C6F766572666C6F773D25752C706572696F645F6D733D25750D0AA0
:20B4A000002E2E2F2E2E2F6C69627261726965732F7A665F6472697665722F7A665F64727B
:20B4C000697665725F736F66745F6969632E63002E2E2F2E2E2F6C69627261726965732F74
:20B4E0007A665F6472697665722F7A665F6472697665725F74696D65722E630040454E4360
:20B500002C312C256C752C256C642C256C752C256C752C25752C256C642C256C752C256C41
:20B52000752C25750D0A002E2E2F2E2E2F6C69627261726965732F7A665F636F6D6D6F6EEF
:20B540002F7A665F636F6D6D6F6E5F6669666F2E63002E2E2F2E2E2F6C6962726172696500
:20B56000732F7A665F6472697665722F7A665F6472697665725F6770696F2E63002E2E2F3A
:20B580002E2E2F6C69627261726965732F7A665F6472697665722F7A665F6472697665726F
:20B5A0005F756172742E63002E2E2F2E2E2F6C69627261726965732F7A665F647269766584
:20B5C000722F7A665F6472697665725F70776D2E63004046494E4953482C322C4252414B10
:20B5E000455F53544152542C64697374616E63655F636D3D252E31660D0A00000300000032
:20B60000000000000000000000000000000000001000000000010000070000000100000011
:20B620002C00C441B8B30000C0B30000C8B30000D0B30000D8B30000E0B30000E8B3000044
:20B64000F0B300000000864000208640004008400080864000A08640000009400000874057
:20B660000D0A66696C65202573206C696E652025643A2025732E0D0A004052554E4C4F479C
:20B680002C454E442C312C636F756E743D25750D0A000D0A66696C65202573206C696E65D0
:20B6A0002025642E0D0A004F4B205354415254204241434B2043414E43454C004050494440
:20B6C00041434B2C312C25732C25730D0A00303132333435363738394142434445460030CD
:20B6E0003132333435363738396162636465660000FF0100010000FFFF0000010001FF0018
:20B700000080104000001040002010400000504019B800002AB9000052B9000031B9000060
:20B7200043414C4942524154494E4720494D55005441534B203620524553455256454400D5
:20B74000414C474F524954484D20454D50545900443A25352E31662F25332E3066636D00DB
:20B760005441534B203620524553455256454400494D552043414C204641494C45440054CC
:20B7800041534B204E4F5420524541445900574149542043414D205245414459004B454594
:20B7A0005020434152205354494C4C00656E636F6465725F7374616C6C004D495353494F68
:20B7C0004E204641554C540054494D45522052554E4E494E470043414D2050524550415202
:20B7E000494E4700626F6172645F74696D656F7574005441534B3A2575204D3A2575004273
:20B8000041434B20544F204D454E550066696C653A206D646B2F257300434F4E5345525624
:20B8200041544956450053454C45435420535045454400417373657274206572726F720082
:20B840005441534B203120564944454F00414220543A25342E316673005441534B20322066
:20B8600052414345004F4B20544F205354415254005441534B20332042414C4C0054492024
:20B8800042414C4C2043415200257320593A252B352E3166005649533A257320433A257507
:20B8A000005441534B203420412D42005441534B2035204C415000444941474E4F5354490A
:20B8C000430043414C49425241544500000018000000003000005354415254494E47006684
:20B8E000696C653A20257300543A25352E316673006C696E653A20256400434F44453A25F7
:20B900007500252E316620636D004C494E453A25730052554E4E494E470053544F505045E2
:20B9200044005441534B202575004E4F524D414C00535052494E54005245414459004E4F1B
:20B940004E450025632573004C4F5354003E20257300464153540053544F50000F0D0E035B
:10B960004F46460052554E004F4E004F4B000800C8
:20B9700000CF0F8F0000003F6A001F8A013399E6003F08C79B003B0C9F100A40003D2000FF
:20B99000300000010100210FAF43FB803F151930020000183F000002000100FFF0000000E0
:20B9B00099940000EFAB000041AC000002000000AA3B000070B90000AC3B2020BCB9000017
:08B9D00000002020000000002F
:00000001FF
