:200000000080202097AD0000C7530000C753000000000000000000000000000000000000A8
:20002000000000000000000000000000C75300000000000000000000C7530000C753000072
:20004000C7530000F59B000081AA0000ADA40000C7530000C7530000C7530000C753000012
:2000600000000000C7530000C7530000000000000000000045A4000079A4000039A100006C
:2000800021AA000051AA0000F1A9000009AA000069AA000039AA0000000000000000000057
:2000A000C7530000C75300000000000000000000C753000000000000C7530000C7530000BE
:2000C00000B5EDB07D20C100159122908000169001202A90F54E01E007F062F80A2007F081
:2000E000EBFE3068401C306003F064FE002800D158E1054600243482801E062828D8C04615
:200100007844007940008744032B0303D09DAC000AF00AFD002823D100263046EA4906F070
:200120008DFE0220E94906F089FE169804F0A6FD3046DE4E08F044F90AF0F6FC00280FD153
:2001400006F0E2FD0020E24906F078FE1598A7E0FB2D00D1BDE0FA2D02D106F0D5FD21E185
:20016000F574F481B4804D20345464203452662034547463B463F46334647464B464B4657A
:20018000F4653046583004818472B466F46630466830847204816B20800030180AF08AFDBC
:2001A0004E20345434650AF0ADFDF0623320C0003746361830460AF092FDF96A304608F00C
:2001C00035FA3846C83009F01DFE38468830214606F052FA3846A430214606F04DFA20462B
:2001E0000AF0A2FD8021785001200AF09DFD8421785009F0C1FF0AF09BFB0AF077FD0246DC
:20020000386800905520800038182946234608F0F7FD0646204605F069FD0020002E0CD06E
:20022000AC4906F00BFE28460AF0F6FA0146022006F004FE0620A84900E0A84906F0FEFD38
:200240009A4EAFE006F060FD002420469E4906F0F5FD169804F012FD204608F0B1F8159816
:2002600030E0204605F042FD2DAD2C729C482E909C482D902046294606F0E0FD6B20800066
:2002800030180AF08CFD09F0B7FF02460B46284695490AF083F80320294606F0CFFD93485B
:2002A00007F00AFE05F050FC7CE00024204605F01DFD20468E4906F0C1FD02208D4906F02A
:2002C000BDFD8A4807F0F8FD0AF0B2F905F03CFC68E00AF00BFD014632685520800030186C
:2002E00009F068F9002851D0FF205630305CF0740125B573B480306860217452622174541A
:20030000B066F46630466C30848084716B20800030180AF0CFFC4E2034543465634EC8360C
:20032000304609F06FFD0AF0E1FC0AF035FC074600682D9078682E90B8682F90F8683090D1
:200340006D4831906D4832902DA93046574E0AF00EFC3869306278697062B869B06230462C
:200360008830214606F088F93046A430214606F083F920460AF0D8FC8021705028460AF0C7
:20038000D3FC8421705009F0F7FE0BE00024204605F0ACFC20465A4906F050FD02204E4924
:2003A00006F04CFD307C3468B1698C4201D3002100E0012100282A9800D00846002806D1D0
:2003C00006F0A2FC4F4850490AF0BCF93468757C0A212046269109F0EFFE002D36D0002993
:2003E00034D126984443002528460AF09DFC2990284629460AF022FC28900126284631461B
:200400000AF01CFC279028460AF04EF9259030460AF08AFC2490304629460AF00FFC0546D0
:20042000304631460AF00AFC074630461F4E0AF03BF925990091249901AAA2C2049020465C
:200440002999289A279B09F0F7FE3468204606F01BFE3068092149017418214608F018F850
:200460000AF044FC0246336855208700F5192846214604F08BFE2497F05D2299715C8842A9
:2004800000D183E0229970540024204605F02EFC2498305C401E052800D977E078440079C8
:2004A00040008744053A33457348C046403820200020084906F0C2FCFF205630305C0AF0B1
:2004C000ABF9014602202EE0CDB7000050B70000A0B7000006B80000E1B00000AFB700006A
:2004E000455445524F444F4D32B90000DC05000090B7000070B70000CDCC4C3E0000964268
:20050000BEB700004AB9000014B800000020EF4906F094FC0220EE4936E00020ED4906F0FE
:200520008DFC0220EC4906F089FC0620EB492BE00020EB4928E0B47330468830214606F0ED
:200540009BF83046A430214606F096F820460AF0EBFB8021705001200AF0E6FB84217050CB
:2005600009F00AFE2046DF4906F068FC2B20C000325C2DAC2046DC4909F010FF0220214604
:2005800006F05CFC0620D94906F058FC3046C030259006F00DFFB07B002805D0F07C1F2883
:2005A00002D003F0BDFD01E003F00CF80AF0AAFB3063C120305C042809D3C020305C0F21A1
:2005C00001404A1E91410F2803D8002002E0002001E00120084062212991715C002911D00E
:2005E0006424305BC249884201D0401C30538120C00507F0B5FF002800D06DE5305B6428F1
:200600006ED369E5B17B002969D0BA49C97C052901D0022963D16024B64A115D00294AD0E2
:20062000002859D06127D05DFF2803D0411CD155002854D06B208000AE490C1820460AF065
:20064000AEFBAD4909F0C3FA002848D020460AF0A6FB09F0D1FD02460B462DA8A74909F0E6
:200660009DFE7020A34E315C002906D1B16E002903D03168F1660121315401202999705478
:2006800064200024345266203454F455B76D3846214609F0A5FA002800D107467767F76DAC
:2006A0003846214609F09CFA002800D10746B7677C20345413E0002811D16B2080008D4960
:2006C00008180AF06CFB8E4909F081FA002806D001208849085302E0612000211154854E47
:2006E000B07B00240028274619D028460AF034FA002804D0B088312801D8401CB080B07B7A
:20070000002827460BD028460AF026FA0028274605D0B088312801D8002700E00127317C31
:200720003068726964320123904227931A4600D22246002900D01746B16E4A1E9141002F88
:2007400000D12A9970222092B25C531E9A4100292A9B00D11346F17C002B07D1052905D8D4
:2007600001228A4034231A4200D0B06600202C9023902B902998305CC0B2424242413A4069
:200780007125012A2197289500D0D2E2705D002800D0CEE21F2900D1CBE2052900D9C8E2B3
:2007A0000122104688403421084200D1C1E21F920AF0B4FA1E900AF0ABFA05460AF0B4F94D
:2007C000344606466B208000271838460AF0E7FA2BA903912CA90291019000962046C8305B
:2007E00025991E9A2B4601F005FC38460AF0D7FA0546E07C052805D0042800D18CE002289B
:2008000000D023E128463F4909F0E1F9002800D11CE128463C4907F02EFC3C4908F010FEA6
:2008200005460024214609F0C9F9002819D17F20C4052846214609F0CAF9002811D12846A4
:20084000294608F031FD04462846294607F013FC01462F4807F00AFC0146204608F024FD55
:2008600004462120C00023490D582A48294607F0FDFB214608F018FD294607F0FCFB06466F
:200880002C9D2B9C2846214609F0AAF900282F4600D127463846314609F090F9002800D00D
:2008A000D4E03846314607F0E1FB06462846314607F0DCFB07462C902046314607F0D6FB0F
:2008C00004462B9000253846B2E0C04606B90000F8B7000068B9000095B80000E1B000006B
:2008E00042B90000EAB700002AB900002FB80000FFFF0000403820200000FA4302B60000E7
:200900000000204100800944008009C40000484200004040000070422846C34909F057F9DD
:20092000002834D12846C14909F051F9002800D18CE02846BE4907F09EFBBE4908F080FDE9
:2009400005460024214609F039F9002819D17F20C4052846214609F03AF9002811D12846A3
:20096000294608F0A1FC04462846294607F083FB0146B14807F07AFB0146204608F094FCF6
:2009800004462120C000AD490D58AD486EE72846AC4907F070FBAC4908F052FD04460021FB
:2009A00009F00CF90028A64D1FD17F20C105204609F00DF90028A54D17D12046214608F09D
:2009C00073FC05462046214607F055FB01469A4807F04CFB0146284608F066FC9C4908F0F6
:2009E00063FC974907F047FB05462C9E2B9C3046214609F0F5F80028374600D1274638467F
:200A0000294609F0DBF8002820D13846294607F02DFB05463046294607F028FB06462C9024
:200A20002046294607F022FB04462B9000253046294609F0BAF8002800D02C9500212046D3
:200A400009F0B3F8002801D000202B9000247B4E74651F9800021E903058214609F0AEF863
:200A6000EC27F15D4B1E0A469A4100282A9800D110460028289D64D125940AF055F8002826
:200A80005CD0432080006D4E305811210901715807F0F1FA3F21090608F006FC6D4908F006
:200AA00003FC6D4908F0CCFC6C4908F0C9FCFE4908F0FAFB044670650AF02AF90646002172
:200AC00009F073F8002801D11F9902E01F99C80746408907304609F068F800282ED1204625
:200AE000314607F0C3FAFA4908F0DEFB0446F94909F076F806462046F74D294609F055F819
:200B0000002800D12546002EF24800D128464B4C1E99615808F0C8FB014641208000205868
:200B20002C9C08F0C1FB0646214607F0A4FA2C902B98314607F09AFA2B90289D3F4EF15D15
:200B4000259C002900D18BE02C982B9AB065F2650429219F00D0ECE0B47330468830214635
:200B600005F08AFD3046A430214605F085FD259420460AF0D9F880217050012738460AF0E6
:200B8000D3F88421705009F0F7FA746BB36BF16B356C1A195218521930D02698424344436F
:200BA00028944343414345434424345B27944624345B24944824345B23944A24345B219420
:200BC000D224345B20942997D627F75BD824345B44430897299F099400930191029527983C
:200BE0000390249804902398059021980690209807902DA8B949289B09F0D0FB5020315ACB
:200C00005324305D421E904100292A9900D00146002902D107F004F837552598F07409F007
:200C200007FDFFF75BFAC04600000C430000DC420000DCC20000F0410000404040382020EB
:200C400000005C4200000CC3000020410000C8410000F0C100004343000070420000FA4397
:200C6000B06D00251D90294608F09FFF07462C981E90294608F0B4FF8121CE050028984C26
:200C800000D13446002F00D134469648C06D1F90294608F08AFF07462B982590294608F0B9
:200CA0009FFF00288E4800D13046002F00D130461C901D9F3846214607F0DDF906461E9CBB
:200CC0002046314608F08CFF05463846864907F0D2F907462046394608F067FF002800D1D1
:200CE0002746002D1C9900D13E467E4886651F9D284607F0C0F90446259F3846214608F0DA
:200D00006FFF1E902846784907F0B5F905463846294608F04AFF002800D13D461E98002810
:200D200000D12C466F48C4652C9606462B94219F289D279A7A40F07C011F481E8141002AE5
:200D40002A9800D10846715D4A1E914100282A9800D1084600282ED16B20800030180AF02D
:200D60001EF8624908F033FF002824D0012528983554722023993154B46D204608F030FF7C
:200D8000002800D104467467F46D2046239908F027FF002800D10446B4677C202399315459
:200DA0002098305C002806D1B06E002803D03068F06620983554002F00D1A8E0F07C02288A
:200DC00004D01F280DD0052800D0A0E0EC20305C401EC1B2042944D2C006010E4448C84089
:200DE00047E03320C0003418F16A204607F01EFC316B41200006002500953E4A0192029031
:200E00003D480390209420463C4A2B4605F0A4FA25906720800031463658CF7B0124E007FF
:200E2000279086433046364908F0D1FE41424141002F2A9800D1084600283DD0002F00D12C
:200E40007CE37F20C105304608F0AFFE0028254E259C00D174E3F573209809F040FFF77B65
:200E60006EE3012000023058002108F0B9FE411E88414D21725C4C23002AC2B202D0F45C13
:200E8000A2420DD0540034194425655B1D4EB54202D044346D1C2580124EF0540120705464
:200EA00002A18A5C52009744E12E6542032F0B0F706B401C70632AE00A4EF473259C43E3C0
:200EC000F06B401CF06322E0306C401C30641EE0CDCC4C3E0000C0400000C0C0A5B2000082
:200EE0000000404140382020000020C10000164302020303000090410AD7233CCDCC4C3F40
:200F000000002040FFFF0000B06B401CB063307C002F07D13A4607D0F16907D02C9B0028BF
:200F200007D107E02B9AF7D13946F7D13B46002800D00A46259200D00B4627938B4C37466F
:200F400088373846214609F02BFD3546A4352846214609F025FD2998305C002808D128987A
:200F6000305C0028259C279904D0814807F0F8FA716FB46F3846279105F07EFB284621463A
:200F800005F07AFB3078C00700D01AE2259400201E9009F0C9FE064601201F9009F0C4FE8E
:200FA0008021744A5258921B29928422714B9B58C41A704B5E506F4EB0506B208000301814
:200FC0002999224607F07AFD326A736AB06A00903846299905F000FC2990326A736AB06AD9
:200FE00000902846214605F0F7FB074690201D903058614908407F21CC05214608F0D5FDDF
:2010000005465E48209738181F9F80B25C49884200D31E9FAC201F90305857490840214697
:2010200008F0C3FD411E88413840317C002D2A9A00D10246514B299FFB189BB2504CA3425C
:2010400000D302460029259C0FD0002A0DD0B07C322803D2411CB174312808D105F054FE4F
:201060004848494909F06EFBABE10020B0742098404201B20025284609F002FB39460127FF
:20108000384609F0FDFA307C002857D01C951E973168269841431B911D9830581A901F985C
:2010A00030581990274600242798214608F074FD454245413846214608F06EFD444244417F
:2010C0002C43C020305C1890C420305E1790EC20305C401EC1B2042905D2C006010E2B48BF
:2010E000C8401E9F07E01E9F38023058002108F077FD411E8841334634330ECB1D4E366C4A
:20110000269D69436A436B436E4308AD4CC5194EC0B2199A0092299A0192209A0292039435
:20112000189A0492179A0592069007911B982799259C22461A9B06F039FA1C9DF07C052825
:2011400002D0022800D03CE14E20315C491CCAB23154052A00D234E135545021705A169ABB
:201160006332904214D9522037542AE100007A440000404040382020FFFFFF7FB4E200000B
:2011800069C500004AB90000DCB7000002020303421C72523146182646430868269941436E
:2011A000F14881512798EE4908F07EF8044600211A9108F00CFDBF21090619913F210906A1
:2011C00000281C9100D11999204606F054FF0546E64908F005FD2690C72004062846214618
:2011E00008F0E3FC00281B9400D12C461E97204609F00CF926990029D74900D10146DA48A3
:201200008019269081802598D54908F04DF804461A9908F0DCFC00281C9900D119992046D3
:2012200006F029FF0546D14908F0DAFC044628461B9E314608F0B9FC00283046C74E00D144
:20124000284609F0E3F8002CC34900D101462698C1801D983058C24908F026F804461A99A2
:2012600008F0B5FC00281C9900D11999204606F002FF0546BD4908F0B3FC044628461B9F9E
:20128000394608F092FC002800D12F46384609F0BDF8002CB04900D10146269801811F987B
:2012A0003058AF4908F000F804461A9908F08FFC00281C9900D11999204606F0DCFE05465D
:2012C000AA4908F08DFC044628461B9F394608F06CFC002800D12F46384609F097F8002CA9
:2012E0009D4900D10146269A5181299890812098D081C420305A108209F00AFD984907F0AB
:20130000D3FF04461A9908F062FC00281C9900D11999204606F0AFFE0546944908F060FCC3
:20132000044628461B9F394608F03FFC002800D12F46384609F06AF8002C874900D101462E
:2013400026984182706D864907F0AEFF04461A9908F03DFC002801D119981C9020461C991C
:2013600006F089FE0546814908F03AFC044628461B9F394608F019FC002800D12F463846C3
:2013800009F044F8002C744900D10146269A9182C020305C9075EC20305C401EC1B204293D
:2013A000259C04D2C006010E6A48C84007E01E9800023058002108F013FC411E88412699D1
:2013C000C8752898305C00280FD07221705CFF2803D105F0E5FEFEF781FE421C72547C2116
:2013E000715C0929F5D86328F3D23089401C81B2132900D8239023983081F088401C81B24F
:20140000F0803229219F04D30020F080302009F0CBF87089401C81B27081322908D309F026
:201420006BFC002804D100207081384602F0ECFAB089401C81B2B081C82901D2FEF74EFEE3
:201440000020B0812498305C25902B20C000305C2990C020305C2890C420305E2690FF2083
:201460003830305C24902720C000305C23902520C000305C209049208000305E1F90932064
:201480004000305E1E90279808F0C0FF2790204608F0BCFF1D9090203058354C214607F0C6
:2014A00003FF08F0B3FF1C90AC203058214607F0FBFE08F0ABFF1B90306B08F09DFE054663
:2014C0000E466B2080002549081809F068FC08F093FE4F229200214B9A5805239B011F4FA6
:2014E000FB582927FF001D4CE7590E950F961B4E10901191129213931497259B089327989F
:2015000009901D980A901C980B901B980C9029980090289801902698029024980390239849
:201520000490209805901F9806901E9807902DA81049219A08F032FFFEF7D0FD074E259C46
:20154000F8B2002800D104462798259460402790044CF4E402020303FF7F00004038202067
:2015600000002041000016440000202000FEFF460000C842F0B10000F0B5FFB08EB0049359
:2015800006920646929802900025E84305908C913468204609F095FB21188B9503918C4263
:2015A00000D3C2E00020879087A908738890059889902F46049D2078002800D1B8E025287A
:2015C00005D0641C34600699A8477F1CF3E78B97601C306087AC2046314600F0C1F88CAA02
:2015E0002046314600F0DDF8306801787A2925D0682919D06A2908D06C290ED0742908D0D3
:201600004C2922D1879980221BE087990122D20217E087990122520313E0427887996C2A9C
:201620006AD10122120205E042788799682A66D10122520211438791801C05E08799012209
:2016400012030A438792401C0178441C346087A80173732913D06E291DD1879836490840B9
:20166000411E02464A408A423DD900282DD04142014032484143C80E31A1085C26E087A82F
:201680000078400619D4009587A88CAA8BAB069900F046F92BE007AD87A98CAA284600F01E
:2016A00095F9024628460699029B9847411C059D00D0C5198B9503991BE0009587A88CAA6D
:2016C0008BAB069900F0C9F811E02020401F082809D8C0467844007940008744210404155F
:2016E0001C04150404008C9802C88C900F6003998B9D681C1BD052E7401C402201E0401CCD
:201700002022114387919FE7F8178C9904C98C9117605060EBE78C9802C88C900F70E6E728
:201720008C9802C88C900F80E1E72F4600E0059F38467FB00EB0F0BD603F000031B57C072F
:2017400000011C021D0E18031E16140F191104081F1B0D17151310071A0C12060B050A0999
:2017600010B50A680124E3071AD01378302B0CD0232B0ED02B2B0AD02D2B04D00024202B80
:20178000F1D1042306E0012304E0102302E0022300E0082304681C430460521C0A60E1E75E
:2017A00010BDFEB516460D460446086802782A2A10D13068011D316000686060002805D520
:2017C0004042606020680121014321602868471C2F6017E00021303A092A08D84218531C78
:2017E0002B60435C6F467B545278491CF3E76A460023535412784718002A03D0684608F02C
:2018000035FC606038782E2826D1781C286079782A2908D13068011D31600068A060286862
:20182000401C2860FEBD00203039092908D839188A1C2A604A786B461A548978401CF3E7D5
:201840006A46002111541078002804D0684608F00DFCA060FEBDA160FEBDF0B587B01E4668
:201860000C9F13681C1D14601D68002D3AD0049106908468002C04D4284609F0D7F98442C1
:2018800003D3284609F0D2F9044606984068A042039000DC20460146306801914018059497
:2018A0000399A142029630600EDD06980078C0070AD1059801990E1A0024B44204DA202047
:2018C0000499B847641CF8E70026049C069805998E420ADA2868010A18D12D1D2146B84723
:2018E000761CF3E70020B84718E00599039A8A4214DD0078C00711D00198451A0024AC4243
:201900000CDA20200499B847641CF8E70020C0430299086009F032FA5821016007B0F0BD1D
:20192000F0B585B00C4606460A9D1068011D116000680490002844D00393B768002F04D48D
:20194000049809F0BEF9874203D3049809F0B9F9074602967268BA42114600DC3946039B4A
:201960001868009140180192BA4218600FDD02980078C0070BD10098C01B0390002603988F
:20198000864204DA20202146A847761CF7E70026BE4205DA0498805D2146A847761CF7E757
:2019A0000198B84210DD02980078C0070CD00098C61B0027B74207DA20202146A8477F1C47
:2019C000F8E700202146A84705B0F0BDF0B58BB004920D460446FF210846FA302718686896
:2019E0000590002609960691FE3120222046029208F0E4FF7F20800021180A9103973E7174
:201A0000287B0246613A172A08952BD8012393402546C34C23422C4609D009A90AAA089D33
:201A20002846049B00F082F900260796B9E0712423422C46089D22D1022A13D1049B18689F
:201A4000021D1A600068C2B2534253410793069AFC32A2180A9208702868022188432860AC
:201A600000269EE001464539032908D3252800D180E0412803D058280796CED092E001947A
:201A8000049A1068C01D07218843014608311160076846682D7B2C467B3C384631463A460C
:201AA000334608F051FD002800D021E10120C007314681439B48484038431FD0F60F002050
:201AC00007902846413806283FD9613D062D019C00D922E1A80002A21058089D8746C046CC
:201AE000611B0000A31B0000A31B0000A31B0000991B00008D1B0000811B00000022384698
:201B000031460792134608F022F81921CA436921049149216E254E2366274626944200D3D4
:201B20003E46039AD670019C00D32B46937000D3049951703F21C90061180A910028089D1F
:201B400014D02D20107004262BE0019C089DC0467844007940008744032424241F1913005D
:201B60000AAB38462A4603F02FFC1AE02B201070032616E00020607025202070012086E074
:201B80000AAB38462A4603F025FD0AE00AAB38462A4608F087F804E00AAB38462A4605F00D
:201BA00087FC287B012501466F39092904D801228A405D490A4201D158286AD1059B059536
:201BC000E5180A9808990978C907274609D10399091D091A089A52689142274601DC691A4C
:201BE0004F1C411C0698430000263846324608F0F0FD0A900799002903D0411C0A91067097
:201C000000E00146A94206D8481E691A491C202208F0D4FE2E70089D2878C00605D4391BA4
:201C20002022204608F0CAFE2CE0A7422AD0391B30262046324608F0C1FE09984142414168
:201C400005980140012905D12878400702D43846214604E03878611C2070781C3E702A7B7C
:201C6000412A0CD0582A05D0612A08D0782A01D0702A07D12B781B0701D4612A02D14278CC
:201C80004A704670204609F01CF8079940180BB0F0BD002E09D0012E059B90D10120099010
:201CA000089801680220084007E0099A0898016802200840002A08D0059B0A994A1E0A926B
:201CC0002D220A704542454179E70028059B08D1480700D473E70A98411E0A910299017008
:201CE0006DE70A98411E0A912B210170002566E71920C543612241216E234E20AC4200D3DF
:201D00001846039BD87000D31146039A91700A925070002007900226019C089D41E7C0460C
:201D200008C190000000F07F43020000F8B514460F4605468068002804D42868102188437B
:201D4000286001E00120A860287B1026582808D0782806D0702804D06F2801D1082600E067
:201D60000A262846194600F055F8AA68002A09D102460A4306D12878000749D52B7B00201C
:201D8000024612E02B7B642B03D16423002905D40AE0692B08D1002906D5692301223A60D3
:201DA000002240428A4100E00A4600941146324600F0CEF8A968884206DA401C21684A1E63
:201DC000226030220A70F5E7287B582803D0782801D070280FD1297809070CD5702800D1FF
:201DE000782021684A1E226008702068411E216030210170287B6F280AD12878000707D59E
:201E000020684178302903D0411E216030210170F8BDC04610B5037B702B05D10868021DB5
:201E20000A60006800227BE002683E481040421E04465440944216D9002807D0424202404B
:201E400039485043C00E39A2105C00E02020401F082808D878440079400087444C04041E18
:201E600038041E04040000221846643814280DD801248440354804420AD12120044205D0E0
:201E80000868021D0A600068C21749E0582B46D10868031D0B60006842E01846643814288A
:201EA00007D8012282402948024206D12120024203D10020582B024632D10868C21D072015
:201EC00082431046083008601068526828E0002218466438142807D8012484401B48044244
:201EE00004D121200442CBD1582B18D10868031D0B60007814E0002218466438142807D8E0
:201F0000012484401148044204D121200442B7D1582B04D10868031D0B60008800E0104644
:201F2000114610BD603F000031B57C0700011C021D0E18031E16140F191104081F1B0D1725
:201F4000151310071A0C12060B050A0900081200FEB501920D460646582B01D0174800E04F
:201F600015480090089802903046284305D1029A1068411E116030210170019C3046284367
:201F800013D030462946224600F01AF807460D46224608F0FBFB301A0099085C029B1968B4
:201FA0004A1E1A6008703E46E8E70298006808F088FE401EFEBDC046FEB600000FB700005B
:201FC00080B5102A06D0082A09D1C0084A078018C90880BD00090A078018090980BD0029C7
:201FE00004D1114608F0E8F8002180BD002308F0DDFD80BDF0B591B01E4606920C460546CE
:202000001798944F01210D91890706F034F80E90288BB84203D0411C2983312801D3002048
:202020000D90199B189A1699284613300F90A0780028109520D00020E8712872A6880996E9
:202040006E8005942478802C0C930B92049101D0012C43D1287BFF2808D0002804D1E989BD
:20206000B94201D0491CE981401C2873298A81420F9935D2288233E0284600254563C47974
:20208000FF2C00D193E00F46002C10990C9307D14B897048834218460C9B01D0401C4881E4
:2020A000601C0E90C871002F00D181E00B920120C00786436849304607F092FD002800D178
:2020C00051E3022C0C9B0B9A72D803200F99487415601D600520109E3072F1E228730F9904
:2020E000887C0A905D490E9D284607F070FD002820D05B4E594F0E9D2846314605F0BBFF77
:202100000546394607F063FD002813D02846314605F0B1FF0546394607F059FD002809D0F1
:202120002846314605F0A7FF0546394607F04FFD0028E1D100262846314607F036FD0028DB
:202140001ED0464F2846394605F095FF0546002107F02BFD002813D02846394605F08BFF84
:202160000546002107F021FD002809D02846394605F081FF0546002107F017FD0028E1D12A
:202180003849284607F011FD00280F9F36D13649284607F00AFD002801D001262EE03349D9
:2021A000284607F002FD002827D1032626E00E94109E307A002808D0401E307203200F99A7
:2021C0004874002515601D607AE20E98052800D9B9E2144600200F99487402201099085E7A
:2021E0000028234A2348114600D4014600D41046224611601860109E62E202260A9A96425C
:202200001BD1BE74032020403F2C109D09D8002807D02879FF2801D0401C2871002068719E
:2022200036E0402C32D3002830D16879FF2801D0401C6871002028712AE0B00001A108586B
:202240008746C0467922000017270000E7260000FF260000FFFF000000004842CD8C194462
:20226000CD8C19C400001643CD8C9943CD8CE4430000344200007042032AC2D1FE4928467D
:2022800007F0AEFC0028BCD00326BAE70020A880787C411E012910D8E106890F00D1D7E16A
:2022A000A979491CCAB2A971052A00D2D2E100207874A8710999298002E00020787409994D
:2022C00028882F460D1A08B208F010F83C6B0290214605F0CBFEE94906F0E6FF214605F031
:2022E000CAFE099038632FB2384607F0FFFF0446E34D294607F059FC002800D12546642F62
:2023000000DDE04D109F7C6B2846214605F0AEFEDD4906F0C9FF214605F0ADFE0890786349
:202320000021099D2846079107F03FFC01210A91CF07002800D07D40089C2046079907F0B5
:2023400034FC002801D1274600E06740CF49384606F0AAFF294605F08EFE08F057F80146AC
:202360001098056C0191084607F0C0FFC84906F09BFF294605F07FFE0446002EC54802D0D5
:20238000022E34D1C44803940E9905F06FFE0746C24907F00AFC002821D00021384607F058
:2023A0001FFC00281BD01098416C28460D4605F05DFE0446B949384607F042F801462046E1
:2023C00006F072FF294605F056FE0446039D2846214607F005FC002809D12C4607E00021AB
:2023E000384607F0EBFB002800D0A0E1039C109D0F9FAB490E9807F0EAFB002802D0002E71
:202400000A980DD0B01E0396264644424441A5490E9807F0DCFB411E884120403446039E5A
:20242000049900290AD00A990E40064306D0E87C411E88410D99084300D144E1A87C00282D
:20244000079800D0A874F870B87078703870AE6C2046314607F0A9FB00280D9600D1264637
:20246000AC6A3046214607F0A0FB05460127B907204605F000FE0446314607F0B1FB32466F
:202480000028314600D12146002D089800D10A46109E0F92B262F46C316D06F005FF0546D1
:2024A0002046099906F000FF2946354605F0E3FD0646A86B0A9900290ED0F94905F0DBFD48
:2024C000A86300240E90214607F06FFB002814D0AC63EC630E9410E00A97F04905F0CBFDD4
:2024E00007467F20C4053846214607F079FB002800D13C460E94AC630A9F6D6D3046294643
:2025000007F06EFB0446FF076F403046394607F04CFB002800D13746002C00D13D46002112
:202520000E9807F05DFB002800D181E01098416C0D9805F0A0FD3F21090606F0B5FE0D900B
:20254000D649089806F0B0FE0446D649099806F0ABFE214605F08FFD074641200106384654
:202560000A9107F03DFB0446C12006063846314607F01BFB002800D13E46002C0A9C00D138
:2025800034461098C06B0D9906F08EFEC64906F08BFEC64906F054FF0146204605F06BFDD6
:2025A00007460021284607F012FB06460F9C2046294605F05BFD0A902846214605F05BFD66
:2025C0000546002E00D00F9D01D00A980F900D9E3046394605F04FFD04463046394605F0DF
:2025E00045FD0D902046294605F040FD01460E9806F05AFE294605F03EFD0B990860109E61
:20260000B46B0D980F9D294605F030FD0146204606F04AFE294605F02EFD0C990860059895
:20262000808830803846394605F025FD054647E00021284607F0CBFA0028059C34D12846D5
:202640000F9905F018FD0B990860109EB06A33E00021A9710128964996480A4600D0024658
:20266000034600D00B460B990A600C990B60A8622E46914D24E0C046CD4C18449A99993EED
:202680000000C8C20000C842CDCC4C3ECDCCCC3DEC5138BE00001643CD8CE4430000A041F4
:2026A00000000243CD8CDA430B980F990160109EB06A294605F0DAFC0C990860A0883080CC
:2026C000F56211B0F0BD0F94A87C0028069C6FD16D49099807F07BFA002857D10020687554
:2026E0000A98079064E0012A00D08AE56349284607F05BFA002800D183E5012681E5022A73
:2027000000D07EE55C49284607F04FFA002800D177E5022675E5002A00D072E558492846FC
:2027200007F043FA002800D16BE5002669E5109D6C6C0398214607F053FA00280F9F00D037
:2027400057E6039C55E6232810D8144603200F99487402201099085E00284A4A5948114669
:2027600000D442E542E50C9B0B9A21E541287CD8144603200F99487402201099085E0028EE
:202780004E4A4F48114600D42FE52FE5687DFF2805D0411C697502280A98079008D301203C
:2027A000A8747F20C005E863EC6100200790A875E969204605F05AFC0546344F394607F0E6
:2027C0000FFA0646324C2846214607F0EEF9002800D12C46002E00D1274600263846314681
:2027E00007F0E3F901240028109D01D0E00747402F62E86B029906F057FD264907F0DEF9C7
:2028000000281AD100202875079800280F9C1ED12149384607F0DBF900281AD001983C28C5
:2028200017DCA87DFF2803D0411CA975042811D30020A8746875A87509E6287DFF2803D037
:20284000411C29750428DFD3200268820F9CAE75FDE5AE7527466C6C3846214607F0C0F9E6
:20286000002800D13C460A96F1E504200F99487400210846BDE4C046CD0CE743CD0C9C430E
:2028800000001B430000A041000020420000B4430000B4C3000016C300002043CDCC4C3DCB
:2028A000CDCC4CBD0AD7233D0000514300007A44000040C100004842000078420000A0C13D
:2028C00000000C4200005C42F0B58BB0002800D1F3E115460F460646099300240029234611
:2028E000224611D00420385E07F000FD484906F0DBFC0A95254604460620385E07F0F6FC8A
:2029000023462C460A9D0246307802280A962AD0012800D06DE17778012F48D1002D00D104
:20292000D5E03C4D2B40412001061846174607F045F9002800D1CAE03A462A403649104634
:2029400007F03CF9002800D1C1E0F068401CF060232800D24DE102200A9948700024099820
:2029600048608860E6E07678012E6BD1002D00D1C2E00A99C868401CC860052800D238E199
:2029800016460A9D0998A860224C23402349184607F01DF9002800D0D0E0304620402049FC
:2029A00007F015F9002800D0C8E00220C7E0002D00D18FE008927568002474610120059016
:2029C000C107079306918B431649184607F0FFF8002800D09DE0B81E0828099900D908E1A6
:2029E0004F1B800001A10858079A8746292A0000BF2C0000812D0000B72D0000ED2D000093
:202A0000FD2C0000332D0000F32B0000D92E0000CDCCCC3DFFFFFF7F0000A04100001041B8
:202A20000000F0410000D242192F00D2E9E203200A994870099848600020C8600861088369
:202A4000E94CD6E00121002D5AD008920691CF070024184621461D4607F0A7F80028079565
:202A600000D07D40FD49284607F0B1F800285AD1092E6CD0022E00D0BBE0F949284607F06D
:202A8000A6F8002800D085E0089CBC43F549204607F09DF800287DD10A9E31461931707E9B
:202AA000079DBD43002800D1FAE10F46EC49284607F08DF8002806D1EB49204607F087F81B
:202AC000002800D100E200203870E84F74E00024F4608EE07069632805D8411C0A9A5161EE
:202AE000632800D085E001200A9988760B2048700998486000241DE000240A98C46078E0C5
:202B00000A984170099941600024C460046104836FE00220B0760B20707009987060F46084
:202B20003461348365E002200A9988760B20487009984860CC600C610C835AE009206870B2
:202B4000099868600024EC602C612C8351E041200106284607F032F8002825D0089CBC4378
:202B6000C149204607F02AF800281DD00A9EF068401CF06028281AD302207070099870605B
:202B80000020F06030613083304619300990079DBD4386E109200A9E7070099870600020DC
:202BA000F0603061307602E000200A9EF06000207076079DBD43AE4F41200106284607F020
:202BC00006F8002801D0AB4800E0AB4801D0AB4900E0AB491422069B9B070091019002976B
:202BE0000393049200213046079A089B03F07CFC0446A44D2046294606F0D7FF0746812099
:202C0000C6052046314606F0EBFF002800D12646002F2C4600D134460A98046220462946FE
:202C200006F0C3FF002800D1254600272846394606F0BBFF0121CC072E46002800D06640AD
:202C40009149304606F0B1FF002834D17F20C105304606F0B3FF00280ED17F49304606F093
:202C6000ADFF00280DD18949304605F004FA884906F01AFB87490CE08749304606F014FB84
:202C800009E08649304605F0F6F9814906F00CFB814905F0F0F93F21090605F0ECF906461E
:202CA0000021284606F09CFF002800D16640304607F0ACFB07460A9887830BB0F0BD664C2E
:202CC0000F2F96D33F200106104606F080FF0646401E8641EC49089806F079FF0546401EBF
:202CE00085413540E649089806F071FF411E88412843402F00D9A0E100219FE1E9491046DF
:202D000006F05CFF089C06998C43002800D18FE0E549204606F052FF002800D188E0082084
:202D20000A994870099848600020C86008610883D1E0DB49104605F09EF9D84C2040CF4960
:202D400006F03CFF002800D1C2E008980440CA49204606F033FF002800D1B9E00A99C868BD
:202D6000401CC8601428079A00D2B5E00A200A994870099848600020C86008610883ABE0F6
:202D8000D549104606F023FF002800D1FEE0142F00D2FBE00124E10708988843B84906F071
:202DA0000DFF411E88411B2F0A9900D80024204300D0EEE04FE1C3491046144605F05BF9C0
:202DC0000121C9078843C04906F0F8FE00280A9900D1E7E006204870099848600020C8606F
:202DE000086108832DE0C046000040401E2F0A9D27D3A149104606F0E1FE0446AB4908986B
:202E000006F0DCFE2043411E88417C2F059900D800210843012814D1072068700998686054
:202E20000020E860286128830120C007089C84439F49204606F0CBFE002800D0EEE09E4AE8
:202E4000EDE0A249089806F0CBFE002801D1A14CCFE69F4CCDE6C046000040400000D24287
:202E6000000010410000F04100004041CDCC4C409A9979406F12033D295C0F3DEC51383DFA
:202E80000AD7233D000080C0CDCCCC3C000040C000002042000020430000A042000080BF2A
:202EA000099141200106284606F088FE754F002800D181E67449204606F080FE002800D172
:202EC0007AE606980999087000243476346190E600200A99C860079A7A48114605F0C6F8A9
:202EE00004460A98407E06998C43002815D07F49089806F06CFE00280A9D0BD17C490898D5
:202F000006F05CFE002805D16F49204606F05FFE002817D0002068761CE05749089806F0B3
:202F20004DFE00280A9D15D07249089806F04FFE00280FD05149204606F040FE002809D0B8
:202F4000059868766C49089806F038FE00280AD16B4C4EE641200106204606F038FE002865
:202F600003D14C4802E0654C43E64B48089B01D1464900E046490C220492504A0392504A9A
:202F800000AC07C44F492846079A2FE61C2F0A9961D305204870099848600020C860086105
:202FA0000883079C4E49204606F0FFFD002808D003208107089806F001FE002801D0404C2F
:202FC00017E64849089806F002FE414C002800D00FE64549079806F0FAFD002806D03A49B8
:202FE000089806F0F4FD002800D002E60120C107089888432E4906F0EAFD00282DD12E4B23
:203000002CE00C2004902D4803902D4802902A4801902148009000210A98E6E5254A0A983A
:20302000089B0C21049125490391254902911A49009101922349079AD8E501210843012841
:2030400000D0D6E504200A994870099848600020C86008610883214CCBE5164B0A98079A20
:203060000C21049115490391154902910A49009101930B49B9E5C046000040410000104169
:203080000000F041CDCC4C400000A040295C0F3D6F12033D0AD7233DEC51383DFFFFFF7FF9
:2030A00000004842000020C2000070420000C8C20000BE42A69BC43CBC74933C66662640F6
:2030C00000004040000048C2000020410000A041000040C0CDCCCCBF00002842CDCC0CC031
:2030E000000020420000B4420000184200007041000096C2000070C20000F0C19A99993E28
:20310000CDCC4CBEF0B583B015460E460446411E8841FD49B02206F03BF8002E06D0217835
:203120000520014205D0042003B0F0BD032003B0F0BD0296A71C0422114321703A7B7B7B3A
:203140001B029A18BB7B1B042E46FD7B2D06EB189A18964200D930E23546387C797C090285
:203160000818B97C0904FA7C12065118091838797A7912021018BA791204FB791B069A1865
:2031800010180E1A6178B5423AD9022900D1D9E001296FD0002900D0FBE139787A78120252
:2031A0005118BA781204FB781B069A18511808180299324607F0E6FD3879797909020818D4
:2031C000B9790904FA7912065118081801968119387C7A7C12021018BA7C1204FB7C1B06A1
:2031E0009A1812185342914200D28FE1881A59188A4200D98BE1801A811A5018F3D386E15B
:20320000022900D1D1E0012969D0002900D0C0E1A178E278120251182279120463791B0666
:203220009A185118081802992A4607F0ABFD3879797909020818B9790904FA7912065118A8
:2032400008184119387C7A7C12021018BA7C1204FB7C1B069A1812185342914200D290E1A3
:20326000881A59188A4200D98CE1801A811A5018F3D387E1A178E2781202511822791204BD
:2032800063791B069A1851184000081872000299009207F077FD3879797909020818B979AC
:2032A0000904FA7912065118081801968119387C7A7C12021018BA7C1204FB7C1B069A1840
:2032C00012185342914200D2A2E0881A59188A4200D99EE0801A811A5018F3D399E0A178DD
:2032E000E278120251182279120463791B069A185118400008186A00029907F043FD3879E1
:20330000797909020818B9790904FA791206511808184119387C7A7C12021018BA7C1204B1
:20332000FB7C1B069A1812185342914200D228E1881A59188A4200D924E1801A811A50187C
:20334000F3D31FE1A178E278120251182279120463791B069A18511880000818B200029901
:20336000009207F00FFD3879797909020818B9790904FA7912065118081801968119387CB2
:203380007A7C12021018BA7C1204FB7C1B069A181218534291427AD3881A59188A4277D858
:2033A000801A811A5018F5D372E0A178E278120251182279120463791B069A18511880001D
:2033C0000818AA00029907F0DDFC3879797909020818B9790904FA7912065118081841193D
:2033E000387C7A7C12021018BA7C1204FB7C1B069A1812185342914200D2C2E0881A591838
:203400008A4200D9BEE0801A811A5018F3D3B9E008463871010EF971010CB971010A7971D1
:2034200039787A7812025118BA781204FB781B069A185118400008180299009A8918019AA4
:20344000AE1A720007F09EFC3879797909020818B9790904FA791206511808188119387C32
:203460007A7C12021018BA7C1204FB7C1B069A1812185342914200D283E0881A59188A42DE
:2034800000D97FE0801A811A5018F3D37AE008463871010EF971010CB971010A79713978EA
:2034A0007A7812025118BA781204FB781B069A185118800008180299009A8918019AAE1ACD
:2034C000B20007F05FFC3879797909020818B9790904FA791206511808188119387C7A7C83
:2034E00012021018BA7C1204FB7C1B069A1812185342914245D3881A59188A4242D8801ABD
:20350000811A5018F5D33DE057B5000008463871010EF971010CB971010A797139787A7878
:2035200012025118BA781204FB781B069A1851180818019A02998918AE1A324607F022FCCB
:203540003879797909020818B9790904FA791206511808188119387C7A7C12021018BA7C94
:203560001204FB7C1B069A1812185342914208D3881A59188A4205D8801A811A5018F5D35D
:2035800000E008463871010EF971010CB971000A7871387B797B09020818B97B0904FA7B29
:2035A000120651180818401B3873010CB973010EF973000A787321780020FB220A40227009
:2035C00003B0F0BDF0B591B0E4480078012800D0B0E1E34880690321C9024058E1490A7830
:2035E000002A1DD0E0490A68002A1DD0841A0860DE480460204607F07FF80646DC4905F038
:203600001FFF0546DB48844200D83546DA4928460C9106F0CAFA00280ED0D84CD84814E0DF
:2036200001220A70D04984E10860D04800210160D848016011B0F0BDD249284606F0D0FA35
:20364000002800D178E1D04CD048D24908600894D2483B210DAE0E23324603F013FA0D9846
:2036600000027178401800B206F040FE7121CF05394605F019FE0B90B0780002F1784018AA
:2036800000B206F033FE394605F00EFE09900E9800027179401800B206F028FE394605F00C
:2036A00003FE0A900F980002717A401800B206F01DFEBB4D294605F0C3FE0446B07A00021D
:2036C000F17A401800B206F011FE294605F0B8FE074610980002717B401800B206F006FE6F
:2036E000294605F0ADFE0546AE4801682046049104F0BCFC0446AC480460AC4801683846ED
:20370000059104F0B3FC0746A9480760A94801682846069104F0AAFC0646A7480660A74842
:2037200000680790A64801680297384605F0BCFD054601942046079905F0B6FD294604F07D
:203740009AFC04469F4801680396304605F0ACFD214604F090FC05460120C1072846884338
:203760007D21C90506F021FA00260028344600D12C462046804906F033FA0746924D2046DD
:20378000294606F012FA002800D12546002F00D10C958E480C9F07608D48046820463146AD
:2037A00006F0FAF905462046394604F064FC3F210906079105F078FD002D00D10746089840
:2037C000394605F071FD0C99814A1160814905F06BFD0446804E314606F002FA07467F4D65
:2037E0002046294606F0E1F9002800D12546002F00D12E467A4C2068314604F03CFC054610
:203800002060784F3868314604F035FC38607649284606F0E5F9002820D0744E724F284683
:20382000314604F028FC0546394606F0D9F9002813D02846314604F01EFC0546394606F0A9
:20384000CFF9002809D02846314604F014FC0546394606F0C5F90028E1D1256064492846BE
:2038600006F0A3F9002820D0624E614F2846314604F001FC0546394606F097F9002813D00D
:203880002846314604F0F7FB0546394606F08DF9002809D02846314604F0EDFB054639468B
:2038A00006F083F90028E1D125600998014605F0FBFC04460B98014605F0F6FC214604F0ED
:2038C000DAFB04460A98014605F0EEFC214604F0D2FB494904F0CFFB484C204048490D787F
:2038E000484906F062F9002824D0002D22D00C982040079906F059F900281BD0244C0198A3
:20390000214605F0D1FC049904F0B5FB254908600298214605F0C8FC059904F0ACFB234908
:2039200008600398214605F0BFFC069904F0A3FB2049086011B0F0BD1549284605F0B4FC8C
:20394000144908601449284605F0AEFC0446002106F034F90028EDD179E6C0468E3D202054
:2039600074B60000903D2020583D20206C3D20200000A042400D03000000FA430BD7233CA2
:203980000000204100504347CDCC4C3D000048426F12833A5C3D2020BD3786353C3B2020C3
:2039A00033338341443D2020603D2020483D2020643D20204C3D2020683D2020703D2020FE
:2039C000743D2020783D20200000FAC3403D2020543D20201904963F0000A0400000A0C084
:2039E000803D2020843D2020000034430000B4C3000034C30000B443000080BFFFFFFF7F32
:203A00008D3D20209A99993EF0B58FB00646D54FF87C062801D3002200E00122831E591E8B
:203A20008B41441F611E8C417021795C234200D0DDE0002900D1DAE00126B86EF96E081A29
:203A400006F05AFEC94905F02FFCC94905F0F8FC06F0D2FB02460B46C64908AD284606F067
:203A60009DFC0020039002F041F9287804900224CE4D07E0284604F0A1FE03240798C007E4
:203A800000D16DE107960EA9039F0F702120487002262846324604F0BFFB0EA90F704F70E8
:203AA0002846324604F0B8FB0EA90F707F2048702846324604F0B0FB0EA90F702220487037
:203AC0002846324604F0A8FB0EA90F704C702846324604F0A1FB0EA90F704C702846324629
:203AE00004F09AFB284604F005FE287A4006010E284602F0CDF940212846069102F0C8F9A2
:203B00000498002857D00024049805942E4601467F39C9B2A129059D01D320380546600828
:203B20000627394606F048FBE8B27843A04A1018405C0799C90716D0012101404A00830710
:203B4000DB0F9D00AA18DB00D2184307DB0F1D0152195B01D218C308C000069D2840101896
:203B6000DA01024315E0C106C90F4A008306DB0F9D005219DB00D2184306DB0F1D0152194B
:203B80005B01D2184308069D2B40D318802202401A430A43D1B23546304602F079F9671CB2
:203BA0000C21384606F008FB08A9762C03D8085C00283C46AAD100262846314602F068F94C
:203BC000781C40B2002800D554E70021284602F05FF9B81C40B2002800D54BE700212846CA
:203BE00002F056F9FF1C78B20028E4D542E704280ED10796BA6E0026002A304628D0481E41
:203C00000D4685413B680020934214D2044613E03F2318403423C3401A4009D0B86E00293A
:203C20004ED0FA6E002A4BD0002849D0101A51E04D49002061E001242543012D08D1002969
:203C400000D0FB6E981A06F057FD484905F02CFB474905F0F5FB06F0CFFA02460B464D491F
:203C600008AD284606F09AFB3046294603F0E6F86B208000381807F092F806F0BDFA02460F
:203C80000B464548009601904449284606F086FB0220294603F0D2F8C220385C002801D0F0
:203CA000404A00E03E4A079C3F49284606F076FB0420294603F0C2F8002C42D1324C41E0F4
:203CC0004A1E9141424242410A4301D0002001E03968081A06F010FD244905F0E5FA244910
:203CE00005F0AEFB06F088FA02460B46214908AD284606F053FB0020294603F09FF8FA7CB5
:203D0000552080003B5C1C4908AD284606F046FB0220294603F092F8FF203830385C002807
:203D200001D0174A00E0154A2520C0003B5C1549284606F033FB0420294603F07FF8002E5B
:203D4000BCD0124C386B06F057FA0090019110492846224606F022FB0620294603F06EF83D
:203D60000FB0F0BD40382020ADB800000000204100007A4418B9000022B8000090B90000A7
:203D800098B90000C5B8000087B9000094B90000B9B800007DB8000000C0624080B7000089
:203DA00078B900009BB900003AB900001C3B2020B0AD0000F0B581B001242D2006F04CFD10
:203DC000CD4D297888421AD1A97802291AD84A1CAA706978431A59425941032A224600D1DC
:203DE0000A46002A0ED16870002800D1EAE0287A002801D10120A8710020A88002E0287037
:203E00000020A8706878002809D1A888632806D8401CA880642802D10120E87128723720A1
:203E200006F01AFDA97A88421AD1297B02291AD84A1C2A73E97A431A59425941032A22464F
:203E400000D10A46002A0ED1E872002800D1BDE0A87C002801D1012028740020E88102E002
:203E6000A87200202873E87A002809D1E889632806D8401CE881642802D101206874A874F2
:203E80003A2006F0E9FC297D88421AD1A97D02291AD84A1CAA75697D431A59425941032A25
:203EA000224600D10A46002A0ED16875002800D190E0287F002801D10120A876002028837F
:203EC00002E028750020A875687D002809D1288B632806D8401C2883642802D10120E8763E
:203EE00028773B2006F0B8FCA97F88421CD120216A5C022A1CD8521C6A54E97F431A59428C
:203F00005941032A224600D10A46002A10D1E877002863D02620285C002802D12420012161
:203F200029540020688403E0A877202000212954E87F00280BD1688C632808D8401C688406
:203F4000642804D12520012129542620295425216A5C00206854002A05D12422AB5C002103
:203F6000A954002B14D065490A78012A06D108706449087064490C7001B0F0BD604A1470B1
:203F800008706049087060480470FA2001B0F0BD5B48007800280ED0584F3978A879002634
:203FA000AE7101291FD100282CD05C480178002926D0491E25E0A87EA97600281BD0FB2089
:203FC00001B0F0BD0020A88028721BE70020E881A87448E700202883287775E700206884F9
:203FE00026216854A4E7002840D048480078002825D0431E24E0A9712974084601B0F0BD0E
:2040000003210170287C00262E74002805D043480178491C03220A400270A87EAE760028E6
:204020005AD0384908783D4A12783B4B1A700E7033490E703E7034490E7001B0F0BD07238B
:2040400033480078D9B281420A4600D30246171D81422E48037001D38F4204D88F4200D8AA
:20406000DA1E2B48027028480470244F287C2E7400281AD025490878401C07230340244891
:20408000027893421F4600D31746381D93420B7002D3C1B2994205D8C0B2984200D8DF1E76
:2040A0001B48077018480470144FA87EAE76002814D016480078C0001649085C062812D828
:2040C00001218140742211420DD00E49087012480078124908703C700B48047001F034FD2E
:2040E000304601B0F0BD0021054A11703970064A117001B0F0BDC046C03A2020A73B2020C1
:204100009C3B20209F3B2020A13B2020A63B2020983B2020E8B30000893D20208F3D202071
:20412000F0B585B0AA480078012800D04EE1A94880690321C9024058A7490A78002A1DD029
:20414000A6490A68002A1FD0841A0860A4480460204606F0D1FA0646A24905F071F9054687
:20416000A148844200D83546A04C2846214605F01CFD002810D09E4D9E4816E001220A7002
:204180009649086005B0F0BD08609548002101609D48016005B0F0BD9749284605F020FDA7
:2041A000002800D101E1954D954897490860019502949748432103AF06233A4602F062FC03
:2041C000039800027978401800B206F08FF8914C214605F035F99049096803F047FF064694
:2041E0008E480660B8780002F978401800B206F07DF8214605F024F98949096803F036FF87
:20420000054688480560049800027979401800B206F06CF8214605F013F98349096803F092
:2042200025FF0746814807608148046881480168284605F039F805463046214605F034F899
:20424000294603F018FF04467B480168384605F02BF8214603F00FFF07460120C1073846BD
:2042600088437D21C90505F0A0FC002500282E4600D13E4630465D4905F0B2FC04466F4F99
:204280003046394605F091FC002800D13746002C00D102976A48029F07606A4E3468204627
:2042A000294605F079FC05462046394603F0E3FE3F21090604F0F8FF002D394600D1014603
:2042C000019804F0F1FF37605F4904F0EDFF04465E4D294605F084FC07465D4E2046314694
:2042E00005F063FC002800D12646002F00D13546584F3868294603F0BEFE04463860564E9F
:204300003068294603F0B7FE30605449204605F067FC002820D0524D504E2046294603F0E6
:20432000AAFE0446314605F05BFC002813D02046294603F0A0FE0446314605F051FC00282C
:2043400009D02046294603F096FE0446314605F047FC0028E1D13C604249204605F025FCB2
:20436000002833D0404D3F4E2046294603F083FE0446314605F019FC002813D02046294604
:2043800003F079FE0446314605F00FFC002809D02046294603F06FFE0446314605F005FC05
:2043A0000028E1D13C6005B0F0BD1649284604F07BFF154908601549284604F075FF0546A5
:2043C000002105F0FBFB002800D1F0E605B0F0BD8E3D202074B60000903D2020583D202089
:2043E0006C3D20200000A042400D03000000FA430BD7233C0000204100504347CDCC4C3DC7
:20440000000048426F12833A5C3D2020BD3786353C3B202033338341443D2020603D2020CD
:20442000483D2020643D20204C3D2020683D2020703D2020743D2020783D20200000FAC398
:20444000403D2020543D20201904963F0000A0400000A0C0803D2020843D20200000344327
:204460000000B4C3000034C30000B443F0B591B00F90012548000D90400D5C00670D594091
:204480001095EE070E40AB494D1E44198C4200D203E17C198C4200D2FFE0049610990C058C
:2044A000611E00910B400025E9430E91A449019423430C93C01B40180290401C0390D002A4
:2044C0000A90500DD9020B9247189E48C41B3846294622462B4606F059F9484229462246DA
:2044E0002B4606F053F94900C00F4418204629463A462B4606F04AF94A42204629462B46C4
:2045000006F044F94900C00F4418204629463A462B4606F03BF94A42204629462B4606F03C
:2045200035F94900C00F4018441E3846294622462B4606F02BF906460F460A982946224681
:204540002B4606F023F970186F411099081A0A902A46BA41204629462B4606F017F9C20FB3
:2045600049008918099146000A98294622462B4606F00CF94A00C00F8018CF0F341809990F
:204580004F41E13C0994AF410F9AD00F0D9909180691520008920E98401E0D902E46AE410B
:2045A00008463040034607902046294606F0EEF80A910698C043614AD1430143521A05926A
:2045C0002C466C4109982946234606F0DFF80690099138462946089A079B06F0D7F80890B8
:2045E000079138462946059A234606F0CFF805900A9A069BD0182B466B41079F3E400D9CC5
:20460000089A224082185E41059838186941099A80186941841969410E98401C4748684160
:2046200081424BD2002201988142109800D310460F9B01D3039A029281401F2242406708A9
:20464000D7400F4384405E05204639460B9A0C9B06F09CF840428E4102994A1E3449491ED7
:204660008A423EDC012A48DB00990F401205C10F73005B1840001099214040183A43049995
:204680000A430021651C51410B9E301A0C98984100D3254644D3114642E0002F28D02449C7
:2046A0008F4204D0002823D0884200D0F5E62248064300253146284611B0F0BD6008CA0761
:2046C00084184F080F980605204639460B9A0C9B06F05CF840428E41039A1549491E8A423B
:2046E000C0DD1548049901430025284611B0F0BD00252946284611B0F0BD002A13D10E99B9
:204700004C400E494F4027430DD1019A56403043294605D1049911430025284611B0F0BD04
:20472000284611B0F0BD2946284611B0F0BDC046FF07000002F8FFFF0000F07FFFFF1F00C2
:20474000FE03000033F30475F0B5D9B01C4603920F46029058A80026068057A8068056AD79
:204760002E8055A8068054A80680084606F042F828808F4D2888002802D08E4800688047D5
:204780008D480078002800D10DE1288800283CD08A48036854A801884A1C02803046029A45
:2047A0009847384606F026F856A90880844800888449097805F000FD55A90880384606F073
:2047C00019F8381857A90E800988012913D9421C56A8805F002827D4521C2AE05799491C18
:2047E00057AA11805699491E56AA118057A90988401E0229EBD256A9895F0029E7D4017825
:204800005C29EBD02F29E9D0ECE70120010214A806F0DBF8704E316802988847002C00D10E
:20482000B8E000946D49B6E057A80088002800D1BBE0654914A805F0B1FD58A806800588C5
:2048400014E057A8008804AA16545C4803686048007854994D1C54AF3D80484381B230464C
:2048600098475898401C58A908800D8814A805F0C1FF55A9895F05F09FFC401CA84228D9C1
:2048800057A80680008855A9895F8842D9DA14A805F0B0FF57A9098858AA128855AB9B5F21
:2048A000534359188842CCD357A90A8858AB1B8855AFBD5F5D4314AB5B199A5C0B8804AD23
:2048C000EA54579A521C0A800988BA5F9142E1DBB7E7404914AE3046039A05F05FFD3748AC
:2048E00003683B48007854994A1C54AD2A80484381B20025284632469847002C53D058A85D
:204900000580068814E057A8008804AA15542B4803682F48007854994E1C54AF3E80484382
:2049200081B2284698475898401C58A908800E88204605F05FFF55A9495F05F03DFC401CA3
:20494000B04230D957A80580008855A9495F8842D9DA204605F04EFF57A9098858AA128858
:2049600055AB5B5F534359188842CCD357A90A8858AB1B8855AE775F5F43E3199A5C0B88D5
:2049800004AFFA54579A521C0A800988725F9142E2DBB8E7124914A83A46039B05F0FEFC78
:2049A000316814A8884759B0F0BD084942E7C046943B2020683B2020923D2020643B2020BD
:2049C0001A3B2020963B20200FB900003CB80000973B202021B90000603B202090B6000068
:2049E000C2B60000F0B587B09F4C0727B9010497204605F0EAFF9D487F210391C905206248
:204A0000616203F09FFF04F07BFB0026304604F0A9FE55208000201806F056F830201024AC
:204A20001125214632462B4602F0B6FE01220592384621462B4602F0AFFE04F0CBFA04F0EE
:204A400015FB894C2046883006F07AF82046A43006F076F804F052FE2046C83005F0D2F9EB
:204A60003320C000201806F009F96B208000201806F019F900F04CFA1C2000907C4F3C217E
:204A80000A221F23384604F09BFF642003F014FA06A90E70AE204870022538462A4603F05C
:204AA000BBFB06A90E70D520487038462A4603F0B3FB06A90E7080200290487038462A46D2
:204AC00003F0AAFB06A90E70A820487038462A4603F0A2FB06A90E703F20487038462A46E1
:204AE00003F09AFB06A90E70D320487038462A4603F092FB06A90E704E7038462A4603F01C
:204B00008BFB06A90E7040200190487038462A4603F082FB06A90E708D20487038462A465B
:204B200003F07AFB06A90E701420487038462A4603F072FB06A90E702020487038462A4693
:204B400003F06AFB06A90E704E7038462A4603F063FB06A90E70A120487038462A4603F04C
:204B60005BFB06A90E70C8244C7038462A4603F053FB06A90E70DA20487038462A4603F01B
:204B80004BFB06A90E701220487038462A4603F043FB06A90E708120487038462A4603F032
:204BA0003BFB06A90E700398487038462A4603F033FB06A90E70D920487038462A4603F071
:204BC0002BFB06A90E70F120487038462A4603F023FB06A90E70DB20487038462A4603F0F9
:204BE0001BFB06A90E700198487038462A4603F013FB06A90E70A420487038462A4603F0A8
:204C00000BFB06A90E70A620487038462A4603F003FB06A90E70AF20487038462A4603F06F
:204C2000FBFA304601F062F81248134903F08AFA049D2846314605F00FFD204603F03CF97C
:204C40002846059C214605F007FD304606F06CF8054D02996850204606F066F88421685059
:204C600000F072FF07B0F0BD40382020000040411C3B2020ED5C00003D6E0000F0B58BB0CB
:204C800093490978012900D01FE1002801D17D20800002900027059706973C463E463D462B
:204CA000049703963B2107AE0E238A48324601F0E9FE079800027178401800B2049909180A
:204CC0000491B0780002F178401800B2059909180591089800027179401800B206990918F7
:204CE000069109980002717A401800B23F18B07A0002F17A401800B22D180A980002717BB8
:204D0000039E401800B23618042003F0D5F8641CA0B202998842C4D301970395049805F027
:204D2000E5FA0446029805F0E7FC05462046294604F086FB0746059805F0D8FA294604F02F
:204D40007FFB0446069805F0D1FA0695294604F077FB054620460494214604F0A5FA044634
:204D600038460597394604F09FFA214603F083F904462846294604F097FA214603F07BF9BD
:204D800007467F20C4053846214604F029FF00285DD07120C105384604F086FA8D21C90543
:204DA00003F069F93F210C06214604F07DFA029505463846294604F043FB0146284603F0B1
:204DC0005AF9214604F070FA05463846294604F037FB0146284603F04EF9214604F064FAB5
:204DE00005463846294604F02BFB0146284603F042F9214604F058FA05463846294604F0A5
:204E00001FFB0146284603F036F9214604F04CFA05463846294604F013FB0146284603F01E
:204E20002AF9214604F040FA04460598214604F007FB294908600498214604F001FB274939
:204E400008600298214604F0FBFA044604E022480021016021480160039D019820490C600E
:204E600005F044FA069F394604F0EAFA1D4C214604F0E6FA1C490860284605F037FA39467F
:204E800004F0DEFA214604F0DBFA18490860304605F02CFA394604F0D3FA214604F0D0FA57
:204EA0001349086013480021016013480160134801601348017013480121017012488069DC
:204EC0000321C9024058114908600BB0F0BDC0468E3D20203C3B2020703D2020743D20207B
:204EE000783D202033338341443D2020483D20204C3D2020803D2020403D2020543D2020B9
:204F0000903D20208D3D202074B60000583D2020F0B583B002A80027077000978E4D682160
:204F20000A220123284604F04BFD642002F0C4FF752102AE012428463246234601F0A2FDF4
:204F40003078682800D1B6E0702800D1B3E0284603F034FC142002F0AFFF752102AE0123E7
:204F60002846324601F08EFD3078682800D1A2E0702800D19FE0284603F020FC142002F0B9
:204F80009BFF752102AE01232846324601F07AFD3078682800D18EE0702800D18BE0284606
:204FA00003F00CFC142002F087FF752102AE01232846324601F066FD307868287BD070288B
:204FC00079D0284603F0FAFB142002F075FF752102AE01232846324601F054FD30786828CE
:204FE00069D0702867D0284603F0E8FB142002F063FF752102AE01232846324601F042FD5D
:205000003078682857D0702855D0284603F0D6FB142002F051FF752102AE0123284632467C
:2050200001F030FD3078682845D0702843D0284603F0C4FB142002F03FFF752102AE01236C
:205040002846324601F01EFD3078682833D0702831D0284603F0B2FB142002F02DFF752194
:2050600002AE01232846324601F00CFD3078682821D070281FD0284603F0A0FB142002F0AA
:205080001BFF752102AE01232846324601F0FAFC307868280FD070280DD0284603F08EFB49
:2050A000142002F009FF38460A300A2F074600D23EE702A80078682801D0702842D1264EEB
:2050C0006B213046224604F0F3FF322002F0F4FE19210722304604F0EBFF1A2103273046B8
:2050E0003A4604F0E5FF1B211822304604F0E0FF1C21002530462A4604F0DAFF06263046E2
:20510000214603F0BDFB304605F03CFC13488069F9024058124908601248047012480570A3
:20512000124805601248056012480560124805601248056012480560124805601248057067
:2051400003B0F0BD074800210170074801700C48016003B0F0BDC0463C3B202074B6000052
:20516000583D20208E3D20208D3D2020443D2020483D20204C3D2020803D2020843D2020F8
:20518000403D2020543D2020903D2020F0B585B00492002800D114E10F46002900D110E1D6
:2051A0001C4605460126184600F042FF297AB87D002902D0E97988420BD001212972E8719C
:2051C000387C6978884204D1787CE978461A701E8641287804282DD003281CD0012800D0B8
:2051E000BDE0002E07D1787D402804D1B87C002801D1012068716879002829D06878801F31
:205200000226F143884203D305F028FD00281FD02E70EC60A3E0002E05D1787D412802D1BF
:20522000B87C00284ED0E868201A1E2800D296E00B2091E0002E2CD1787D432823D0442856
:2052400027D1387D002800D10C20287106201FE0A869201A322800D281E0287F02282FD80E
:205260006978EA781E202B5E0A2060430026049F009701960290302004F03CFFAC61287F9B
:20528000401C28776BE06878032802D06C61052028706878811F0222D24391424CD3039221
:2052A000397E0022002914D03978814211D17878E97888420DD17889972809D3002208E013
:2052C0000A2049E00120A87104202870EC6046E001222E462036304639462346FDF7F4FAE6
:2052E000304605F076FC002807D03A20285C1430287106262E70039A1EE03C20285E214669
:2053000002F0D2F968780328039A15D12878042812D1304605F066FC039A00280CD06C6158
:20532000304605F0B9FC204603F0C6FC05260028E0D105F04FF8DDE76878801F904207D303
:2053400005F084FC002803D01E20287106202870F87D002803D11F202871062028702878A1
:20536000411EC9B202290FD86978891F0222D243914214D305F06AFC002804D01E20287197
:205380000620287002E02878062806D105F022F82846203005F080FC2878002811D0A969CF
:2053A000611A14290DD36978EA781E23EB5E0A266643049F009701900296332004F09AFE6D
:2053C000AC6105B0F0BDFEE7F0B5A5B0059308920D46074600260A967A4C3246234604F04C
:2053E000BFFB002800D12C46354600D13D46284621463246334604F0A1FB4642464100282C
:2054000007D10AAA2846214604F06AFB0A98401E0A900898007B0BAF412801D06B4800E096
:20542000694809900898806801903020049038700022284621460292134604F088FB012100
:20544000002801D0C80744400391781C0790002E0DD024AA2846214604F042FB2498012184
:205460000A1A2846214602F0B9FC05460C462846214604F06BFD0646079904F0E7FB069066
:20548000304605F0A9F802460B462846214600F099FE04460D460198471C20D30798069941
:2054A0004618002220462946134604F047FB002848D1002220462946454B05F05BFC0446AA
:2054C0000D4604F043FD0999095C771C317005F083F805F034FC04460D463E46E1E70BA8D9
:2054E00006994618002F16D07F1E002220462946374B05F03FFC04460D4604F027FD0999FD
:20550000095C3246761C517005F066F805F017FC04460D46E6E73178099C204605F074FB7E
:20552000001B08280EDB0196741E089D029F099E2178304605F068FB801B0E2805DD277070
:20554000641EF5E7089D029F04E00999081840782070019E37700A98297B4129059C01D051
:20556000702100E05021069E079F224604F09EFCAA68501C04D1384605F0A3FB421EAA603B
:2055800038463146234604F0F7FFA8680028039A02D128680007C20F38463146234604F061
:2055A00015F9287B412801D0782000E0582021684A1E226008702068411E216004990170AF
:2055C00025B0F0BD0000F0FFFEB600000FB7000000003040F0B5A3B01E460F4604460392E0
:2055E0009168002903D0002904D5062100E001210398816007910AA8302108910170002248
:20560000204639460992134604F0A1FA01210028049101D0C8074740634D20463946614ADC
:205620002B4604F0AFFA00280BD00022204639465F4B05F09BFB04460F460998401C0990E8
:20564000EBE70025204639462A462B4604F076FA002813D1002220463946544B04F077FA12
:2056600000280BD0002220463946514B05F082FB04460F460998401E0990E3E702960AA8C7
:20568000461C2046394604F061FC0596314604F0DDFA07998842019004DD481C0AA90B187F
:2056A000085C20E0C9430E180AA90B180793581C06902046394604F049FC04F08DFF0246F4
:2056C0000B462046394600F07DFD0022384B05F051FB04460F4604F039FC069B30300799DB
:2056E0004870761CE2D3C0B23528029E039F0DD3581E0178491CCAB201703A2A03D33021EE
:205700000170401EF5E70AA9884241D0099801990C181D700220C043844202DBB8688442B6
:2057200007DD601E397B891EC9B2324604F0BEFB0124059805F0C5FA401E0499A0421ADBC4
:205740000028089A01D4059A125C1346303B5D1EAB41C9431943C90705D13978090702D4CD
:205760000025049905E031684B1E33600A7001250021401EE2E73868082202402A43501E1E
:20578000824105982146334604F020F823B0F0BD581E00210170099801990818441C0AA8C8
:2057A0000590B7E70000C0FFFFFFDF410000F03F00002440F0B58DB00792089000220126EA
:2057C0000B9149004F0D5900490D0C91694C651E09977919A142314600D31146F7070A97AF
:2057E0001F460B9847400C984519A542344600D314465F4D0A980740214301290AD10C98E8
:20580000002800D184E0A8427BD0099800287FD0A84276D00096069700260125079A500D31
:20582000D90208180590D00203903146089C2246334604F0ABFF049007910195EF07059884
:205840000743384631462246334604F09FFF089005910B98C0434949CA4302438A1A0292A6
:205860003446744103983146234604F08FFF05460B913846049F3146029A234604F086FFFF
:205880003F4A17401540079AAA18334673410B9C20187141059C00197141089C12195841DE
:2058A0007141099B0C9CE318CC0221D4354C1B19C40F490009194000D40F0019FC0F5200A0
:2058C00012197D002A4C641EA342069F19DC019C2405002B21DD641E21401B050B4319460A
:2058E00039436B420A9C2346934126D2401C2AE0244C1B195B1C1E4C3D46641EA342069F2A
:20590000E5DD1D4807430026394630460DB0F0BD0026314630460DB0F0BD1B4D6940C04300
:20592000002A15DB0843002B009916D0002817D0009800283146E8D117E06240154303D194
:20594000019A024080187141064630460DB0F0BD01960843002B0099E8D101990028E7D11B
:205960000091009800283146CFD12743CBE7C046FF07000002F8FFFF0000F07FFFFF0F0023
:2059800000F8FFFF01FCFFFFFFFF1F00F0B587B002910546411E88416849C32203F0F8FB9B
:2059A00028681F2241090592104001242246824088006349085895214B01C15811430193FF
:2059C000C150E86806900698411E0691002809D00698411E0691002804D00698411E069117
:2059E0000028F0D168684109059A104022468240880053490858534BC1581143C1500026C5
:205A0000072003940DE0B10044000C43287904F023FF064626430499881EC9B20129039CA4
:205A200068D0049029684A0905980140204688409100434A5158434A89180A6902430A6192
:205A4000EA680692069B5F1E0697002B09D0069B5F1E0697002B04D0069B5F1E0697002BFD
:205A6000F0D10B6803430B6006920698411E0691002809D00698411E0691002804D00698E6
:205A8000411E06910028F0D1287904F0E5FE2A68530905990A40214691409A00284B9A58A2
:205AA000284BD21813690B431361EB680693069F7C1E0694002F09D0069C671E0697002C8E
:205AC00004D0069C671E0697002CF0D114680C431460069306994A1E0692002993D006999F
:205AE0004A1E069200298ED006994A1E06920029F0D188E72868059901408C404009800023
:205B00000F490858019A815821438150E86806900698411E0691002809D00698411E069115
:205B2000002804D00698411E06910028F0D12846029902F067FFF0B207B0F0BDD1B4000000
:205B4000143D202090120000F0B587B057480078574E31780140C843564909684A424A415E
:205B60000243554F3868434243411343D80700D084E000242046884750480078012824D1A3
:205B80003A6853490020904752480078800052490B58524A01AD18262846314604F020FAC5
:205BA0003A680220294690474D4803784D4A2846314604F015FA3A68042029463C4E9047B6
:205BC0003A6849490620904757E03D480078072853D83C490978884201D0202300E03E23E1
:205BE000C0003949081840680090384A01AD1821284604F0F5F93A680020294690473048D2
:205C00000078401CC0B2072837D82E490978884201D0202300E03E23C0002B4908184068ED
:205C200000902A4A01AD1821284604F0D9F93A6802202946904722480078801CC0B207281C
:205C40001BD820490978884201D0202300E03E23C0001D490818406800901C4A01AD18217D
:205C6000284604F0BDF93A6804202946904714480078C01CC0B2072802D9347007B0F0BDCC
:205C800010490978884201D0202300E03E23C0000D490818406800900C4A01AD18212846F2
:205CA00004F09EF93A68062029468CE79C3B2020A13B2020583B2020903B2020A73B20207C
:205CC000983B2020A63B2020E8B3000073B9000056B800008F3D202040B700007DB9000082
:205CE0009F3B202052B90000D7B60000F0B587B0044601A900270F7021204870624D0226AC
:205D00002846324602F088FA02A90F704F702846324602F081FA03A90F707F2048702846FD
:205D2000324602F079FA04A90F70222048702846324602F071FA05A90F704F70284632464B
:205D400002F06AFA06A90F70072048702846324602F062FA284602F0CDFC287A4006010E8C
:205D6000284600F095F84021284600F091F82846214600F08DF82846214600F089F82846F2
:205D8000214600F085F82846214600F081F82846214600F07DF82846214600F079F8284613
:205DA000214600F075F82846214600F071F82846214600F06DF82846214600F069F8284633
:205DC000214600F065F82846214600F061F82846214600F05DF82846214600F059F8284653
:205DE000214600F055F82846214600F051F82846214600F04DF82846214600F049F8284673
:205E0000214600F045F82846214600F041F82846214600F03DF82846214600F039F8284692
:205E2000214600F035F82846214600F031F82846214600F02DF82846214600F029F82846B2
:205E4000214600F025F82846214600F021F82846214600F01DF82846214600F019F82846D2
:205E6000214600F015F81F263E432846214600F00FF820370548864200D278E7024802F053
:205E80009DFC07B0F0BDC0461C3B2020FF030000F0B587B001910646411E88416249A8220F
:205EA00003F076F98020009602E0800800D1B1E00199084201D05B4901E05A4910310290CE
:205EC00073681F225D091340012703979F40AB005648C3585D583D435D50F5686B0806939D
:205EE00006994F1E0697002909D006994F1E0697002904D006994F1E06970029F0D1316825
:205F00004E091140039F8F40B100484846584548311834583C4334500595059C651E0595CC
:205F2000002C09D0059C651E0595002C04D0059C651E0595002CF0D10C693C430C610493FB
:205F4000029804994B1E0493002909D004994B1E0493002904D004994B1E04930029F0D1E7
:205F60004408009E73685909890030484158019D2C4201D02B4D01E02A4D10351340039C7C
:205F80009C404B5923434B51F5686B08069306994C1E0694002909D006994C1E06940029A5
:205FA00004D006994C1E06940029F0D131680A40039F9740490989001C48425819481118C1
:205FC00014583C4314500595059A541E0594002A09D0059A541E0594002A04D0059A541E72
:205FE0000594002AF0D10A693A430A610493029804994A1E0492002900D156E704994A1EBA
:206000000492002900D150E704994A1E04920029EED14AE7304601F035FC0399484007B092
:20602000F0BDC04690120000D1B40000143D2020F0B587B0029055480078554E3178401ACC
:206040008006000F00D184E003A8801D0190514C09E0781C084030704C4800783178401A8C
:206060008006000F75D03078235C3078401C3F210840205C3278921C0A40A25C3578ED1CA1
:206080000D40655D3778012BE3D16B2DE1D13B1D0B40337040490A709F2ADDD0022A2DD12F
:2060A0003E4A1168491C116000223D490A703D490978814201D13B490A703B490978F3282D
:2060C00037D1012935D13A48039003A9394888800198C27082704270027002274F816B20D9
:2060E000087301200D2201F043FCFD202D4908700298314908603149086027E0304A116842
:20610000491C116026490978FF2906D04A1C244B1A70012901D8002100E00121214A127841
:20612000824202D100201F4A1070002994D005270CE0FD2805D1022903D11C48028004270F
:2061400004E0FD2888D1032986D104271648077082E714480178002916D017490968029AA0
:20616000511A0C2910D30021017015480168491C01600B490878FF2803D0421C0A700228AE
:2061800002D309480521017007B0F0BDA33B2020A53B2020803A2020993B2020543B2020C3
:2061A000513B20209E3B2020A83B2020523B202001FD00001E640000883B20207C3B202090
:2061C0006C3B2020FCB40124E407634002E0FCB40124E40708B41D03ED08D60D354356024F
:2061E0005F007F0D06D12C00344300D0AEE001B0FCBC7047A408254307242402FF34A7423B
:2062000005D10020190D090501B0FCBC7047002B03D50024A61BAC4125000B03DB08C20D7A
:20622000134342024800400D07D11C00144300D08CE00EBC1000F0BC704701246407234375
:2062400007242402FF34A04205D10020090D090501B0FCBC7047002903D50024A21A9C41E0
:206260002300C11B08D51C002B0025001400320026000024611A3800362925D502B4393912
:2062800049420C00203C03D22F008F40374301E03700A740002F01D040210E4302BC202906
:2062A0000BD500290ED04C42203420B4A5402C0020BC0D41CE40361904E000292E000D4120
:2062C00020390E4192196B411C0014433ED00024002B04D5012400218A1A99410B00401EE9
:2062E00052005B41FBD50121890215000D400CD0521800277B4101D3401C0BE00721C9019B
:2063000015000D4001D189008A43072109028A4352005B41801C19DD07210902FF31884246
:2063200009D30EBC0020C90F0902FF31C900C91D0905F0BC7047190B00050143E4072143A8
:206340001805120B104301B0FCBC70470021002001B0FCBC70477047F0B587B00393049270
:206360000690006801F082FE0746594903F038FC00281FD0574C564D3846214601F07BFEEC
:206380000746294603F02CFC002813D03846214601F071FE0746294603F022FC002809D008
:2063A0003846214601F067FE0746294603F018FC0028E1D10F9D0E9805904749384603F01D
:2063C000F4FB00281FD0454C434E3846214601F052FE0746314603F0E8FB002813D038464C
:2063E000214601F048FE0746314603F0DEFB002809D03846214601F03EFE0746314603F0A5
:20640000D4FB0028E1D106984760C46838460295294602F049FF214601F02DFE0646059C34
:20642000214603F0DDFB05460120C007019044403046214603F0B9FB002800D13446002DBE
:20644000059E00D126460D9805900C9800900698C6608168384601F009FE05462049029C79
:20646000204603F0BDFB002800D11E4C2846214602F0E6FF0546069887600398314602F028
:2064800013FF06460498394602F00EFF314601F0F2FD06460098294602F006FF314601F07B
:2064A000EAFD0546059F394603F09AFB0646019C7C402846214603F078FB002800D12C46B4
:2064C000002E00D1274606980761384607B0F0BD000034430000B4C3000034C30000B4438C
:2064E0006F12833A0AD7233CF0B587B01C4606900E9D0C9805900D9E0846114601F0B6FD72
:20650000074630460494214602F0CEFE064605980597394602F0C8FE314601F0A7FD0646E7
:2065200001200190C0072C46029044403046214603F03BFB07463046294603F051FB0028BB
:20654000039500D13546002F00D12C46474E059D2846304041210F06394603F038FB00288C
:206560002DD0049806403046394603F027FB002825D0109F2846214602F096FE002103F0F7
:206580002FFB411E8841069A117E00291ED0002819D00498294602F087FE002103F020FBA1
:2065A000069A002807D08120C105304603F00FFB069A002807D11069401C10610FE0069AED
:2065C000107E00282DD0002010762BE0002828D01069401C1061B84225D301991176C01B03
:2065E00004F08AF8224902F05FFE05460021059803F0F6FA002819D01E49284601F03BFD70
:2066000005462046294603F0EBFA0028039E0AD12846314603F0E4FA002800D12E46344641
:2066200001E000201061204607B0F0BD0F98294601F021FD0746002103F0B7FA064638461D
:20664000039D294603F0CCFA002800D13D46002E02D10298454000E0029D2046294603F08F
:20666000A4FA0028DFD12C46DDE7C046FFFFFF7FCCCCCC3CCDCC0C40F0B585B00C460546F0
:2066800000260846314603F087FA00282ED104942C6800272046394603F0A2FA411E884185
:2066A0000390049839462746049C03F07EFA002805D00021384603F093FA002816D13C4607
:2066C00000272046394603F070FA411E88410290049839462746049C03F082FA00280DD0FB
:2066E0000021384603F061FA002807D06E60AE60EE602E616E612C6005B0F0BD0021384699
:2067000003F065FA0121CE07002800D177407F20C1053846019103F063FA0028EBD00021B7
:20672000204603F054FA0028214601D121467140384601F09BFC07463F200106384603F00F
:2067400046FA0028D7D00096412006063846314603F03DFA8121C905002800D0314601D058
:20676000194E00E0174E384602F09EFD0746314603F036FA002800D13E46029800280199A2
:2067800000D10099EF680398002800D00F490846314602F089FD394601F06DFC07460C4995
:2067A00003F01EFA03900B4E3846314603F0FDF9002800D13E4603980028054800D1304630
:2067C000E86098E70000204200002043000080BF00A00C4600A00CC6F0B585B00393049284
:2067E0000446084603F082FD4D4902F05DFD4D4902F026FE6060A568294601F037FC7D2103
:20680000C90502F051FD294601F035FC0746A060256800262846314603F0BEF9002806D04C
:20682000201D066046608660C660066175E00A98019002952846394601F018FC05462669B1
:20684000314601F013FC00900398294602F02CFD07460498009902F027FD394601F00BFCFD
:20686000074630460396314601F005FC01460495284601F0FBFB616901F0FDFB014601988B
:2068800002F012FD394601F0F6FB0146E06801F0F2FB0646244903F0A3F90746234D3046AE
:2068A000294603F082F9002800D13546002F1E4900D129460191E160049820610398606165
:2068C0000026029D2846314603F08AF907462846314603F06AF9002800D01548002F124E2C
:2068E00001D07F20C005114FA16902F0DDFC019901F0C1FB0446314603F072F90546204617
:20690000394603F052F9002800D12746002D00D13E46304603F07AFD0646304605B0F0BDCE
:2069200000606A4700683F4700A00C4600A00CC6000080BFF0B585B0144601910490000358
:20694000060F0321304604F00FF84549642202F01FFC00270125434803948442284600D3F6
:20696000384666223E4902F013FC304603F0EEFF0499C8B209040A0F1021132302F0DAFCC7
:20698000B00039490C583949112222206050022E3748034600D0374B12022903052E00D02D
:2069A0001846324BE3180293A51861180091019903F002FC062E3E4613D0020C070E0190CB
:2069C000000205D0791C104603F0F6FB064607E07F1EF8B2411C104603F0EEFB0646FF3687
:2069E0000198FFB2791C03F0E7FBF6B2711C03F0E3FB401E0821009A91601760EE60029F65
:206A000078600498010D0F2008400126324682402B6813432B60012808D8812189054143EB
:206A20008200A218154BD15013490BE080054A07801831408A00A218104BD0500E4A083222
:206A400008461146611880000D4A0A500498039902F0DEF838683043386005B0F0BDC046D4
:206A6000D8B500001127000074B6000004180000005A620200B4C404701800003018000001
:206A800001040000F0B587B01C46164606910546411E88414C494D4F3A4602F079FB711EA7
:206AA00004968E417A1C3046474902F071FB284601F020FE287A4006010E2846FFF7E8F9BA
:206AC00028460699FFF7E4F9284601F013FE287A4000401CC1B22846FFF7DAF92A46002CE2
:206AE0006CD01546601E032103F066FB491C0020032900D0084602D12746049932E06142A8
:206B000003910121091A029140420190022600942746049880190590811E06910398841995
:206B2000601E414241412846FEF730FF0599491E069A107002988019022811D0BF1E069169
:206B4000614261412846FEF721FF06990870B61C019880190228DCD104988019811E00E0C7
:206B60007F1E009C032C2A4628D3B81E0690781E0590F81E0490002603978D190598801B63
:206B80000F464142414110461446FEF7FFFEB8550698801B414241412046FEF7F7FE687086
:206BA0000498801B414241412046FEF7EFFE22463946A870039FF61CB742DED1104601F0AF
:206BC000FDFD07B0F0BDC046D1B40000FF010000F0B585B01D46164630210290009101704E
:206BE0000024104619462246234602F0B0FF002802D00120C00745400B9801900A98049079
:206C00003E4F304629463C4A3B4602F0BBFF002809D00022304629463A4B04F0A7F80646E3
:206C20000D46641CEDE70027304629463A463B4602F084FF002811D1002230462946304B9F
:206C400002F085FF002809D00022304629462D4B04F090F806460D46641EE5E70298401CDF
:206C600003900498001904903046294603F06EF9039902F0EBFF039909180019019A1060A0
:206C80000498441C012C1ADB04913046294603F05DF903F0A1FC02460B4630462946FFF70F
:206CA00091FA0022174B04F065F806460D4603F04DF93030049A511C1070641EE4D1481E14
:206CC0000278352A0DD3891E009C0A78521CD3B20A703A2B02D30C70491EF6E7029A914260
:206CE00003D00770039805B0F0BD077001990868401C08600298F6E70000C0FFFFFFDF41B4
:206D00000000F03F00002440F0B5CBB0494E5020305A12903268552080003018012421462A
:206D200003F0EDF87020315C002905D1B16E002902D03168F16634540024B4737120345469
:206D400072203454304688302146FFF795FC3046A4302146FFF790FC204603F0E5FF8021EC
:206D600070500120119003F0DFFF8421705003F003FA706BB36BF16B376C1A185218D219EC
:206D800030D00A256A43684310906B4369436F434420305A0F904620305A0E904820305AB3
:206DA0000D904A20305A0C90D220305A0B90D620305A0A90D820305A68430A9D089509906B
:206DC0000093019102970F9803900E9804900D9805900C9806900B980790174913A8109B0D
:206DE00003F0DCFA1298002807D05325705D002803D100F015FF119870554D203454B48045
:206E0000622034546420345266203454F47334747474B474F4747463B463F4633464746414
:206E2000B4643320C000301803F059FF03F000FC4BB0F0BD40382020A5B20000F0B587B012
:206E40000091044601A900260E7021204870454D022728463A4601F0DFF902A90E704E70B7
:206E600028463A4601F0D8F903A90E707F20487028463A4601F0D0F904A90E702220487014
:206E800028463A4601F0C8F905A90E704C7028463A4601F0C1F906A90E704C7028463A46FA
:206EA00001F0BAF9284601F025FC287A4006010E2846FEF7EDFF40212846FEF7E9FF009923
:206EC0000878002830D04D1C0027264C009701467F39C9B2A129009901D320380146C8B2A7
:206EE0000621414320484618415C2046FEF7D0FF71782046FEF7CCFFB1782046FEF7C8FF00
:206F0000F1782046FEF7C4FF31792046FEF7C0FF71792046FEF7BCFFBE1D2878002803D0B0
:206F20006D1C742F3746D2D30E4C00212046FEF7AFFF701C40B200280FD400212046FEF77A
:206F4000A7FFB01C40B2002807D400212046FEF79FFFF61C70B20028E7D5024801F02EFC33
:206F600007B0F0BD1C3B2020B0AD0000B0B50324002873D0002A71D00378072B6BD8C04661
:206F80007B441B795B009F44033F191F084653270024AA2962D101215AE0C17082794A40E2
:206FA000384B9A5C827115295AD3AA394A424A4102700021417181712046B0BD4170314ACA
:206FC000515C817103214CE0817082794A402D49895C8171042144E083798B4244D141781F
:206FE000117081785170C37893700179D170121DC11D044610461A4603F0C4FE00202070EB
:207000006071A0710120B0BD0024AA2926D0552933D102211CE0017182794A401949895C34
:20702000817100244471C178002910D006210FE042798318521CD5B24271D97182794A4060
:207040001049895C8171C17800248D4206D3072101702046B0BD1B2103F0B7FC2046B0BDDA
:20706000052101700020B0BDAA394A424A4102700021417181710220B0BD0024047020462E
:20708000B0BDC046F0B00000F0B58DB00246354F3878354E3178884201D10DB0F0BD012527
:2070A00008E035490868401C08602246387831788842F2D0144638782C49095C3878401CF9
:2070C0007F2202403A7007AA2948FFF74FFF032827D00228E5D001282246E7D107A800784C
:2070E000022820D12548057025490868401C08602448026007A803A9164602F09AFB0028BD
:2071000016D006980599049A039B1F4C23606260A160E0601D4806601D4805703246124EA3
:20712000C4E71449BEE713490868401C0860BDE707A801A902F074FC00280CD001A90522DE
:20714000144803F01FFE07A84178134A1170C0781249087003E007490868401C08602246A3
:20716000014EA3E7A43B2020A23B2020003A2020E83A2020703B20205C3B20209D3B202044
:20718000843B2020783B20202C3B2020743B2020193B20204C3B20209B3B20209A3B2020E1
:2071A000F0B5CBB03F4E7020325C3168002A05D1B26E002A02D0F166012232540024B47304
:2071C00055208000301803F016FD7120345472203454304688302146FFF74EFA3046A4301C
:2071E0002146FFF749FA204603F09EFD802170500120129003F098FD8421705002F0BCFF3D
:20720000622034546420345266203454706BB36BF16B376C1A185218D21930D00A256A43F1
:20722000684311906B4369436F434420305A10904620305A0F904820305A0E904A20305A55
:207240000D90D220305A0C90D620305A0B90D820305A68430B9D0895099000930191029795
:20726000109803900F9804900E9805900D9806900C9807900C4913A8119B03F08FF8502041
:20728000305A002807D05325705D002803D100F0C7FC12987055B480F4732046FCF7B4FB5F
:2072A0004BB0F0BD40382020A5B20000F0B585B01C4600910746D0B211040A0F10211323E6
:2072C00002F038F8E0B221040A0F00210423029102F030F8B8002E490C5811200602A5193D
:2072E0002C49204603F06CFC2B49204602F054FEA0590321C903884301210391C9034018AC
:2073000004960194A051032F01D0254F00E0234F009803F029FA02460B46029C20463946BA
:2073200003F024FDFF229305224603F023FD07460E4602F00BFE009003F016FA02460B463D
:2073400038463146FEF73EFF164B224603F012FD154B2246FEF73BFF02F0F8FD2969134A6E
:207360000A4000995118296169693F2291431040081868616868039A104069689143081875
:2073800068600499019B58581043585005B0F0BD30B700009EB90000FCB80000D012934137
:2073A000D0128341000050400000E03F0000FFFF70B50446002606802E2003F04DFA0128AE
:2073C00007D120780121014321706078401C6070364E212003F040FA012807D12078022194
:2073E000014321706078401C6070FA3E2025284603F032FA012807D1207804210143217017
:207400006078401C6070963E1E2003F025FA012807D120780821014321706078401C6070A9
:20742000323E362003F018FA012807D120781021014321706078401C60703236352003F02E
:207440000BFA012806D12078284320706078401C60709636322003F0FFF9012807D12078EE
:207460004021014321706078401C6070FA36392003F0F2F9012809D120788021014321705A
:207480006078401C6070AF20400036186178481E0A468241A270002904D030B202F086FCD4
:2074A000A08070BD0020A08070BDC046A2FE0000F0B59FB003930E4605460492916800298B
:2074C00002D506210498816002910024344F2846314622463B4602F043FB002800D1374683
:2074E000264600D12E46304639462246234602F025FB002820D100242A4D03F02DFC02F041
:2075000026FB002809D0002230463946264B03F031FC06460F46641EEFE7234D03F01CFC2D
:2075200002F027FB002807D003F016FC03F01EFC06460F46641CF1E7029905A800910190C3
:2075400006A832463B46FFF743FB0646059F022F049D08D1641C304603F0B3FB3018401E78
:20756000002101700127297B2046039C224602F09DFCAA6830463946234602F0FDFF3046E1
:2075800003F09FFB874203D128680007C20F00E0012230463946234602F018F91FB0F0BD79
:2075A0000000F0FF0000F03F00002440F0B5E1B015460E4602463A480178491C0170090A38
:2075C0006BD11C46709925916F9924916E9923916D9921916C991F916B991E916A992791FB
:2075E000699926916899229167992091669F002101703046289202F0FFFD1D901C912846F0
:2076000002F0FAFD1B901A91204602F0F5FD19901891384602F0F0FD179016913046214607
:2076200000F024FD02F0E8FD04460E462846394600F01CFD02F0E0FD1E9A10921F9A119249
:20764000219A1292239A1392249A1492259A1592209A0892229A09AB54C30C900D912698CC
:207660000E9027980F901D9800901C9801901B9802901A98039019980490189805901798C1
:20768000069016980790074929AC2046289A02F085FE0320214602F0DFFB61B0F0BDC04633
:2076A000A03B202098B30000F0B585B00246334803780020042B5FD1314D2B78002B5BD155
:2076C000304B1B68CB1A042B56D3C723DB439A4200DC1A46C82A00DBC8222B4B1C88131B50
:2076E000002C0CD026B214467443284C08D4D7177A40D21BF7177E40F61BB24200D3244CA0
:2077000022781CB29442144600DC1C4623B25242934200DB224613042ED0009116B230B2C2
:20772000C01331464140081A01A901240C70FD274F700022002E234600DC13468B70CA700B
:207740001E230B7164234B718A71CA71030A0B7248728A72CA726B2008730D22204600F0EC
:2077600007F92046084A1188891911802F700949009A0A6003490A6005B0F0BDA83B202055
:207780009E3B20207C3B2020523B2020883D20208C3D2020883B2020F0B581B01C46009231
:2077A0000E4607462D4D08461038414241411020184002090A407042704110432849B52238
:2077C00001F0E6FC78091F213940621E132A19D87A441279520097441009121415151515E5
:2077E0001515151515151515090B150E6D1C09E01C4A551C06E01B4D04E0002502E01B4DC0
:2078000000E0194D1A4A43011A4FFB185B5C9B00194FDD51102E10D101238B408500174E1E
:207820007559174EAB51009E002E01D0164601E016461036AF591F43AF51032C03D0042C01
:2078400002D001B0F0BD103201238B4080000B49085881581943815001B0F0BD80000400AB
:2078600082B500008000040281000600810005009012000028B4000004804240143D202029
:20788000D0120000F0B585B00446411E88413549862201F07DFC20681F264209304001257C
:2078A000294681409000304B1858304A821810690843106167683846304000958540019725
:2078C000780980001858294FC3592B43C351E36804930498451E0495002809D00498451EA7
:2078E0000495002804D00498451E04950028F0D110680843106003930398411E03910028F3
:2079000009D00398411E0391002804D00398411E03910028F0D10198C0B202F09DFF21686B
:207920000E40009DB540490989000F4A5158952252018B582B438B50E168029102994A1E75
:207940000292002909D002994A1E0292002904D002994A1E02920029F0D1411E884105B09F
:20796000F0BDC046D1B40000143D20209012000070B514460D460646491E28468841334964
:20798000592201F005FC002C38D0B0003049085830494618601E032102F00EFC481C0021C3
:2079A000032800D0014601D1204625E00022204606E09D1C5B78B361801E921C8A421BD037
:2079C0002B463568ED0705D03568ED0702D03568ED07F6D11D78B561012515438D4209D044
:2079E0003568ED07E5D03568ED07E2D03568ED07F6D1DEE75D1C401E032C05D270BDCD1CEE
:207A00008978B161C01EF9D029463268D20705D03268D20702D03268D207F6D10A78B261E1
:207A20003268D20705D03268D20702D03268D207F6D14A78B2613268D207E0D03268D20714
:207A4000DDD03268D207F6D1D9E7C046ADB5000030B7000008110000F0B583B0314F324D40
:207A6000012466023148002101602A1F10680F2101910902884380190292106028460838DA
:207A800001680322D3430B4003602868A043286028683840286010030A21224601F0FCFE78
:207AA000234800F02DF901F049FA002822D0029F3868102100910843202188433860286B72
:207AC00001990903884309210903401828631A4801F046FF3868210301433960686B009977
:207AE00008436863286B30432863002002F09CFA03B0F0BD0F4F03E001F020FA0028D6D1BC
:207B00002868084908402860286821020143296038683042F0D138683042EDD1386830427F
:207B2000F6D0E9E7FFFEFFFF08010B4008030B402CB6000004020B40E5B30000B0B50529AC
:207B40004ED8C0467944097949008F44023A1D2B0F4F81002E4A51582E4A8B580124E402B4
:207B6000A3438B502D490A5CEF2336E08100284A5158284A8B580124A5021D438D502749D6
:207B80000A5C22430A543EE08100214A5158214A8B580124E502AB438B508B58A402A34377
:207BA0008B501EE081001A4A51581A4A8B580124E4021C438C5019490A5C102313430B5421
:207BC00021E08100124A5158124A8B580124A402A3438B5011490A5CFE2313400B5400D0F0
:207BE000B0BD0D49085602F047FEB0BD8100084A5158084A8B580124E5021D438D508B58E3
:207C0000A4021C438C500449085602F069FFB0BD30B70000281000008CB900007C3D2020B4
:207C2000F0B5BBB0314D5027EA5B52202B5C642000902F4913A802F0B1FBE85B00284DD094
:207C40002C4E1736002430461738006812901220C043305E11901020C043305E10900E2077
:207C6000C043305E0F900C20C043305E0E900A20C043305E0D900820C043305E0C90701E3E
:207C800000780B900620C043335E31782A460425ED43755F38460227FF43F75F089109955B
:207CA00015460A97074611980090109801900F9802900E9803900D9804900C9805900B9882
:207CC0000690079313A80C492246129B02F066FB641CEA5B18369442B5D300E00022074939
:207CE00013A802F05BFB3BB0F0BDC046403820209DB400000000202064B40000A9B6000023
:207D0000F0B584B03049314A0125AC0316682B0203939E4316600E68264205D10E68264297
:207D200002D10E682642F6D06C02467E9769AF432E40BD1995612025455DD6690327BE431D
:207D40003D407519D561224D2E680727374005262E60466A33681362736853622F60C36974
:207D60005B065B0CD5697F263602B543EB18D361E8C8009707680197476802971B071B0B13
:207D80002D03ADB2ED1833071B0D007A009E35431D43019B1D43029B1D43054390690D4B6B
:207DA00003400D482840C01890611068039B184310600868204205D10868204202D108685C
:207DC0002042F6D004B0F0BD04020B4008010B40001340408D00F0FF72FF0F00F8B51546DE
:207DE0000C462B4E0A0D771C3A402A4B9A4213D0002A1AD10122D2079143014345D0002200
:207E0000254B214602F0B6FF0C4624498D4209DC234A244B214635E0214602462346FEF70C
:207E2000D6F931E0220D3A40363A5119B1420ADD02F0A4FF222101600120C00704401D483B
:207E40002418002021E0012904DB174A1440090564181AE03522D24391420ADC02F08EFFDF
:207E60002221016012488542E6DA0120C0070440E7E70D4A144009051B2252058918214331
:207E800000220A4B02F076FF0C462146F8BDC046FE070000FF07000000005043AF3CFFFF09
:207EA00059F3F8C21F6EA501FFFF0F800000903C51C300000000F07FF0B581B0334D3449DA
:207EC00069600024AC6005212960002834D0012637040090401E032102F06EF9481C032872
:207EE00000D00446009B184624D00021184606E0801E2A6832432A60891CA1421AD02A68E3
:207F00003A4205D12A683A4202D12A683A42F6D02A6832432A600A463243A24209D02A68B5
:207F20003A42E5D12A683A42E2D12A683A42F6D0DEE7401E032B07D201B0F0BDC01E296883
:207F4000314329600028F7D02968394205D12968394202D129683942F6D029683143296014
:207F60002968394205D12968394202D129683942F6D029683143296029683942DED1296894
:207F80003942DBD129683942F6D0D7E710E000E08038010070B5214A21485060214B5860D4
:207FA000214911601960214A5060214B586011601960204A5060204B5860204C6060204D6E
:207FC0006860204E7060116019602160296031601D4A50601D4B58601D4C60601D4D686084
:207FE00011601960216029601B4A50601B4B5860116019601A4A50601A4B58601160196055
:20800000801E194A5060116002F0E5FC01F059FA01F0C1FD01F0D2F970BDC04600080A4037
:20802000030000B100280A40010000260008864000288640004808400088864000A88640EB
:208040000008094000088740008810400008104000281040000850400088464000A8464084
:20806000000800400028004000080340FCB40127FF07794002E0FCB40127FF070C024D0053
:208080002D0E03D1002C52D1FCBC70473C43FF2D50D0A408002900D56442020243001B0E88
:2080A00004D1002A43D10800FCBC70473A43FF2B41D09208002800D552425E1B04D51700EA
:2080C00022003C0076422B00192E06D527003741D2191C27F71B7F42BC40002A27D002D5A9
:2080E0005242012700E00027013B5200FCD51500802635400FD01500202635402C4380325E
:2081000008D21500402635402C4304D101263602B24300E05B1C5200023308DDFF2B0BD233
:20812000500ADB051843FF073843FCBC70470020FCBC70470800C70FFF07FF20C0053843E8
:20814000FCBC7047F0B581B02A4A10602A4801602A48012404702A48002505702948057026
:208160002948057029480470294805702D2704230093384629462246FFF70EFB254E3581C3
:2081800035607560384602F067FB307074703727384629462246009BFFF7FEFA7582358235
:2081A000F581B5817581384602F056FBB072F4723A27384629462246009BFFF7EDFAB5836E
:2081C0007561B561384602F047FB307574753B27384629462246009BFFF7DEFAF584B584A1
:2081E00075843584F583384602F036FBB077F47701B0F0BD583B2020903B20209C3B2020CF
:20820000A73B2020A63B2020983B2020A13B20209F3B2020C03A2020F0B585B014460D4611
:208220000646411E8841304FFA22394600F0B0FF691E28468841FB22394600F0A9FF3046A9
:2082400000F058FA307A4006010E3046FDF720FE002C43D0671E0321384601F0ADFF481CEE
:2082600000210391032800D0039003D12746032C23D233E0019702940398471E0496002655
:20828000AC19A95D0498FDF703FEB7420ED061780498FDF7FDFDB61C0398B042F0D1029C8A
:2082A000A71BAD19049E032C07D217E00198871B651C049E029C032C10D329783046FDF77C
:2082C000E7FD69783046FDF7E3FDFF1EEC1CA9783046FDF7DDFD002F2546EED1304600F046
:2082E0006DFA05B0F0BDC046D1B40000F0B589B0129D0024002D5DD0139E112E5AD3119C55
:20830000109F04970F9E00960E9E0896AA262E7055266E700226AE70E8700A2601962E71BB
:208320006971AA71EB7102931346089A96B22A72320A03926A72009AAA72EF722C73260AE5
:2083400005966E73260C0696AE73260E0796EE731A4EB7784740F8B2305C019F7840305C48
:208360004840C0B2305C5840C0B2305C02994840C0B2305C08994840C0B2305C0399484075
:20838000C0B2305C5040C0B2305C04994840C0B2305C6040C0B2305C05994840C0B2305C6C
:2083A00006994840C0B2305C07994840C0B2305C28741124204609B0F0BDC046F0B000002F
:2083C000F0B581B004462B4F38602B4804602B48002101602A49204601F002FC002820D0BF
:2083E000284D274E20462946FFF745FE0446314601F0F6FB002813D020462946FFF73BFED3
:208400000446314601F0ECFB002809D020462946FFF731FE0446314601F0E2FB0028E1D15F
:208420003C601949204601F0C0FB002820D0174D154E20462946FFF71EFE0446314601F0B4
:20844000B4FB002813D020462946FFF714FE0446314601F0AAFB002809D020462946FFF762
:208460000AFE0446314601F0A0FB0028E1D13C6001B0F0BD803D2020843D2020543D202004
:20848000000034430000B4C3000034C30000B443F0B581B0002949D00C4605462449C868AE
:2084A000E0608868A06048686060086820602046103000276776A776E7761E49052202F088
:2084C00061FC1D48007860751C480078A0751C4800781C4909686B1AFE430028194600D1CC
:2084E0003146E16218490A7818490968691A002A0D4600D135462563332B01D33B4600E0A6
:2085000001231840E075012A05D11E2903D8084880780127074027760D4800680D4909688F
:208520000D4A12680D4B1B681C340FC401B0F0BD2C3B20204C3B20209B3B20209A3B202075
:208540009D3B2020783B2020193B2020743B2020843B20205C3B2020703B2020803B2020D1
:20856000F0B583B005462F48466F28463146FFF782FD04460027394601F017FB0190304658
:208580002946FFF773FD06460297394601F028FB002800D106460198002800D134462148D4
:2085A0004467846F28462146FFF765FD0646029F394601F0FAFA019020462946FFF756FDF0
:2085C0000446394601F00CFB002800D104460198002800D1264613488667064690203058CD
:2085E0000125EC07A043104901F0E8FA002807D0AC203058A0430C4901F0E0FA002805D1FF
:208600007C2000253554284603B0F0BD7C21705CFF28F8D0421C7254082801D8029DF2E745
:208620000125F0E7403820200000A040F0B581B00D4604462B49284601F0D2FA00281FD07C
:20864000294E284F28463146FFF715FD0546394601F0C6FA002813D028463146FFF70BFDD6
:208660000546394601F0BCFA002809D028463146FFF701FD0546394601F0B2FA0028E1D16E
:208680001A49284601F091FA00281FD0184E174F28463146FFF7EFFC0546394601F085FAAA
:2086A000002813D028463146FFF7E5FC0546394601F07BFA002809D028463146FFF7DBFC10
:2086C0000546394601F071FA0028E1D12168284601F062FA002802D10020A060E060256076
:2086E00001B0F0BD000034430000B4C3000034C30000B443F0B585B00446411E88412C497F
:20870000412200F045FD21681F224D091140012318468840A900274D6F58274EB91901914C
:20872000B9590143B95161680A4093404909890069588D198A591A438A51E2680492049919
:208740004C1E0494002909D004994C1E0494002904D004994C1E04940029F0D12969194302
:208760002961039203994B1E0393002909D003994B1E0393002904D003994B1E03930029E1
:20878000F0D1019B19690143196102920298411E0291002809D00298411E0291002804D093
:2087A0000298411E02910028F0D105B0F0BDC046D1B40000143D202090120000F0B583B04C
:2087C0000446411E88412B49552200F0E1FC61681F224D091140012318468840A900264D58
:2087E0006958264E89190F6907430F6127683A4093407A099200AA5895192A691A432A6154
:20880000E2680292029C661E0296002C09D0029C661E0296002C04D0029C661E0296002C1B
:20882000F0D12C681C432C600192019B5C1E0194002B09D0019B5C1E0194002B04D0019B70
:208840005C1E0194002BF0D10B6803430B6000920098411E0091002809D00098411E009156
:20886000002804D00098411E00910028F0D103B0F0BDC046D1B40000143D2020901200006D
:20888000F0B581B00D4604462849085C002803D0411E4842484101E0012008552449B22283
:2088A00000F076FCA00023490E580320C0023018214FF119009101210B03F318F2590A43D9
:2088C000F251202242601D4A8260022D0CD0012D15D12725022C2E4600D04F26052C00D0D5
:2088E000354600260F4613E06325022C2E4600D0C726052C00D035460227072608E0621F6D
:20890000551EAA41A61E751EAE41164000252F460B4A1E60009E7560175508229A60426843
:208920008A4342600021016001B0F0BD2C3D202000B5000074B6000008110000FFFF000049
:20894000333D2020B0B51D48002404701C4804701C4804601C4804601C4804601C4804600D
:208960001C4804601C4804601C4804701C4804701C4804701C4804701C4804701C48046067
:2089800044608460C4601B48047044708470C4700471194802F09CF9184A531CE120410206
:2089A00002252846FEF782FC15492846224601F073FF04212846FFF7C1F8B0BDA43B20204A
:2089C000A23B2020843B2020743B2020783B2020803B2020703B20205C3B2020A93B2020B8
:2089E0009A3B20209B3B2020193B20209D3B20202C3B20204C3B2020E83A20201720020097
:208A0000FD9C0000F0B583B000910446411E884127496A2200F0BCFB22681F2653093240A2
:208A20000120014691409A00224DAA58224FD3191A690A431A6162681640B0405209960049
:208A4000AA59009D002D00D11037D5590543D551E4680294029A551E0295002A09D0029A6E
:208A6000551E0295002A04D0029A551E0295002AF0D11A680A431A600194019A541E0194DD
:208A8000002A09D0019A541E0194002A04D0019A541E0194002AF0D11A690A431A6105490D
:208AA0008959054A8B5803438B5003B0F0BDC046D1B40000143D202090120000F0B581B08D
:208AC00015460446C8174140081A01F015FE0646E8174540281A01F00FFE05461F4F30462C
:208AE000394600F0E1FB06462846394600F0DCFB074665681A49304600F0D6FB2946FFF712
:208B0000BAFA6060A5683846154900F0CDFB2946FFF7B1FAA06030463946FFF7ACFA3F213F
:208B2000090600F0C1FB25680D4900F0BDFB2946FFF7A1FA05462060E6680A49304601F01C
:208B40004FF8002807D02846314601F040F8002801D00120207401B0F0BDC0460B01A33DC3
:208B6000CDCCCC3D0AD7233CF0B583B01F46164601910446400900900021012204232046F4
:208B80000292FEF709FE1F252540A900194A5750002E00D1184E194A565000988100184A00
:208BA0005158184A8B18184A8A18184C09196C000F2D08D81E680327A740BE430198A040E4
:208BC0003043186009E01E691E273C400327A740BE430198A0403043186102980346AB4034
:208BE00014681C4314600A681A430A6001F078FF03B0F0BD2C3C20203B8F0000AC3B20208C
:208C0000143D2020901300004810000028100000F0B581B0054620480091814201D30020BF
:208C200000E001201D49362200F0B2FAA80B3C2101401B4844581C482658304601F05CFDE7
:208C40000746009801F058FD184900F0F9FB394600F02AFB01F05EFC2A0D0F211140864245
:208C600000D1701C0F4B012903D88A00A218114D03E0D207520FA2180D4D5051E0180122A9
:208C80008A400099002902D00168914301E001681143016001B0F0BD11270000D8B5000017
:208CA00074B60000041100000818000000401C461818000010180000F0B585B00146224DCB
:208CC0002A78531F0120C443A34202D2002005B0F0BD032A35D01D4A1288002A31D000912E
:208CE0001B480026067010B2C01311464140081A01A901240C70FD274F70E3039A4222468E
:208D000000D832468A70CE701E220A7164224A718E71CE71020A0A7248728E72CE726B2084
:208D200008730D222046FEF723FE204607490E8007490F700749009A0A6007490A600321C8
:208D4000297005B0F0BDC046A83B2020523B20209E3B2020883B20207C3B2020F0B58B429D
:208D600000D1824204D90B0002000021002040E0002B00D1002A0CD10B00020000210020C2
:208D8000002B00D1002A01D0C943C04300F037F82FE01C0015000B0002000CB4002126005A
:208DA0002F00FF19764102D2491C4029F9D100201E001700FF19764102D2401C4028F9D1C3
:208DC0000E1A21002800320001F086FD0C0005000CBC00200021A34200D1AA4201D3521B7F
:208DE000A341404149416D08E7073D436408761EF1D5059F002F01D03A607B60F0BD70475E
:208E0000F0B585B00024002843D0CD1FEDB26D087D2D3ED3062904D1062101711F490180D8
:208E200037E041708C1EE4B20026042C01D3354602E0E400184DE5400F4604920A9C8570AF
:208E4000C178491CCAB20121012A00D80A46C270C38386808671067206770170C460064638
:208E6000203001F019FF032F02D3204600F07AFC7178F2781E20335E0A256543002704980A
:208E8000009001970295302001F034F9B46101243477204605B0F0BD0100020106060000E8
:208EA000002A49D084468B071CD1830722D1102A08D370B4103A78C978C0103AFBD270BC6A
:208EC000103238D0042A2CD3082A05D30C2A01D308C908C008C908C008C908C092072AD0A9
:208EE000920F22E00B780370491C401C521E22D08B07F7D1C30714D18307D8D0121F12D365
:208F000008C903801B0C4380001D121FF8D20AE008C903701B0A43701B0A83701B0AC37085
:208F2000001D121FF4D2121D05D00B780370491C401C521EF9D1604670477047F0B583B03C
:208F4000204F214A01246506260510681F21090688431060A2040020314601F0CDFC184823
:208F60001A4901603868284205D13868284202D138682842F6D01448806902906204002043
:208F80000190314601F0B8FC0D48104901603868284205D13868284202D138682842F6D088
:208FA000094881697D20C000029A504301F004F9074940180B2800D3019C204603B0F0BDEB
:208FC0002C030B4004020B4038010B400100000E35F8FFFFF0B583B03320029010250024F2
:208FE0001126294622463346FEF7D6FB31273846294622463346FEF7CFFB284629462246FA
:209000003346FEF7C9FB38200190294622463346FEF7C2FB1248134E31462246FDF78AFC1F
:20902000114831462246FDF785FC0298214601F013FB3846214601F00FFB09482146FFF7F5
:20904000E7FD2846214601F007FB0198214601F003FB05482146FFF7DBFD03B0F0BDC0468D
:209060000C400200204E00000D501200F0B581B01E4F1F4C19200090032529463A462346CE
:20908000FFF772FDA31C0E26304629463A46FFF76BFD231D1A2738462946144AFFF764FD92
:2090A000A31D1B2420462946104AFFF75DFD009801F0D2FB4500304601F0CEFB28430D4DA2
:2090C0002870384601F0C8FB4600204601F0C4FB30436870084800210160084A11605160D9
:2090E00041609160D16001B0F0BDC046819A00001C3D20203A3D2020243D2020043D2020BC
:20910000B0B515480024047014480470144804601448047014480470144804601448046045
:209120001448048014480470144804701448046014480460144A531CE1204102012528468A
:20914000FEF7B4F811492846224601F0A5FB04212846FEF7F3FCB0BDA53B2020A33B20208B
:209160008C3B2020A83B20209E3B20207C3B2020883B2020523B2020513B2020993B202005
:209180006C3B2020543B202026200100559D0000F0B583B00092002801D003B0F0BD1C48B9
:2091A00000780028F9D00D461A480178012900D1FEE701210E040C02017001F09DFC0027D4
:2091C00015482946009A3B46FBF7BEFA02970197029702E00298401C02900298A042EFD28D
:2091E00001970198B042F5D200BF0198401C01900198B042EED200BF0198401C0190019817
:20920000B042E7D200BF0198401C0190E9E7C046913D20208A3D202063B8000040B5420021
:209220004B005E08164301D006004E4000D4D01A04D20120C90F06D1404204E003D90120F8
:20924000C90F00D04042FF263606B24200D8B34200D9012040BD40B542004B005E0816438A
:2092600001D006004E4000D4D01A04D20120C90F06D1404204E003D90120C90F00D0404298
:20928000FF263606B24200D8B34201D90120404240BD42004B000020FF2109068A4200D8B2
:2092A0008B4200D901207047FCB40127FF0706004E4001D4002600E03E00020243001B0E35
:2092C00030D03A43FF2B30D00C024D002D0E29D03C43FF2D29D05B194240504042404C4020
:2092E00061404C4000B501F01FF820BCAE464240504042404C4061404C4025001400002C02
:2093000001D46400013B803401D3013364087E3B08DDFF2B09D2BC43200ADB051843304336
:20932000FCBC70470020FCBC7047FF20C0053043FCBC704770B51E461546044608461038A5
:209340004242424110201840030913404842484118431349E722FFF71BFF12482843711EE8
:20936000132916D87944097949008F440D120F0B1212121212121212121212121209120921
:20938000094804E0094802E0002002E00848054328460849095D8900074A885070BDC046C1
:2093A00082B500008000040080000402800006008000050028B4000004804240F0B581B0A9
:2093C00019490124B52620463246FFF7E1FE17491748086017480068174FC45195214D010B
:2093E00041592143415120460F493246FFF7D0FE0F480E4948600F4800680221C1514259FE
:209400000A434251204608493246FFF7C1FE0B480749016007480068A103C15142590A432F
:20942000425101B0F0BDC04682B500000480424081000400143D2020D0120000908042406E
:20944000FCB40127FF0706004E40F60FF607020243001B0E2DD03A43FF2B2DD00C024D002C
:209460002D0E26D03C43FF2D26D05B1B0020202164085208A2424041A24200D3121B0139FA
:2094800004D0002A01D05200F4D18840384201D14000013B803001D3013300E040007F33CC
:2094A00007DDFF2B08D2400ADB0518433043FCBC70470020FCBC7047FF20C0053043FCBCBF
:2094C00070477047F8B5451C00780023082B32D02F78C2070CD16A780F241440E41C122C4C
:2094E0000BD102242E57F4B2002E08D4EE1C0EE06D1C4A1C0F7011461AE0AE1C08E02E1D81
:20950000ED7800957F252C40009DED012C1912343D0112095219094DAA420ED0D243002C06
:2095200005D08D5C4F1C0D70641E3946F7E7354640085B1CCAE72846C5E7F8BDFF0F0000DE
:20954000FEB502930F46194D0024E143184E00973740019043422B46BB4101D20C4623E0A1
:20956000084602990E405342B54101D204461BE0134601990B433E431E43029D009E13D0CE
:209580002B46334004D401998B1A3346AB4103E00199531A2B46B341044605DB51406E40B3
:2095A0000E43701E864134462046FEBD0000F07FFFFFFF7FF0B583B004460020002C2ED013
:2095C0002378022B2BD1E2602261032020700023A3716078C01EC0B20D46032802D2C000DE
:2095E000104BC34020462030D9B2164601F00AF8607830210328084600D0182001F05CF98D
:209600006178E2781E20235E0A2070430127009501970290312000F06DFD3846A66103B0B1
:20962000F0BDC04601020200F0B581B01E4614460D4616498B421F4600DC0F4614498F429B
:2096400000DB0F46012E07DB012101F005F80021284601F001F812E000940024214600F03F
:20966000FBFF002E05D42846214600F0F5FF274604E00121284600F0EFFF7F42009CB9B2A9
:209680002046FFF7C5FA01B0F0BDC046F0D8FFFF10270000F8B50446164F174D0E462E40CC
:2096A0000120009464423C46B4411AD31D405442AF4116D31046009C20433543054311D029
:2096C0000020C0431C460C400ED4009CA41A0C469C4106DB0098504059400143481E814140
:2096E0000846F8BD0020F8BD009C141B1C468C41F0DAF6E70000F07FFFFFFF7FB0B52E2053
:2097000000240325214622462B46FEF745F82120214622462B46FEF73FF8202021462246CF
:209720002B46FEF739F81E20214622462B46FEF733F83620214622462B46FEF72DF83520EF
:20974000214622462B46FEF727F83220214622462B46FEF721F83920214622462B46FEF787
:209760001BF8B0BDF0B583B00446124E3078401E04281CD31049002008701049088010499B
:20978000087001A901250D70F3274F70AB228A70CD7008716B20487106222846FEF7E8F8FF
:2097A000054807700748046007480460357003B0F0BDC046A83B20209E3B2020523B20206B
:2097C000513B2020883B20207C3B2020F8B51C4617460E46054601F074FA0021012E03DB2B
:2097E000864201DCA919491E002F04D02268531E23602E2313703246824206DD23685F1E1F
:20980000276030271F70521EF6E7B04200DB3046012808DBA9420BD308782268531E236078
:209820001070491EF6E72068411E216030210170F8BD002200282DD000292BD00378022B72
:2098400028D14378102B25D183780E2B22D102790A7042794A7082798A70C279037A1B02C8
:209860009A188A80427A837A1B029A18CA80C27A0A72027B437B1B029A184A81827BC37B92
:209880001B029A18037C1B04D218407C00061018C860012210467047F0B5164B1D46083D81
:2098A0002E680124A6432E601E6803273F03BE433840301818601868FF26B043C9B24018E0
:2098C00018602868204328601D68002A0ED00A482102220715431D6002680A4205D102689F
:2098E0000A4202D102680A42F6D0F0BD200785431D60F0BD10010B4004020B408446830706
:2099000006D0002A29D001700130013A8307F8D1042A1CD30906090E0B0219430B04194307
:20992000082A10D30B00102A09D370B40F24161B22400C000D003AC0103EFCD870BC082A74
:2099400001D30AC0083A042A01D302C0043A002A03D0013A8154013AFCD2604670477047FB
:20996000F0B5154C154B0125AD020678360287781968FF220432914303223A40B2180D4E87
:209980000A431A600A4A32602168294205D12168294202D121682942F6D04078002803D01C
:2099A0001868102101431960501C3060F0BDC0460100009114030B4004020B4014010B40E5
:2099C000F0B583B01D46029201910746089C411E88411149114E3246FFF7DAFB281B411E6F
:2099E0008841721C0C49FFF7D3FB3D607C60019838720298F86010260127112328463146D2
:209A00003A46FDF7C9FE1223204631463A46FDF7C3FE03B0F0BDC046D1B40000DE020000F9
:209A200010B502460020002A29D0002927D01378022B24D19378022B21D35378453B04246A
:209A4000E443A3421BD300200871C870887048700870107908705079487093780120032B37
:209A60000DD393798B709378042B01D3D479CC70032B04D35378442B01D192790A7110BD04
:209A800070B50D78E800124A1018497889004258521C42501B210E241A221920002D00D0EC
:209AA000104600D00C4600F0D7FE4600204600F0D3FE304307494A5D92000243D2B2064BE6
:209AC0009A56AB00054CE658B218E250485570BD043D20203A3D202020B70000243D2020E6
:209AE00070B514460F4D0B462B40002222600E4EB34215D81E46064312D01E0D07D1002239
:209B00000A4B01F037F90D403522D2432B461B0D9A18074BD2182260064A0A4006495118BB
:209B200070BDC046FFFFFF7FFFFFEF7F0000504302FCFFFFFFFF0F800000E03F10B5FFF714
:209B4000A9FD002801D0002010BD012010BD10B5FFF7A0FD002801DB002010BD012010BD54
:209B600010B5FFF797FD002801DD002010BD012010BD10B5FFF7E4FC002801DA002010BD2A
:209B8000012010BD10B5FFF7DBFC002801DC002010BD012010BD704710B5FFF73FFB002891
:209BA00001D0002010BD012010BD10B5FFF736FB002801DB002010BD012010BD10B5FFF773
:209BC0002DFB002801DD002010BD012010BD10B5FFF741FB002801DA002010BD012010BDA7
:209BE00010B5FFF738FB002801DC002010BD012010BD704710B511490A68114881235C01F5
:209C00001359002B01D0101804E049680B59002B13D00818FF33D9B20F2902D8026848000C
:209C200002E002691807C00EC240032010408900044A5258044B5958904710BD143D2020BF
:209C400090130000AC3B20202C3C2020F0B587B00191064602AD0020E874123537460A24BB
:209C60003846214600F0A2F84443391BCA175140891A3031297009376D1E122F0746EED86C
:209C8000002E01D46D1C01E02D20287002A8441B224614320198294601F074F813342046A9
:209CA00007B0F0BDF0B5FFB086B01C4615460246A868002801D50620A8602368039304ABA5
:209CC0000090019305A80B46FCF782FF0646049FAA683946234600F04FFC206803998142E3
:209CE00001D0012202E028680007C20F304639462346FFF76BFD7FB006B0F0BDF0B581B002
:209D00000220694600F0B6FA002819D00D4C0E4D0F4E0E4F08E03068401C30600220694616
:209D200000F0A8FA00280BD02078411C7F20084029788842EFD000992278B9542070EDE7E4
:209D400001B0F0BDA23B2020A43B2020003A2020803B2020F0B581B00120694600F08AFADA
:209D6000002819D00D4C0E4D0F4E0E4F08E03068401C30600120694600F07CFA00280BD0BF
:209D80002078411C3F20084029788842EFD000992278B9542070EDE701B0F0BDA33B2020DD
:209DA000A53B2020803A20208C3B20201CB5002922D04C08002900D54942421054400028AB
:209DC00000D5404200230A00904201D95200FBE790425B41904200D3801A914201D2520872
:209DE000F6E71900002C00D54042640000D549420200080011001CBD01000020FCF7ABFA79
:209E00001CBD000070B50021418101730183016041600172C1810182418281828175C16151
:209E200001628184074A084B084C094D094E056546658262C1620163416381633C303EC0A3
:209E400070BDC046000020430000E6420000B842CDCC4C3E00009642B0B50C460546491EE6
:209E6000204688410E496C22FFF792F92078002815D0A9000B4A51580B4A891804E0541CB7
:209E80008861507800280AD022460B68DB07F6D00B68DB07F3D00B68DB07F6D1EFE7B0BD15
:209EA000ADB5000030B70000081100007CB515460C460646C01731464140081A0092002172
:209EC0000A226423F8F744F830460930122808D8DF202040502804D02868411E2960302167
:209EE0000170002E01D42B2000E02D2029684A1E2A6008702868411E296004707CBDF0B5B1
:209F000083B0002820D015460E46044600F0EEFE6178E2781E23E35E0A276F430090019662
:209F20000297322000F0E6F8A5612046203000F0B3FE2846FEF7C0FE002801D100F04AFABC
:209F4000656100202080A07003B0F0BD0CB54A00520D03231B02FF33D21A13D31F239A1A64
:209F600012D98E46C9020123DB071943D1400B2A02D21532D04001437346002B00D54942FC
:209F800008000CBD00200CBD0B000120C007002B00D401380CBD000070B511221302C218CC
:209FA000C4580125AC43C4500C888D7825438C882C43C558084E2E40084D25407419C4509C
:209FC0008879CB790343087A184351687E23994318400818506070BDE798FDFF1867000094
:209FE00081B0B0B587B00C460B930592491E22468A41A11A03910025049502900BA9069189
:20A0000007480090074B05A802AAF7F7B5FA002C01D002990D7007B0B0BC02BC01B0084723
:20A02000E1A4000099AA000010B50E490E4A01235C0590600868204205D10868204202D122
:20A0400008682042F6D010681B04034313600868C00605D40868C00602D40868C006F6D5FC
:20A0600010BDC04604020B4004010B4010B50F4A017853185B78401CDB06F9D42D2901D066
:20A080002B2901D1027801E0401E0A46431C0020303A092A05D80A24444310191A785B1CB1
:20A0A000F6E72D2900D1404210BDC046E0AF000070B515460E460446411E88410C49FF22FC
:20A0C0003A32FFF765F82046FEF714FB207A4006010E2046FBF7DCFE20463146FBF7D8FE91
:20A0E00020462946FBF7D4FE2046FEF767FB70BDD1B40000F0B58FB007920691024614AF39
:20A10000E0CF0C4801784C1C04701B20059008A8049000A8E8C01046069A079BFEF7E6F818
:20A12000002804D00246022008A9FDF721FC0FB0F0BDC046A93B202010B50C4C2068C0B24A
:20A140000B2808D00C280ED109480268094801680220904707E006480268064801680120FC
:20A16000904700F069FB2069A06210BD20901040E43C2020F43C202010B5332000242146E9
:20A1800000F06AFA3120214600F066FA08482146FEF73EFD1020214600F05EFA38202146DE
:20A1A00000F05AFA03482146FEF732FD10BDC0460C4002000D5012001CB50A0017D0002310
:20A1C0000124E407A04200D20400944201D95200FBE790425B41904200D3801A914201D280
:20A1E0005208F6E719000200080011001CBD01000020FCF7B0F81CBD08B443001B0E0FD07F
:20A20000FF2B11D00721C9015B18C10FC9020B43010048074902090B1B05194308BC70473F
:20A220000021002008BC704701004002C90DC900C91D090508BC7047F0B5B9B01C46134648
:20A24000089105463EAFC3CF429A0093019402ABC3C30692064909AE30462A46089B00F04D
:20A260009DF803203146FFF7F7FD39B0F0BDC0462CB50000B0B50C460546491E20468841B0
:20A2800008499E22FEF784FFA8000749085807494258520704D44018C06920700120B0BD23
:20A2A0000020B0BDADB5000030B700000811000070B50A480A4C84420CD00A4D0A4EB5429A
:20A2C00008D02A686968501C12789200A25890470835F4E700BF00BF70BDC046ECB900007C
:20A2E000E0B90000F4B9000004BA000006B49E22002802D404D106BC7047414204D400E059
:20A300000100013A4900FCD5803101D3013200E04900490AD2051143002802D50122D2078D
:20A320001143080006BC7047FCB4020C0B0CFF242402FF34204021400C00444315005D43EE
:20A3400006005E430F005743320C3B0CA818C01832043B040025A1186841C9186841FCBC52
:20A360007047000080B5084808494160084A5160891E084B5960084901601160196010202D
:20A3800000F0D8FC80BDC04600080A40030000B100280A40000803400100002682B0F8B5ED
:20A3A000069207930291019006A9039107480090074B02A801AAF7F7DFF8019900220A7083
:20A3C00004B080BC02BC02B00847C046B1AA000063AD000080B582B069466B2008710748F4
:20A3E000009001200522FDF7C3FA054800210170044801700448018002B080BD01FE9800E5
:20A400009E3B2020A83B2020523B202006B54100090E7F390DD41F22511A0CD98646000228
:20A420000122D2071043C8407246002A00D5404206BD002006BD02000120C007002A00D4FE
:20A44000401E06BD10B5094C2068C0B20C2803D00B2807D1012000E0022005494A68054944
:20A46000496890472069A06210BDC04620101040E43C2020F43C202010B5094C2068C0B292
:20A480000C2803D00B2807D1012000E0022005498A680549896890472069A06210BDC046D3
:20A4A00020301040E43C2020F43C202010B5094C2068C0B20C2803D00B2807D1012000E005
:20A4C00002200549CA680549C96890472069A06210BDC04620105040E43C2020F43C202096
:20A4E00070B514460D4601466A68A86882420CD9101A8442264600D306462868324600F045
:20A5000041FC286880192860A8680019A860204670BD000006B5002803D57346FFF776FFAA
:20A5200006BD4100090E7F3908D31F22511A07D300020122D2071043C84006BD002006BDE8
:20A540000020401E06BD000070B5094C21402340002501244042074E30468841204600D3E3
:20A56000284651429E4100D32C46204370BDC046FFFFFF7F0000F07FF8B51C46154606467F
:20A58000571800F09EFB711E012D0CDB3022012F02DB874200DCCA5D23685E1E26601A70DD
:20A5A0007F1E6D1EF0E7F8BD41091F2202408800074908582521C901435801219140054AF5
:20A5C0000B4200D0103283580B4383507047C046143D20209012000004B40422002802D157
:20A5E000002104BC704701D50832404212021F320100521E4900FCD30805090B12051143B7
:20A6000004BC704770B5002810D015460C462421064600F0DAF934707560B560601E214622
:20A620008141E01E421E90410840707070BD00000548012101700548002202700448027055
:20A64000044801707047C0469C3B2020A73B20209F3B2020A13B202042091F230340012020
:20A6600098409200044B9A58044B002900D11033D1580143D1507047143D2020901200002B
:20A6800080B50B46002805D010203821044AFEF7CBFF80BD33203121024AFEF7C5FF80BD7D
:20A6A0000D5012000C400200B0B501461B220E241A231920002900D0184600D0144600F0DB
:20A6C000CBF84500204600F0C7F82843C0B2B0BD084880F3088800BF00BF00F05EFB0028D1
:20A6E00001D0FFF7E5FD002000F012FA012000F04DFBC0460080202002B49E21002805D400
:20A7000001D102BC704701394000FCD5803001D3013100E04000400AC905084302BC7047F9
:20A72000054800218160C1600160416003480449016001680160704720804240A080424069
:20A7400081000D0010B598B00B46024605496C462046FFF723FE03202146FFF77DFB18B088
:20A7600010BDC046ECB60000002801D10021704704B4042212021F320100521E4900FCD3C6
:20A780000805090B1205114304BC704730B514004C4325001C0044436419050010002900AB
:20A7A000FFF7C2FD001904000D002100280030BDB0B51122120283180C784D7825434C88B8
:20A7C0002C43A4B284508888C988090408189860B0BDB0B504460020002B08D0D2B20D7812
:20A7E0002570954204D0641C491C5B1EF7D1B0BD601CB0BD014600200A5C002A08D00A18AC
:20A800005378002B05D09278C01C002AF4D1401E7047401C70470000401EC0B2072804D895
:20A820008000044908584068704701487047C0466EB9000054B6000010B5054C00202146B8
:20A84000FFF718FD034801222146F8F75BFC10BD8B3D2020033B202041098900054A5158B4
:20A860002722D20189581F220240D140012008407047C046143D2020002809D41F21084003
:20A880000121814003480160BFF34F8FBFF36F8F7047C04680E100E08000044B1A50002989
:20A8A00000D10349034A11507047C046F43C2020F39B0000E43C2020012800D80120044A42
:20A8C0001070002900D00846024908707047C0468C3D2020883D202018B520239B1A04D882
:20A8E000010000205B42994004E004009140DC402143904018BD00000843104304490A6886
:20A900003F231B049A431840101808607047C04638010B400548042101604F2141600021AB
:20A920008160016805220A430260704710E000E00348002101700348017003480170704764
:20A940009C3B2020A73B2020A13B2020800004490858044942580123134343507047C046C4
:20A9600074B6000008110000054A135C002B03D0591A484248417047115401207047C04658
:20A980002C3D2020800004490858044942580123134343507047C04674B6000004180000EA
:20A9A00070B50D460446002608463146FFF7FDF8002800D12E46A66170BD00000B461146B6
:20A9C0001A4680B5FEF79AFF80BD0A46002180B5FEF794FF80BD80B5FFF7C4FCFFF7A0FE2D
:20A9E000FDF73AF800F0CEF8FFF794FF80BD000080B503480268034801680020904780BDE3
:20AA0000AC3C2020C83C202080B503484268034841680020904780BDAC3C2020C83C20200C
:20AA200080B503488268034881680020904780BDAC3C2020C83C202080B503488269034822
:20AA400081690020904780BDAC3C2020C83C202080B50348C2680348C1680020904780BD1A
:20AA6000AC3C2020C83C202080B503480269034801690020904780BDAC3C2020C83C20202A
:20AA800080B503484269034841690020904780BDAC3C2020C83C20204B688A689A4204D29F
:20AAA0000A68531C0B6010708A68521C8A607047B0B514460D460146286800F063F9286804
:20AAC000001928602046B0BD10B5002807D0044620344421FFF779FF204600F0D6F810BDDC
:20AAE000002805D41F21084001218140014801607047C04600E100E004490868002801D10B
:20AB000072B60868401C08607047C046503D202080B50448FDF73EFAF9F764FFF5F7D0FA99
:20AB2000002080BD00B4C404034800780349097801400120084070478E3D20208D3D202036
:20AB40000021044A016041608160C160016141618261704700007A4401460020002905D0C1
:20AB60000A78042A02D18878411E8841704710B5002806D0002904D040301CC91CC01CC99D
:20AB80001CC010BD80B502490248FFF711FE80BDD8AF000000000340032800D902201C21D3
:20ABA000414301484018704728B3000040B584B002AE0096FEF7D2F8029A039B04B040BDC5
:20ABC00010B50122120383180C789C604978815010BD002804D041780B394842484170473B
:20ABE00000207047002804D041780A3948424841704700207047002805D041614178022962
:20AC000001D10521017070470278914204D0002A01D0401CF8E70020704780B50B4603213C
:20AC20004258C11D184600F0ADF880BD00214258091D002AFBD1081F80107047C000024A1B
:20AC40001018890040587047043D202002480078411F484248417047A83B202002480078A2
:20AC6000011F484248417047A83B202080B50A46032141581046FFF7A8FE80BD00210160D4
:20AC800041608160C1600161704780B5002802D02421FFF79AFE80BD002803D0002101801C
:20ACA00001628183704700210174016041608160C160704700210174016041608160C1608B
:20ACC00070470021425C491C002AFBD1481E704780B5002802D01B21FFF777FE80BD002152
:20ACE00041608160C160016170470000014800787047C046893D2020014800787047C04696
:20AD00009C3B2020014800687047C046803D2020014800687047C046403D202001480068D5
:20AD20007047C046843D20208000014908587047243D2020811E091F00BFFCD27047024680
:20AD40000B4620462946FFE782B00094014C019410BD00BFC56100000022304639462B4605
:20AD600070470A68531C0B601070704780B5F9F77DFB80BD80B5FAF71DFD80BD0048704743
:20AD80003C3D202080B5FEF78BF880BD00F001F8FEE700BF70479BE4704701207047006856
:08ADA0007047000000000000F4
:20ADB0000000000000000000002F000000000700070000147F147F1400242A7F2A120062A1
:20ADD0006408132300364955225000000503000000001C224100000041221C000014083E1B
:20ADF00008140008083E0808000000A0600000080808080800006060000040201008040263
:20AE1000003E5149453E0000427F4000004261514946002141454B31001814127F1000272C
:20AE300045454539003C4A49493000017109050300364949493600064949291E000036369D
:20AE5000000000005636000000081422410000141414141400004122140800020151090691
:20AE700000324959513E007C1211127C007F49494936003E41414122007F4141221C007FC1
:20AE900049494941007F09090901003E4149497A007F0808087F0000417F410000204041A8
:20AEB0003F01007F08142241007F40404040007F020C027F007F0408107F003E4141413E5E
:20AED000007F09090906003E4151215E007F091929460046494949310001017F0101003F4F
:20AEF0004040403F001F2040201F003F4038403F00631408146300070870080700615149D0
:20AF1000454300007F414100020408102040000041417F00000402010204004040404040CC
:20AF3000000001020400002054545478007F4844443800384444442000384444487F0038FC
:20AF50005454541800087E0901020018A4A4A47C007F080404780000447D4000004080846F
:20AF70007D00007F102844000000417F4000007C04180478007C08040478003844444438F5
:20AF900000FC242424180018242418FC007C0804040800485454542000043F444020003C92
:20AFB0004040207C001C2040201C003C4030403C004428102844001CA0A0A07C0044645429
:20AFD0004C4414141414141400000000000000000080808080808080808090909090908089
:20AFF000808080808080808080808080808080808018040404040404040404040404040471
:20B01000040202020202020202020204040404040404434343434343414141414141414152
:20B03000414141414141414141414141040404040404232323232323212121212121212102
:20B050002121212121212121212121210404040480000000000000000000000000000000C4
:20B070000000000000000000000000000000000000000000000000000000000000000000C0
:20B090000000000000000000000000000000000000000000000000000000000000000000A0
:20B0B000000000000000000000000000000000000000000000000000000000000000000080
:20B0D00000000000000000000000000000000000004241434B20544F2043414E43454C00C6
:20B0F00000070E091C1B1215383F363124232A2D70777E796C6B6265484F464154535A5D50
:20B11000E0E7EEE9FCFBF2F5D8DFD6D1C4C3CACD90979E998C8B8285A8AFA6A1B4B3BABD2F
:20B13000C7C0C9CEDBDCD5D2FFF8F1F6E3E4EDEAB7B0B9BEABACA5A28F88818693949D9A0F
:20B150002720292E3B3C35321F18111603040D0A5750595E4B4C45426F68616673747D7AEF
:20B17000898E878095929B9CB1B6BFB8ADAAA3A4F9FEF7F0E5E2EBECC1C6CFC8DDDAD3D4CF
:20B19000696E676075727B7C51565F584D4A4344191E171005020B0C21262F283D3A3334AF
:20B1B0004E49404752555C5B7671787F6A6D64633E39303722252C2B0601080F1A1D14138F
:20B1D000AEA9A0A7B2B5BCBB9691989F8A8D8483DED9D0D7C2C5CCCBE6E1E8EFFAFDF4F36F
:20B1F0004341522072756E3D2575206D697373696F6E3D2575206661756C743D2575206C85
:20B21000696E653D25303258206572723D256420766973696F6E3D25752062616C6C3D25EB
:20B230007520636F6E663D2575207831303D256420763D2564206D697373696F6E3D2575D8
:20B2500020636D645B4C3D256420523D25645D2072706D3130305B4C3D256C6420523D25DB
:20B270006C645D207961773D252B2E3166206F646F3D252E3166207061636B6574733D25D8
:20B290006C75206372633D256C75206F76663D256C750D0A00404C494E45535441542C315C
:20B2B0002C746F74616C3D256C752C73747261696768743D256C752C63757276653D256CF7
:20B2D000752C73686172703D256C752C6C6F73743D256C752C656E74726965733D25752FFF
:20B2F00025752F25752F25752C6C6F73735F6576656E74733D25752C656467655F657665FA
:20B310006E74733D25752C656467655F6D61785F6D733D25750D0A000000DC42000090426E
:20B33000000050428FC2753E000040410000803F0000000000000C430000C8420000A442E8
:20B35000CDCC4C3E000040410000803F00000000000020430000E6420000B842CDCC4C3ED2
:20B37000000040410000803F0000000000002F43000002430000B442CDCC4C3E000060410C
:20B390009A99993F00000000405049442C332C256C752C252E33662C252E33662C252E3302
:20B3B000662C252E33662C25642C25642C252E33662C252E33662C25752C25752C25642CF8
:20B3D00025752C256C752C256C752C256C752C256C750D0A000100030100000070B80000B7
:20B3F0000200000089B8000003000000A1B8000004000000D1B8000005000000DCB8000078
:20B410000600000060B7000007000000F2B8000008000000E7B800000001060708090A0D71
:20B43000121314152122232425262728292D2E3435363A3B020304050B0C0E0F1011161762
:20B4500018191A1B1C1D1E1F202A2B2C2F303132333738394052554E4C4F472C4441544165
:20B470002C332C25752C256C752C25642C25642C25642C25642C25642C25642C25752C2510
:20B49000642C25752C25642C25640D0A004052554E4C4F472C424547494E2C312C636F7579
:20B4B0006E743D25752C6F766572666C6F773D25752C706572696F645F6D733D25750D0A70
:20B4D000002E2E2F2E2E2F6C69627261726965732F7A665F6472697665722F7A665F64724B
:20B4F000697665725F736F66745F6969632E63002E2E2F2E2E2F6C69627261726965732F44
:20B510007A665F6472697665722F7A665F6472697665725F74696D65722E630040454E432F
:20B530002C312C256C752C256C642C256C752C256C752C25752C256C642C256C752C256C11
:20B55000752C25750D0A002E2E2F2E2E2F6C69627261726965732F7A665F636F6D6D6F6EBF
:20B570002F7A665F636F6D6D6F6E5F6669666F2E63002E2E2F2E2E2F6C69627261726965D0
:20B59000732F7A665F6472697665722F7A665F6472697665725F6770696F2E63002E2E2F0A
:20B5B0002E2E2F6C69627261726965732F7A665F6472697665722F7A665F6472697665723F
:20B5D0005F756172742E63002E2E2F2E2E2F6C69627261726965732F7A665F647269766554
:20B5F000722F7A665F6472697665725F70776D2E63004046494E4953482C322C4252414BE0
:20B61000455F53544152542C64697374616E63655F636D3D252E31660D0A00000300000001
:20B630000000000000000000000000000000000010000000000100000700000001000000E1
:20B650002C00C441E8B30000F0B30000F8B3000000B4000008B4000010B4000018B40000C0
:20B6700020B400000000864000208640004008400080864000A086400000094000008740F6
:20B690000D0A66696C65202573206C696E652025643A2025732E0D0A004052554E4C4F476C
:20B6B0002C454E442C312C636F756E743D25750D0A000D0A66696C65202573206C696E65A0
:20B6D0002025642E0D0A004F4B205354415254204241434B2043414E43454C004050494410
:20B6F00041434B2C312C25732C25730D0A003031323334353637383941424344454600309D
:20B710003132333435363738396162636465660000FF0100010000FFFF0000010001FF00E7
:20B730000080104000001040002010400000504049B800005AB9000082B9000061B9000070
:20B7500043414C4942524154494E4720494D55005441534B203620524553455256454400A5
:20B77000414C474F524954484D20454D50545900443A25352E31662F25332E3066636D00AB
:20B790005441534B203620524553455256454400494D552043414C204641494C454400549C
:20B7B00041534B204E4F5420524541445900574149542043414D205245414459004B454564
:20B7D0005020434152205354494C4C00656E636F6465725F7374616C6C004D495353494F38
:20B7F0004E204641554C540054494D45522052554E4E494E470043414D20505245504152D2
:20B81000494E4700626F6172645F74696D656F7574005441534B3A2575204D3A2575004242
:20B8300041434B20544F204D454E550066696C653A206D646B2F257300434F4E53455256F4
:20B8500041544956450053454C45435420535045454400417373657274206572726F720052
:20B870005441534B203120564944454F00414220543A25342E316673005441534B20322036
:20B8900052414345004F4B20544F205354415254005441534B20332042414C4C00544920F4
:20B8B00042414C4C2043415200257320593A252B352E3166005649533A257320433A2575D7
:20B8D000005441534B203420412D42005441534B2035204C415000444941474E4F535449DA
:20B8F000430043414C49425241544500000018000000003000005354415254494E47006654
:20B91000696C653A20257300543A25352E316673006C696E653A20256400434F44453A25C6
:20B930007500252E316620636D004C494E453A25730052554E4E494E470053544F505045B2
:20B9500044005441534B202575004E4F524D414C00535052494E54005245414459004E4FEB
:20B970004E450025632573004C4F5354003E20257300464153540053544F50000F0D0E032B
:10B990004F46460052554E004F4E004F4B00080098
:20B9A00000CF3B8F0000003F6A001F8A015F99E6003F08F39B003B0C9F100A40003D20004B
:20B9C000300000010100210FAF43FB803F151930020000183F000002000100FFF0000000B0
:20B9E000C59400001BAC00006DAC000002000000AA3B0000A0B90000AC3B2020ECB9000002
:08BA00000000202000000000FE
:00000001FF
